ISO-10303-21;
HEADER;
/* Generated by software containing ST-Developer
 * from STEP Tools, Inc. (www.steptools.com) 
 */

FILE_DESCRIPTION(
/* description */ (''),
/* implementation_level */ '2;1');

FILE_NAME(
/* name */ 'Cyberdeck-zero.step',
/* time_stamp */ '2026-02-10T23:48:24-08:00',
/* author */ (''),
/* organization */ (''),
/* preprocessor_version */ 'ST-DEVELOPER v20.1',
/* originating_system */ 'Autodesk Translation Framework v14.21.0.0',
/* authorisation */ '');

FILE_SCHEMA (('AUTOMOTIVE_DESIGN { 1 0 10303 214 3 1 1 }'));
ENDSEC;

DATA;
#10=MECHANICAL_DESIGN_GEOMETRIC_PRESENTATION_REPRESENTATION('',(#233,#234,
#235,#236),#14390);
#11=SHAPE_REPRESENTATION_RELATIONSHIP('SRR','None',#14397,#12);
#12=ADVANCED_BREP_SHAPE_REPRESENTATION('',(#237,#238,#239,#240),#14389);
#13=(
BOUNDED_CURVE()
B_SPLINE_CURVE(2,(#14239,#14240,#14241),.UNSPECIFIED.,.F.,.F.)
B_SPLINE_CURVE_WITH_KNOTS((3,3),(0.,0.103667605672711),.UNSPECIFIED.)
CURVE()
GEOMETRIC_REPRESENTATION_ITEM()
RATIONAL_B_SPLINE_CURVE((1.,1.,1.))
REPRESENTATION_ITEM('')
);
#14=B_SPLINE_SURFACE_WITH_KNOTS('',3,1,((#12700,#12701),(#12702,#12703),
(#12704,#12705),(#12706,#12707),(#12708,#12709)),.UNSPECIFIED.,.F.,.F.,
 .F.,(4,1,4),(2,2),(0.,0.0699656778050494,0.168538967684709),(-0.2,0.),
 .UNSPECIFIED.);
#15=B_SPLINE_SURFACE_WITH_KNOTS('',3,1,((#12717,#12718),(#12719,#12720),
(#12721,#12722),(#12723,#12724),(#12725,#12726)),.UNSPECIFIED.,.F.,.F.,
 .F.,(4,1,4),(2,2),(0.,0.051524573791615,0.105315427556857),(-0.2,0.),
 .UNSPECIFIED.);
#16=B_SPLINE_SURFACE_WITH_KNOTS('',3,1,((#12734,#12735),(#12736,#12737),
(#12738,#12739),(#12740,#12741),(#12742,#12743)),.UNSPECIFIED.,.F.,.F.,
 .F.,(4,1,4),(2,2),(0.,0.0414335314305443,0.0887588979455068),(-0.2,0.),
 .UNSPECIFIED.);
#17=B_SPLINE_SURFACE_WITH_KNOTS('',3,1,((#12751,#12752),(#12753,#12754),
(#12755,#12756),(#12757,#12758),(#12759,#12760)),.UNSPECIFIED.,.F.,.F.,
 .F.,(4,1,4),(2,2),(0.,0.0226996035768243,0.0461064405917162),(-0.2,0.),
 .UNSPECIFIED.);
#18=B_SPLINE_SURFACE_WITH_KNOTS('',3,1,((#12772,#12773),(#12774,#12775),
(#12776,#12777),(#12778,#12779),(#12780,#12781)),.UNSPECIFIED.,.F.,.F.,
 .F.,(4,1,4),(2,2),(0.,0.0353155058608751,0.0749198601265439),(-0.2,0.),
 .UNSPECIFIED.);
#19=B_SPLINE_SURFACE_WITH_KNOTS('',3,1,((#12789,#12790),(#12791,#12792),
(#12793,#12794),(#12795,#12796),(#12797,#12798)),.UNSPECIFIED.,.F.,.F.,
 .F.,(4,1,4),(2,2),(0.,0.127313334643593,0.224643817427009),(-0.2,0.),
 .UNSPECIFIED.);
#20=B_SPLINE_SURFACE_WITH_KNOTS('',3,1,((#12826,#12827),(#12828,#12829),
(#12830,#12831),(#12832,#12833),(#12834,#12835)),.UNSPECIFIED.,.F.,.F.,
 .F.,(4,1,4),(2,2),(0.,0.0699656778050494,0.168538995567368),(-0.2,0.),
 .UNSPECIFIED.);
#21=B_SPLINE_SURFACE_WITH_KNOTS('',3,1,((#12843,#12844),(#12845,#12846),
(#12847,#12848),(#12849,#12850),(#12851,#12852)),.UNSPECIFIED.,.F.,.F.,
 .F.,(4,1,4),(2,2),(0.,0.0515250898636947,0.105315757235962),(-0.2,0.),
 .UNSPECIFIED.);
#22=B_SPLINE_SURFACE_WITH_KNOTS('',3,1,((#12860,#12861),(#12862,#12863),
(#12864,#12865),(#12866,#12867),(#12868,#12869)),.UNSPECIFIED.,.F.,.F.,
 .F.,(4,1,4),(2,2),(0.,0.0414332971000671,0.0887586636150296),(-0.2,0.),
 .UNSPECIFIED.);
#23=B_SPLINE_SURFACE_WITH_KNOTS('',3,1,((#12877,#12878),(#12879,#12880),
(#12881,#12882),(#12883,#12884),(#12885,#12886)),.UNSPECIFIED.,.F.,.F.,
 .F.,(4,1,4),(2,2),(0.,0.0226996035768243,0.0461064405917162),(-0.2,0.),
 .UNSPECIFIED.);
#24=B_SPLINE_SURFACE_WITH_KNOTS('',3,1,((#12898,#12899),(#12900,#12901),
(#12902,#12903),(#12904,#12905),(#12906,#12907)),.UNSPECIFIED.,.F.,.F.,
 .F.,(4,1,4),(2,2),(0.,0.0353155058608751,0.0749198601265439),(-0.2,0.),
 .UNSPECIFIED.);
#25=B_SPLINE_SURFACE_WITH_KNOTS('',3,1,((#12915,#12916),(#12917,#12918),
(#12919,#12920),(#12921,#12922),(#12923,#12924)),.UNSPECIFIED.,.F.,.F.,
 .F.,(4,1,4),(2,2),(0.,0.127313334643593,0.224643817427009),(-0.2,0.),
 .UNSPECIFIED.);
#26=B_SPLINE_SURFACE_WITH_KNOTS('',3,1,((#12948,#12949),(#12950,#12951),
(#12952,#12953),(#12954,#12955),(#12956,#12957)),.UNSPECIFIED.,.F.,.F.,
 .F.,(4,1,4),(2,2),(0.,0.111308779838448,0.222258988635382),(-0.2,0.),
 .UNSPECIFIED.);
#27=B_SPLINE_SURFACE_WITH_KNOTS('',3,1,((#12965,#12966),(#12967,#12968),
(#12969,#12970),(#12971,#12972),(#12973,#12974)),.UNSPECIFIED.,.F.,.F.,
 .F.,(4,1,4),(2,2),(0.,0.0517738043003412,0.103313768221575),(-0.2,0.),
 .UNSPECIFIED.);
#28=B_SPLINE_SURFACE_WITH_KNOTS('',3,1,((#12982,#12983),(#12984,#12985),
(#12986,#12987),(#12988,#12989),(#12990,#12991)),.UNSPECIFIED.,.F.,.F.,
 .F.,(4,1,4),(2,2),(0.,0.0602563060677529,0.115007735853913),(-0.2,0.),
 .UNSPECIFIED.);
#29=B_SPLINE_SURFACE_WITH_KNOTS('',3,1,((#12999,#13000),(#13001,#13002),
(#13003,#13004),(#13005,#13006),(#13007,#13008)),.UNSPECIFIED.,.F.,.F.,
 .F.,(4,1,4),(2,2),(0.,0.0740112248473433,0.140320974736475),(-0.2,0.),
 .UNSPECIFIED.);
#30=B_SPLINE_SURFACE_WITH_KNOTS('',3,1,((#13016,#13017),(#13018,#13019),
(#13020,#13021),(#13022,#13023),(#13024,#13025)),.UNSPECIFIED.,.F.,.F.,
 .F.,(4,1,4),(2,2),(0.,0.0782360040302358,0.156342145339029),(-0.2,0.),
 .UNSPECIFIED.);
#31=B_SPLINE_SURFACE_WITH_KNOTS('',3,1,((#13033,#13034),(#13035,#13036),
(#13037,#13038),(#13039,#13040),(#13041,#13042)),.UNSPECIFIED.,.F.,.F.,
 .F.,(4,1,4),(2,2),(0.,0.0859660941081111,0.190223052071158),(-0.2,0.),
 .UNSPECIFIED.);
#32=B_SPLINE_SURFACE_WITH_KNOTS('',3,1,((#13050,#13051),(#13052,#13053),
(#13054,#13055),(#13056,#13057),(#13058,#13059)),.UNSPECIFIED.,.F.,.F.,
 .F.,(4,1,4),(2,2),(0.,0.0839522738745289,0.163002483641777),(-0.2,0.),
 .UNSPECIFIED.);
#33=B_SPLINE_SURFACE_WITH_KNOTS('',3,1,((#13067,#13068),(#13069,#13070),
(#13071,#13072),(#13073,#13074),(#13075,#13076)),.UNSPECIFIED.,.F.,.F.,
 .F.,(4,1,4),(2,2),(0.,0.0404552358138613,0.0830940743637831),(-0.2,0.),
 .UNSPECIFIED.);
#34=B_SPLINE_SURFACE_WITH_KNOTS('',3,1,((#13084,#13085),(#13086,#13087),
(#13088,#13089),(#13090,#13091),(#13092,#13093)),.UNSPECIFIED.,.F.,.F.,
 .F.,(4,1,4),(2,2),(0.,0.0502298928277738,0.0932791979647931),(-0.2,0.),
 .UNSPECIFIED.);
#35=B_SPLINE_SURFACE_WITH_KNOTS('',3,1,((#13125,#13126),(#13127,#13128),
(#13129,#13130),(#13131,#13132),(#13133,#13134)),.UNSPECIFIED.,.F.,.F.,
 .F.,(4,1,4),(2,2),(0.,0.0421081237173499,0.0634863084429365),(-0.2,0.),
 .UNSPECIFIED.);
#36=B_SPLINE_SURFACE_WITH_KNOTS('',3,1,((#13142,#13143),(#13144,#13145),
(#13146,#13147),(#13148,#13149),(#13150,#13151)),.UNSPECIFIED.,.F.,.F.,
 .F.,(4,1,4),(2,2),(0.,0.0188785580611859,0.0601535053535762),(-0.2,0.),
 .UNSPECIFIED.);
#37=B_SPLINE_SURFACE_WITH_KNOTS('',3,1,((#13159,#13160),(#13161,#13162),
(#13163,#13164),(#13165,#13166),(#13167,#13168)),.UNSPECIFIED.,.F.,.F.,
 .F.,(4,1,4),(2,2),(0.,0.0648478975295777,0.103442316123781),(-0.2,0.),
 .UNSPECIFIED.);
#38=B_SPLINE_SURFACE_WITH_KNOTS('',3,1,((#13194,#13195),(#13196,#13197),
(#13198,#13199),(#13200,#13201),(#13202,#13203)),.UNSPECIFIED.,.F.,.F.,
 .F.,(4,1,4),(2,2),(0.,0.0378301347212401,0.0693092267076319),(-0.2,0.),
 .UNSPECIFIED.);
#39=B_SPLINE_SURFACE_WITH_KNOTS('',3,1,((#13213,#13214),(#13215,#13216),
(#13217,#13218),(#13219,#13220),(#13221,#13222)),.UNSPECIFIED.,.F.,.F.,
 .F.,(4,1,4),(2,2),(0.,0.0281263512717364,0.0633064669157923),(-0.2,0.),
 .UNSPECIFIED.);
#40=B_SPLINE_SURFACE_WITH_KNOTS('',3,1,((#13230,#13231),(#13232,#13233),
(#13234,#13235),(#13236,#13237),(#13238,#13239)),.UNSPECIFIED.,.F.,.F.,
 .F.,(4,1,4),(2,2),(0.,0.0236021354584884,0.0478695428220359),(-0.2,0.),
 .UNSPECIFIED.);
#41=B_SPLINE_SURFACE_WITH_KNOTS('',3,1,((#13247,#13248),(#13249,#13250),
(#13251,#13252),(#13253,#13254),(#13255,#13256)),.UNSPECIFIED.,.F.,.F.,
 .F.,(4,1,4),(2,2),(0.,0.030374893780624,0.0534254939396057),(-0.2,0.),
 .UNSPECIFIED.);
#42=B_SPLINE_SURFACE_WITH_KNOTS('',3,1,((#13264,#13265),(#13266,#13267),
(#13268,#13269),(#13270,#13271),(#13272,#13273)),.UNSPECIFIED.,.F.,.F.,
 .F.,(4,1,4),(2,2),(0.,0.0938744015632727,0.151378062060564),(-0.2,0.),
 .UNSPECIFIED.);
#43=B_SPLINE_SURFACE_WITH_KNOTS('',3,1,((#13281,#13282),(#13283,#13284),
(#13285,#13286),(#13287,#13288),(#13289,#13290)),.UNSPECIFIED.,.F.,.F.,
 .F.,(4,1,4),(2,2),(0.,0.0821355791650689,0.196282170053952),(-0.2,0.),
 .UNSPECIFIED.);
#44=B_SPLINE_SURFACE_WITH_KNOTS('',3,1,((#13298,#13299),(#13300,#13301),
(#13302,#13303),(#13304,#13305),(#13306,#13307)),.UNSPECIFIED.,.F.,.F.,
 .F.,(4,1,4),(2,2),(0.,0.0757303042132382,0.145427322150923),(-0.2,0.),
 .UNSPECIFIED.);
#45=B_SPLINE_SURFACE_WITH_KNOTS('',3,1,((#13315,#13316),(#13317,#13318),
(#13319,#13320),(#13321,#13322),(#13323,#13324)),.UNSPECIFIED.,.F.,.F.,
 .F.,(4,1,4),(2,2),(0.,0.0644217326155087,0.132896840350274),(-0.2,0.),
 .UNSPECIFIED.);
#46=B_SPLINE_SURFACE_WITH_KNOTS('',3,1,((#13332,#13333),(#13334,#13335),
(#13336,#13337),(#13338,#13339),(#13340,#13341)),.UNSPECIFIED.,.F.,.F.,
 .F.,(4,1,4),(2,2),(0.,0.0668077633545696,0.130715622824507),(-0.2,0.),
 .UNSPECIFIED.);
#47=B_SPLINE_SURFACE_WITH_KNOTS('',3,1,((#13349,#13350),(#13351,#13352),
(#13353,#13354),(#13355,#13356),(#13357,#13358)),.UNSPECIFIED.,.F.,.F.,
 .F.,(4,1,4),(2,2),(0.,0.0474352736393515,0.0928811091056837),(-0.2,0.),
 .UNSPECIFIED.);
#48=B_SPLINE_SURFACE_WITH_KNOTS('',3,1,((#13366,#13367),(#13368,#13369),
(#13370,#13371),(#13372,#13373),(#13374,#13375)),.UNSPECIFIED.,.F.,.F.,
 .F.,(4,1,4),(2,2),(0.,0.0500696142960997,0.0990287390605163),(-0.2,0.),
 .UNSPECIFIED.);
#49=B_SPLINE_SURFACE_WITH_KNOTS('',3,1,((#13383,#13384),(#13385,#13386),
(#13387,#13388),(#13389,#13390),(#13391,#13392)),.UNSPECIFIED.,.F.,.F.,
 .F.,(4,1,4),(2,2),(0.,0.0330592122235537,0.0665813158240148),(-0.2,0.),
 .UNSPECIFIED.);
#50=B_SPLINE_SURFACE_WITH_KNOTS('',3,1,((#13404,#13405),(#13406,#13407),
(#13408,#13409),(#13410,#13411),(#13412,#13413)),.UNSPECIFIED.,.F.,.F.,
 .F.,(4,1,4),(2,2),(0.,0.0392907343765958,0.0836392400975458),(-0.2,0.),
 .UNSPECIFIED.);
#51=B_SPLINE_SURFACE_WITH_KNOTS('',3,1,((#13421,#13422),(#13423,#13424),
(#13425,#13426),(#13427,#13428),(#13429,#13430)),.UNSPECIFIED.,.F.,.F.,
 .F.,(4,1,4),(2,2),(0.,0.0897918755820216,0.147104906600957),(-0.2,0.),
 .UNSPECIFIED.);
#52=B_SPLINE_SURFACE_WITH_KNOTS('',3,1,((#13438,#13439),(#13440,#13441),
(#13442,#13443),(#13444,#13445),(#13446,#13447)),.UNSPECIFIED.,.F.,.F.,
 .F.,(4,1,4),(2,2),(0.,0.0544876799710161,0.15835210843063),(-0.2,0.),
 .UNSPECIFIED.);
#53=B_SPLINE_SURFACE_WITH_KNOTS('',3,1,((#13455,#13456),(#13457,#13458),
(#13459,#13460),(#13461,#13462),(#13463,#13464)),.UNSPECIFIED.,.F.,.F.,
 .F.,(4,1,4),(2,2),(0.,0.0270372295867718,0.0558970214363727),(-0.2,0.),
 .UNSPECIFIED.);
#54=B_SPLINE_SURFACE_WITH_KNOTS('',3,1,((#13472,#13473),(#13474,#13475),
(#13476,#13477),(#13478,#13479),(#13480,#13481)),.UNSPECIFIED.,.F.,.F.,
 .F.,(4,1,4),(2,2),(0.,0.0640995450289341,0.125531078436614),(-0.2,0.),
 .UNSPECIFIED.);
#55=B_SPLINE_SURFACE_WITH_KNOTS('',3,1,((#13489,#13490),(#13491,#13492),
(#13493,#13494),(#13495,#13496),(#13497,#13498)),.UNSPECIFIED.,.F.,.F.,
 .F.,(4,1,4),(2,2),(0.,0.0979204360681806,0.173910708282898),(-0.2,0.),
 .UNSPECIFIED.);
#56=B_SPLINE_SURFACE_WITH_KNOTS('',3,1,((#13506,#13507),(#13508,#13509),
(#13510,#13511),(#13512,#13513),(#13514,#13515)),.UNSPECIFIED.,.F.,.F.,
 .F.,(4,1,4),(2,2),(0.,0.0825552307185897,0.18009824624088),(-0.2,0.),
 .UNSPECIFIED.);
#57=B_SPLINE_SURFACE_WITH_KNOTS('',3,1,((#13523,#13524),(#13525,#13526),
(#13527,#13528),(#13529,#13530),(#13531,#13532)),.UNSPECIFIED.,.F.,.F.,
 .F.,(4,1,4),(2,2),(0.,0.0778304095898788,0.153931814122511),(-0.2,0.),
 .UNSPECIFIED.);
#58=B_SPLINE_SURFACE_WITH_KNOTS('',3,1,((#13544,#13545),(#13546,#13547),
(#13548,#13549),(#13550,#13551),(#13552,#13553)),.UNSPECIFIED.,.F.,.F.,
 .F.,(4,1,4),(2,2),(0.,0.0291347718494827,0.059879257717566),(-0.2,0.),
 .UNSPECIFIED.);
#59=B_SPLINE_SURFACE_WITH_KNOTS('',3,1,((#13611,#13612),(#13613,#13614),
(#13615,#13616),(#13617,#13618),(#13619,#13620)),.UNSPECIFIED.,.F.,.F.,
 .F.,(4,1,4),(2,2),(0.,0.0679566388564049,0.134016642637978),(-0.2,0.),
 .UNSPECIFIED.);
#60=B_SPLINE_SURFACE_WITH_KNOTS('',3,1,((#13630,#13631),(#13632,#13633),
(#13634,#13635),(#13636,#13637),(#13638,#13639)),.UNSPECIFIED.,.F.,.F.,
 .F.,(4,1,4),(2,2),(0.,0.0776493923065221,0.149891150076248),(-0.2,0.),
 .UNSPECIFIED.);
#61=B_SPLINE_SURFACE_WITH_KNOTS('',3,1,((#13647,#13648),(#13649,#13650),
(#13651,#13652),(#13653,#13654),(#13655,#13656)),.UNSPECIFIED.,.F.,.F.,
 .F.,(4,1,4),(2,2),(0.,0.130433225532283,0.268712647450039),(-0.2,0.),
 .UNSPECIFIED.);
#62=B_SPLINE_SURFACE_WITH_KNOTS('',3,1,((#13664,#13665),(#13666,#13667),
(#13668,#13669),(#13670,#13671),(#13672,#13673)),.UNSPECIFIED.,.F.,.F.,
 .F.,(4,1,4),(2,2),(0.,0.13315790978619,0.264063143624956),(-0.2,0.),
 .UNSPECIFIED.);
#63=B_SPLINE_SURFACE_WITH_KNOTS('',3,1,((#13681,#13682),(#13683,#13684),
(#13685,#13686),(#13687,#13688),(#13689,#13690)),.UNSPECIFIED.,.F.,.F.,
 .F.,(4,1,4),(2,2),(0.,0.0989318082007673,0.207731347964124),(-0.2,0.),
 .UNSPECIFIED.);
#64=B_SPLINE_SURFACE_WITH_KNOTS('',3,1,((#13698,#13699),(#13700,#13701),
(#13702,#13703),(#13704,#13705),(#13706,#13707)),.UNSPECIFIED.,.F.,.F.,
 .F.,(4,1,4),(2,2),(0.,0.115546824052976,0.216639598004661),(-0.2,0.),
 .UNSPECIFIED.);
#65=B_SPLINE_SURFACE_WITH_KNOTS('',3,1,((#13715,#13716),(#13717,#13718),
(#13719,#13720),(#13721,#13722),(#13723,#13724)),.UNSPECIFIED.,.F.,.F.,
 .F.,(4,1,4),(2,2),(0.,0.127313118928263,0.263069966218676),(-0.2,0.),
 .UNSPECIFIED.);
#66=B_SPLINE_SURFACE_WITH_KNOTS('',3,1,((#13732,#13733),(#13734,#13735),
(#13736,#13737),(#13738,#13739),(#13740,#13741)),.UNSPECIFIED.,.F.,.F.,
 .F.,(4,1,4),(2,2),(0.,0.146451702616927,0.277616494112826),(-0.2,0.),
 .UNSPECIFIED.);
#67=B_SPLINE_SURFACE_WITH_KNOTS('',3,1,((#13749,#13750),(#13751,#13752),
(#13753,#13754),(#13755,#13756),(#13757,#13758)),.UNSPECIFIED.,.F.,.F.,
 .F.,(4,1,4),(2,2),(0.,0.0664403977769081,0.133468652409361),(-0.2,0.),
 .UNSPECIFIED.);
#68=B_SPLINE_SURFACE_WITH_KNOTS('',3,1,((#13812,#13813),(#13814,#13815),
(#13816,#13817),(#13818,#13819),(#13820,#13821)),.UNSPECIFIED.,.F.,.F.,
 .F.,(4,1,4),(2,2),(0.,0.0266182470290586,0.0542086655441051),(-0.2,0.),
 .UNSPECIFIED.);
#69=B_SPLINE_SURFACE_WITH_KNOTS('',3,1,((#13831,#13832),(#13833,#13834),
(#13835,#13836),(#13837,#13838),(#13839,#13840)),.UNSPECIFIED.,.F.,.F.,
 .F.,(4,1,4),(2,2),(0.,0.0246523610467134,0.0501082893941081),(-0.2,0.),
 .UNSPECIFIED.);
#70=B_SPLINE_SURFACE_WITH_KNOTS('',3,1,((#13848,#13849),(#13850,#13851),
(#13852,#13853),(#13854,#13855),(#13856,#13857)),.UNSPECIFIED.,.F.,.F.,
 .F.,(4,1,4),(2,2),(0.,0.0277804396841827,0.0532525077389854),(-0.2,0.),
 .UNSPECIFIED.);
#71=B_SPLINE_SURFACE_WITH_KNOTS('',3,1,((#13865,#13866),(#13867,#13868),
(#13869,#13870),(#13871,#13872),(#13873,#13874)),.UNSPECIFIED.,.F.,.F.,
 .F.,(4,1,4),(2,2),(0.,0.0235940775497772,0.0437228996764324),(-0.2,0.),
 .UNSPECIFIED.);
#72=B_SPLINE_SURFACE_WITH_KNOTS('',3,1,((#13882,#13883),(#13884,#13885),
(#13886,#13887),(#13888,#13889),(#13890,#13891)),.UNSPECIFIED.,.F.,.F.,
 .F.,(4,1,4),(2,2),(0.,0.0383358563390288,0.0679740013104246),(-0.2,0.),
 .UNSPECIFIED.);
#73=B_SPLINE_SURFACE_WITH_KNOTS('',3,1,((#13899,#13900),(#13901,#13902),
(#13903,#13904),(#13905,#13906),(#13907,#13908)),.UNSPECIFIED.,.F.,.F.,
 .F.,(4,1,4),(2,2),(0.,0.0688851754739292,0.107667552226442),(-0.2,0.),
 .UNSPECIFIED.);
#74=B_SPLINE_SURFACE_WITH_KNOTS('',3,1,((#13916,#13917),(#13918,#13919),
(#13920,#13921),(#13922,#13923),(#13924,#13925)),.UNSPECIFIED.,.F.,.F.,
 .F.,(4,1,4),(2,2),(0.,0.0620937750695394,0.156884147080445),(-0.2,0.),
 .UNSPECIFIED.);
#75=B_SPLINE_SURFACE_WITH_KNOTS('',3,1,((#13933,#13934),(#13935,#13936),
(#13937,#13938),(#13939,#13940),(#13941,#13942)),.UNSPECIFIED.,.F.,.F.,
 .F.,(4,1,4),(2,2),(0.,0.0447474315960945,0.0900300987459607),(-0.2,0.),
 .UNSPECIFIED.);
#76=B_SPLINE_SURFACE_WITH_KNOTS('',3,1,((#13950,#13951),(#13952,#13953),
(#13954,#13955),(#13956,#13957),(#13958,#13959)),.UNSPECIFIED.,.F.,.F.,
 .F.,(4,1,4),(2,2),(0.,0.044132024719042,0.088355577073038),(-0.2,0.),
 .UNSPECIFIED.);
#77=B_SPLINE_SURFACE_WITH_KNOTS('',3,1,((#13979,#13980),(#13981,#13982),
(#13983,#13984),(#13985,#13986),(#13987,#13988)),.UNSPECIFIED.,.F.,.F.,
 .F.,(4,1,4),(2,2),(0.,0.0259308236969722,0.0522438117766626),(-0.2,0.),
 .UNSPECIFIED.);
#78=B_SPLINE_SURFACE_WITH_KNOTS('',3,1,((#13996,#13997),(#13998,#13999),
(#14000,#14001),(#14002,#14003),(#14004,#14005)),.UNSPECIFIED.,.F.,.F.,
 .F.,(4,1,4),(2,2),(0.,0.0625765247664365,0.10059757613183),(-0.2,0.),
 .UNSPECIFIED.);
#79=B_SPLINE_SURFACE_WITH_KNOTS('',3,1,((#14013,#14014),(#14015,#14016),
(#14017,#14018),(#14019,#14020),(#14021,#14022)),.UNSPECIFIED.,.F.,.F.,
 .F.,(4,1,4),(2,2),(0.,0.0462855420712342,0.11159721007862),(-0.2,0.),
 .UNSPECIFIED.);
#80=B_SPLINE_SURFACE_WITH_KNOTS('',3,1,((#14030,#14031),(#14032,#14033),
(#14034,#14035),(#14036,#14037),(#14038,#14039)),.UNSPECIFIED.,.F.,.F.,
 .F.,(4,1,4),(2,2),(0.,0.0415146361704961,0.0895637859294213),(-0.2,0.),
 .UNSPECIFIED.);
#81=B_SPLINE_SURFACE_WITH_KNOTS('',3,1,((#14047,#14048),(#14049,#14050),
(#14051,#14052),(#14053,#14054),(#14055,#14056)),.UNSPECIFIED.,.F.,.F.,
 .F.,(4,1,4),(2,2),(0.,0.0358479953245386,0.0732770773080589),(-0.2,0.),
 .UNSPECIFIED.);
#82=B_SPLINE_SURFACE_WITH_KNOTS('',3,1,((#14064,#14065),(#14066,#14067),
(#14068,#14069),(#14070,#14071),(#14072,#14073)),.UNSPECIFIED.,.F.,.F.,
 .F.,(4,1,4),(2,2),(0.,0.0628424050397822,0.127802209966096),(-0.2,0.),
 .UNSPECIFIED.);
#83=B_SPLINE_SURFACE_WITH_KNOTS('',3,1,((#14081,#14082),(#14083,#14084),
(#14085,#14086),(#14087,#14088),(#14089,#14090)),.UNSPECIFIED.,.F.,.F.,
 .F.,(4,1,4),(2,2),(0.,0.0757539912194441,0.142066341542319),(-0.2,0.),
 .UNSPECIFIED.);
#84=B_SPLINE_SURFACE_WITH_KNOTS('',3,1,((#14098,#14099),(#14100,#14101),
(#14102,#14103),(#14104,#14105),(#14106,#14107)),.UNSPECIFIED.,.F.,.F.,
 .F.,(4,1,4),(2,2),(0.,0.0663191654036607,0.137332185766619),(-0.2,0.),
 .UNSPECIFIED.);
#85=B_SPLINE_SURFACE_WITH_KNOTS('',3,1,((#14115,#14116),(#14117,#14118),
(#14119,#14120),(#14121,#14122),(#14123,#14124)),.UNSPECIFIED.,.F.,.F.,
 .F.,(4,1,4),(2,2),(0.,0.077277916204967,0.145642709401932),(-0.2,0.),
 .UNSPECIFIED.);
#86=B_SPLINE_SURFACE_WITH_KNOTS('',3,1,((#14136,#14137),(#14138,#14139),
(#14140,#14141),(#14142,#14143),(#14144,#14145)),.UNSPECIFIED.,.F.,.F.,
 .F.,(4,1,4),(2,2),(0.,0.0348262931955968,0.0833641923768053),(-0.2,0.),
 .UNSPECIFIED.);
#87=B_SPLINE_CURVE_WITH_KNOTS('',3,(#11897,#11898,#11899,#11900,#11901),
 .UNSPECIFIED.,.F.,.F.,(4,1,4),(-0.0542086655441051,-0.0266182470290586,
0.),.UNSPECIFIED.);
#88=B_SPLINE_CURVE_WITH_KNOTS('',3,(#11903,#11904,#11905,#11906,#11907),
 .UNSPECIFIED.,.F.,.F.,(4,1,4),(-0.0501082893941081,-0.0246523610467134,
0.),.UNSPECIFIED.);
#89=B_SPLINE_CURVE_WITH_KNOTS('',3,(#11909,#11910,#11911,#11912,#11913),
 .UNSPECIFIED.,.F.,.F.,(4,1,4),(-0.0532525077389854,-0.0277804396841827,
0.),.UNSPECIFIED.);
#90=B_SPLINE_CURVE_WITH_KNOTS('',3,(#11915,#11916,#11917,#11918,#11919),
 .UNSPECIFIED.,.F.,.F.,(4,1,4),(-0.0437228996764324,-0.0235940775497772,
0.),.UNSPECIFIED.);
#91=B_SPLINE_CURVE_WITH_KNOTS('',3,(#11921,#11922,#11923,#11924,#11925),
 .UNSPECIFIED.,.F.,.F.,(4,1,4),(-0.0679740013104246,-0.0383358563390288,
0.),.UNSPECIFIED.);
#92=B_SPLINE_CURVE_WITH_KNOTS('',3,(#11927,#11928,#11929,#11930,#11931),
 .UNSPECIFIED.,.F.,.F.,(4,1,4),(-0.107667552226442,-0.0688851754739292,
0.),.UNSPECIFIED.);
#93=B_SPLINE_CURVE_WITH_KNOTS('',3,(#11933,#11934,#11935,#11936,#11937),
 .UNSPECIFIED.,.F.,.F.,(4,1,4),(-0.156884147080445,-0.0620937750695394,
0.),.UNSPECIFIED.);
#94=B_SPLINE_CURVE_WITH_KNOTS('',3,(#11939,#11940,#11941,#11942,#11943),
 .UNSPECIFIED.,.F.,.F.,(4,1,4),(-0.0900300987459607,-0.0447474315960945,
0.),.UNSPECIFIED.);
#95=B_SPLINE_CURVE_WITH_KNOTS('',3,(#11945,#11946,#11947,#11948,#11949),
 .UNSPECIFIED.,.F.,.F.,(4,1,4),(-0.088355577073038,-0.044132024719042,0.),
 .UNSPECIFIED.);
#96=B_SPLINE_CURVE_WITH_KNOTS('',3,(#11957,#11958,#11959,#11960,#11961),
 .UNSPECIFIED.,.F.,.F.,(4,1,4),(-0.0522438117766626,-0.0259308236969722,
0.),.UNSPECIFIED.);
#97=B_SPLINE_CURVE_WITH_KNOTS('',3,(#11963,#11964,#11965,#11966,#11967),
 .UNSPECIFIED.,.F.,.F.,(4,1,4),(-0.10059757613183,-0.0625765247664365,0.),
 .UNSPECIFIED.);
#98=B_SPLINE_CURVE_WITH_KNOTS('',3,(#11969,#11970,#11971,#11972,#11973),
 .UNSPECIFIED.,.F.,.F.,(4,1,4),(-0.11159721007862,-0.0462855420712342,0.),
 .UNSPECIFIED.);
#99=B_SPLINE_CURVE_WITH_KNOTS('',3,(#11975,#11976,#11977,#11978,#11979),
 .UNSPECIFIED.,.F.,.F.,(4,1,4),(-0.0895637859294213,-0.0415146361704961,
0.),.UNSPECIFIED.);
#100=B_SPLINE_CURVE_WITH_KNOTS('',3,(#11981,#11982,#11983,#11984,#11985),
 .UNSPECIFIED.,.F.,.F.,(4,1,4),(-0.0732770773080589,-0.0358479953245386,
0.),.UNSPECIFIED.);
#101=B_SPLINE_CURVE_WITH_KNOTS('',3,(#11987,#11988,#11989,#11990,#11991),
 .UNSPECIFIED.,.F.,.F.,(4,1,4),(-0.127802209966096,-0.0628424050397822,
0.),.UNSPECIFIED.);
#102=B_SPLINE_CURVE_WITH_KNOTS('',3,(#11993,#11994,#11995,#11996,#11997),
 .UNSPECIFIED.,.F.,.F.,(4,1,4),(-0.142066341542319,-0.0757539912194441,
0.),.UNSPECIFIED.);
#103=B_SPLINE_CURVE_WITH_KNOTS('',3,(#11999,#12000,#12001,#12002,#12003),
 .UNSPECIFIED.,.F.,.F.,(4,1,4),(-0.137332185766619,-0.0663191654036607,
0.),.UNSPECIFIED.);
#104=B_SPLINE_CURVE_WITH_KNOTS('',3,(#12005,#12006,#12007,#12008,#12009),
 .UNSPECIFIED.,.F.,.F.,(4,1,4),(-0.145642709401932,-0.077277916204967,0.),
 .UNSPECIFIED.);
#105=B_SPLINE_CURVE_WITH_KNOTS('',3,(#12012,#12013,#12014,#12015,#12016),
 .UNSPECIFIED.,.F.,.F.,(4,1,4),(-0.0833641923768053,-0.0348262931955968,
0.),.UNSPECIFIED.);
#106=B_SPLINE_CURVE_WITH_KNOTS('',3,(#12043,#12044,#12045,#12046,#12047),
 .UNSPECIFIED.,.F.,.F.,(4,1,4),(-0.134016642637978,-0.0679566388564049,
0.),.UNSPECIFIED.);
#107=B_SPLINE_CURVE_WITH_KNOTS('',3,(#12049,#12050,#12051,#12052,#12053),
 .UNSPECIFIED.,.F.,.F.,(4,1,4),(-0.149891150076248,-0.0776493923065221,
0.),.UNSPECIFIED.);
#108=B_SPLINE_CURVE_WITH_KNOTS('',3,(#12055,#12056,#12057,#12058,#12059),
 .UNSPECIFIED.,.F.,.F.,(4,1,4),(-0.268712647450039,-0.130433225532283,0.),
 .UNSPECIFIED.);
#109=B_SPLINE_CURVE_WITH_KNOTS('',3,(#12061,#12062,#12063,#12064,#12065),
 .UNSPECIFIED.,.F.,.F.,(4,1,4),(-0.264063143624956,-0.13315790978619,0.),
 .UNSPECIFIED.);
#110=B_SPLINE_CURVE_WITH_KNOTS('',3,(#12067,#12068,#12069,#12070,#12071),
 .UNSPECIFIED.,.F.,.F.,(4,1,4),(-0.207731347964124,-0.0989318082007673,
0.),.UNSPECIFIED.);
#111=B_SPLINE_CURVE_WITH_KNOTS('',3,(#12073,#12074,#12075,#12076,#12077),
 .UNSPECIFIED.,.F.,.F.,(4,1,4),(-0.216639598004661,-0.115546824052976,0.),
 .UNSPECIFIED.);
#112=B_SPLINE_CURVE_WITH_KNOTS('',3,(#12079,#12080,#12081,#12082,#12083),
 .UNSPECIFIED.,.F.,.F.,(4,1,4),(-0.263069966218676,-0.127313118928263,0.),
 .UNSPECIFIED.);
#113=B_SPLINE_CURVE_WITH_KNOTS('',3,(#12085,#12086,#12087,#12088,#12089),
 .UNSPECIFIED.,.F.,.F.,(4,1,4),(-0.277616494112826,-0.146451702616927,0.),
 .UNSPECIFIED.);
#114=B_SPLINE_CURVE_WITH_KNOTS('',3,(#12090,#12091,#12092,#12093,#12094),
 .UNSPECIFIED.,.F.,.F.,(4,1,4),(-0.133468652409361,-0.0664403977769081,
0.),.UNSPECIFIED.);
#115=B_SPLINE_CURVE_WITH_KNOTS('',3,(#12123,#12124,#12125,#12126,#12127),
 .UNSPECIFIED.,.F.,.F.,(4,1,4),(-0.0693092267076319,-0.0378301347212401,
0.),.UNSPECIFIED.);
#116=B_SPLINE_CURVE_WITH_KNOTS('',3,(#12129,#12130,#12131,#12132,#12133),
 .UNSPECIFIED.,.F.,.F.,(4,1,4),(-0.0633064669157923,-0.0281263512717364,
0.),.UNSPECIFIED.);
#117=B_SPLINE_CURVE_WITH_KNOTS('',3,(#12135,#12136,#12137,#12138,#12139),
 .UNSPECIFIED.,.F.,.F.,(4,1,4),(-0.0478695428220359,-0.0236021354584884,
0.),.UNSPECIFIED.);
#118=B_SPLINE_CURVE_WITH_KNOTS('',3,(#12141,#12142,#12143,#12144,#12145),
 .UNSPECIFIED.,.F.,.F.,(4,1,4),(-0.0534254939396057,-0.030374893780624,
0.),.UNSPECIFIED.);
#119=B_SPLINE_CURVE_WITH_KNOTS('',3,(#12147,#12148,#12149,#12150,#12151),
 .UNSPECIFIED.,.F.,.F.,(4,1,4),(-0.151378062060564,-0.0938744015632727,
0.),.UNSPECIFIED.);
#120=B_SPLINE_CURVE_WITH_KNOTS('',3,(#12153,#12154,#12155,#12156,#12157),
 .UNSPECIFIED.,.F.,.F.,(4,1,4),(-0.196282170053952,-0.0821355791650689,
0.),.UNSPECIFIED.);
#121=B_SPLINE_CURVE_WITH_KNOTS('',3,(#12159,#12160,#12161,#12162,#12163),
 .UNSPECIFIED.,.F.,.F.,(4,1,4),(-0.145427322150923,-0.0757303042132382,
0.),.UNSPECIFIED.);
#122=B_SPLINE_CURVE_WITH_KNOTS('',3,(#12165,#12166,#12167,#12168,#12169),
 .UNSPECIFIED.,.F.,.F.,(4,1,4),(-0.132896840350274,-0.0644217326155087,
0.),.UNSPECIFIED.);
#123=B_SPLINE_CURVE_WITH_KNOTS('',3,(#12171,#12172,#12173,#12174,#12175),
 .UNSPECIFIED.,.F.,.F.,(4,1,4),(-0.130715622824507,-0.0668077633545696,
0.),.UNSPECIFIED.);
#124=B_SPLINE_CURVE_WITH_KNOTS('',3,(#12177,#12178,#12179,#12180,#12181),
 .UNSPECIFIED.,.F.,.F.,(4,1,4),(-0.0928811091056837,-0.0474352736393515,
0.),.UNSPECIFIED.);
#125=B_SPLINE_CURVE_WITH_KNOTS('',3,(#12183,#12184,#12185,#12186,#12187),
 .UNSPECIFIED.,.F.,.F.,(4,1,4),(-0.0990287390605163,-0.0500696142960997,
0.),.UNSPECIFIED.);
#126=B_SPLINE_CURVE_WITH_KNOTS('',3,(#12189,#12190,#12191,#12192,#12193),
 .UNSPECIFIED.,.F.,.F.,(4,1,4),(-0.0665813158240148,-0.0330592122235537,
0.),.UNSPECIFIED.);
#127=B_SPLINE_CURVE_WITH_KNOTS('',3,(#12197,#12198,#12199,#12200,#12201),
 .UNSPECIFIED.,.F.,.F.,(4,1,4),(-0.0836392400975458,-0.0392907343765958,
0.),.UNSPECIFIED.);
#128=B_SPLINE_CURVE_WITH_KNOTS('',3,(#12203,#12204,#12205,#12206,#12207),
 .UNSPECIFIED.,.F.,.F.,(4,1,4),(-0.147104906600957,-0.0897918755820216,
0.),.UNSPECIFIED.);
#129=B_SPLINE_CURVE_WITH_KNOTS('',3,(#12209,#12210,#12211,#12212,#12213),
 .UNSPECIFIED.,.F.,.F.,(4,1,4),(-0.15835210843063,-0.0544876799710161,0.),
 .UNSPECIFIED.);
#130=B_SPLINE_CURVE_WITH_KNOTS('',3,(#12215,#12216,#12217,#12218,#12219),
 .UNSPECIFIED.,.F.,.F.,(4,1,4),(-0.0558970214363727,-0.0270372295867718,
0.),.UNSPECIFIED.);
#131=B_SPLINE_CURVE_WITH_KNOTS('',3,(#12221,#12222,#12223,#12224,#12225),
 .UNSPECIFIED.,.F.,.F.,(4,1,4),(-0.125531078436614,-0.0640995450289341,
0.),.UNSPECIFIED.);
#132=B_SPLINE_CURVE_WITH_KNOTS('',3,(#12227,#12228,#12229,#12230,#12231),
 .UNSPECIFIED.,.F.,.F.,(4,1,4),(-0.173910708282898,-0.0979204360681806,
0.),.UNSPECIFIED.);
#133=B_SPLINE_CURVE_WITH_KNOTS('',3,(#12233,#12234,#12235,#12236,#12237),
 .UNSPECIFIED.,.F.,.F.,(4,1,4),(-0.18009824624088,-0.0825552307185897,0.),
 .UNSPECIFIED.);
#134=B_SPLINE_CURVE_WITH_KNOTS('',3,(#12239,#12240,#12241,#12242,#12243),
 .UNSPECIFIED.,.F.,.F.,(4,1,4),(-0.153931814122511,-0.0778304095898788,
0.),.UNSPECIFIED.);
#135=B_SPLINE_CURVE_WITH_KNOTS('',3,(#12246,#12247,#12248,#12249,#12250),
 .UNSPECIFIED.,.F.,.F.,(4,1,4),(-0.059879257717566,-0.0291347718494827,
0.),.UNSPECIFIED.);
#136=B_SPLINE_CURVE_WITH_KNOTS('',3,(#12257,#12258,#12259,#12260,#12261),
 .UNSPECIFIED.,.F.,.F.,(4,1,4),(-0.0634863084429365,-0.0421081237173499,
0.),.UNSPECIFIED.);
#137=B_SPLINE_CURVE_WITH_KNOTS('',3,(#12263,#12264,#12265,#12266,#12267),
 .UNSPECIFIED.,.F.,.F.,(4,1,4),(-0.0601535053535762,-0.0188785580611859,
0.),.UNSPECIFIED.);
#138=B_SPLINE_CURVE_WITH_KNOTS('',3,(#12269,#12270,#12271,#12272,#12273),
 .UNSPECIFIED.,.F.,.F.,(4,1,4),(-0.103442316123781,-0.0648478975295777,
0.),.UNSPECIFIED.);
#139=B_SPLINE_CURVE_WITH_KNOTS('',3,(#12287,#12288,#12289,#12290,#12291),
 .UNSPECIFIED.,.F.,.F.,(4,1,4),(-0.222258988635382,-0.111308779838448,0.),
 .UNSPECIFIED.);
#140=B_SPLINE_CURVE_WITH_KNOTS('',3,(#12293,#12294,#12295,#12296,#12297),
 .UNSPECIFIED.,.F.,.F.,(4,1,4),(-0.103313768221575,-0.0517738043003412,
0.),.UNSPECIFIED.);
#141=B_SPLINE_CURVE_WITH_KNOTS('',3,(#12299,#12300,#12301,#12302,#12303),
 .UNSPECIFIED.,.F.,.F.,(4,1,4),(-0.115007735853913,-0.0602563060677529,
0.),.UNSPECIFIED.);
#142=B_SPLINE_CURVE_WITH_KNOTS('',3,(#12305,#12306,#12307,#12308,#12309),
 .UNSPECIFIED.,.F.,.F.,(4,1,4),(-0.140320974736475,-0.0740112248473433,
0.),.UNSPECIFIED.);
#143=B_SPLINE_CURVE_WITH_KNOTS('',3,(#12311,#12312,#12313,#12314,#12315),
 .UNSPECIFIED.,.F.,.F.,(4,1,4),(-0.156342145339029,-0.0782360040302358,
0.),.UNSPECIFIED.);
#144=B_SPLINE_CURVE_WITH_KNOTS('',3,(#12317,#12318,#12319,#12320,#12321),
 .UNSPECIFIED.,.F.,.F.,(4,1,4),(-0.190223052071158,-0.0859660941081111,
0.),.UNSPECIFIED.);
#145=B_SPLINE_CURVE_WITH_KNOTS('',3,(#12323,#12324,#12325,#12326,#12327),
 .UNSPECIFIED.,.F.,.F.,(4,1,4),(-0.163002483641777,-0.0839522738745289,
0.),.UNSPECIFIED.);
#146=B_SPLINE_CURVE_WITH_KNOTS('',3,(#12329,#12330,#12331,#12332,#12333),
 .UNSPECIFIED.,.F.,.F.,(4,1,4),(-0.0830940743637831,-0.0404552358138613,
0.),.UNSPECIFIED.);
#147=B_SPLINE_CURVE_WITH_KNOTS('',3,(#12335,#12336,#12337,#12338,#12339),
 .UNSPECIFIED.,.F.,.F.,(4,1,4),(-0.0932791979647931,-0.0502298928277738,
0.),.UNSPECIFIED.);
#148=B_SPLINE_CURVE_WITH_KNOTS('',3,(#12353,#12354,#12355,#12356,#12357),
 .UNSPECIFIED.,.F.,.F.,(4,1,4),(-0.168538995567368,-0.0699656778050494,
0.),.UNSPECIFIED.);
#149=B_SPLINE_CURVE_WITH_KNOTS('',3,(#12359,#12360,#12361,#12362,#12363),
 .UNSPECIFIED.,.F.,.F.,(4,1,4),(-0.105315757235962,-0.0515250898636947,
0.),.UNSPECIFIED.);
#150=B_SPLINE_CURVE_WITH_KNOTS('',3,(#12365,#12366,#12367,#12368,#12369),
 .UNSPECIFIED.,.F.,.F.,(4,1,4),(-0.0887586636150296,-0.0414332971000671,
0.),.UNSPECIFIED.);
#151=B_SPLINE_CURVE_WITH_KNOTS('',3,(#12371,#12372,#12373,#12374,#12375),
 .UNSPECIFIED.,.F.,.F.,(4,1,4),(-0.0461064405917162,-0.0226996035768243,
0.),.UNSPECIFIED.);
#152=B_SPLINE_CURVE_WITH_KNOTS('',3,(#12379,#12380,#12381,#12382,#12383),
 .UNSPECIFIED.,.F.,.F.,(4,1,4),(-0.0749198601265439,-0.0353155058608751,
0.),.UNSPECIFIED.);
#153=B_SPLINE_CURVE_WITH_KNOTS('',3,(#12385,#12386,#12387,#12388,#12389),
 .UNSPECIFIED.,.F.,.F.,(4,1,4),(-0.224643817427009,-0.127313334643593,0.),
 .UNSPECIFIED.);
#154=B_SPLINE_CURVE_WITH_KNOTS('',3,(#12401,#12402,#12403,#12404,#12405),
 .UNSPECIFIED.,.F.,.F.,(4,1,4),(-0.168538967684709,-0.0699656778050494,
0.),.UNSPECIFIED.);
#155=B_SPLINE_CURVE_WITH_KNOTS('',3,(#12407,#12408,#12409,#12410,#12411),
 .UNSPECIFIED.,.F.,.F.,(4,1,4),(-0.105315427556857,-0.051524573791615,0.),
 .UNSPECIFIED.);
#156=B_SPLINE_CURVE_WITH_KNOTS('',3,(#12413,#12414,#12415,#12416,#12417),
 .UNSPECIFIED.,.F.,.F.,(4,1,4),(-0.0887588979455068,-0.0414335314305443,
0.),.UNSPECIFIED.);
#157=B_SPLINE_CURVE_WITH_KNOTS('',3,(#12419,#12420,#12421,#12422,#12423),
 .UNSPECIFIED.,.F.,.F.,(4,1,4),(-0.0461064405917162,-0.0226996035768243,
0.),.UNSPECIFIED.);
#158=B_SPLINE_CURVE_WITH_KNOTS('',3,(#12427,#12428,#12429,#12430,#12431),
 .UNSPECIFIED.,.F.,.F.,(4,1,4),(-0.0749198601265439,-0.0353155058608751,
0.),.UNSPECIFIED.);
#159=B_SPLINE_CURVE_WITH_KNOTS('',3,(#12433,#12434,#12435,#12436,#12437),
 .UNSPECIFIED.,.F.,.F.,(4,1,4),(-0.224643817427009,-0.127313334643593,0.),
 .UNSPECIFIED.);
#160=B_SPLINE_CURVE_WITH_KNOTS('',3,(#12711,#12712,#12713,#12714,#12715),
 .UNSPECIFIED.,.F.,.F.,(4,1,4),(0.,0.0699656778050494,0.168538967684709),
 .UNSPECIFIED.);
#161=B_SPLINE_CURVE_WITH_KNOTS('',3,(#12728,#12729,#12730,#12731,#12732),
 .UNSPECIFIED.,.F.,.F.,(4,1,4),(0.,0.051524573791615,0.105315427556857),
 .UNSPECIFIED.);
#162=B_SPLINE_CURVE_WITH_KNOTS('',3,(#12745,#12746,#12747,#12748,#12749),
 .UNSPECIFIED.,.F.,.F.,(4,1,4),(0.,0.0414335314305443,0.0887588979455068),
 .UNSPECIFIED.);
#163=B_SPLINE_CURVE_WITH_KNOTS('',3,(#12762,#12763,#12764,#12765,#12766),
 .UNSPECIFIED.,.F.,.F.,(4,1,4),(0.,0.0226996035768243,0.0461064405917162),
 .UNSPECIFIED.);
#164=B_SPLINE_CURVE_WITH_KNOTS('',3,(#12783,#12784,#12785,#12786,#12787),
 .UNSPECIFIED.,.F.,.F.,(4,1,4),(0.,0.0353155058608751,0.0749198601265439),
 .UNSPECIFIED.);
#165=B_SPLINE_CURVE_WITH_KNOTS('',3,(#12800,#12801,#12802,#12803,#12804),
 .UNSPECIFIED.,.F.,.F.,(4,1,4),(0.,0.127313334643593,0.224643817427009),
 .UNSPECIFIED.);
#166=B_SPLINE_CURVE_WITH_KNOTS('',3,(#12837,#12838,#12839,#12840,#12841),
 .UNSPECIFIED.,.F.,.F.,(4,1,4),(0.,0.0699656778050494,0.168538995567368),
 .UNSPECIFIED.);
#167=B_SPLINE_CURVE_WITH_KNOTS('',3,(#12854,#12855,#12856,#12857,#12858),
 .UNSPECIFIED.,.F.,.F.,(4,1,4),(0.,0.0515250898636947,0.105315757235962),
 .UNSPECIFIED.);
#168=B_SPLINE_CURVE_WITH_KNOTS('',3,(#12871,#12872,#12873,#12874,#12875),
 .UNSPECIFIED.,.F.,.F.,(4,1,4),(0.,0.0414332971000671,0.0887586636150296),
 .UNSPECIFIED.);
#169=B_SPLINE_CURVE_WITH_KNOTS('',3,(#12888,#12889,#12890,#12891,#12892),
 .UNSPECIFIED.,.F.,.F.,(4,1,4),(0.,0.0226996035768243,0.0461064405917162),
 .UNSPECIFIED.);
#170=B_SPLINE_CURVE_WITH_KNOTS('',3,(#12909,#12910,#12911,#12912,#12913),
 .UNSPECIFIED.,.F.,.F.,(4,1,4),(0.,0.0353155058608751,0.0749198601265439),
 .UNSPECIFIED.);
#171=B_SPLINE_CURVE_WITH_KNOTS('',3,(#12926,#12927,#12928,#12929,#12930),
 .UNSPECIFIED.,.F.,.F.,(4,1,4),(0.,0.127313334643593,0.224643817427009),
 .UNSPECIFIED.);
#172=B_SPLINE_CURVE_WITH_KNOTS('',3,(#12959,#12960,#12961,#12962,#12963),
 .UNSPECIFIED.,.F.,.F.,(4,1,4),(0.,0.111308779838448,0.222258988635382),
 .UNSPECIFIED.);
#173=B_SPLINE_CURVE_WITH_KNOTS('',3,(#12976,#12977,#12978,#12979,#12980),
 .UNSPECIFIED.,.F.,.F.,(4,1,4),(0.,0.0517738043003412,0.103313768221575),
 .UNSPECIFIED.);
#174=B_SPLINE_CURVE_WITH_KNOTS('',3,(#12993,#12994,#12995,#12996,#12997),
 .UNSPECIFIED.,.F.,.F.,(4,1,4),(0.,0.0602563060677529,0.115007735853913),
 .UNSPECIFIED.);
#175=B_SPLINE_CURVE_WITH_KNOTS('',3,(#13010,#13011,#13012,#13013,#13014),
 .UNSPECIFIED.,.F.,.F.,(4,1,4),(0.,0.0740112248473433,0.140320974736475),
 .UNSPECIFIED.);
#176=B_SPLINE_CURVE_WITH_KNOTS('',3,(#13027,#13028,#13029,#13030,#13031),
 .UNSPECIFIED.,.F.,.F.,(4,1,4),(0.,0.0782360040302358,0.156342145339029),
 .UNSPECIFIED.);
#177=B_SPLINE_CURVE_WITH_KNOTS('',3,(#13044,#13045,#13046,#13047,#13048),
 .UNSPECIFIED.,.F.,.F.,(4,1,4),(0.,0.0859660941081111,0.190223052071158),
 .UNSPECIFIED.);
#178=B_SPLINE_CURVE_WITH_KNOTS('',3,(#13061,#13062,#13063,#13064,#13065),
 .UNSPECIFIED.,.F.,.F.,(4,1,4),(0.,0.0839522738745289,0.163002483641777),
 .UNSPECIFIED.);
#179=B_SPLINE_CURVE_WITH_KNOTS('',3,(#13078,#13079,#13080,#13081,#13082),
 .UNSPECIFIED.,.F.,.F.,(4,1,4),(0.,0.0404552358138613,0.0830940743637831),
 .UNSPECIFIED.);
#180=B_SPLINE_CURVE_WITH_KNOTS('',3,(#13095,#13096,#13097,#13098,#13099),
 .UNSPECIFIED.,.F.,.F.,(4,1,4),(0.,0.0502298928277738,0.0932791979647931),
 .UNSPECIFIED.);
#181=B_SPLINE_CURVE_WITH_KNOTS('',3,(#13136,#13137,#13138,#13139,#13140),
 .UNSPECIFIED.,.F.,.F.,(4,1,4),(0.,0.0421081237173499,0.0634863084429365),
 .UNSPECIFIED.);
#182=B_SPLINE_CURVE_WITH_KNOTS('',3,(#13153,#13154,#13155,#13156,#13157),
 .UNSPECIFIED.,.F.,.F.,(4,1,4),(0.,0.0188785580611859,0.0601535053535762),
 .UNSPECIFIED.);
#183=B_SPLINE_CURVE_WITH_KNOTS('',3,(#13170,#13171,#13172,#13173,#13174),
 .UNSPECIFIED.,.F.,.F.,(4,1,4),(0.,0.0648478975295777,0.103442316123781),
 .UNSPECIFIED.);
#184=B_SPLINE_CURVE_WITH_KNOTS('',3,(#13207,#13208,#13209,#13210,#13211),
 .UNSPECIFIED.,.F.,.F.,(4,1,4),(0.,0.0378301347212401,0.0693092267076319),
 .UNSPECIFIED.);
#185=B_SPLINE_CURVE_WITH_KNOTS('',3,(#13224,#13225,#13226,#13227,#13228),
 .UNSPECIFIED.,.F.,.F.,(4,1,4),(0.,0.0281263512717364,0.0633064669157923),
 .UNSPECIFIED.);
#186=B_SPLINE_CURVE_WITH_KNOTS('',3,(#13241,#13242,#13243,#13244,#13245),
 .UNSPECIFIED.,.F.,.F.,(4,1,4),(0.,0.0236021354584884,0.0478695428220359),
 .UNSPECIFIED.);
#187=B_SPLINE_CURVE_WITH_KNOTS('',3,(#13258,#13259,#13260,#13261,#13262),
 .UNSPECIFIED.,.F.,.F.,(4,1,4),(0.,0.030374893780624,0.0534254939396057),
 .UNSPECIFIED.);
#188=B_SPLINE_CURVE_WITH_KNOTS('',3,(#13275,#13276,#13277,#13278,#13279),
 .UNSPECIFIED.,.F.,.F.,(4,1,4),(0.,0.0938744015632727,0.151378062060564),
 .UNSPECIFIED.);
#189=B_SPLINE_CURVE_WITH_KNOTS('',3,(#13292,#13293,#13294,#13295,#13296),
 .UNSPECIFIED.,.F.,.F.,(4,1,4),(0.,0.0821355791650689,0.196282170053952),
 .UNSPECIFIED.);
#190=B_SPLINE_CURVE_WITH_KNOTS('',3,(#13309,#13310,#13311,#13312,#13313),
 .UNSPECIFIED.,.F.,.F.,(4,1,4),(0.,0.0757303042132382,0.145427322150923),
 .UNSPECIFIED.);
#191=B_SPLINE_CURVE_WITH_KNOTS('',3,(#13326,#13327,#13328,#13329,#13330),
 .UNSPECIFIED.,.F.,.F.,(4,1,4),(0.,0.0644217326155087,0.132896840350274),
 .UNSPECIFIED.);
#192=B_SPLINE_CURVE_WITH_KNOTS('',3,(#13343,#13344,#13345,#13346,#13347),
 .UNSPECIFIED.,.F.,.F.,(4,1,4),(0.,0.0668077633545696,0.130715622824507),
 .UNSPECIFIED.);
#193=B_SPLINE_CURVE_WITH_KNOTS('',3,(#13360,#13361,#13362,#13363,#13364),
 .UNSPECIFIED.,.F.,.F.,(4,1,4),(0.,0.0474352736393515,0.0928811091056837),
 .UNSPECIFIED.);
#194=B_SPLINE_CURVE_WITH_KNOTS('',3,(#13377,#13378,#13379,#13380,#13381),
 .UNSPECIFIED.,.F.,.F.,(4,1,4),(0.,0.0500696142960997,0.0990287390605163),
 .UNSPECIFIED.);
#195=B_SPLINE_CURVE_WITH_KNOTS('',3,(#13394,#13395,#13396,#13397,#13398),
 .UNSPECIFIED.,.F.,.F.,(4,1,4),(0.,0.0330592122235537,0.0665813158240148),
 .UNSPECIFIED.);
#196=B_SPLINE_CURVE_WITH_KNOTS('',3,(#13415,#13416,#13417,#13418,#13419),
 .UNSPECIFIED.,.F.,.F.,(4,1,4),(0.,0.0392907343765958,0.0836392400975458),
 .UNSPECIFIED.);
#197=B_SPLINE_CURVE_WITH_KNOTS('',3,(#13432,#13433,#13434,#13435,#13436),
 .UNSPECIFIED.,.F.,.F.,(4,1,4),(0.,0.0897918755820216,0.147104906600957),
 .UNSPECIFIED.);
#198=B_SPLINE_CURVE_WITH_KNOTS('',3,(#13449,#13450,#13451,#13452,#13453),
 .UNSPECIFIED.,.F.,.F.,(4,1,4),(0.,0.0544876799710161,0.15835210843063),
 .UNSPECIFIED.);
#199=B_SPLINE_CURVE_WITH_KNOTS('',3,(#13466,#13467,#13468,#13469,#13470),
 .UNSPECIFIED.,.F.,.F.,(4,1,4),(0.,0.0270372295867718,0.0558970214363727),
 .UNSPECIFIED.);
#200=B_SPLINE_CURVE_WITH_KNOTS('',3,(#13483,#13484,#13485,#13486,#13487),
 .UNSPECIFIED.,.F.,.F.,(4,1,4),(0.,0.0640995450289341,0.125531078436614),
 .UNSPECIFIED.);
#201=B_SPLINE_CURVE_WITH_KNOTS('',3,(#13500,#13501,#13502,#13503,#13504),
 .UNSPECIFIED.,.F.,.F.,(4,1,4),(0.,0.0979204360681806,0.173910708282898),
 .UNSPECIFIED.);
#202=B_SPLINE_CURVE_WITH_KNOTS('',3,(#13517,#13518,#13519,#13520,#13521),
 .UNSPECIFIED.,.F.,.F.,(4,1,4),(0.,0.0825552307185897,0.18009824624088),
 .UNSPECIFIED.);
#203=B_SPLINE_CURVE_WITH_KNOTS('',3,(#13534,#13535,#13536,#13537,#13538),
 .UNSPECIFIED.,.F.,.F.,(4,1,4),(0.,0.0778304095898788,0.153931814122511),
 .UNSPECIFIED.);
#204=B_SPLINE_CURVE_WITH_KNOTS('',3,(#13554,#13555,#13556,#13557,#13558),
 .UNSPECIFIED.,.F.,.F.,(4,1,4),(0.,0.0291347718494827,0.059879257717566),
 .UNSPECIFIED.);
#205=B_SPLINE_CURVE_WITH_KNOTS('',3,(#13624,#13625,#13626,#13627,#13628),
 .UNSPECIFIED.,.F.,.F.,(4,1,4),(0.,0.0679566388564049,0.134016642637978),
 .UNSPECIFIED.);
#206=B_SPLINE_CURVE_WITH_KNOTS('',3,(#13641,#13642,#13643,#13644,#13645),
 .UNSPECIFIED.,.F.,.F.,(4,1,4),(0.,0.0776493923065221,0.149891150076248),
 .UNSPECIFIED.);
#207=B_SPLINE_CURVE_WITH_KNOTS('',3,(#13658,#13659,#13660,#13661,#13662),
 .UNSPECIFIED.,.F.,.F.,(4,1,4),(0.,0.130433225532283,0.268712647450039),
 .UNSPECIFIED.);
#208=B_SPLINE_CURVE_WITH_KNOTS('',3,(#13675,#13676,#13677,#13678,#13679),
 .UNSPECIFIED.,.F.,.F.,(4,1,4),(0.,0.13315790978619,0.264063143624956),
 .UNSPECIFIED.);
#209=B_SPLINE_CURVE_WITH_KNOTS('',3,(#13692,#13693,#13694,#13695,#13696),
 .UNSPECIFIED.,.F.,.F.,(4,1,4),(0.,0.0989318082007673,0.207731347964124),
 .UNSPECIFIED.);
#210=B_SPLINE_CURVE_WITH_KNOTS('',3,(#13709,#13710,#13711,#13712,#13713),
 .UNSPECIFIED.,.F.,.F.,(4,1,4),(0.,0.115546824052976,0.216639598004661),
 .UNSPECIFIED.);
#211=B_SPLINE_CURVE_WITH_KNOTS('',3,(#13726,#13727,#13728,#13729,#13730),
 .UNSPECIFIED.,.F.,.F.,(4,1,4),(0.,0.127313118928263,0.263069966218676),
 .UNSPECIFIED.);
#212=B_SPLINE_CURVE_WITH_KNOTS('',3,(#13743,#13744,#13745,#13746,#13747),
 .UNSPECIFIED.,.F.,.F.,(4,1,4),(0.,0.146451702616927,0.277616494112826),
 .UNSPECIFIED.);
#213=B_SPLINE_CURVE_WITH_KNOTS('',3,(#13759,#13760,#13761,#13762,#13763),
 .UNSPECIFIED.,.F.,.F.,(4,1,4),(0.,0.0664403977769081,0.133468652409361),
 .UNSPECIFIED.);
#214=B_SPLINE_CURVE_WITH_KNOTS('',3,(#13825,#13826,#13827,#13828,#13829),
 .UNSPECIFIED.,.F.,.F.,(4,1,4),(0.,0.0266182470290586,0.0542086655441051),
 .UNSPECIFIED.);
#215=B_SPLINE_CURVE_WITH_KNOTS('',3,(#13842,#13843,#13844,#13845,#13846),
 .UNSPECIFIED.,.F.,.F.,(4,1,4),(0.,0.0246523610467134,0.0501082893941081),
 .UNSPECIFIED.);
#216=B_SPLINE_CURVE_WITH_KNOTS('',3,(#13859,#13860,#13861,#13862,#13863),
 .UNSPECIFIED.,.F.,.F.,(4,1,4),(0.,0.0277804396841827,0.0532525077389854),
 .UNSPECIFIED.);
#217=B_SPLINE_CURVE_WITH_KNOTS('',3,(#13876,#13877,#13878,#13879,#13880),
 .UNSPECIFIED.,.F.,.F.,(4,1,4),(0.,0.0235940775497772,0.0437228996764324),
 .UNSPECIFIED.);
#218=B_SPLINE_CURVE_WITH_KNOTS('',3,(#13893,#13894,#13895,#13896,#13897),
 .UNSPECIFIED.,.F.,.F.,(4,1,4),(0.,0.0383358563390288,0.0679740013104246),
 .UNSPECIFIED.);
#219=B_SPLINE_CURVE_WITH_KNOTS('',3,(#13910,#13911,#13912,#13913,#13914),
 .UNSPECIFIED.,.F.,.F.,(4,1,4),(0.,0.0688851754739292,0.107667552226442),
 .UNSPECIFIED.);
#220=B_SPLINE_CURVE_WITH_KNOTS('',3,(#13927,#13928,#13929,#13930,#13931),
 .UNSPECIFIED.,.F.,.F.,(4,1,4),(0.,0.0620937750695394,0.156884147080445),
 .UNSPECIFIED.);
#221=B_SPLINE_CURVE_WITH_KNOTS('',3,(#13944,#13945,#13946,#13947,#13948),
 .UNSPECIFIED.,.F.,.F.,(4,1,4),(0.,0.0447474315960945,0.0900300987459607),
 .UNSPECIFIED.);
#222=B_SPLINE_CURVE_WITH_KNOTS('',3,(#13961,#13962,#13963,#13964,#13965),
 .UNSPECIFIED.,.F.,.F.,(4,1,4),(0.,0.044132024719042,0.088355577073038),
 .UNSPECIFIED.);
#223=B_SPLINE_CURVE_WITH_KNOTS('',3,(#13990,#13991,#13992,#13993,#13994),
 .UNSPECIFIED.,.F.,.F.,(4,1,4),(0.,0.0259308236969722,0.0522438117766626),
 .UNSPECIFIED.);
#224=B_SPLINE_CURVE_WITH_KNOTS('',3,(#14007,#14008,#14009,#14010,#14011),
 .UNSPECIFIED.,.F.,.F.,(4,1,4),(0.,0.0625765247664365,0.10059757613183),
 .UNSPECIFIED.);
#225=B_SPLINE_CURVE_WITH_KNOTS('',3,(#14024,#14025,#14026,#14027,#14028),
 .UNSPECIFIED.,.F.,.F.,(4,1,4),(0.,0.0462855420712342,0.11159721007862),
 .UNSPECIFIED.);
#226=B_SPLINE_CURVE_WITH_KNOTS('',3,(#14041,#14042,#14043,#14044,#14045),
 .UNSPECIFIED.,.F.,.F.,(4,1,4),(0.,0.0415146361704961,0.0895637859294213),
 .UNSPECIFIED.);
#227=B_SPLINE_CURVE_WITH_KNOTS('',3,(#14058,#14059,#14060,#14061,#14062),
 .UNSPECIFIED.,.F.,.F.,(4,1,4),(0.,0.0358479953245386,0.0732770773080589),
 .UNSPECIFIED.);
#228=B_SPLINE_CURVE_WITH_KNOTS('',3,(#14075,#14076,#14077,#14078,#14079),
 .UNSPECIFIED.,.F.,.F.,(4,1,4),(0.,0.0628424050397822,0.127802209966096),
 .UNSPECIFIED.);
#229=B_SPLINE_CURVE_WITH_KNOTS('',3,(#14092,#14093,#14094,#14095,#14096),
 .UNSPECIFIED.,.F.,.F.,(4,1,4),(0.,0.0757539912194441,0.142066341542319),
 .UNSPECIFIED.);
#230=B_SPLINE_CURVE_WITH_KNOTS('',3,(#14109,#14110,#14111,#14112,#14113),
 .UNSPECIFIED.,.F.,.F.,(4,1,4),(0.,0.0663191654036607,0.137332185766619),
 .UNSPECIFIED.);
#231=B_SPLINE_CURVE_WITH_KNOTS('',3,(#14126,#14127,#14128,#14129,#14130),
 .UNSPECIFIED.,.F.,.F.,(4,1,4),(0.,0.077277916204967,0.145642709401932),
 .UNSPECIFIED.);
#232=B_SPLINE_CURVE_WITH_KNOTS('',3,(#14146,#14147,#14148,#14149,#14150),
 .UNSPECIFIED.,.F.,.F.,(4,1,4),(0.,0.0348262931955968,0.0833641923768053),
 .UNSPECIFIED.);
#233=STYLED_ITEM('',(#14407),#237);
#234=STYLED_ITEM('',(#14406),#238);
#235=STYLED_ITEM('',(#14408),#239);
#236=STYLED_ITEM('',(#14408),#240);
#237=MANIFOLD_SOLID_BREP('Body43',#8348);
#238=MANIFOLD_SOLID_BREP('Body47',#8349);
#239=MANIFOLD_SOLID_BREP('Body58',#8350);
#240=MANIFOLD_SOLID_BREP('Body67',#8351);
#241=CONICAL_SURFACE('',#8497,3.50000000000001,0.785398163397448);
#242=CONICAL_SURFACE('',#8512,2.74999999999998,0.785398163397455);
#243=CONICAL_SURFACE('',#8514,2.74999999999998,0.785398163397455);
#244=CONICAL_SURFACE('',#8516,2.74999999999999,0.785398163397447);
#245=CONICAL_SURFACE('',#8518,2.74999999999999,0.785398163397451);
#246=CONICAL_SURFACE('',#8797,3.,0.785398163397446);
#247=CONICAL_SURFACE('',#8800,3.00000000000001,0.785398163397455);
#248=CONICAL_SURFACE('',#8802,3.00000000000001,0.785398163397455);
#249=CONICAL_SURFACE('',#8806,3.,0.785398163397446);
#250=FACE_BOUND('',#975,.T.);
#251=FACE_BOUND('',#976,.T.);
#252=FACE_BOUND('',#977,.T.);
#253=FACE_BOUND('',#978,.T.);
#254=FACE_BOUND('',#979,.T.);
#255=FACE_BOUND('',#980,.T.);
#256=FACE_BOUND('',#981,.T.);
#257=FACE_BOUND('',#982,.T.);
#258=FACE_BOUND('',#1009,.T.);
#259=FACE_BOUND('',#1026,.T.);
#260=FACE_BOUND('',#1056,.T.);
#261=FACE_BOUND('',#1064,.T.);
#262=FACE_BOUND('',#1065,.T.);
#263=FACE_BOUND('',#1066,.T.);
#264=FACE_BOUND('',#1067,.T.);
#265=FACE_BOUND('',#1068,.T.);
#266=FACE_BOUND('',#1069,.T.);
#267=FACE_BOUND('',#1070,.T.);
#268=FACE_BOUND('',#1071,.T.);
#269=FACE_BOUND('',#1072,.T.);
#270=FACE_BOUND('',#1073,.T.);
#271=FACE_BOUND('',#1074,.T.);
#272=FACE_BOUND('',#1080,.T.);
#273=FACE_BOUND('',#1108,.T.);
#274=FACE_BOUND('',#1111,.T.);
#275=FACE_BOUND('',#1146,.T.);
#276=FACE_BOUND('',#1149,.T.);
#277=FACE_BOUND('',#1150,.T.);
#278=FACE_BOUND('',#1151,.T.);
#279=FACE_BOUND('',#1152,.T.);
#280=FACE_BOUND('',#1153,.T.);
#281=FACE_BOUND('',#1154,.T.);
#282=FACE_BOUND('',#1155,.T.);
#283=FACE_BOUND('',#1156,.T.);
#284=FACE_BOUND('',#1157,.T.);
#285=FACE_BOUND('',#1158,.T.);
#286=FACE_BOUND('',#1159,.T.);
#287=FACE_BOUND('',#1160,.T.);
#288=FACE_BOUND('',#1161,.T.);
#289=FACE_BOUND('',#1162,.T.);
#290=FACE_BOUND('',#1163,.T.);
#291=FACE_BOUND('',#1168,.T.);
#292=FACE_BOUND('',#1180,.T.);
#293=FACE_BOUND('',#1182,.T.);
#294=FACE_BOUND('',#1188,.T.);
#295=FACE_BOUND('',#1343,.T.);
#296=FACE_BOUND('',#1356,.T.);
#297=FACE_BOUND('',#1357,.T.);
#298=FACE_BOUND('',#1358,.T.);
#299=FACE_BOUND('',#1359,.T.);
#300=FACE_BOUND('',#1360,.T.);
#301=FACE_BOUND('',#1361,.T.);
#302=FACE_BOUND('',#1362,.T.);
#303=FACE_BOUND('',#1363,.T.);
#304=FACE_BOUND('',#1364,.T.);
#305=FACE_BOUND('',#1365,.T.);
#306=FACE_BOUND('',#1366,.T.);
#307=FACE_BOUND('',#1367,.T.);
#308=FACE_BOUND('',#1368,.T.);
#309=FACE_BOUND('',#1369,.T.);
#310=FACE_BOUND('',#1370,.T.);
#311=ELLIPSE('',#8394,1.4142135623731,1.);
#312=ELLIPSE('',#8395,1.4142135623731,1.);
#313=CYLINDRICAL_SURFACE('',#8371,2.);
#314=CYLINDRICAL_SURFACE('',#8375,2.);
#315=CYLINDRICAL_SURFACE('',#8379,2.);
#316=CYLINDRICAL_SURFACE('',#8383,2.);
#317=CYLINDRICAL_SURFACE('',#8405,1.00000000000005);
#318=CYLINDRICAL_SURFACE('',#8409,1.00000000000005);
#319=CYLINDRICAL_SURFACE('',#8413,1.00000000000005);
#320=CYLINDRICAL_SURFACE('',#8417,1.00000000000005);
#321=CYLINDRICAL_SURFACE('',#8421,1.00000000000005);
#322=CYLINDRICAL_SURFACE('',#8425,1.00000000000005);
#323=CYLINDRICAL_SURFACE('',#8429,1.00000000000005);
#324=CYLINDRICAL_SURFACE('',#8433,1.00000000000005);
#325=CYLINDRICAL_SURFACE('',#8437,1.00000000000005);
#326=CYLINDRICAL_SURFACE('',#8441,1.00000000000005);
#327=CYLINDRICAL_SURFACE('',#8445,1.00000000000005);
#328=CYLINDRICAL_SURFACE('',#8449,1.00000000000005);
#329=CYLINDRICAL_SURFACE('',#8460,1.);
#330=CYLINDRICAL_SURFACE('',#8463,1.);
#331=CYLINDRICAL_SURFACE('',#8465,2.);
#332=CYLINDRICAL_SURFACE('',#8468,2.);
#333=CYLINDRICAL_SURFACE('',#8472,2.);
#334=CYLINDRICAL_SURFACE('',#8475,2.);
#335=CYLINDRICAL_SURFACE('',#8482,1.00000000000001);
#336=CYLINDRICAL_SURFACE('',#8485,3.49999999999999);
#337=CYLINDRICAL_SURFACE('',#8488,3.49999999999999);
#338=CYLINDRICAL_SURFACE('',#8491,3.00000000000001);
#339=CYLINDRICAL_SURFACE('',#8507,3.49999999999999);
#340=CYLINDRICAL_SURFACE('',#8510,3.49999999999999);
#341=CYLINDRICAL_SURFACE('',#8528,3.);
#342=CYLINDRICAL_SURFACE('',#8535,3.);
#343=CYLINDRICAL_SURFACE('',#8538,3.);
#344=CYLINDRICAL_SURFACE('',#8545,3.);
#345=CYLINDRICAL_SURFACE('',#8547,1.99999999999999);
#346=CYLINDRICAL_SURFACE('',#8551,1.99999999999999);
#347=CYLINDRICAL_SURFACE('',#8555,1.99999999999999);
#348=CYLINDRICAL_SURFACE('',#8558,1.99999999999999);
#349=CYLINDRICAL_SURFACE('',#8562,1.00000000000001);
#350=CYLINDRICAL_SURFACE('',#8636,1.);
#351=CYLINDRICAL_SURFACE('',#8638,1.);
#352=CYLINDRICAL_SURFACE('',#8647,4.00000000000002);
#353=CYLINDRICAL_SURFACE('',#8653,1.99999999999999);
#354=CYLINDRICAL_SURFACE('',#8667,3.99999999999999);
#355=CYLINDRICAL_SURFACE('',#8671,2.00000000000003);
#356=CYLINDRICAL_SURFACE('',#8684,3.99999999999999);
#357=CYLINDRICAL_SURFACE('',#8686,2.00000000000003);
#358=CYLINDRICAL_SURFACE('',#8698,4.00000000000002);
#359=CYLINDRICAL_SURFACE('',#8700,1.99999999999999);
#360=CYLINDRICAL_SURFACE('',#8774,1.00000000000001);
#361=CYLINDRICAL_SURFACE('',#8814,3.49999999999998);
#362=CYLINDRICAL_SURFACE('',#8815,3.50000000000001);
#363=CYLINDRICAL_SURFACE('',#8816,8.50000000000001);
#364=CYLINDRICAL_SURFACE('',#8817,10.);
#365=CIRCLE('',#8370,2.);
#366=CIRCLE('',#8372,2.);
#367=CIRCLE('',#8374,2.);
#368=CIRCLE('',#8376,2.);
#369=CIRCLE('',#8378,2.);
#370=CIRCLE('',#8380,2.);
#371=CIRCLE('',#8382,2.);
#372=CIRCLE('',#8384,2.);
#373=CIRCLE('',#8406,1.00000000000005);
#374=CIRCLE('',#8407,1.00000000000005);
#375=CIRCLE('',#8410,1.00000000000005);
#376=CIRCLE('',#8411,1.00000000000005);
#377=CIRCLE('',#8414,1.00000000000005);
#378=CIRCLE('',#8415,1.00000000000005);
#379=CIRCLE('',#8418,1.00000000000005);
#380=CIRCLE('',#8419,1.00000000000005);
#381=CIRCLE('',#8422,1.00000000000005);
#382=CIRCLE('',#8423,1.00000000000005);
#383=CIRCLE('',#8426,1.00000000000005);
#384=CIRCLE('',#8427,1.00000000000005);
#385=CIRCLE('',#8430,1.00000000000005);
#386=CIRCLE('',#8431,1.00000000000005);
#387=CIRCLE('',#8434,1.00000000000005);
#388=CIRCLE('',#8435,1.00000000000005);
#389=CIRCLE('',#8438,1.00000000000005);
#390=CIRCLE('',#8439,1.00000000000005);
#391=CIRCLE('',#8442,1.00000000000005);
#392=CIRCLE('',#8443,1.00000000000005);
#393=CIRCLE('',#8446,1.00000000000005);
#394=CIRCLE('',#8447,1.00000000000005);
#395=CIRCLE('',#8450,1.00000000000005);
#396=CIRCLE('',#8451,1.00000000000005);
#397=CIRCLE('',#8455,3.49999999999999);
#398=CIRCLE('',#8456,3.49999999999999);
#399=CIRCLE('',#8457,3.49999999999999);
#400=CIRCLE('',#8458,3.49999999999999);
#401=CIRCLE('',#8461,1.);
#402=CIRCLE('',#8464,1.);
#403=CIRCLE('',#8466,2.);
#404=CIRCLE('',#8467,2.);
#405=CIRCLE('',#8469,2.);
#406=CIRCLE('',#8470,2.);
#407=CIRCLE('',#8473,2.);
#408=CIRCLE('',#8474,2.);
#409=CIRCLE('',#8476,2.);
#410=CIRCLE('',#8477,2.);
#411=CIRCLE('',#8481,1.00000000000001);
#412=CIRCLE('',#8483,1.00000000000001);
#413=CIRCLE('',#8486,3.49999999999999);
#414=CIRCLE('',#8489,3.49999999999999);
#415=CIRCLE('',#8492,3.00000000000001);
#416=CIRCLE('',#8493,3.00000000000001);
#417=CIRCLE('',#8498,4.00000000000001);
#418=CIRCLE('',#8502,1.99999999999998);
#419=CIRCLE('',#8503,2.);
#420=CIRCLE('',#8504,1.99999999999997);
#421=CIRCLE('',#8505,1.99999999999997);
#422=CIRCLE('',#8508,3.49999999999999);
#423=CIRCLE('',#8511,3.49999999999999);
#424=CIRCLE('',#8524,3.);
#425=CIRCLE('',#8525,3.);
#426=CIRCLE('',#8526,3.);
#427=CIRCLE('',#8527,3.);
#428=CIRCLE('',#8529,3.);
#429=CIRCLE('',#8536,3.);
#430=CIRCLE('',#8539,3.);
#431=CIRCLE('',#8546,3.);
#432=CIRCLE('',#8548,1.99999999999999);
#433=CIRCLE('',#8549,1.99999999999999);
#434=CIRCLE('',#8552,1.99999999999999);
#435=CIRCLE('',#8553,1.99999999999999);
#436=CIRCLE('',#8556,1.99999999999999);
#437=CIRCLE('',#8557,1.99999999999999);
#438=CIRCLE('',#8559,1.99999999999999);
#439=CIRCLE('',#8560,1.99999999999999);
#440=CIRCLE('',#8563,1.00000000000001);
#441=CIRCLE('',#8564,1.00000000000001);
#442=CIRCLE('',#8625,1.);
#443=CIRCLE('',#8626,1.);
#444=CIRCLE('',#8630,1.);
#445=CIRCLE('',#8632,1.);
#446=CIRCLE('',#8635,1.);
#447=CIRCLE('',#8648,4.00000000000002);
#448=CIRCLE('',#8649,4.00000000000002);
#449=CIRCLE('',#8650,4.00000000000002);
#450=CIRCLE('',#8651,4.00000000000002);
#451=CIRCLE('',#8654,1.99999999999999);
#452=CIRCLE('',#8655,2.);
#453=CIRCLE('',#8656,2.);
#454=CIRCLE('',#8660,3.99999999999999);
#455=CIRCLE('',#8661,3.99999999999999);
#456=CIRCLE('',#8662,4.00000000000002);
#457=CIRCLE('',#8663,3.49999999999998);
#458=CIRCLE('',#8664,3.50000000000001);
#459=CIRCLE('',#8665,10.);
#460=CIRCLE('',#8668,3.99999999999999);
#461=CIRCLE('',#8669,3.99999999999999);
#462=CIRCLE('',#8670,3.99999999999999);
#463=CIRCLE('',#8672,2.00000000000003);
#464=CIRCLE('',#8673,2.);
#465=CIRCLE('',#8674,2.);
#466=CIRCLE('',#8685,3.99999999999999);
#467=CIRCLE('',#8687,2.00000000000003);
#468=CIRCLE('',#8688,2.);
#469=CIRCLE('',#8689,2.);
#470=CIRCLE('',#8692,10.);
#471=CIRCLE('',#8693,8.50000000000001);
#472=CIRCLE('',#8695,3.49999999999998);
#473=CIRCLE('',#8697,3.50000000000001);
#474=CIRCLE('',#8699,4.00000000000002);
#475=CIRCLE('',#8701,1.99999999999999);
#476=CIRCLE('',#8702,2.);
#477=CIRCLE('',#8703,2.);
#478=CIRCLE('',#8775,1.00000000000001);
#479=CIRCLE('',#8776,1.00000000000001);
#480=CIRCLE('',#8788,8.50000000000001);
#481=CIRCLE('',#8798,3.99999999999999);
#482=CIRCLE('',#8799,3.99999999999999);
#483=CIRCLE('',#8801,4.00000000000003);
#484=CIRCLE('',#8803,4.00000000000003);
#485=CIRCLE('',#8805,3.99999999999999);
#486=FACE_OUTER_BOUND('',#919,.T.);
#487=FACE_OUTER_BOUND('',#920,.T.);
#488=FACE_OUTER_BOUND('',#921,.T.);
#489=FACE_OUTER_BOUND('',#922,.T.);
#490=FACE_OUTER_BOUND('',#923,.T.);
#491=FACE_OUTER_BOUND('',#924,.T.);
#492=FACE_OUTER_BOUND('',#925,.T.);
#493=FACE_OUTER_BOUND('',#926,.T.);
#494=FACE_OUTER_BOUND('',#927,.T.);
#495=FACE_OUTER_BOUND('',#928,.T.);
#496=FACE_OUTER_BOUND('',#929,.T.);
#497=FACE_OUTER_BOUND('',#930,.T.);
#498=FACE_OUTER_BOUND('',#931,.T.);
#499=FACE_OUTER_BOUND('',#932,.T.);
#500=FACE_OUTER_BOUND('',#933,.T.);
#501=FACE_OUTER_BOUND('',#934,.T.);
#502=FACE_OUTER_BOUND('',#935,.T.);
#503=FACE_OUTER_BOUND('',#936,.T.);
#504=FACE_OUTER_BOUND('',#937,.T.);
#505=FACE_OUTER_BOUND('',#938,.T.);
#506=FACE_OUTER_BOUND('',#939,.T.);
#507=FACE_OUTER_BOUND('',#940,.T.);
#508=FACE_OUTER_BOUND('',#941,.T.);
#509=FACE_OUTER_BOUND('',#942,.T.);
#510=FACE_OUTER_BOUND('',#943,.T.);
#511=FACE_OUTER_BOUND('',#944,.T.);
#512=FACE_OUTER_BOUND('',#945,.T.);
#513=FACE_OUTER_BOUND('',#946,.T.);
#514=FACE_OUTER_BOUND('',#947,.T.);
#515=FACE_OUTER_BOUND('',#948,.T.);
#516=FACE_OUTER_BOUND('',#949,.T.);
#517=FACE_OUTER_BOUND('',#950,.T.);
#518=FACE_OUTER_BOUND('',#951,.T.);
#519=FACE_OUTER_BOUND('',#952,.T.);
#520=FACE_OUTER_BOUND('',#953,.T.);
#521=FACE_OUTER_BOUND('',#954,.T.);
#522=FACE_OUTER_BOUND('',#955,.T.);
#523=FACE_OUTER_BOUND('',#956,.T.);
#524=FACE_OUTER_BOUND('',#957,.T.);
#525=FACE_OUTER_BOUND('',#958,.T.);
#526=FACE_OUTER_BOUND('',#959,.T.);
#527=FACE_OUTER_BOUND('',#960,.T.);
#528=FACE_OUTER_BOUND('',#961,.T.);
#529=FACE_OUTER_BOUND('',#962,.T.);
#530=FACE_OUTER_BOUND('',#963,.T.);
#531=FACE_OUTER_BOUND('',#964,.T.);
#532=FACE_OUTER_BOUND('',#965,.T.);
#533=FACE_OUTER_BOUND('',#966,.T.);
#534=FACE_OUTER_BOUND('',#967,.T.);
#535=FACE_OUTER_BOUND('',#968,.T.);
#536=FACE_OUTER_BOUND('',#969,.T.);
#537=FACE_OUTER_BOUND('',#970,.T.);
#538=FACE_OUTER_BOUND('',#971,.T.);
#539=FACE_OUTER_BOUND('',#972,.T.);
#540=FACE_OUTER_BOUND('',#973,.T.);
#541=FACE_OUTER_BOUND('',#974,.T.);
#542=FACE_OUTER_BOUND('',#983,.T.);
#543=FACE_OUTER_BOUND('',#984,.T.);
#544=FACE_OUTER_BOUND('',#985,.T.);
#545=FACE_OUTER_BOUND('',#986,.T.);
#546=FACE_OUTER_BOUND('',#987,.T.);
#547=FACE_OUTER_BOUND('',#988,.T.);
#548=FACE_OUTER_BOUND('',#989,.T.);
#549=FACE_OUTER_BOUND('',#990,.T.);
#550=FACE_OUTER_BOUND('',#991,.T.);
#551=FACE_OUTER_BOUND('',#992,.T.);
#552=FACE_OUTER_BOUND('',#993,.T.);
#553=FACE_OUTER_BOUND('',#994,.T.);
#554=FACE_OUTER_BOUND('',#995,.T.);
#555=FACE_OUTER_BOUND('',#996,.T.);
#556=FACE_OUTER_BOUND('',#997,.T.);
#557=FACE_OUTER_BOUND('',#998,.T.);
#558=FACE_OUTER_BOUND('',#999,.T.);
#559=FACE_OUTER_BOUND('',#1000,.T.);
#560=FACE_OUTER_BOUND('',#1001,.T.);
#561=FACE_OUTER_BOUND('',#1002,.T.);
#562=FACE_OUTER_BOUND('',#1003,.T.);
#563=FACE_OUTER_BOUND('',#1004,.T.);
#564=FACE_OUTER_BOUND('',#1005,.T.);
#565=FACE_OUTER_BOUND('',#1006,.T.);
#566=FACE_OUTER_BOUND('',#1007,.T.);
#567=FACE_OUTER_BOUND('',#1008,.T.);
#568=FACE_OUTER_BOUND('',#1010,.T.);
#569=FACE_OUTER_BOUND('',#1011,.T.);
#570=FACE_OUTER_BOUND('',#1012,.T.);
#571=FACE_OUTER_BOUND('',#1013,.T.);
#572=FACE_OUTER_BOUND('',#1014,.T.);
#573=FACE_OUTER_BOUND('',#1015,.T.);
#574=FACE_OUTER_BOUND('',#1016,.T.);
#575=FACE_OUTER_BOUND('',#1017,.T.);
#576=FACE_OUTER_BOUND('',#1018,.T.);
#577=FACE_OUTER_BOUND('',#1019,.T.);
#578=FACE_OUTER_BOUND('',#1020,.T.);
#579=FACE_OUTER_BOUND('',#1021,.T.);
#580=FACE_OUTER_BOUND('',#1022,.T.);
#581=FACE_OUTER_BOUND('',#1023,.T.);
#582=FACE_OUTER_BOUND('',#1024,.T.);
#583=FACE_OUTER_BOUND('',#1025,.T.);
#584=FACE_OUTER_BOUND('',#1027,.T.);
#585=FACE_OUTER_BOUND('',#1028,.T.);
#586=FACE_OUTER_BOUND('',#1029,.T.);
#587=FACE_OUTER_BOUND('',#1030,.T.);
#588=FACE_OUTER_BOUND('',#1031,.T.);
#589=FACE_OUTER_BOUND('',#1032,.T.);
#590=FACE_OUTER_BOUND('',#1033,.T.);
#591=FACE_OUTER_BOUND('',#1034,.T.);
#592=FACE_OUTER_BOUND('',#1035,.T.);
#593=FACE_OUTER_BOUND('',#1036,.T.);
#594=FACE_OUTER_BOUND('',#1037,.T.);
#595=FACE_OUTER_BOUND('',#1038,.T.);
#596=FACE_OUTER_BOUND('',#1039,.T.);
#597=FACE_OUTER_BOUND('',#1040,.T.);
#598=FACE_OUTER_BOUND('',#1041,.T.);
#599=FACE_OUTER_BOUND('',#1042,.T.);
#600=FACE_OUTER_BOUND('',#1043,.T.);
#601=FACE_OUTER_BOUND('',#1044,.T.);
#602=FACE_OUTER_BOUND('',#1045,.T.);
#603=FACE_OUTER_BOUND('',#1046,.T.);
#604=FACE_OUTER_BOUND('',#1047,.T.);
#605=FACE_OUTER_BOUND('',#1048,.T.);
#606=FACE_OUTER_BOUND('',#1049,.T.);
#607=FACE_OUTER_BOUND('',#1050,.T.);
#608=FACE_OUTER_BOUND('',#1051,.T.);
#609=FACE_OUTER_BOUND('',#1052,.T.);
#610=FACE_OUTER_BOUND('',#1053,.T.);
#611=FACE_OUTER_BOUND('',#1054,.T.);
#612=FACE_OUTER_BOUND('',#1055,.T.);
#613=FACE_OUTER_BOUND('',#1057,.T.);
#614=FACE_OUTER_BOUND('',#1058,.T.);
#615=FACE_OUTER_BOUND('',#1059,.T.);
#616=FACE_OUTER_BOUND('',#1060,.T.);
#617=FACE_OUTER_BOUND('',#1061,.T.);
#618=FACE_OUTER_BOUND('',#1062,.T.);
#619=FACE_OUTER_BOUND('',#1063,.T.);
#620=FACE_OUTER_BOUND('',#1075,.T.);
#621=FACE_OUTER_BOUND('',#1076,.T.);
#622=FACE_OUTER_BOUND('',#1077,.T.);
#623=FACE_OUTER_BOUND('',#1078,.T.);
#624=FACE_OUTER_BOUND('',#1079,.T.);
#625=FACE_OUTER_BOUND('',#1081,.T.);
#626=FACE_OUTER_BOUND('',#1082,.T.);
#627=FACE_OUTER_BOUND('',#1083,.T.);
#628=FACE_OUTER_BOUND('',#1084,.T.);
#629=FACE_OUTER_BOUND('',#1085,.T.);
#630=FACE_OUTER_BOUND('',#1086,.T.);
#631=FACE_OUTER_BOUND('',#1087,.T.);
#632=FACE_OUTER_BOUND('',#1088,.T.);
#633=FACE_OUTER_BOUND('',#1089,.T.);
#634=FACE_OUTER_BOUND('',#1090,.T.);
#635=FACE_OUTER_BOUND('',#1091,.T.);
#636=FACE_OUTER_BOUND('',#1092,.T.);
#637=FACE_OUTER_BOUND('',#1093,.T.);
#638=FACE_OUTER_BOUND('',#1094,.T.);
#639=FACE_OUTER_BOUND('',#1095,.T.);
#640=FACE_OUTER_BOUND('',#1096,.T.);
#641=FACE_OUTER_BOUND('',#1097,.T.);
#642=FACE_OUTER_BOUND('',#1098,.T.);
#643=FACE_OUTER_BOUND('',#1099,.T.);
#644=FACE_OUTER_BOUND('',#1100,.T.);
#645=FACE_OUTER_BOUND('',#1101,.T.);
#646=FACE_OUTER_BOUND('',#1102,.T.);
#647=FACE_OUTER_BOUND('',#1103,.T.);
#648=FACE_OUTER_BOUND('',#1104,.T.);
#649=FACE_OUTER_BOUND('',#1105,.T.);
#650=FACE_OUTER_BOUND('',#1106,.T.);
#651=FACE_OUTER_BOUND('',#1107,.T.);
#652=FACE_OUTER_BOUND('',#1109,.T.);
#653=FACE_OUTER_BOUND('',#1110,.T.);
#654=FACE_OUTER_BOUND('',#1112,.T.);
#655=FACE_OUTER_BOUND('',#1113,.T.);
#656=FACE_OUTER_BOUND('',#1114,.T.);
#657=FACE_OUTER_BOUND('',#1115,.T.);
#658=FACE_OUTER_BOUND('',#1116,.T.);
#659=FACE_OUTER_BOUND('',#1117,.T.);
#660=FACE_OUTER_BOUND('',#1118,.T.);
#661=FACE_OUTER_BOUND('',#1119,.T.);
#662=FACE_OUTER_BOUND('',#1120,.T.);
#663=FACE_OUTER_BOUND('',#1121,.T.);
#664=FACE_OUTER_BOUND('',#1122,.T.);
#665=FACE_OUTER_BOUND('',#1123,.T.);
#666=FACE_OUTER_BOUND('',#1124,.T.);
#667=FACE_OUTER_BOUND('',#1125,.T.);
#668=FACE_OUTER_BOUND('',#1126,.T.);
#669=FACE_OUTER_BOUND('',#1127,.T.);
#670=FACE_OUTER_BOUND('',#1128,.T.);
#671=FACE_OUTER_BOUND('',#1129,.T.);
#672=FACE_OUTER_BOUND('',#1130,.T.);
#673=FACE_OUTER_BOUND('',#1131,.T.);
#674=FACE_OUTER_BOUND('',#1132,.T.);
#675=FACE_OUTER_BOUND('',#1133,.T.);
#676=FACE_OUTER_BOUND('',#1134,.T.);
#677=FACE_OUTER_BOUND('',#1135,.T.);
#678=FACE_OUTER_BOUND('',#1136,.T.);
#679=FACE_OUTER_BOUND('',#1137,.T.);
#680=FACE_OUTER_BOUND('',#1138,.T.);
#681=FACE_OUTER_BOUND('',#1139,.T.);
#682=FACE_OUTER_BOUND('',#1140,.T.);
#683=FACE_OUTER_BOUND('',#1141,.T.);
#684=FACE_OUTER_BOUND('',#1142,.T.);
#685=FACE_OUTER_BOUND('',#1143,.T.);
#686=FACE_OUTER_BOUND('',#1144,.T.);
#687=FACE_OUTER_BOUND('',#1145,.T.);
#688=FACE_OUTER_BOUND('',#1147,.T.);
#689=FACE_OUTER_BOUND('',#1148,.T.);
#690=FACE_OUTER_BOUND('',#1164,.T.);
#691=FACE_OUTER_BOUND('',#1165,.T.);
#692=FACE_OUTER_BOUND('',#1166,.T.);
#693=FACE_OUTER_BOUND('',#1167,.T.);
#694=FACE_OUTER_BOUND('',#1169,.T.);
#695=FACE_OUTER_BOUND('',#1170,.T.);
#696=FACE_OUTER_BOUND('',#1171,.T.);
#697=FACE_OUTER_BOUND('',#1172,.T.);
#698=FACE_OUTER_BOUND('',#1173,.T.);
#699=FACE_OUTER_BOUND('',#1174,.T.);
#700=FACE_OUTER_BOUND('',#1175,.T.);
#701=FACE_OUTER_BOUND('',#1176,.T.);
#702=FACE_OUTER_BOUND('',#1177,.T.);
#703=FACE_OUTER_BOUND('',#1178,.T.);
#704=FACE_OUTER_BOUND('',#1179,.T.);
#705=FACE_OUTER_BOUND('',#1181,.T.);
#706=FACE_OUTER_BOUND('',#1183,.T.);
#707=FACE_OUTER_BOUND('',#1184,.T.);
#708=FACE_OUTER_BOUND('',#1185,.T.);
#709=FACE_OUTER_BOUND('',#1186,.T.);
#710=FACE_OUTER_BOUND('',#1187,.T.);
#711=FACE_OUTER_BOUND('',#1189,.T.);
#712=FACE_OUTER_BOUND('',#1190,.T.);
#713=FACE_OUTER_BOUND('',#1191,.T.);
#714=FACE_OUTER_BOUND('',#1192,.T.);
#715=FACE_OUTER_BOUND('',#1193,.T.);
#716=FACE_OUTER_BOUND('',#1194,.T.);
#717=FACE_OUTER_BOUND('',#1195,.T.);
#718=FACE_OUTER_BOUND('',#1196,.T.);
#719=FACE_OUTER_BOUND('',#1197,.T.);
#720=FACE_OUTER_BOUND('',#1198,.T.);
#721=FACE_OUTER_BOUND('',#1199,.T.);
#722=FACE_OUTER_BOUND('',#1200,.T.);
#723=FACE_OUTER_BOUND('',#1201,.T.);
#724=FACE_OUTER_BOUND('',#1202,.T.);
#725=FACE_OUTER_BOUND('',#1203,.T.);
#726=FACE_OUTER_BOUND('',#1204,.T.);
#727=FACE_OUTER_BOUND('',#1205,.T.);
#728=FACE_OUTER_BOUND('',#1206,.T.);
#729=FACE_OUTER_BOUND('',#1207,.T.);
#730=FACE_OUTER_BOUND('',#1208,.T.);
#731=FACE_OUTER_BOUND('',#1209,.T.);
#732=FACE_OUTER_BOUND('',#1210,.T.);
#733=FACE_OUTER_BOUND('',#1211,.T.);
#734=FACE_OUTER_BOUND('',#1212,.T.);
#735=FACE_OUTER_BOUND('',#1213,.T.);
#736=FACE_OUTER_BOUND('',#1214,.T.);
#737=FACE_OUTER_BOUND('',#1215,.T.);
#738=FACE_OUTER_BOUND('',#1216,.T.);
#739=FACE_OUTER_BOUND('',#1217,.T.);
#740=FACE_OUTER_BOUND('',#1218,.T.);
#741=FACE_OUTER_BOUND('',#1219,.T.);
#742=FACE_OUTER_BOUND('',#1220,.T.);
#743=FACE_OUTER_BOUND('',#1221,.T.);
#744=FACE_OUTER_BOUND('',#1222,.T.);
#745=FACE_OUTER_BOUND('',#1223,.T.);
#746=FACE_OUTER_BOUND('',#1224,.T.);
#747=FACE_OUTER_BOUND('',#1225,.T.);
#748=FACE_OUTER_BOUND('',#1226,.T.);
#749=FACE_OUTER_BOUND('',#1227,.T.);
#750=FACE_OUTER_BOUND('',#1228,.T.);
#751=FACE_OUTER_BOUND('',#1229,.T.);
#752=FACE_OUTER_BOUND('',#1230,.T.);
#753=FACE_OUTER_BOUND('',#1231,.T.);
#754=FACE_OUTER_BOUND('',#1232,.T.);
#755=FACE_OUTER_BOUND('',#1233,.T.);
#756=FACE_OUTER_BOUND('',#1234,.T.);
#757=FACE_OUTER_BOUND('',#1235,.T.);
#758=FACE_OUTER_BOUND('',#1236,.T.);
#759=FACE_OUTER_BOUND('',#1237,.T.);
#760=FACE_OUTER_BOUND('',#1238,.T.);
#761=FACE_OUTER_BOUND('',#1239,.T.);
#762=FACE_OUTER_BOUND('',#1240,.T.);
#763=FACE_OUTER_BOUND('',#1241,.T.);
#764=FACE_OUTER_BOUND('',#1242,.T.);
#765=FACE_OUTER_BOUND('',#1243,.T.);
#766=FACE_OUTER_BOUND('',#1244,.T.);
#767=FACE_OUTER_BOUND('',#1245,.T.);
#768=FACE_OUTER_BOUND('',#1246,.T.);
#769=FACE_OUTER_BOUND('',#1247,.T.);
#770=FACE_OUTER_BOUND('',#1248,.T.);
#771=FACE_OUTER_BOUND('',#1249,.T.);
#772=FACE_OUTER_BOUND('',#1250,.T.);
#773=FACE_OUTER_BOUND('',#1251,.T.);
#774=FACE_OUTER_BOUND('',#1252,.T.);
#775=FACE_OUTER_BOUND('',#1253,.T.);
#776=FACE_OUTER_BOUND('',#1254,.T.);
#777=FACE_OUTER_BOUND('',#1255,.T.);
#778=FACE_OUTER_BOUND('',#1256,.T.);
#779=FACE_OUTER_BOUND('',#1257,.T.);
#780=FACE_OUTER_BOUND('',#1258,.T.);
#781=FACE_OUTER_BOUND('',#1259,.T.);
#782=FACE_OUTER_BOUND('',#1260,.T.);
#783=FACE_OUTER_BOUND('',#1261,.T.);
#784=FACE_OUTER_BOUND('',#1262,.T.);
#785=FACE_OUTER_BOUND('',#1263,.T.);
#786=FACE_OUTER_BOUND('',#1264,.T.);
#787=FACE_OUTER_BOUND('',#1265,.T.);
#788=FACE_OUTER_BOUND('',#1266,.T.);
#789=FACE_OUTER_BOUND('',#1267,.T.);
#790=FACE_OUTER_BOUND('',#1268,.T.);
#791=FACE_OUTER_BOUND('',#1269,.T.);
#792=FACE_OUTER_BOUND('',#1270,.T.);
#793=FACE_OUTER_BOUND('',#1271,.T.);
#794=FACE_OUTER_BOUND('',#1272,.T.);
#795=FACE_OUTER_BOUND('',#1273,.T.);
#796=FACE_OUTER_BOUND('',#1274,.T.);
#797=FACE_OUTER_BOUND('',#1275,.T.);
#798=FACE_OUTER_BOUND('',#1276,.T.);
#799=FACE_OUTER_BOUND('',#1277,.T.);
#800=FACE_OUTER_BOUND('',#1278,.T.);
#801=FACE_OUTER_BOUND('',#1279,.T.);
#802=FACE_OUTER_BOUND('',#1280,.T.);
#803=FACE_OUTER_BOUND('',#1281,.T.);
#804=FACE_OUTER_BOUND('',#1282,.T.);
#805=FACE_OUTER_BOUND('',#1283,.T.);
#806=FACE_OUTER_BOUND('',#1284,.T.);
#807=FACE_OUTER_BOUND('',#1285,.T.);
#808=FACE_OUTER_BOUND('',#1286,.T.);
#809=FACE_OUTER_BOUND('',#1287,.T.);
#810=FACE_OUTER_BOUND('',#1288,.T.);
#811=FACE_OUTER_BOUND('',#1289,.T.);
#812=FACE_OUTER_BOUND('',#1290,.T.);
#813=FACE_OUTER_BOUND('',#1291,.T.);
#814=FACE_OUTER_BOUND('',#1292,.T.);
#815=FACE_OUTER_BOUND('',#1293,.T.);
#816=FACE_OUTER_BOUND('',#1294,.T.);
#817=FACE_OUTER_BOUND('',#1295,.T.);
#818=FACE_OUTER_BOUND('',#1296,.T.);
#819=FACE_OUTER_BOUND('',#1297,.T.);
#820=FACE_OUTER_BOUND('',#1298,.T.);
#821=FACE_OUTER_BOUND('',#1299,.T.);
#822=FACE_OUTER_BOUND('',#1300,.T.);
#823=FACE_OUTER_BOUND('',#1301,.T.);
#824=FACE_OUTER_BOUND('',#1302,.T.);
#825=FACE_OUTER_BOUND('',#1303,.T.);
#826=FACE_OUTER_BOUND('',#1304,.T.);
#827=FACE_OUTER_BOUND('',#1305,.T.);
#828=FACE_OUTER_BOUND('',#1306,.T.);
#829=FACE_OUTER_BOUND('',#1307,.T.);
#830=FACE_OUTER_BOUND('',#1308,.T.);
#831=FACE_OUTER_BOUND('',#1309,.T.);
#832=FACE_OUTER_BOUND('',#1310,.T.);
#833=FACE_OUTER_BOUND('',#1311,.T.);
#834=FACE_OUTER_BOUND('',#1312,.T.);
#835=FACE_OUTER_BOUND('',#1313,.T.);
#836=FACE_OUTER_BOUND('',#1314,.T.);
#837=FACE_OUTER_BOUND('',#1315,.T.);
#838=FACE_OUTER_BOUND('',#1316,.T.);
#839=FACE_OUTER_BOUND('',#1317,.T.);
#840=FACE_OUTER_BOUND('',#1318,.T.);
#841=FACE_OUTER_BOUND('',#1319,.T.);
#842=FACE_OUTER_BOUND('',#1320,.T.);
#843=FACE_OUTER_BOUND('',#1321,.T.);
#844=FACE_OUTER_BOUND('',#1322,.T.);
#845=FACE_OUTER_BOUND('',#1323,.T.);
#846=FACE_OUTER_BOUND('',#1324,.T.);
#847=FACE_OUTER_BOUND('',#1325,.T.);
#848=FACE_OUTER_BOUND('',#1326,.T.);
#849=FACE_OUTER_BOUND('',#1327,.T.);
#850=FACE_OUTER_BOUND('',#1328,.T.);
#851=FACE_OUTER_BOUND('',#1329,.T.);
#852=FACE_OUTER_BOUND('',#1330,.T.);
#853=FACE_OUTER_BOUND('',#1331,.T.);
#854=FACE_OUTER_BOUND('',#1332,.T.);
#855=FACE_OUTER_BOUND('',#1333,.T.);
#856=FACE_OUTER_BOUND('',#1334,.T.);
#857=FACE_OUTER_BOUND('',#1335,.T.);
#858=FACE_OUTER_BOUND('',#1336,.T.);
#859=FACE_OUTER_BOUND('',#1337,.T.);
#860=FACE_OUTER_BOUND('',#1338,.T.);
#861=FACE_OUTER_BOUND('',#1339,.T.);
#862=FACE_OUTER_BOUND('',#1340,.T.);
#863=FACE_OUTER_BOUND('',#1341,.T.);
#864=FACE_OUTER_BOUND('',#1342,.T.);
#865=FACE_OUTER_BOUND('',#1344,.T.);
#866=FACE_OUTER_BOUND('',#1345,.T.);
#867=FACE_OUTER_BOUND('',#1346,.T.);
#868=FACE_OUTER_BOUND('',#1347,.T.);
#869=FACE_OUTER_BOUND('',#1348,.T.);
#870=FACE_OUTER_BOUND('',#1349,.T.);
#871=FACE_OUTER_BOUND('',#1350,.T.);
#872=FACE_OUTER_BOUND('',#1351,.T.);
#873=FACE_OUTER_BOUND('',#1352,.T.);
#874=FACE_OUTER_BOUND('',#1353,.T.);
#875=FACE_OUTER_BOUND('',#1354,.T.);
#876=FACE_OUTER_BOUND('',#1355,.T.);
#877=FACE_OUTER_BOUND('',#1371,.T.);
#878=FACE_OUTER_BOUND('',#1372,.T.);
#879=FACE_OUTER_BOUND('',#1373,.T.);
#880=FACE_OUTER_BOUND('',#1374,.T.);
#881=FACE_OUTER_BOUND('',#1375,.T.);
#882=FACE_OUTER_BOUND('',#1376,.T.);
#883=FACE_OUTER_BOUND('',#1377,.T.);
#884=FACE_OUTER_BOUND('',#1378,.T.);
#885=FACE_OUTER_BOUND('',#1379,.T.);
#886=FACE_OUTER_BOUND('',#1380,.T.);
#887=FACE_OUTER_BOUND('',#1381,.T.);
#888=FACE_OUTER_BOUND('',#1382,.T.);
#889=FACE_OUTER_BOUND('',#1383,.T.);
#890=FACE_OUTER_BOUND('',#1384,.T.);
#891=FACE_OUTER_BOUND('',#1385,.T.);
#892=FACE_OUTER_BOUND('',#1386,.T.);
#893=FACE_OUTER_BOUND('',#1387,.T.);
#894=FACE_OUTER_BOUND('',#1388,.T.);
#895=FACE_OUTER_BOUND('',#1389,.T.);
#896=FACE_OUTER_BOUND('',#1390,.T.);
#897=FACE_OUTER_BOUND('',#1391,.T.);
#898=FACE_OUTER_BOUND('',#1392,.T.);
#899=FACE_OUTER_BOUND('',#1393,.T.);
#900=FACE_OUTER_BOUND('',#1394,.T.);
#901=FACE_OUTER_BOUND('',#1395,.T.);
#902=FACE_OUTER_BOUND('',#1396,.T.);
#903=FACE_OUTER_BOUND('',#1397,.T.);
#904=FACE_OUTER_BOUND('',#1398,.T.);
#905=FACE_OUTER_BOUND('',#1399,.T.);
#906=FACE_OUTER_BOUND('',#1400,.T.);
#907=FACE_OUTER_BOUND('',#1401,.T.);
#908=FACE_OUTER_BOUND('',#1402,.T.);
#909=FACE_OUTER_BOUND('',#1403,.T.);
#910=FACE_OUTER_BOUND('',#1404,.T.);
#911=FACE_OUTER_BOUND('',#1405,.T.);
#912=FACE_OUTER_BOUND('',#1406,.T.);
#913=FACE_OUTER_BOUND('',#1407,.T.);
#914=FACE_OUTER_BOUND('',#1408,.T.);
#915=FACE_OUTER_BOUND('',#1409,.T.);
#916=FACE_OUTER_BOUND('',#1410,.T.);
#917=FACE_OUTER_BOUND('',#1411,.T.);
#918=FACE_OUTER_BOUND('',#1412,.T.);
#919=EDGE_LOOP('',(#5230,#5231,#5232,#5233));
#920=EDGE_LOOP('',(#5234,#5235,#5236,#5237));
#921=EDGE_LOOP('',(#5238,#5239,#5240,#5241));
#922=EDGE_LOOP('',(#5242,#5243,#5244,#5245));
#923=EDGE_LOOP('',(#5246));
#924=EDGE_LOOP('',(#5247,#5248,#5249,#5250));
#925=EDGE_LOOP('',(#5251));
#926=EDGE_LOOP('',(#5252,#5253,#5254,#5255));
#927=EDGE_LOOP('',(#5256));
#928=EDGE_LOOP('',(#5257,#5258,#5259,#5260));
#929=EDGE_LOOP('',(#5261));
#930=EDGE_LOOP('',(#5262,#5263,#5264,#5265));
#931=EDGE_LOOP('',(#5266,#5267,#5268,#5269,#5270,#5271));
#932=EDGE_LOOP('',(#5272,#5273,#5274,#5275));
#933=EDGE_LOOP('',(#5276,#5277,#5278,#5279));
#934=EDGE_LOOP('',(#5280,#5281,#5282,#5283));
#935=EDGE_LOOP('',(#5284,#5285,#5286,#5287));
#936=EDGE_LOOP('',(#5288,#5289,#5290,#5291));
#937=EDGE_LOOP('',(#5292,#5293,#5294,#5295));
#938=EDGE_LOOP('',(#5296,#5297,#5298,#5299));
#939=EDGE_LOOP('',(#5300,#5301,#5302,#5303,#5304,#5305,#5306,#5307,#5308,
#5309));
#940=EDGE_LOOP('',(#5310,#5311,#5312,#5313));
#941=EDGE_LOOP('',(#5314,#5315,#5316,#5317));
#942=EDGE_LOOP('',(#5318,#5319,#5320,#5321));
#943=EDGE_LOOP('',(#5322,#5323,#5324,#5325));
#944=EDGE_LOOP('',(#5326,#5327,#5328,#5329));
#945=EDGE_LOOP('',(#5330,#5331,#5332,#5333,#5334));
#946=EDGE_LOOP('',(#5335,#5336,#5337,#5338));
#947=EDGE_LOOP('',(#5339,#5340,#5341,#5342,#5343));
#948=EDGE_LOOP('',(#5344,#5345,#5346,#5347));
#949=EDGE_LOOP('',(#5348,#5349,#5350,#5351));
#950=EDGE_LOOP('',(#5352,#5353,#5354,#5355));
#951=EDGE_LOOP('',(#5356,#5357,#5358,#5359));
#952=EDGE_LOOP('',(#5360,#5361,#5362,#5363));
#953=EDGE_LOOP('',(#5364,#5365,#5366,#5367));
#954=EDGE_LOOP('',(#5368,#5369,#5370,#5371));
#955=EDGE_LOOP('',(#5372,#5373,#5374,#5375));
#956=EDGE_LOOP('',(#5376,#5377,#5378,#5379));
#957=EDGE_LOOP('',(#5380,#5381,#5382,#5383));
#958=EDGE_LOOP('',(#5384,#5385,#5386,#5387));
#959=EDGE_LOOP('',(#5388,#5389,#5390,#5391));
#960=EDGE_LOOP('',(#5392,#5393,#5394,#5395));
#961=EDGE_LOOP('',(#5396,#5397,#5398,#5399));
#962=EDGE_LOOP('',(#5400,#5401,#5402,#5403));
#963=EDGE_LOOP('',(#5404,#5405,#5406,#5407));
#964=EDGE_LOOP('',(#5408,#5409,#5410,#5411));
#965=EDGE_LOOP('',(#5412,#5413,#5414,#5415));
#966=EDGE_LOOP('',(#5416,#5417,#5418,#5419));
#967=EDGE_LOOP('',(#5420,#5421,#5422,#5423));
#968=EDGE_LOOP('',(#5424,#5425,#5426,#5427));
#969=EDGE_LOOP('',(#5428,#5429,#5430,#5431));
#970=EDGE_LOOP('',(#5432,#5433,#5434,#5435));
#971=EDGE_LOOP('',(#5436,#5437,#5438,#5439));
#972=EDGE_LOOP('',(#5440,#5441,#5442,#5443));
#973=EDGE_LOOP('',(#5444,#5445,#5446,#5447));
#974=EDGE_LOOP('',(#5448,#5449,#5450,#5451,#5452,#5453,#5454,#5455,#5456,
#5457));
#975=EDGE_LOOP('',(#5458,#5459,#5460,#5461,#5462,#5463,#5464,#5465));
#976=EDGE_LOOP('',(#5466,#5467,#5468,#5469));
#977=EDGE_LOOP('',(#5470,#5471,#5472,#5473));
#978=EDGE_LOOP('',(#5474,#5475,#5476,#5477));
#979=EDGE_LOOP('',(#5478,#5479,#5480,#5481));
#980=EDGE_LOOP('',(#5482,#5483,#5484,#5485));
#981=EDGE_LOOP('',(#5486,#5487,#5488,#5489));
#982=EDGE_LOOP('',(#5490,#5491,#5492,#5493));
#983=EDGE_LOOP('',(#5494,#5495,#5496,#5497));
#984=EDGE_LOOP('',(#5498,#5499,#5500));
#985=EDGE_LOOP('',(#5501,#5502,#5503,#5504,#5505));
#986=EDGE_LOOP('',(#5506,#5507,#5508,#5509));
#987=EDGE_LOOP('',(#5510,#5511,#5512,#5513));
#988=EDGE_LOOP('',(#5514,#5515,#5516,#5517));
#989=EDGE_LOOP('',(#5518,#5519,#5520,#5521));
#990=EDGE_LOOP('',(#5522,#5523,#5524,#5525));
#991=EDGE_LOOP('',(#5526,#5527,#5528,#5529));
#992=EDGE_LOOP('',(#5530,#5531,#5532,#5533));
#993=EDGE_LOOP('',(#5534,#5535,#5536,#5537,#5538));
#994=EDGE_LOOP('',(#5539,#5540,#5541,#5542,#5543,#5544,#5545,#5546,#5547,
#5548));
#995=EDGE_LOOP('',(#5549,#5550,#5551,#5552));
#996=EDGE_LOOP('',(#5553,#5554,#5555,#5556));
#997=EDGE_LOOP('',(#5557,#5558,#5559,#5560));
#998=EDGE_LOOP('',(#5561,#5562,#5563,#5564));
#999=EDGE_LOOP('',(#5565,#5566,#5567,#5568));
#1000=EDGE_LOOP('',(#5569,#5570,#5571,#5572));
#1001=EDGE_LOOP('',(#5573,#5574,#5575,#5576));
#1002=EDGE_LOOP('',(#5577,#5578,#5579,#5580));
#1003=EDGE_LOOP('',(#5581,#5582,#5583,#5584));
#1004=EDGE_LOOP('',(#5585,#5586,#5587,#5588));
#1005=EDGE_LOOP('',(#5589,#5590,#5591,#5592));
#1006=EDGE_LOOP('',(#5593,#5594,#5595,#5596));
#1007=EDGE_LOOP('',(#5597,#5598,#5599,#5600));
#1008=EDGE_LOOP('',(#5601,#5602,#5603,#5604,#5605,#5606,#5607,#5608));
#1009=EDGE_LOOP('',(#5609,#5610,#5611,#5612,#5613));
#1010=EDGE_LOOP('',(#5614,#5615,#5616,#5617));
#1011=EDGE_LOOP('',(#5618,#5619,#5620,#5621));
#1012=EDGE_LOOP('',(#5622,#5623,#5624,#5625));
#1013=EDGE_LOOP('',(#5626,#5627,#5628,#5629));
#1014=EDGE_LOOP('',(#5630,#5631,#5632,#5633));
#1015=EDGE_LOOP('',(#5634,#5635,#5636,#5637));
#1016=EDGE_LOOP('',(#5638,#5639,#5640,#5641));
#1017=EDGE_LOOP('',(#5642,#5643,#5644,#5645));
#1018=EDGE_LOOP('',(#5646,#5647,#5648,#5649));
#1019=EDGE_LOOP('',(#5650,#5651,#5652,#5653));
#1020=EDGE_LOOP('',(#5654,#5655,#5656,#5657));
#1021=EDGE_LOOP('',(#5658,#5659,#5660,#5661));
#1022=EDGE_LOOP('',(#5662,#5663,#5664,#5665));
#1023=EDGE_LOOP('',(#5666,#5667,#5668,#5669));
#1024=EDGE_LOOP('',(#5670,#5671,#5672,#5673));
#1025=EDGE_LOOP('',(#5674,#5675,#5676,#5677,#5678,#5679,#5680,#5681,#5682,
#5683,#5684,#5685,#5686,#5687,#5688,#5689));
#1026=EDGE_LOOP('',(#5690,#5691,#5692,#5693,#5694));
#1027=EDGE_LOOP('',(#5695,#5696,#5697,#5698));
#1028=EDGE_LOOP('',(#5699,#5700,#5701,#5702));
#1029=EDGE_LOOP('',(#5703,#5704,#5705,#5706));
#1030=EDGE_LOOP('',(#5707,#5708,#5709,#5710));
#1031=EDGE_LOOP('',(#5711,#5712,#5713,#5714));
#1032=EDGE_LOOP('',(#5715,#5716,#5717,#5718));
#1033=EDGE_LOOP('',(#5719,#5720,#5721,#5722));
#1034=EDGE_LOOP('',(#5723,#5724,#5725,#5726));
#1035=EDGE_LOOP('',(#5727,#5728,#5729,#5730));
#1036=EDGE_LOOP('',(#5731,#5732,#5733,#5734));
#1037=EDGE_LOOP('',(#5735,#5736,#5737,#5738));
#1038=EDGE_LOOP('',(#5739,#5740,#5741,#5742));
#1039=EDGE_LOOP('',(#5743,#5744,#5745,#5746));
#1040=EDGE_LOOP('',(#5747,#5748,#5749,#5750));
#1041=EDGE_LOOP('',(#5751,#5752,#5753,#5754));
#1042=EDGE_LOOP('',(#5755,#5756,#5757,#5758));
#1043=EDGE_LOOP('',(#5759,#5760,#5761,#5762));
#1044=EDGE_LOOP('',(#5763,#5764,#5765,#5766));
#1045=EDGE_LOOP('',(#5767,#5768,#5769,#5770));
#1046=EDGE_LOOP('',(#5771,#5772,#5773,#5774));
#1047=EDGE_LOOP('',(#5775,#5776,#5777,#5778));
#1048=EDGE_LOOP('',(#5779,#5780,#5781,#5782));
#1049=EDGE_LOOP('',(#5783,#5784,#5785,#5786));
#1050=EDGE_LOOP('',(#5787,#5788,#5789,#5790));
#1051=EDGE_LOOP('',(#5791,#5792,#5793,#5794));
#1052=EDGE_LOOP('',(#5795,#5796,#5797,#5798,#5799,#5800,#5801,#5802,#5803));
#1053=EDGE_LOOP('',(#5804,#5805,#5806,#5807));
#1054=EDGE_LOOP('',(#5808,#5809,#5810,#5811,#5812,#5813,#5814,#5815,#5816));
#1055=EDGE_LOOP('',(#5817,#5818,#5819,#5820,#5821,#5822,#5823,#5824));
#1056=EDGE_LOOP('',(#5825,#5826,#5827,#5828,#5829,#5830,#5831,#5832));
#1057=EDGE_LOOP('',(#5833,#5834,#5835,#5836,#5837,#5838,#5839,#5840,#5841,
#5842,#5843,#5844,#5845,#5846,#5847,#5848,#5849,#5850,#5851,#5852,#5853,
#5854,#5855,#5856,#5857,#5858,#5859,#5860));
#1058=EDGE_LOOP('',(#5861,#5862,#5863,#5864));
#1059=EDGE_LOOP('',(#5865,#5866,#5867,#5868));
#1060=EDGE_LOOP('',(#5869,#5870,#5871,#5872));
#1061=EDGE_LOOP('',(#5873,#5874,#5875,#5876,#5877));
#1062=EDGE_LOOP('',(#5878,#5879,#5880,#5881));
#1063=EDGE_LOOP('',(#5882,#5883,#5884,#5885,#5886,#5887,#5888,#5889,#5890,
#5891,#5892,#5893,#5894,#5895,#5896,#5897,#5898,#5899,#5900,#5901,#5902,
#5903,#5904,#5905,#5906,#5907));
#1064=EDGE_LOOP('',(#5908,#5909,#5910,#5911));
#1065=EDGE_LOOP('',(#5912,#5913,#5914,#5915));
#1066=EDGE_LOOP('',(#5916));
#1067=EDGE_LOOP('',(#5917));
#1068=EDGE_LOOP('',(#5918));
#1069=EDGE_LOOP('',(#5919));
#1070=EDGE_LOOP('',(#5920,#5921,#5922,#5923));
#1071=EDGE_LOOP('',(#5924,#5925,#5926,#5927));
#1072=EDGE_LOOP('',(#5928,#5929,#5930,#5931));
#1073=EDGE_LOOP('',(#5932,#5933,#5934,#5935));
#1074=EDGE_LOOP('',(#5936,#5937,#5938,#5939));
#1075=EDGE_LOOP('',(#5940,#5941,#5942,#5943));
#1076=EDGE_LOOP('',(#5944,#5945,#5946,#5947));
#1077=EDGE_LOOP('',(#5948,#5949,#5950,#5951));
#1078=EDGE_LOOP('',(#5952,#5953,#5954,#5955));
#1079=EDGE_LOOP('',(#5956,#5957,#5958,#5959));
#1080=EDGE_LOOP('',(#5960,#5961,#5962,#5963));
#1081=EDGE_LOOP('',(#5964,#5965,#5966,#5967));
#1082=EDGE_LOOP('',(#5968,#5969,#5970,#5971));
#1083=EDGE_LOOP('',(#5972,#5973,#5974,#5975));
#1084=EDGE_LOOP('',(#5976,#5977,#5978,#5979));
#1085=EDGE_LOOP('',(#5980,#5981,#5982,#5983));
#1086=EDGE_LOOP('',(#5984,#5985,#5986,#5987));
#1087=EDGE_LOOP('',(#5988,#5989,#5990,#5991));
#1088=EDGE_LOOP('',(#5992,#5993,#5994,#5995));
#1089=EDGE_LOOP('',(#5996,#5997,#5998,#5999));
#1090=EDGE_LOOP('',(#6000,#6001,#6002,#6003));
#1091=EDGE_LOOP('',(#6004,#6005,#6006,#6007));
#1092=EDGE_LOOP('',(#6008,#6009,#6010,#6011));
#1093=EDGE_LOOP('',(#6012,#6013,#6014,#6015));
#1094=EDGE_LOOP('',(#6016,#6017,#6018,#6019));
#1095=EDGE_LOOP('',(#6020,#6021,#6022,#6023));
#1096=EDGE_LOOP('',(#6024,#6025,#6026,#6027));
#1097=EDGE_LOOP('',(#6028,#6029,#6030,#6031));
#1098=EDGE_LOOP('',(#6032,#6033,#6034,#6035));
#1099=EDGE_LOOP('',(#6036,#6037,#6038,#6039));
#1100=EDGE_LOOP('',(#6040,#6041,#6042,#6043));
#1101=EDGE_LOOP('',(#6044,#6045,#6046,#6047));
#1102=EDGE_LOOP('',(#6048,#6049,#6050,#6051));
#1103=EDGE_LOOP('',(#6052,#6053,#6054,#6055));
#1104=EDGE_LOOP('',(#6056,#6057,#6058,#6059));
#1105=EDGE_LOOP('',(#6060,#6061,#6062,#6063));
#1106=EDGE_LOOP('',(#6064,#6065,#6066,#6067));
#1107=EDGE_LOOP('',(#6068,#6069,#6070,#6071,#6072,#6073,#6074,#6075,#6076,
#6077,#6078,#6079,#6080,#6081,#6082,#6083));
#1108=EDGE_LOOP('',(#6084,#6085,#6086,#6087));
#1109=EDGE_LOOP('',(#6088,#6089,#6090,#6091));
#1110=EDGE_LOOP('',(#6092,#6093,#6094,#6095,#6096,#6097,#6098,#6099,#6100,
#6101,#6102,#6103,#6104,#6105,#6106,#6107));
#1111=EDGE_LOOP('',(#6108,#6109,#6110,#6111));
#1112=EDGE_LOOP('',(#6112,#6113,#6114,#6115));
#1113=EDGE_LOOP('',(#6116,#6117,#6118,#6119));
#1114=EDGE_LOOP('',(#6120,#6121,#6122,#6123));
#1115=EDGE_LOOP('',(#6124,#6125,#6126,#6127));
#1116=EDGE_LOOP('',(#6128,#6129,#6130,#6131));
#1117=EDGE_LOOP('',(#6132,#6133,#6134,#6135));
#1118=EDGE_LOOP('',(#6136,#6137,#6138,#6139));
#1119=EDGE_LOOP('',(#6140,#6141,#6142,#6143));
#1120=EDGE_LOOP('',(#6144,#6145,#6146,#6147));
#1121=EDGE_LOOP('',(#6148,#6149,#6150,#6151,#6152,#6153));
#1122=EDGE_LOOP('',(#6154,#6155,#6156,#6157,#6158,#6159));
#1123=EDGE_LOOP('',(#6160,#6161,#6162,#6163,#6164,#6165));
#1124=EDGE_LOOP('',(#6166,#6167,#6168,#6169,#6170,#6171,#6172,#6173,#6174,
#6175,#6176,#6177));
#1125=EDGE_LOOP('',(#6178,#6179,#6180,#6181,#6182,#6183));
#1126=EDGE_LOOP('',(#6184,#6185,#6186,#6187,#6188,#6189));
#1127=EDGE_LOOP('',(#6190,#6191,#6192,#6193,#6194,#6195,#6196,#6197,#6198,
#6199,#6200,#6201));
#1128=EDGE_LOOP('',(#6202,#6203,#6204));
#1129=EDGE_LOOP('',(#6205,#6206,#6207,#6208));
#1130=EDGE_LOOP('',(#6209,#6210,#6211));
#1131=EDGE_LOOP('',(#6212,#6213,#6214,#6215,#6216,#6217));
#1132=EDGE_LOOP('',(#6218,#6219,#6220,#6221,#6222,#6223,#6224,#6225));
#1133=EDGE_LOOP('',(#6226,#6227,#6228,#6229));
#1134=EDGE_LOOP('',(#6230,#6231,#6232,#6233,#6234,#6235));
#1135=EDGE_LOOP('',(#6236,#6237,#6238,#6239));
#1136=EDGE_LOOP('',(#6240,#6241,#6242,#6243));
#1137=EDGE_LOOP('',(#6244,#6245,#6246,#6247));
#1138=EDGE_LOOP('',(#6248,#6249,#6250,#6251,#6252,#6253,#6254,#6255));
#1139=EDGE_LOOP('',(#6256,#6257,#6258,#6259));
#1140=EDGE_LOOP('',(#6260,#6261,#6262,#6263));
#1141=EDGE_LOOP('',(#6264,#6265,#6266,#6267,#6268,#6269));
#1142=EDGE_LOOP('',(#6270,#6271,#6272,#6273,#6274,#6275,#6276,#6277,#6278,
#6279));
#1143=EDGE_LOOP('',(#6280,#6281,#6282,#6283));
#1144=EDGE_LOOP('',(#6284,#6285,#6286,#6287,#6288));
#1145=EDGE_LOOP('',(#6289,#6290));
#1146=EDGE_LOOP('',(#6291));
#1147=EDGE_LOOP('',(#6292,#6293,#6294,#6295,#6296,#6297));
#1148=EDGE_LOOP('',(#6298,#6299,#6300,#6301,#6302,#6303,#6304,#6305,#6306,
#6307,#6308,#6309,#6310,#6311,#6312,#6313,#6314,#6315,#6316,#6317,#6318,
#6319,#6320,#6321,#6322,#6323,#6324));
#1149=EDGE_LOOP('',(#6325));
#1150=EDGE_LOOP('',(#6326));
#1151=EDGE_LOOP('',(#6327));
#1152=EDGE_LOOP('',(#6328));
#1153=EDGE_LOOP('',(#6329));
#1154=EDGE_LOOP('',(#6330,#6331,#6332,#6333,#6334,#6335,#6336,#6337,#6338,
#6339,#6340,#6341,#6342,#6343,#6344,#6345,#6346,#6347,#6348,#6349,#6350,
#6351,#6352));
#1155=EDGE_LOOP('',(#6353,#6354,#6355,#6356,#6357,#6358,#6359,#6360,#6361,
#6362,#6363,#6364));
#1156=EDGE_LOOP('',(#6365,#6366,#6367,#6368,#6369,#6370,#6371,#6372,#6373));
#1157=EDGE_LOOP('',(#6374,#6375,#6376,#6377,#6378,#6379,#6380,#6381,#6382,
#6383,#6384,#6385,#6386));
#1158=EDGE_LOOP('',(#6387,#6388,#6389,#6390,#6391,#6392,#6393,#6394,#6395,
#6396,#6397,#6398,#6399,#6400,#6401,#6402,#6403,#6404,#6405,#6406,#6407,
#6408,#6409));
#1159=EDGE_LOOP('',(#6410,#6411,#6412,#6413,#6414,#6415,#6416,#6417,#6418,
#6419));
#1160=EDGE_LOOP('',(#6420,#6421,#6422,#6423,#6424,#6425,#6426,#6427,#6428,
#6429,#6430,#6431,#6432,#6433));
#1161=EDGE_LOOP('',(#6434,#6435,#6436,#6437,#6438,#6439,#6440,#6441,#6442,
#6443,#6444,#6445));
#1162=EDGE_LOOP('',(#6446,#6447,#6448,#6449,#6450,#6451,#6452,#6453,#6454,
#6455,#6456,#6457));
#1163=EDGE_LOOP('',(#6458,#6459,#6460,#6461));
#1164=EDGE_LOOP('',(#6462,#6463,#6464,#6465));
#1165=EDGE_LOOP('',(#6466,#6467,#6468,#6469,#6470,#6471,#6472,#6473));
#1166=EDGE_LOOP('',(#6474,#6475,#6476,#6477,#6478));
#1167=EDGE_LOOP('',(#6479));
#1168=EDGE_LOOP('',(#6480));
#1169=EDGE_LOOP('',(#6481,#6482,#6483,#6484,#6485,#6486,#6487,#6488,#6489,
#6490,#6491,#6492));
#1170=EDGE_LOOP('',(#6493,#6494,#6495,#6496));
#1171=EDGE_LOOP('',(#6497,#6498,#6499,#6500));
#1172=EDGE_LOOP('',(#6501,#6502,#6503,#6504));
#1173=EDGE_LOOP('',(#6505,#6506,#6507,#6508));
#1174=EDGE_LOOP('',(#6509,#6510,#6511,#6512));
#1175=EDGE_LOOP('',(#6513,#6514,#6515,#6516));
#1176=EDGE_LOOP('',(#6517,#6518,#6519,#6520));
#1177=EDGE_LOOP('',(#6521,#6522,#6523,#6524));
#1178=EDGE_LOOP('',(#6525,#6526,#6527,#6528,#6529));
#1179=EDGE_LOOP('',(#6530));
#1180=EDGE_LOOP('',(#6531));
#1181=EDGE_LOOP('',(#6532));
#1182=EDGE_LOOP('',(#6533));
#1183=EDGE_LOOP('',(#6534));
#1184=EDGE_LOOP('',(#6535));
#1185=EDGE_LOOP('',(#6536,#6537,#6538,#6539));
#1186=EDGE_LOOP('',(#6540,#6541,#6542,#6543,#6544));
#1187=EDGE_LOOP('',(#6545));
#1188=EDGE_LOOP('',(#6546));
#1189=EDGE_LOOP('',(#6547,#6548,#6549,#6550));
#1190=EDGE_LOOP('',(#6551,#6552,#6553,#6554,#6555,#6556,#6557,#6558,#6559,
#6560,#6561,#6562,#6563,#6564));
#1191=EDGE_LOOP('',(#6565,#6566,#6567,#6568));
#1192=EDGE_LOOP('',(#6569,#6570,#6571,#6572));
#1193=EDGE_LOOP('',(#6573,#6574,#6575,#6576,#6577,#6578));
#1194=EDGE_LOOP('',(#6579,#6580,#6581,#6582,#6583,#6584,#6585,#6586,#6587,
#6588,#6589,#6590,#6591));
#1195=EDGE_LOOP('',(#6592,#6593,#6594,#6595,#6596,#6597,#6598,#6599));
#1196=EDGE_LOOP('',(#6600,#6601,#6602,#6603));
#1197=EDGE_LOOP('',(#6604,#6605,#6606,#6607));
#1198=EDGE_LOOP('',(#6608,#6609,#6610,#6611,#6612,#6613,#6614,#6615,#6616,
#6617,#6618,#6619,#6620,#6621,#6622,#6623));
#1199=EDGE_LOOP('',(#6624,#6625,#6626,#6627));
#1200=EDGE_LOOP('',(#6628,#6629,#6630,#6631));
#1201=EDGE_LOOP('',(#6632,#6633,#6634,#6635));
#1202=EDGE_LOOP('',(#6636,#6637,#6638,#6639));
#1203=EDGE_LOOP('',(#6640,#6641,#6642,#6643));
#1204=EDGE_LOOP('',(#6644,#6645,#6646,#6647));
#1205=EDGE_LOOP('',(#6648,#6649,#6650,#6651));
#1206=EDGE_LOOP('',(#6652,#6653,#6654,#6655));
#1207=EDGE_LOOP('',(#6656,#6657,#6658,#6659));
#1208=EDGE_LOOP('',(#6660,#6661,#6662,#6663));
#1209=EDGE_LOOP('',(#6664,#6665,#6666,#6667));
#1210=EDGE_LOOP('',(#6668,#6669,#6670,#6671));
#1211=EDGE_LOOP('',(#6672,#6673,#6674,#6675));
#1212=EDGE_LOOP('',(#6676,#6677,#6678,#6679));
#1213=EDGE_LOOP('',(#6680,#6681,#6682,#6683));
#1214=EDGE_LOOP('',(#6684,#6685,#6686,#6687));
#1215=EDGE_LOOP('',(#6688,#6689,#6690,#6691));
#1216=EDGE_LOOP('',(#6692,#6693,#6694,#6695));
#1217=EDGE_LOOP('',(#6696,#6697,#6698,#6699));
#1218=EDGE_LOOP('',(#6700,#6701,#6702,#6703));
#1219=EDGE_LOOP('',(#6704,#6705,#6706,#6707));
#1220=EDGE_LOOP('',(#6708,#6709,#6710,#6711));
#1221=EDGE_LOOP('',(#6712,#6713,#6714,#6715));
#1222=EDGE_LOOP('',(#6716,#6717,#6718,#6719));
#1223=EDGE_LOOP('',(#6720,#6721,#6722,#6723));
#1224=EDGE_LOOP('',(#6724,#6725,#6726,#6727));
#1225=EDGE_LOOP('',(#6728,#6729,#6730,#6731));
#1226=EDGE_LOOP('',(#6732,#6733,#6734,#6735));
#1227=EDGE_LOOP('',(#6736,#6737,#6738,#6739));
#1228=EDGE_LOOP('',(#6740,#6741,#6742,#6743));
#1229=EDGE_LOOP('',(#6744,#6745,#6746,#6747));
#1230=EDGE_LOOP('',(#6748,#6749,#6750,#6751));
#1231=EDGE_LOOP('',(#6752,#6753,#6754,#6755));
#1232=EDGE_LOOP('',(#6756,#6757,#6758,#6759));
#1233=EDGE_LOOP('',(#6760,#6761,#6762,#6763));
#1234=EDGE_LOOP('',(#6764,#6765,#6766,#6767));
#1235=EDGE_LOOP('',(#6768,#6769,#6770,#6771));
#1236=EDGE_LOOP('',(#6772,#6773,#6774,#6775));
#1237=EDGE_LOOP('',(#6776,#6777,#6778,#6779));
#1238=EDGE_LOOP('',(#6780,#6781,#6782,#6783));
#1239=EDGE_LOOP('',(#6784,#6785,#6786,#6787));
#1240=EDGE_LOOP('',(#6788,#6789,#6790,#6791));
#1241=EDGE_LOOP('',(#6792,#6793,#6794,#6795));
#1242=EDGE_LOOP('',(#6796,#6797,#6798,#6799));
#1243=EDGE_LOOP('',(#6800,#6801,#6802,#6803));
#1244=EDGE_LOOP('',(#6804,#6805,#6806,#6807));
#1245=EDGE_LOOP('',(#6808,#6809,#6810,#6811));
#1246=EDGE_LOOP('',(#6812,#6813,#6814,#6815));
#1247=EDGE_LOOP('',(#6816,#6817,#6818,#6819));
#1248=EDGE_LOOP('',(#6820,#6821,#6822,#6823));
#1249=EDGE_LOOP('',(#6824,#6825,#6826,#6827));
#1250=EDGE_LOOP('',(#6828,#6829,#6830,#6831));
#1251=EDGE_LOOP('',(#6832,#6833,#6834,#6835));
#1252=EDGE_LOOP('',(#6836,#6837,#6838,#6839));
#1253=EDGE_LOOP('',(#6840,#6841,#6842,#6843));
#1254=EDGE_LOOP('',(#6844,#6845,#6846,#6847));
#1255=EDGE_LOOP('',(#6848,#6849,#6850,#6851));
#1256=EDGE_LOOP('',(#6852,#6853,#6854,#6855));
#1257=EDGE_LOOP('',(#6856,#6857,#6858,#6859));
#1258=EDGE_LOOP('',(#6860,#6861,#6862,#6863));
#1259=EDGE_LOOP('',(#6864,#6865,#6866,#6867));
#1260=EDGE_LOOP('',(#6868,#6869,#6870,#6871));
#1261=EDGE_LOOP('',(#6872,#6873,#6874,#6875));
#1262=EDGE_LOOP('',(#6876,#6877,#6878,#6879));
#1263=EDGE_LOOP('',(#6880,#6881,#6882,#6883));
#1264=EDGE_LOOP('',(#6884,#6885,#6886,#6887));
#1265=EDGE_LOOP('',(#6888,#6889,#6890,#6891));
#1266=EDGE_LOOP('',(#6892,#6893,#6894,#6895));
#1267=EDGE_LOOP('',(#6896,#6897,#6898,#6899));
#1268=EDGE_LOOP('',(#6900,#6901,#6902,#6903));
#1269=EDGE_LOOP('',(#6904,#6905,#6906,#6907));
#1270=EDGE_LOOP('',(#6908,#6909,#6910,#6911));
#1271=EDGE_LOOP('',(#6912,#6913,#6914,#6915));
#1272=EDGE_LOOP('',(#6916,#6917,#6918,#6919));
#1273=EDGE_LOOP('',(#6920,#6921,#6922,#6923));
#1274=EDGE_LOOP('',(#6924,#6925,#6926,#6927));
#1275=EDGE_LOOP('',(#6928,#6929,#6930,#6931));
#1276=EDGE_LOOP('',(#6932,#6933,#6934,#6935));
#1277=EDGE_LOOP('',(#6936,#6937,#6938,#6939));
#1278=EDGE_LOOP('',(#6940,#6941,#6942,#6943));
#1279=EDGE_LOOP('',(#6944,#6945,#6946,#6947));
#1280=EDGE_LOOP('',(#6948,#6949,#6950,#6951));
#1281=EDGE_LOOP('',(#6952,#6953,#6954,#6955));
#1282=EDGE_LOOP('',(#6956,#6957,#6958,#6959));
#1283=EDGE_LOOP('',(#6960,#6961,#6962,#6963));
#1284=EDGE_LOOP('',(#6964,#6965,#6966,#6967));
#1285=EDGE_LOOP('',(#6968,#6969,#6970,#6971));
#1286=EDGE_LOOP('',(#6972,#6973,#6974,#6975));
#1287=EDGE_LOOP('',(#6976,#6977,#6978,#6979));
#1288=EDGE_LOOP('',(#6980,#6981,#6982,#6983));
#1289=EDGE_LOOP('',(#6984,#6985,#6986,#6987));
#1290=EDGE_LOOP('',(#6988,#6989,#6990,#6991));
#1291=EDGE_LOOP('',(#6992,#6993,#6994,#6995));
#1292=EDGE_LOOP('',(#6996,#6997,#6998,#6999));
#1293=EDGE_LOOP('',(#7000,#7001,#7002,#7003));
#1294=EDGE_LOOP('',(#7004,#7005,#7006,#7007));
#1295=EDGE_LOOP('',(#7008,#7009,#7010,#7011));
#1296=EDGE_LOOP('',(#7012,#7013,#7014,#7015));
#1297=EDGE_LOOP('',(#7016,#7017,#7018,#7019));
#1298=EDGE_LOOP('',(#7020,#7021,#7022,#7023));
#1299=EDGE_LOOP('',(#7024,#7025,#7026,#7027));
#1300=EDGE_LOOP('',(#7028,#7029,#7030,#7031));
#1301=EDGE_LOOP('',(#7032,#7033,#7034,#7035));
#1302=EDGE_LOOP('',(#7036,#7037,#7038,#7039));
#1303=EDGE_LOOP('',(#7040,#7041,#7042,#7043));
#1304=EDGE_LOOP('',(#7044,#7045,#7046,#7047));
#1305=EDGE_LOOP('',(#7048,#7049,#7050,#7051));
#1306=EDGE_LOOP('',(#7052,#7053,#7054,#7055));
#1307=EDGE_LOOP('',(#7056,#7057,#7058,#7059));
#1308=EDGE_LOOP('',(#7060,#7061,#7062,#7063));
#1309=EDGE_LOOP('',(#7064,#7065,#7066,#7067));
#1310=EDGE_LOOP('',(#7068,#7069,#7070,#7071));
#1311=EDGE_LOOP('',(#7072,#7073,#7074,#7075));
#1312=EDGE_LOOP('',(#7076,#7077,#7078,#7079));
#1313=EDGE_LOOP('',(#7080,#7081,#7082,#7083));
#1314=EDGE_LOOP('',(#7084,#7085,#7086,#7087));
#1315=EDGE_LOOP('',(#7088,#7089,#7090,#7091));
#1316=EDGE_LOOP('',(#7092,#7093,#7094,#7095));
#1317=EDGE_LOOP('',(#7096,#7097,#7098,#7099));
#1318=EDGE_LOOP('',(#7100,#7101,#7102,#7103));
#1319=EDGE_LOOP('',(#7104,#7105,#7106,#7107));
#1320=EDGE_LOOP('',(#7108,#7109,#7110,#7111));
#1321=EDGE_LOOP('',(#7112,#7113,#7114,#7115));
#1322=EDGE_LOOP('',(#7116,#7117,#7118,#7119));
#1323=EDGE_LOOP('',(#7120,#7121,#7122,#7123));
#1324=EDGE_LOOP('',(#7124,#7125,#7126,#7127));
#1325=EDGE_LOOP('',(#7128,#7129,#7130,#7131));
#1326=EDGE_LOOP('',(#7132,#7133,#7134,#7135));
#1327=EDGE_LOOP('',(#7136,#7137,#7138,#7139));
#1328=EDGE_LOOP('',(#7140,#7141,#7142,#7143));
#1329=EDGE_LOOP('',(#7144,#7145,#7146,#7147));
#1330=EDGE_LOOP('',(#7148,#7149,#7150,#7151));
#1331=EDGE_LOOP('',(#7152,#7153,#7154,#7155));
#1332=EDGE_LOOP('',(#7156,#7157,#7158,#7159,#7160));
#1333=EDGE_LOOP('',(#7161,#7162,#7163,#7164,#7165));
#1334=EDGE_LOOP('',(#7166,#7167,#7168));
#1335=EDGE_LOOP('',(#7169,#7170,#7171,#7172));
#1336=EDGE_LOOP('',(#7173,#7174,#7175,#7176));
#1337=EDGE_LOOP('',(#7177,#7178,#7179,#7180));
#1338=EDGE_LOOP('',(#7181,#7182,#7183,#7184));
#1339=EDGE_LOOP('',(#7185,#7186,#7187,#7188));
#1340=EDGE_LOOP('',(#7189,#7190,#7191,#7192));
#1341=EDGE_LOOP('',(#7193,#7194,#7195,#7196));
#1342=EDGE_LOOP('',(#7197));
#1343=EDGE_LOOP('',(#7198));
#1344=EDGE_LOOP('',(#7199,#7200,#7201,#7202));
#1345=EDGE_LOOP('',(#7203,#7204,#7205,#7206));
#1346=EDGE_LOOP('',(#7207,#7208,#7209,#7210));
#1347=EDGE_LOOP('',(#7211,#7212,#7213,#7214,#7215,#7216));
#1348=EDGE_LOOP('',(#7217,#7218,#7219));
#1349=EDGE_LOOP('',(#7220,#7221,#7222,#7223,#7224,#7225,#7226,#7227));
#1350=EDGE_LOOP('',(#7228,#7229,#7230,#7231));
#1351=EDGE_LOOP('',(#7232,#7233,#7234,#7235,#7236,#7237));
#1352=EDGE_LOOP('',(#7238,#7239,#7240,#7241,#7242,#7243,#7244));
#1353=EDGE_LOOP('',(#7245,#7246,#7247,#7248,#7249));
#1354=EDGE_LOOP('',(#7250,#7251,#7252,#7253,#7254));
#1355=EDGE_LOOP('',(#7255,#7256,#7257,#7258,#7259,#7260,#7261,#7262,#7263,
#7264,#7265));
#1356=EDGE_LOOP('',(#7266));
#1357=EDGE_LOOP('',(#7267,#7268,#7269,#7270));
#1358=EDGE_LOOP('',(#7271));
#1359=EDGE_LOOP('',(#7272,#7273,#7274,#7275,#7276,#7277,#7278,#7279,#7280,
#7281,#7282,#7283,#7284,#7285,#7286,#7287,#7288,#7289,#7290,#7291,#7292,
#7293,#7294));
#1360=EDGE_LOOP('',(#7295,#7296,#7297,#7298,#7299,#7300,#7301,#7302,#7303,
#7304,#7305,#7306));
#1361=EDGE_LOOP('',(#7307,#7308,#7309,#7310,#7311,#7312,#7313,#7314,#7315));
#1362=EDGE_LOOP('',(#7316,#7317,#7318,#7319,#7320,#7321,#7322,#7323,#7324,
#7325,#7326,#7327,#7328));
#1363=EDGE_LOOP('',(#7329,#7330,#7331,#7332,#7333,#7334,#7335,#7336,#7337,
#7338,#7339,#7340,#7341,#7342,#7343,#7344,#7345,#7346,#7347,#7348,#7349,
#7350,#7351));
#1364=EDGE_LOOP('',(#7352,#7353,#7354,#7355,#7356,#7357,#7358,#7359,#7360,
#7361));
#1365=EDGE_LOOP('',(#7362,#7363,#7364,#7365,#7366,#7367,#7368,#7369,#7370,
#7371,#7372,#7373,#7374,#7375));
#1366=EDGE_LOOP('',(#7376,#7377,#7378,#7379,#7380,#7381,#7382,#7383,#7384,
#7385,#7386,#7387));
#1367=EDGE_LOOP('',(#7388,#7389,#7390,#7391,#7392,#7393,#7394,#7395,#7396,
#7397,#7398,#7399));
#1368=EDGE_LOOP('',(#7400,#7401,#7402,#7403));
#1369=EDGE_LOOP('',(#7404));
#1370=EDGE_LOOP('',(#7405));
#1371=EDGE_LOOP('',(#7406,#7407,#7408,#7409,#7410));
#1372=EDGE_LOOP('',(#7411,#7412,#7413,#7414));
#1373=EDGE_LOOP('',(#7415,#7416,#7417,#7418,#7419,#7420));
#1374=EDGE_LOOP('',(#7421,#7422,#7423,#7424));
#1375=EDGE_LOOP('',(#7425,#7426,#7427,#7428,#7429,#7430,#7431,#7432));
#1376=EDGE_LOOP('',(#7433,#7434,#7435,#7436));
#1377=EDGE_LOOP('',(#7437,#7438,#7439,#7440,#7441,#7442,#7443,#7444,#7445,
#7446,#7447,#7448));
#1378=EDGE_LOOP('',(#7449,#7450,#7451,#7452));
#1379=EDGE_LOOP('',(#7453,#7454,#7455,#7456));
#1380=EDGE_LOOP('',(#7457,#7458,#7459,#7460));
#1381=EDGE_LOOP('',(#7461,#7462,#7463,#7464));
#1382=EDGE_LOOP('',(#7465,#7466,#7467,#7468));
#1383=EDGE_LOOP('',(#7469,#7470,#7471,#7472,#7473));
#1384=EDGE_LOOP('',(#7474,#7475,#7476,#7477));
#1385=EDGE_LOOP('',(#7478,#7479,#7480,#7481,#7482));
#1386=EDGE_LOOP('',(#7483,#7484,#7485,#7486));
#1387=EDGE_LOOP('',(#7487,#7488,#7489,#7490));
#1388=EDGE_LOOP('',(#7491,#7492,#7493,#7494));
#1389=EDGE_LOOP('',(#7495,#7496,#7497,#7498));
#1390=EDGE_LOOP('',(#7499,#7500,#7501,#7502,#7503,#7504,#7505,#7506,#7507,
#7508,#7509,#7510));
#1391=EDGE_LOOP('',(#7511,#7512,#7513,#7514));
#1392=EDGE_LOOP('',(#7515,#7516,#7517,#7518));
#1393=EDGE_LOOP('',(#7519,#7520,#7521,#7522));
#1394=EDGE_LOOP('',(#7523,#7524,#7525,#7526));
#1395=EDGE_LOOP('',(#7527,#7528,#7529,#7530));
#1396=EDGE_LOOP('',(#7531,#7532,#7533,#7534));
#1397=EDGE_LOOP('',(#7535,#7536,#7537,#7538));
#1398=EDGE_LOOP('',(#7539,#7540,#7541,#7542,#7543,#7544,#7545,#7546,#7547,
#7548));
#1399=EDGE_LOOP('',(#7549,#7550,#7551,#7552));
#1400=EDGE_LOOP('',(#7553,#7554,#7555,#7556));
#1401=EDGE_LOOP('',(#7557,#7558,#7559,#7560));
#1402=EDGE_LOOP('',(#7561,#7562,#7563,#7564));
#1403=EDGE_LOOP('',(#7565,#7566,#7567,#7568));
#1404=EDGE_LOOP('',(#7569,#7570,#7571,#7572));
#1405=EDGE_LOOP('',(#7573,#7574,#7575,#7576,#7577,#7578,#7579,#7580,#7581,
#7582));
#1406=EDGE_LOOP('',(#7583,#7584,#7585,#7586,#7587,#7588));
#1407=EDGE_LOOP('',(#7589,#7590,#7591));
#1408=EDGE_LOOP('',(#7592,#7593,#7594,#7595));
#1409=EDGE_LOOP('',(#7596,#7597,#7598,#7599,#7600,#7601));
#1410=EDGE_LOOP('',(#7602,#7603,#7604,#7605));
#1411=EDGE_LOOP('',(#7606,#7607,#7608,#7609));
#1412=EDGE_LOOP('',(#7610,#7611,#7612,#7613,#7614,#7615));
#1413=LINE('',#10743,#2336);
#1414=LINE('',#10745,#2337);
#1415=LINE('',#10747,#2338);
#1416=LINE('',#10748,#2339);
#1417=LINE('',#10751,#2340);
#1418=LINE('',#10753,#2341);
#1419=LINE('',#10754,#2342);
#1420=LINE('',#10757,#2343);
#1421=LINE('',#10759,#2344);
#1422=LINE('',#10760,#2345);
#1423=LINE('',#10762,#2346);
#1424=LINE('',#10763,#2347);
#1425=LINE('',#10770,#2348);
#1426=LINE('',#10777,#2349);
#1427=LINE('',#10784,#2350);
#1428=LINE('',#10791,#2351);
#1429=LINE('',#10795,#2352);
#1430=LINE('',#10797,#2353);
#1431=LINE('',#10799,#2354);
#1432=LINE('',#10801,#2355);
#1433=LINE('',#10803,#2356);
#1434=LINE('',#10804,#2357);
#1435=LINE('',#10808,#2358);
#1436=LINE('',#10810,#2359);
#1437=LINE('',#10812,#2360);
#1438=LINE('',#10813,#2361);
#1439=LINE('',#10817,#2362);
#1440=LINE('',#10819,#2363);
#1441=LINE('',#10821,#2364);
#1442=LINE('',#10822,#2365);
#1443=LINE('',#10826,#2366);
#1444=LINE('',#10827,#2367);
#1445=LINE('',#10828,#2368);
#1446=LINE('',#10831,#2369);
#1447=LINE('',#10833,#2370);
#1448=LINE('',#10834,#2371);
#1449=LINE('',#10837,#2372);
#1450=LINE('',#10838,#2373);
#1451=LINE('',#10841,#2374);
#1452=LINE('',#10842,#2375);
#1453=LINE('',#10843,#2376);
#1454=LINE('',#10847,#2377);
#1455=LINE('',#10849,#2378);
#1456=LINE('',#10851,#2379);
#1457=LINE('',#10852,#2380);
#1458=LINE('',#10856,#2381);
#1459=LINE('',#10858,#2382);
#1460=LINE('',#10860,#2383);
#1461=LINE('',#10862,#2384);
#1462=LINE('',#10865,#2385);
#1463=LINE('',#10867,#2386);
#1464=LINE('',#10868,#2387);
#1465=LINE('',#10872,#2388);
#1466=LINE('',#10874,#2389);
#1467=LINE('',#10876,#2390);
#1468=LINE('',#10877,#2391);
#1469=LINE('',#10879,#2392);
#1470=LINE('',#10880,#2393);
#1471=LINE('',#10883,#2394);
#1472=LINE('',#10884,#2395);
#1473=LINE('',#10885,#2396);
#1474=LINE('',#10887,#2397);
#1475=LINE('',#10891,#2398);
#1476=LINE('',#10893,#2399);
#1477=LINE('',#10895,#2400);
#1478=LINE('',#10896,#2401);
#1479=LINE('',#10899,#2402);
#1480=LINE('',#10900,#2403);
#1481=LINE('',#10901,#2404);
#1482=LINE('',#10903,#2405);
#1483=LINE('',#10904,#2406);
#1484=LINE('',#10906,#2407);
#1485=LINE('',#10909,#2408);
#1486=LINE('',#10910,#2409);
#1487=LINE('',#10916,#2410);
#1488=LINE('',#10919,#2411);
#1489=LINE('',#10922,#2412);
#1490=LINE('',#10924,#2413);
#1491=LINE('',#10925,#2414);
#1492=LINE('',#10930,#2415);
#1493=LINE('',#10933,#2416);
#1494=LINE('',#10934,#2417);
#1495=LINE('',#10940,#2418);
#1496=LINE('',#10943,#2419);
#1497=LINE('',#10946,#2420);
#1498=LINE('',#10948,#2421);
#1499=LINE('',#10949,#2422);
#1500=LINE('',#10954,#2423);
#1501=LINE('',#10957,#2424);
#1502=LINE('',#10958,#2425);
#1503=LINE('',#10964,#2426);
#1504=LINE('',#10967,#2427);
#1505=LINE('',#10970,#2428);
#1506=LINE('',#10972,#2429);
#1507=LINE('',#10973,#2430);
#1508=LINE('',#10978,#2431);
#1509=LINE('',#10981,#2432);
#1510=LINE('',#10982,#2433);
#1511=LINE('',#10988,#2434);
#1512=LINE('',#10991,#2435);
#1513=LINE('',#10994,#2436);
#1514=LINE('',#10996,#2437);
#1515=LINE('',#10997,#2438);
#1516=LINE('',#11002,#2439);
#1517=LINE('',#11005,#2440);
#1518=LINE('',#11006,#2441);
#1519=LINE('',#11012,#2442);
#1520=LINE('',#11015,#2443);
#1521=LINE('',#11018,#2444);
#1522=LINE('',#11020,#2445);
#1523=LINE('',#11021,#2446);
#1524=LINE('',#11026,#2447);
#1525=LINE('',#11029,#2448);
#1526=LINE('',#11030,#2449);
#1527=LINE('',#11036,#2450);
#1528=LINE('',#11039,#2451);
#1529=LINE('',#11042,#2452);
#1530=LINE('',#11044,#2453);
#1531=LINE('',#11045,#2454);
#1532=LINE('',#11050,#2455);
#1533=LINE('',#11053,#2456);
#1534=LINE('',#11054,#2457);
#1535=LINE('',#11058,#2458);
#1536=LINE('',#11060,#2459);
#1537=LINE('',#11062,#2460);
#1538=LINE('',#11063,#2461);
#1539=LINE('',#11067,#2462);
#1540=LINE('',#11071,#2463);
#1541=LINE('',#11075,#2464);
#1542=LINE('',#11079,#2465);
#1543=LINE('',#11084,#2466);
#1544=LINE('',#11086,#2467);
#1545=LINE('',#11088,#2468);
#1546=LINE('',#11089,#2469);
#1547=LINE('',#11094,#2470);
#1548=LINE('',#11096,#2471);
#1549=LINE('',#11097,#2472);
#1550=LINE('',#11101,#2473);
#1551=LINE('',#11106,#2474);
#1552=LINE('',#11112,#2475);
#1553=LINE('',#11117,#2476);
#1554=LINE('',#11118,#2477);
#1555=LINE('',#11119,#2478);
#1556=LINE('',#11127,#2479);
#1557=LINE('',#11132,#2480);
#1558=LINE('',#11133,#2481);
#1559=LINE('',#11134,#2482);
#1560=LINE('',#11137,#2483);
#1561=LINE('',#11138,#2484);
#1562=LINE('',#11140,#2485);
#1563=LINE('',#11143,#2486);
#1564=LINE('',#11144,#2487);
#1565=LINE('',#11145,#2488);
#1566=LINE('',#11153,#2489);
#1567=LINE('',#11154,#2490);
#1568=LINE('',#11158,#2491);
#1569=LINE('',#11159,#2492);
#1570=LINE('',#11160,#2493);
#1571=LINE('',#11164,#2494);
#1572=LINE('',#11166,#2495);
#1573=LINE('',#11172,#2496);
#1574=LINE('',#11175,#2497);
#1575=LINE('',#11178,#2498);
#1576=LINE('',#11180,#2499);
#1577=LINE('',#11181,#2500);
#1578=LINE('',#11185,#2501);
#1579=LINE('',#11187,#2502);
#1580=LINE('',#11189,#2503);
#1581=LINE('',#11190,#2504);
#1582=LINE('',#11194,#2505);
#1583=LINE('',#11195,#2506);
#1584=LINE('',#11196,#2507);
#1585=LINE('',#11200,#2508);
#1586=LINE('',#11202,#2509);
#1587=LINE('',#11203,#2510);
#1588=LINE('',#11205,#2511);
#1589=LINE('',#11206,#2512);
#1590=LINE('',#11210,#2513);
#1591=LINE('',#11214,#2514);
#1592=LINE('',#11218,#2515);
#1593=LINE('',#11222,#2516);
#1594=LINE('',#11226,#2517);
#1595=LINE('',#11227,#2518);
#1596=LINE('',#11231,#2519);
#1597=LINE('',#11234,#2520);
#1598=LINE('',#11235,#2521);
#1599=LINE('',#11239,#2522);
#1600=LINE('',#11240,#2523);
#1601=LINE('',#11242,#2524);
#1602=LINE('',#11244,#2525);
#1603=LINE('',#11246,#2526);
#1604=LINE('',#11248,#2527);
#1605=LINE('',#11250,#2528);
#1606=LINE('',#11252,#2529);
#1607=LINE('',#11256,#2530);
#1608=LINE('',#11257,#2531);
#1609=LINE('',#11260,#2532);
#1610=LINE('',#11261,#2533);
#1611=LINE('',#11263,#2534);
#1612=LINE('',#11269,#2535);
#1613=LINE('',#11273,#2536);
#1614=LINE('',#11275,#2537);
#1615=LINE('',#11277,#2538);
#1616=LINE('',#11279,#2539);
#1617=LINE('',#11281,#2540);
#1618=LINE('',#11285,#2541);
#1619=LINE('',#11289,#2542);
#1620=LINE('',#11291,#2543);
#1621=LINE('',#11293,#2544);
#1622=LINE('',#11295,#2545);
#1623=LINE('',#11296,#2546);
#1624=LINE('',#11299,#2547);
#1625=LINE('',#11301,#2548);
#1626=LINE('',#11305,#2549);
#1627=LINE('',#11306,#2550);
#1628=LINE('',#11309,#2551);
#1629=LINE('',#11310,#2552);
#1630=LINE('',#11313,#2553);
#1631=LINE('',#11314,#2554);
#1632=LINE('',#11317,#2555);
#1633=LINE('',#11318,#2556);
#1634=LINE('',#11321,#2557);
#1635=LINE('',#11322,#2558);
#1636=LINE('',#11325,#2559);
#1637=LINE('',#11329,#2560);
#1638=LINE('',#11330,#2561);
#1639=LINE('',#11333,#2562);
#1640=LINE('',#11337,#2563);
#1641=LINE('',#11338,#2564);
#1642=LINE('',#11341,#2565);
#1643=LINE('',#11342,#2566);
#1644=LINE('',#11345,#2567);
#1645=LINE('',#11346,#2568);
#1646=LINE('',#11349,#2569);
#1647=LINE('',#11350,#2570);
#1648=LINE('',#11353,#2571);
#1649=LINE('',#11354,#2572);
#1650=LINE('',#11357,#2573);
#1651=LINE('',#11364,#2574);
#1652=LINE('',#11367,#2575);
#1653=LINE('',#11370,#2576);
#1654=LINE('',#11372,#2577);
#1655=LINE('',#11373,#2578);
#1656=LINE('',#11378,#2579);
#1657=LINE('',#11382,#2580);
#1658=LINE('',#11384,#2581);
#1659=LINE('',#11385,#2582);
#1660=LINE('',#11390,#2583);
#1661=LINE('',#11397,#2584);
#1662=LINE('',#11400,#2585);
#1663=LINE('',#11402,#2586);
#1664=LINE('',#11403,#2587);
#1665=LINE('',#11409,#2588);
#1666=LINE('',#11412,#2589);
#1667=LINE('',#11415,#2590);
#1668=LINE('',#11417,#2591);
#1669=LINE('',#11418,#2592);
#1670=LINE('',#11422,#2593);
#1671=LINE('',#11424,#2594);
#1672=LINE('',#11426,#2595);
#1673=LINE('',#11427,#2596);
#1674=LINE('',#11429,#2597);
#1675=LINE('',#11430,#2598);
#1676=LINE('',#11431,#2599);
#1677=LINE('',#11433,#2600);
#1678=LINE('',#11435,#2601);
#1679=LINE('',#11436,#2602);
#1680=LINE('',#11437,#2603);
#1681=LINE('',#11442,#2604);
#1682=LINE('',#11443,#2605);
#1683=LINE('',#11445,#2606);
#1684=LINE('',#11447,#2607);
#1685=LINE('',#11451,#2608);
#1686=LINE('',#11452,#2609);
#1687=LINE('',#11453,#2610);
#1688=LINE('',#11455,#2611);
#1689=LINE('',#11460,#2612);
#1690=LINE('',#11462,#2613);
#1691=LINE('',#11464,#2614);
#1692=LINE('',#11465,#2615);
#1693=LINE('',#11468,#2616);
#1694=LINE('',#11470,#2617);
#1695=LINE('',#11471,#2618);
#1696=LINE('',#11474,#2619);
#1697=LINE('',#11476,#2620);
#1698=LINE('',#11477,#2621);
#1699=LINE('',#11479,#2622);
#1700=LINE('',#11480,#2623);
#1701=LINE('',#11484,#2624);
#1702=LINE('',#11486,#2625);
#1703=LINE('',#11488,#2626);
#1704=LINE('',#11489,#2627);
#1705=LINE('',#11492,#2628);
#1706=LINE('',#11494,#2629);
#1707=LINE('',#11495,#2630);
#1708=LINE('',#11498,#2631);
#1709=LINE('',#11499,#2632);
#1710=LINE('',#11503,#2633);
#1711=LINE('',#11505,#2634);
#1712=LINE('',#11507,#2635);
#1713=LINE('',#11508,#2636);
#1714=LINE('',#11511,#2637);
#1715=LINE('',#11513,#2638);
#1716=LINE('',#11514,#2639);
#1717=LINE('',#11517,#2640);
#1718=LINE('',#11519,#2641);
#1719=LINE('',#11520,#2642);
#1720=LINE('',#11523,#2643);
#1721=LINE('',#11525,#2644);
#1722=LINE('',#11526,#2645);
#1723=LINE('',#11529,#2646);
#1724=LINE('',#11531,#2647);
#1725=LINE('',#11532,#2648);
#1726=LINE('',#11535,#2649);
#1727=LINE('',#11537,#2650);
#1728=LINE('',#11538,#2651);
#1729=LINE('',#11541,#2652);
#1730=LINE('',#11543,#2653);
#1731=LINE('',#11544,#2654);
#1732=LINE('',#11547,#2655);
#1733=LINE('',#11549,#2656);
#1734=LINE('',#11550,#2657);
#1735=LINE('',#11553,#2658);
#1736=LINE('',#11555,#2659);
#1737=LINE('',#11556,#2660);
#1738=LINE('',#11559,#2661);
#1739=LINE('',#11561,#2662);
#1740=LINE('',#11562,#2663);
#1741=LINE('',#11565,#2664);
#1742=LINE('',#11567,#2665);
#1743=LINE('',#11568,#2666);
#1744=LINE('',#11571,#2667);
#1745=LINE('',#11573,#2668);
#1746=LINE('',#11574,#2669);
#1747=LINE('',#11577,#2670);
#1748=LINE('',#11579,#2671);
#1749=LINE('',#11580,#2672);
#1750=LINE('',#11583,#2673);
#1751=LINE('',#11585,#2674);
#1752=LINE('',#11586,#2675);
#1753=LINE('',#11589,#2676);
#1754=LINE('',#11591,#2677);
#1755=LINE('',#11592,#2678);
#1756=LINE('',#11594,#2679);
#1757=LINE('',#11595,#2680);
#1758=LINE('',#11598,#2681);
#1759=LINE('',#11600,#2682);
#1760=LINE('',#11601,#2683);
#1761=LINE('',#11604,#2684);
#1762=LINE('',#11605,#2685);
#1763=LINE('',#11608,#2686);
#1764=LINE('',#11609,#2687);
#1765=LINE('',#11612,#2688);
#1766=LINE('',#11613,#2689);
#1767=LINE('',#11616,#2690);
#1768=LINE('',#11617,#2691);
#1769=LINE('',#11620,#2692);
#1770=LINE('',#11621,#2693);
#1771=LINE('',#11624,#2694);
#1772=LINE('',#11625,#2695);
#1773=LINE('',#11628,#2696);
#1774=LINE('',#11629,#2697);
#1775=LINE('',#11632,#2698);
#1776=LINE('',#11633,#2699);
#1777=LINE('',#11636,#2700);
#1778=LINE('',#11638,#2701);
#1779=LINE('',#11639,#2702);
#1780=LINE('',#11641,#2703);
#1781=LINE('',#11643,#2704);
#1782=LINE('',#11645,#2705);
#1783=LINE('',#11647,#2706);
#1784=LINE('',#11649,#2707);
#1785=LINE('',#11651,#2708);
#1786=LINE('',#11652,#2709);
#1787=LINE('',#11655,#2710);
#1788=LINE('',#11657,#2711);
#1789=LINE('',#11659,#2712);
#1790=LINE('',#11661,#2713);
#1791=LINE('',#11664,#2714);
#1792=LINE('',#11666,#2715);
#1793=LINE('',#11671,#2716);
#1794=LINE('',#11673,#2717);
#1795=LINE('',#11675,#2718);
#1796=LINE('',#11677,#2719);
#1797=LINE('',#11679,#2720);
#1798=LINE('',#11680,#2721);
#1799=LINE('',#11684,#2722);
#1800=LINE('',#11686,#2723);
#1801=LINE('',#11688,#2724);
#1802=LINE('',#11690,#2725);
#1803=LINE('',#11692,#2726);
#1804=LINE('',#11693,#2727);
#1805=LINE('',#11696,#2728);
#1806=LINE('',#11698,#2729);
#1807=LINE('',#11700,#2730);
#1808=LINE('',#11702,#2731);
#1809=LINE('',#11703,#2732);
#1810=LINE('',#11708,#2733);
#1811=LINE('',#11711,#2734);
#1812=LINE('',#11713,#2735);
#1813=LINE('',#11715,#2736);
#1814=LINE('',#11717,#2737);
#1815=LINE('',#11719,#2738);
#1816=LINE('',#11720,#2739);
#1817=LINE('',#11723,#2740);
#1818=LINE('',#11725,#2741);
#1819=LINE('',#11726,#2742);
#1820=LINE('',#11729,#2743);
#1821=LINE('',#11731,#2744);
#1822=LINE('',#11732,#2745);
#1823=LINE('',#11735,#2746);
#1824=LINE('',#11737,#2747);
#1825=LINE('',#11739,#2748);
#1826=LINE('',#11741,#2749);
#1827=LINE('',#11742,#2750);
#1828=LINE('',#11744,#2751);
#1829=LINE('',#11748,#2752);
#1830=LINE('',#11749,#2753);
#1831=LINE('',#11753,#2754);
#1832=LINE('',#11756,#2755);
#1833=LINE('',#11758,#2756);
#1834=LINE('',#11759,#2757);
#1835=LINE('',#11763,#2758);
#1836=LINE('',#11765,#2759);
#1837=LINE('',#11766,#2760);
#1838=LINE('',#11768,#2761);
#1839=LINE('',#11772,#2762);
#1840=LINE('',#11774,#2763);
#1841=LINE('',#11776,#2764);
#1842=LINE('',#11778,#2765);
#1843=LINE('',#11779,#2766);
#1844=LINE('',#11782,#2767);
#1845=LINE('',#11784,#2768);
#1846=LINE('',#11786,#2769);
#1847=LINE('',#11787,#2770);
#1848=LINE('',#11789,#2771);
#1849=LINE('',#11797,#2772);
#1850=LINE('',#11801,#2773);
#1851=LINE('',#11805,#2774);
#1852=LINE('',#11807,#2775);
#1853=LINE('',#11811,#2776);
#1854=LINE('',#11812,#2777);
#1855=LINE('',#11814,#2778);
#1856=LINE('',#11815,#2779);
#1857=LINE('',#11820,#2780);
#1858=LINE('',#11827,#2781);
#1859=LINE('',#11829,#2782);
#1860=LINE('',#11831,#2783);
#1861=LINE('',#11833,#2784);
#1862=LINE('',#11834,#2785);
#1863=LINE('',#11837,#2786);
#1864=LINE('',#11839,#2787);
#1865=LINE('',#11841,#2788);
#1866=LINE('',#11843,#2789);
#1867=LINE('',#11845,#2790);
#1868=LINE('',#11847,#2791);
#1869=LINE('',#11849,#2792);
#1870=LINE('',#11851,#2793);
#1871=LINE('',#11853,#2794);
#1872=LINE('',#11855,#2795);
#1873=LINE('',#11857,#2796);
#1874=LINE('',#11859,#2797);
#1875=LINE('',#11861,#2798);
#1876=LINE('',#11863,#2799);
#1877=LINE('',#11865,#2800);
#1878=LINE('',#11867,#2801);
#1879=LINE('',#11869,#2802);
#1880=LINE('',#11871,#2803);
#1881=LINE('',#11873,#2804);
#1882=LINE('',#11877,#2805);
#1883=LINE('',#11879,#2806);
#1884=LINE('',#11881,#2807);
#1885=LINE('',#11883,#2808);
#1886=LINE('',#11884,#2809);
#1887=LINE('',#11951,#2810);
#1888=LINE('',#11953,#2811);
#1889=LINE('',#11955,#2812);
#1890=LINE('',#12011,#2813);
#1891=LINE('',#12019,#2814);
#1892=LINE('',#12021,#2815);
#1893=LINE('',#12023,#2816);
#1894=LINE('',#12025,#2817);
#1895=LINE('',#12027,#2818);
#1896=LINE('',#12029,#2819);
#1897=LINE('',#12031,#2820);
#1898=LINE('',#12033,#2821);
#1899=LINE('',#12035,#2822);
#1900=LINE('',#12037,#2823);
#1901=LINE('',#12039,#2824);
#1902=LINE('',#12040,#2825);
#1903=LINE('',#12097,#2826);
#1904=LINE('',#12099,#2827);
#1905=LINE('',#12101,#2828);
#1906=LINE('',#12103,#2829);
#1907=LINE('',#12105,#2830);
#1908=LINE('',#12107,#2831);
#1909=LINE('',#12109,#2832);
#1910=LINE('',#12111,#2833);
#1911=LINE('',#12113,#2834);
#1912=LINE('',#12115,#2835);
#1913=LINE('',#12117,#2836);
#1914=LINE('',#12119,#2837);
#1915=LINE('',#12120,#2838);
#1916=LINE('',#12195,#2839);
#1917=LINE('',#12245,#2840);
#1918=LINE('',#12253,#2841);
#1919=LINE('',#12255,#2842);
#1920=LINE('',#12275,#2843);
#1921=LINE('',#12277,#2844);
#1922=LINE('',#12279,#2845);
#1923=LINE('',#12281,#2846);
#1924=LINE('',#12282,#2847);
#1925=LINE('',#12285,#2848);
#1926=LINE('',#12341,#2849);
#1927=LINE('',#12343,#2850);
#1928=LINE('',#12345,#2851);
#1929=LINE('',#12346,#2852);
#1930=LINE('',#12349,#2853);
#1931=LINE('',#12351,#2854);
#1932=LINE('',#12377,#2855);
#1933=LINE('',#12391,#2856);
#1934=LINE('',#12393,#2857);
#1935=LINE('',#12394,#2858);
#1936=LINE('',#12397,#2859);
#1937=LINE('',#12399,#2860);
#1938=LINE('',#12425,#2861);
#1939=LINE('',#12439,#2862);
#1940=LINE('',#12441,#2863);
#1941=LINE('',#12442,#2864);
#1942=LINE('',#12445,#2865);
#1943=LINE('',#12447,#2866);
#1944=LINE('',#12449,#2867);
#1945=LINE('',#12450,#2868);
#1946=LINE('',#12453,#2869);
#1947=LINE('',#12454,#2870);
#1948=LINE('',#12459,#2871);
#1949=LINE('',#12462,#2872);
#1950=LINE('',#12464,#2873);
#1951=LINE('',#12470,#2874);
#1952=LINE('',#12477,#2875);
#1953=LINE('',#12479,#2876);
#1954=LINE('',#12481,#2877);
#1955=LINE('',#12483,#2878);
#1956=LINE('',#12485,#2879);
#1957=LINE('',#12487,#2880);
#1958=LINE('',#12489,#2881);
#1959=LINE('',#12491,#2882);
#1960=LINE('',#12493,#2883);
#1961=LINE('',#12494,#2884);
#1962=LINE('',#12496,#2885);
#1963=LINE('',#12500,#2886);
#1964=LINE('',#12502,#2887);
#1965=LINE('',#12504,#2888);
#1966=LINE('',#12505,#2889);
#1967=LINE('',#12509,#2890);
#1968=LINE('',#12511,#2891);
#1969=LINE('',#12513,#2892);
#1970=LINE('',#12514,#2893);
#1971=LINE('',#12517,#2894);
#1972=LINE('',#12519,#2895);
#1973=LINE('',#12520,#2896);
#1974=LINE('',#12523,#2897);
#1975=LINE('',#12524,#2898);
#1976=LINE('',#12527,#2899);
#1977=LINE('',#12528,#2900);
#1978=LINE('',#12530,#2901);
#1979=LINE('',#12534,#2902);
#1980=LINE('',#12539,#2903);
#1981=LINE('',#12558,#2904);
#1982=LINE('',#12563,#2905);
#1983=LINE('',#12570,#2906);
#1984=LINE('',#12572,#2907);
#1985=LINE('',#12573,#2908);
#1986=LINE('',#12576,#2909);
#1987=LINE('',#12578,#2910);
#1988=LINE('',#12580,#2911);
#1989=LINE('',#12582,#2912);
#1990=LINE('',#12584,#2913);
#1991=LINE('',#12586,#2914);
#1992=LINE('',#12588,#2915);
#1993=LINE('',#12590,#2916);
#1994=LINE('',#12592,#2917);
#1995=LINE('',#12594,#2918);
#1996=LINE('',#12596,#2919);
#1997=LINE('',#12598,#2920);
#1998=LINE('',#12599,#2921);
#1999=LINE('',#12603,#2922);
#2000=LINE('',#12605,#2923);
#2001=LINE('',#12607,#2924);
#2002=LINE('',#12608,#2925);
#2003=LINE('',#12611,#2926);
#2004=LINE('',#12613,#2927);
#2005=LINE('',#12614,#2928);
#2006=LINE('',#12617,#2929);
#2007=LINE('',#12619,#2930);
#2008=LINE('',#12621,#2931);
#2009=LINE('',#12622,#2932);
#2010=LINE('',#12625,#2933);
#2011=LINE('',#12626,#2934);
#2012=LINE('',#12628,#2935);
#2013=LINE('',#12630,#2936);
#2014=LINE('',#12632,#2937);
#2015=LINE('',#12634,#2938);
#2016=LINE('',#12636,#2939);
#2017=LINE('',#12637,#2940);
#2018=LINE('',#12640,#2941);
#2019=LINE('',#12642,#2942);
#2020=LINE('',#12643,#2943);
#2021=LINE('',#12647,#2944);
#2022=LINE('',#12649,#2945);
#2023=LINE('',#12651,#2946);
#2024=LINE('',#12652,#2947);
#2025=LINE('',#12654,#2948);
#2026=LINE('',#12655,#2949);
#2027=LINE('',#12658,#2950);
#2028=LINE('',#12660,#2951);
#2029=LINE('',#12661,#2952);
#2030=LINE('',#12663,#2953);
#2031=LINE('',#12664,#2954);
#2032=LINE('',#12666,#2955);
#2033=LINE('',#12668,#2956);
#2034=LINE('',#12669,#2957);
#2035=LINE('',#12671,#2958);
#2036=LINE('',#12672,#2959);
#2037=LINE('',#12673,#2960);
#2038=LINE('',#12676,#2961);
#2039=LINE('',#12678,#2962);
#2040=LINE('',#12679,#2963);
#2041=LINE('',#12682,#2964);
#2042=LINE('',#12683,#2965);
#2043=LINE('',#12686,#2966);
#2044=LINE('',#12687,#2967);
#2045=LINE('',#12689,#2968);
#2046=LINE('',#12692,#2969);
#2047=LINE('',#12694,#2970);
#2048=LINE('',#12695,#2971);
#2049=LINE('',#12698,#2972);
#2050=LINE('',#12699,#2973);
#2051=LINE('',#12716,#2974);
#2052=LINE('',#12733,#2975);
#2053=LINE('',#12750,#2976);
#2054=LINE('',#12767,#2977);
#2055=LINE('',#12770,#2978);
#2056=LINE('',#12771,#2979);
#2057=LINE('',#12788,#2980);
#2058=LINE('',#12805,#2981);
#2059=LINE('',#12808,#2982);
#2060=LINE('',#12809,#2983);
#2061=LINE('',#12812,#2984);
#2062=LINE('',#12813,#2985);
#2063=LINE('',#12815,#2986);
#2064=LINE('',#12818,#2987);
#2065=LINE('',#12820,#2988);
#2066=LINE('',#12821,#2989);
#2067=LINE('',#12824,#2990);
#2068=LINE('',#12825,#2991);
#2069=LINE('',#12842,#2992);
#2070=LINE('',#12859,#2993);
#2071=LINE('',#12876,#2994);
#2072=LINE('',#12893,#2995);
#2073=LINE('',#12896,#2996);
#2074=LINE('',#12897,#2997);
#2075=LINE('',#12914,#2998);
#2076=LINE('',#12931,#2999);
#2077=LINE('',#12934,#3000);
#2078=LINE('',#12935,#3001);
#2079=LINE('',#12938,#3002);
#2080=LINE('',#12939,#3003);
#2081=LINE('',#12941,#3004);
#2082=LINE('',#12944,#3005);
#2083=LINE('',#12946,#3006);
#2084=LINE('',#12947,#3007);
#2085=LINE('',#12964,#3008);
#2086=LINE('',#12981,#3009);
#2087=LINE('',#12998,#3010);
#2088=LINE('',#13015,#3011);
#2089=LINE('',#13032,#3012);
#2090=LINE('',#13049,#3013);
#2091=LINE('',#13066,#3014);
#2092=LINE('',#13083,#3015);
#2093=LINE('',#13100,#3016);
#2094=LINE('',#13103,#3017);
#2095=LINE('',#13104,#3018);
#2096=LINE('',#13107,#3019);
#2097=LINE('',#13108,#3020);
#2098=LINE('',#13111,#3021);
#2099=LINE('',#13112,#3022);
#2100=LINE('',#13114,#3023);
#2101=LINE('',#13117,#3024);
#2102=LINE('',#13119,#3025);
#2103=LINE('',#13120,#3026);
#2104=LINE('',#13123,#3027);
#2105=LINE('',#13124,#3028);
#2106=LINE('',#13141,#3029);
#2107=LINE('',#13158,#3030);
#2108=LINE('',#13175,#3031);
#2109=LINE('',#13178,#3032);
#2110=LINE('',#13179,#3033);
#2111=LINE('',#13182,#3034);
#2112=LINE('',#13183,#3035);
#2113=LINE('',#13186,#3036);
#2114=LINE('',#13187,#3037);
#2115=LINE('',#13190,#3038);
#2116=LINE('',#13191,#3039);
#2117=LINE('',#13193,#3040);
#2118=LINE('',#13205,#3041);
#2119=LINE('',#13212,#3042);
#2120=LINE('',#13229,#3043);
#2121=LINE('',#13246,#3044);
#2122=LINE('',#13263,#3045);
#2123=LINE('',#13280,#3046);
#2124=LINE('',#13297,#3047);
#2125=LINE('',#13314,#3048);
#2126=LINE('',#13331,#3049);
#2127=LINE('',#13348,#3050);
#2128=LINE('',#13365,#3051);
#2129=LINE('',#13382,#3052);
#2130=LINE('',#13399,#3053);
#2131=LINE('',#13402,#3054);
#2132=LINE('',#13403,#3055);
#2133=LINE('',#13420,#3056);
#2134=LINE('',#13437,#3057);
#2135=LINE('',#13454,#3058);
#2136=LINE('',#13471,#3059);
#2137=LINE('',#13488,#3060);
#2138=LINE('',#13505,#3061);
#2139=LINE('',#13522,#3062);
#2140=LINE('',#13539,#3063);
#2141=LINE('',#13542,#3064);
#2142=LINE('',#13543,#3065);
#2143=LINE('',#13561,#3066);
#2144=LINE('',#13563,#3067);
#2145=LINE('',#13564,#3068);
#2146=LINE('',#13567,#3069);
#2147=LINE('',#13568,#3070);
#2148=LINE('',#13571,#3071);
#2149=LINE('',#13572,#3072);
#2150=LINE('',#13575,#3073);
#2151=LINE('',#13576,#3074);
#2152=LINE('',#13579,#3075);
#2153=LINE('',#13580,#3076);
#2154=LINE('',#13583,#3077);
#2155=LINE('',#13584,#3078);
#2156=LINE('',#13587,#3079);
#2157=LINE('',#13588,#3080);
#2158=LINE('',#13591,#3081);
#2159=LINE('',#13592,#3082);
#2160=LINE('',#13595,#3083);
#2161=LINE('',#13596,#3084);
#2162=LINE('',#13599,#3085);
#2163=LINE('',#13600,#3086);
#2164=LINE('',#13603,#3087);
#2165=LINE('',#13604,#3088);
#2166=LINE('',#13607,#3089);
#2167=LINE('',#13608,#3090);
#2168=LINE('',#13610,#3091);
#2169=LINE('',#13622,#3092);
#2170=LINE('',#13629,#3093);
#2171=LINE('',#13646,#3094);
#2172=LINE('',#13663,#3095);
#2173=LINE('',#13680,#3096);
#2174=LINE('',#13697,#3097);
#2175=LINE('',#13714,#3098);
#2176=LINE('',#13731,#3099);
#2177=LINE('',#13748,#3100);
#2178=LINE('',#13766,#3101);
#2179=LINE('',#13768,#3102);
#2180=LINE('',#13769,#3103);
#2181=LINE('',#13772,#3104);
#2182=LINE('',#13773,#3105);
#2183=LINE('',#13776,#3106);
#2184=LINE('',#13777,#3107);
#2185=LINE('',#13780,#3108);
#2186=LINE('',#13781,#3109);
#2187=LINE('',#13784,#3110);
#2188=LINE('',#13785,#3111);
#2189=LINE('',#13788,#3112);
#2190=LINE('',#13789,#3113);
#2191=LINE('',#13792,#3114);
#2192=LINE('',#13793,#3115);
#2193=LINE('',#13796,#3116);
#2194=LINE('',#13797,#3117);
#2195=LINE('',#13800,#3118);
#2196=LINE('',#13801,#3119);
#2197=LINE('',#13804,#3120);
#2198=LINE('',#13805,#3121);
#2199=LINE('',#13808,#3122);
#2200=LINE('',#13809,#3123);
#2201=LINE('',#13811,#3124);
#2202=LINE('',#13823,#3125);
#2203=LINE('',#13830,#3126);
#2204=LINE('',#13847,#3127);
#2205=LINE('',#13864,#3128);
#2206=LINE('',#13881,#3129);
#2207=LINE('',#13898,#3130);
#2208=LINE('',#13915,#3131);
#2209=LINE('',#13932,#3132);
#2210=LINE('',#13949,#3133);
#2211=LINE('',#13966,#3134);
#2212=LINE('',#13969,#3135);
#2213=LINE('',#13970,#3136);
#2214=LINE('',#13973,#3137);
#2215=LINE('',#13974,#3138);
#2216=LINE('',#13977,#3139);
#2217=LINE('',#13978,#3140);
#2218=LINE('',#13995,#3141);
#2219=LINE('',#14012,#3142);
#2220=LINE('',#14029,#3143);
#2221=LINE('',#14046,#3144);
#2222=LINE('',#14063,#3145);
#2223=LINE('',#14080,#3146);
#2224=LINE('',#14097,#3147);
#2225=LINE('',#14114,#3148);
#2226=LINE('',#14131,#3149);
#2227=LINE('',#14134,#3150);
#2228=LINE('',#14135,#3151);
#2229=LINE('',#14155,#3152);
#2230=LINE('',#14158,#3153);
#2231=LINE('',#14160,#3154);
#2232=LINE('',#14164,#3155);
#2233=LINE('',#14166,#3156);
#2234=LINE('',#14167,#3157);
#2235=LINE('',#14170,#3158);
#2236=LINE('',#14172,#3159);
#2237=LINE('',#14173,#3160);
#2238=LINE('',#14176,#3161);
#2239=LINE('',#14178,#3162);
#2240=LINE('',#14179,#3163);
#2241=LINE('',#14182,#3164);
#2242=LINE('',#14184,#3165);
#2243=LINE('',#14185,#3166);
#2244=LINE('',#14188,#3167);
#2245=LINE('',#14189,#3168);
#2246=LINE('',#14192,#3169);
#2247=LINE('',#14193,#3170);
#2248=LINE('',#14196,#3171);
#2249=LINE('',#14198,#3172);
#2250=LINE('',#14200,#3173);
#2251=LINE('',#14201,#3174);
#2252=LINE('',#14203,#3175);
#2253=LINE('',#14209,#3176);
#2254=LINE('',#14210,#3177);
#2255=LINE('',#14212,#3178);
#2256=LINE('',#14215,#3179);
#2257=LINE('',#14216,#3180);
#2258=LINE('',#14219,#3181);
#2259=LINE('',#14221,#3182);
#2260=LINE('',#14222,#3183);
#2261=LINE('',#14226,#3184);
#2262=LINE('',#14227,#3185);
#2263=LINE('',#14229,#3186);
#2264=LINE('',#14230,#3187);
#2265=LINE('',#14231,#3188);
#2266=LINE('',#14234,#3189);
#2267=LINE('',#14235,#3190);
#2268=LINE('',#14243,#3191);
#2269=LINE('',#14244,#3192);
#2270=LINE('',#14245,#3193);
#2271=LINE('',#14249,#3194);
#2272=LINE('',#14254,#3195);
#2273=LINE('',#14258,#3196);
#2274=LINE('',#14261,#3197);
#2275=LINE('',#14262,#3198);
#2276=LINE('',#14264,#3199);
#2277=LINE('',#14265,#3200);
#2278=LINE('',#14266,#3201);
#2279=LINE('',#14270,#3202);
#2280=LINE('',#14272,#3203);
#2281=LINE('',#14274,#3204);
#2282=LINE('',#14275,#3205);
#2283=LINE('',#14278,#3206);
#2284=LINE('',#14279,#3207);
#2285=LINE('',#14282,#3208);
#2286=LINE('',#14285,#3209);
#2287=LINE('',#14287,#3210);
#2288=LINE('',#14289,#3211);
#2289=LINE('',#14291,#3212);
#2290=LINE('',#14293,#3213);
#2291=LINE('',#14296,#3214);
#2292=LINE('',#14300,#3215);
#2293=LINE('',#14302,#3216);
#2294=LINE('',#14303,#3217);
#2295=LINE('',#14306,#3218);
#2296=LINE('',#14307,#3219);
#2297=LINE('',#14310,#3220);
#2298=LINE('',#14311,#3221);
#2299=LINE('',#14314,#3222);
#2300=LINE('',#14315,#3223);
#2301=LINE('',#14316,#3224);
#2302=LINE('',#14317,#3225);
#2303=LINE('',#14319,#3226);
#2304=LINE('',#14322,#3227);
#2305=LINE('',#14326,#3228);
#2306=LINE('',#14327,#3229);
#2307=LINE('',#14330,#3230);
#2308=LINE('',#14332,#3231);
#2309=LINE('',#14333,#3232);
#2310=LINE('',#14336,#3233);
#2311=LINE('',#14338,#3234);
#2312=LINE('',#14339,#3235);
#2313=LINE('',#14342,#3236);
#2314=LINE('',#14343,#3237);
#2315=LINE('',#14346,#3238);
#2316=LINE('',#14347,#3239);
#2317=LINE('',#14350,#3240);
#2318=LINE('',#14351,#3241);
#2319=LINE('',#14354,#3242);
#2320=LINE('',#14355,#3243);
#2321=LINE('',#14358,#3244);
#2322=LINE('',#14360,#3245);
#2323=LINE('',#14361,#3246);
#2324=LINE('',#14363,#3247);
#2325=LINE('',#14366,#3248);
#2326=LINE('',#14367,#3249);
#2327=LINE('',#14368,#3250);
#2328=LINE('',#14371,#3251);
#2329=LINE('',#14372,#3252);
#2330=LINE('',#14374,#3253);
#2331=LINE('',#14375,#3254);
#2332=LINE('',#14377,#3255);
#2333=LINE('',#14379,#3256);
#2334=LINE('',#14380,#3257);
#2335=LINE('',#14384,#3258);
#2336=VECTOR('',#8852,10.);
#2337=VECTOR('',#8853,10.);
#2338=VECTOR('',#8854,10.);
#2339=VECTOR('',#8855,10.);
#2340=VECTOR('',#8858,10.);
#2341=VECTOR('',#8859,10.);
#2342=VECTOR('',#8860,10.);
#2343=VECTOR('',#8863,10.);
#2344=VECTOR('',#8864,10.);
#2345=VECTOR('',#8865,10.);
#2346=VECTOR('',#8868,10.);
#2347=VECTOR('',#8869,10.);
#2348=VECTOR('',#8878,2.);
#2349=VECTOR('',#8887,2.);
#2350=VECTOR('',#8896,2.);
#2351=VECTOR('',#8905,2.);
#2352=VECTOR('',#8908,10.);
#2353=VECTOR('',#8909,10.);
#2354=VECTOR('',#8910,10.);
#2355=VECTOR('',#8911,10.);
#2356=VECTOR('',#8912,10.);
#2357=VECTOR('',#8913,10.);
#2358=VECTOR('',#8916,10.);
#2359=VECTOR('',#8917,10.);
#2360=VECTOR('',#8918,10.);
#2361=VECTOR('',#8919,10.);
#2362=VECTOR('',#8922,10.);
#2363=VECTOR('',#8923,10.);
#2364=VECTOR('',#8924,10.);
#2365=VECTOR('',#8925,10.);
#2366=VECTOR('',#8928,10.);
#2367=VECTOR('',#8929,10.);
#2368=VECTOR('',#8930,10.);
#2369=VECTOR('',#8933,10.);
#2370=VECTOR('',#8934,10.);
#2371=VECTOR('',#8935,10.);
#2372=VECTOR('',#8938,10.);
#2373=VECTOR('',#8939,10.);
#2374=VECTOR('',#8942,10.);
#2375=VECTOR('',#8943,10.);
#2376=VECTOR('',#8944,10.);
#2377=VECTOR('',#8947,10.);
#2378=VECTOR('',#8948,10.);
#2379=VECTOR('',#8949,10.);
#2380=VECTOR('',#8950,10.);
#2381=VECTOR('',#8955,10.);
#2382=VECTOR('',#8956,10.);
#2383=VECTOR('',#8957,10.);
#2384=VECTOR('',#8958,10.);
#2385=VECTOR('',#8961,10.);
#2386=VECTOR('',#8962,10.);
#2387=VECTOR('',#8963,10.);
#2388=VECTOR('',#8966,10.);
#2389=VECTOR('',#8967,10.);
#2390=VECTOR('',#8968,10.);
#2391=VECTOR('',#8969,10.);
#2392=VECTOR('',#8972,10.);
#2393=VECTOR('',#8973,10.);
#2394=VECTOR('',#8976,10.);
#2395=VECTOR('',#8977,10.);
#2396=VECTOR('',#8978,10.);
#2397=VECTOR('',#8981,10.);
#2398=VECTOR('',#8984,10.);
#2399=VECTOR('',#8985,10.);
#2400=VECTOR('',#8986,10.);
#2401=VECTOR('',#8987,10.);
#2402=VECTOR('',#8990,10.);
#2403=VECTOR('',#8991,10.);
#2404=VECTOR('',#8992,10.);
#2405=VECTOR('',#8995,10.);
#2406=VECTOR('',#8996,10.);
#2407=VECTOR('',#8999,10.);
#2408=VECTOR('',#9002,10.);
#2409=VECTOR('',#9003,10.);
#2410=VECTOR('',#9008,10.);
#2411=VECTOR('',#9011,10.);
#2412=VECTOR('',#9014,10.);
#2413=VECTOR('',#9015,10.);
#2414=VECTOR('',#9016,10.);
#2415=VECTOR('',#9021,10.);
#2416=VECTOR('',#9026,10.);
#2417=VECTOR('',#9027,10.);
#2418=VECTOR('',#9032,10.);
#2419=VECTOR('',#9035,10.);
#2420=VECTOR('',#9038,10.);
#2421=VECTOR('',#9039,10.);
#2422=VECTOR('',#9040,10.);
#2423=VECTOR('',#9045,10.);
#2424=VECTOR('',#9050,10.);
#2425=VECTOR('',#9051,10.);
#2426=VECTOR('',#9056,10.);
#2427=VECTOR('',#9059,10.);
#2428=VECTOR('',#9062,10.);
#2429=VECTOR('',#9063,10.);
#2430=VECTOR('',#9064,10.);
#2431=VECTOR('',#9069,10.);
#2432=VECTOR('',#9074,10.);
#2433=VECTOR('',#9075,10.);
#2434=VECTOR('',#9080,10.);
#2435=VECTOR('',#9083,10.);
#2436=VECTOR('',#9086,10.);
#2437=VECTOR('',#9087,10.);
#2438=VECTOR('',#9088,10.);
#2439=VECTOR('',#9093,10.);
#2440=VECTOR('',#9098,10.);
#2441=VECTOR('',#9099,10.);
#2442=VECTOR('',#9104,10.);
#2443=VECTOR('',#9107,10.);
#2444=VECTOR('',#9110,10.);
#2445=VECTOR('',#9111,10.);
#2446=VECTOR('',#9112,10.);
#2447=VECTOR('',#9117,10.);
#2448=VECTOR('',#9122,10.);
#2449=VECTOR('',#9123,10.);
#2450=VECTOR('',#9128,10.);
#2451=VECTOR('',#9131,10.);
#2452=VECTOR('',#9134,10.);
#2453=VECTOR('',#9135,10.);
#2454=VECTOR('',#9136,10.);
#2455=VECTOR('',#9141,10.);
#2456=VECTOR('',#9146,10.);
#2457=VECTOR('',#9147,10.);
#2458=VECTOR('',#9150,10.);
#2459=VECTOR('',#9151,10.);
#2460=VECTOR('',#9152,10.);
#2461=VECTOR('',#9153,10.);
#2462=VECTOR('',#9156,10.);
#2463=VECTOR('',#9159,10.);
#2464=VECTOR('',#9162,10.);
#2465=VECTOR('',#9165,10.);
#2466=VECTOR('',#9170,10.);
#2467=VECTOR('',#9171,10.);
#2468=VECTOR('',#9172,10.);
#2469=VECTOR('',#9173,10.);
#2470=VECTOR('',#9180,10.);
#2471=VECTOR('',#9181,10.);
#2472=VECTOR('',#9182,10.);
#2473=VECTOR('',#9187,10.);
#2474=VECTOR('',#9192,10.);
#2475=VECTOR('',#9199,10.);
#2476=VECTOR('',#9204,10.);
#2477=VECTOR('',#9205,10.);
#2478=VECTOR('',#9206,10.);
#2479=VECTOR('',#9217,10.);
#2480=VECTOR('',#9222,10.);
#2481=VECTOR('',#9223,10.);
#2482=VECTOR('',#9224,10.);
#2483=VECTOR('',#9227,10.);
#2484=VECTOR('',#9228,10.);
#2485=VECTOR('',#9231,10.);
#2486=VECTOR('',#9234,10.);
#2487=VECTOR('',#9235,10.);
#2488=VECTOR('',#9236,10.);
#2489=VECTOR('',#9247,10.);
#2490=VECTOR('',#9248,10.);
#2491=VECTOR('',#9251,10.);
#2492=VECTOR('',#9252,10.);
#2493=VECTOR('',#9253,10.);
#2494=VECTOR('',#9258,10.);
#2495=VECTOR('',#9261,10.);
#2496=VECTOR('',#9266,10.);
#2497=VECTOR('',#9269,10.);
#2498=VECTOR('',#9272,10.);
#2499=VECTOR('',#9273,10.);
#2500=VECTOR('',#9274,10.);
#2501=VECTOR('',#9277,10.);
#2502=VECTOR('',#9278,10.);
#2503=VECTOR('',#9279,10.);
#2504=VECTOR('',#9280,10.);
#2505=VECTOR('',#9283,10.);
#2506=VECTOR('',#9284,10.);
#2507=VECTOR('',#9285,10.);
#2508=VECTOR('',#9290,10.);
#2509=VECTOR('',#9293,10.);
#2510=VECTOR('',#9294,10.);
#2511=VECTOR('',#9297,10.);
#2512=VECTOR('',#9298,10.);
#2513=VECTOR('',#9301,10.);
#2514=VECTOR('',#9304,10.);
#2515=VECTOR('',#9307,10.);
#2516=VECTOR('',#9310,10.);
#2517=VECTOR('',#9315,10.);
#2518=VECTOR('',#9316,10.);
#2519=VECTOR('',#9321,10.);
#2520=VECTOR('',#9324,10.);
#2521=VECTOR('',#9325,10.);
#2522=VECTOR('',#9332,10.);
#2523=VECTOR('',#9333,10.);
#2524=VECTOR('',#9336,10.);
#2525=VECTOR('',#9339,10.);
#2526=VECTOR('',#9342,10.);
#2527=VECTOR('',#9345,10.);
#2528=VECTOR('',#9348,10.);
#2529=VECTOR('',#9351,10.);
#2530=VECTOR('',#9356,10.);
#2531=VECTOR('',#9357,10.);
#2532=VECTOR('',#9360,10.);
#2533=VECTOR('',#9361,10.);
#2534=VECTOR('',#9364,10.);
#2535=VECTOR('',#9369,10.);
#2536=VECTOR('',#9372,10.);
#2537=VECTOR('',#9373,10.);
#2538=VECTOR('',#9374,10.);
#2539=VECTOR('',#9375,10.);
#2540=VECTOR('',#9376,10.);
#2541=VECTOR('',#9379,10.);
#2542=VECTOR('',#9382,10.);
#2543=VECTOR('',#9383,10.);
#2544=VECTOR('',#9384,10.);
#2545=VECTOR('',#9385,10.);
#2546=VECTOR('',#9386,10.);
#2547=VECTOR('',#9389,10.);
#2548=VECTOR('',#9390,10.);
#2549=VECTOR('',#9395,10.);
#2550=VECTOR('',#9396,10.);
#2551=VECTOR('',#9399,10.);
#2552=VECTOR('',#9400,10.);
#2553=VECTOR('',#9403,10.);
#2554=VECTOR('',#9404,10.);
#2555=VECTOR('',#9407,10.);
#2556=VECTOR('',#9408,10.);
#2557=VECTOR('',#9411,10.);
#2558=VECTOR('',#9412,10.);
#2559=VECTOR('',#9415,10.);
#2560=VECTOR('',#9420,10.);
#2561=VECTOR('',#9421,10.);
#2562=VECTOR('',#9424,10.);
#2563=VECTOR('',#9429,10.);
#2564=VECTOR('',#9430,10.);
#2565=VECTOR('',#9433,10.);
#2566=VECTOR('',#9434,10.);
#2567=VECTOR('',#9437,10.);
#2568=VECTOR('',#9438,10.);
#2569=VECTOR('',#9441,10.);
#2570=VECTOR('',#9442,10.);
#2571=VECTOR('',#9445,10.);
#2572=VECTOR('',#9446,10.);
#2573=VECTOR('',#9449,10.);
#2574=VECTOR('',#9456,10.);
#2575=VECTOR('',#9459,10.);
#2576=VECTOR('',#9462,10.);
#2577=VECTOR('',#9463,10.);
#2578=VECTOR('',#9464,10.);
#2579=VECTOR('',#9469,10.);
#2580=VECTOR('',#9474,10.);
#2581=VECTOR('',#9475,10.);
#2582=VECTOR('',#9476,10.);
#2583=VECTOR('',#9481,10.);
#2584=VECTOR('',#9488,10.);
#2585=VECTOR('',#9491,10.);
#2586=VECTOR('',#9494,10.);
#2587=VECTOR('',#9495,10.);
#2588=VECTOR('',#9500,10.);
#2589=VECTOR('',#9503,10.);
#2590=VECTOR('',#9506,10.);
#2591=VECTOR('',#9507,10.);
#2592=VECTOR('',#9508,10.);
#2593=VECTOR('',#9511,10.);
#2594=VECTOR('',#9512,10.);
#2595=VECTOR('',#9513,10.);
#2596=VECTOR('',#9514,10.);
#2597=VECTOR('',#9517,10.);
#2598=VECTOR('',#9518,10.);
#2599=VECTOR('',#9519,10.);
#2600=VECTOR('',#9522,10.);
#2601=VECTOR('',#9525,10.);
#2602=VECTOR('',#9526,10.);
#2603=VECTOR('',#9527,10.);
#2604=VECTOR('',#9534,10.);
#2605=VECTOR('',#9535,10.);
#2606=VECTOR('',#9538,10.);
#2607=VECTOR('',#9541,10.);
#2608=VECTOR('',#9544,10.);
#2609=VECTOR('',#9545,10.);
#2610=VECTOR('',#9546,10.);
#2611=VECTOR('',#9549,10.);
#2612=VECTOR('',#9554,10.);
#2613=VECTOR('',#9555,10.);
#2614=VECTOR('',#9556,10.);
#2615=VECTOR('',#9557,10.);
#2616=VECTOR('',#9560,10.);
#2617=VECTOR('',#9561,10.);
#2618=VECTOR('',#9562,10.);
#2619=VECTOR('',#9565,10.);
#2620=VECTOR('',#9566,10.);
#2621=VECTOR('',#9567,10.);
#2622=VECTOR('',#9570,10.);
#2623=VECTOR('',#9571,10.);
#2624=VECTOR('',#9574,10.);
#2625=VECTOR('',#9575,10.);
#2626=VECTOR('',#9576,10.);
#2627=VECTOR('',#9577,10.);
#2628=VECTOR('',#9580,10.);
#2629=VECTOR('',#9581,10.);
#2630=VECTOR('',#9582,10.);
#2631=VECTOR('',#9585,10.);
#2632=VECTOR('',#9586,10.);
#2633=VECTOR('',#9589,10.);
#2634=VECTOR('',#9590,10.);
#2635=VECTOR('',#9591,10.);
#2636=VECTOR('',#9592,10.);
#2637=VECTOR('',#9595,10.);
#2638=VECTOR('',#9596,10.);
#2639=VECTOR('',#9597,10.);
#2640=VECTOR('',#9600,10.);
#2641=VECTOR('',#9601,10.);
#2642=VECTOR('',#9602,10.);
#2643=VECTOR('',#9605,10.);
#2644=VECTOR('',#9606,10.);
#2645=VECTOR('',#9607,10.);
#2646=VECTOR('',#9610,10.);
#2647=VECTOR('',#9611,10.);
#2648=VECTOR('',#9612,10.);
#2649=VECTOR('',#9615,10.);
#2650=VECTOR('',#9616,10.);
#2651=VECTOR('',#9617,10.);
#2652=VECTOR('',#9620,10.);
#2653=VECTOR('',#9621,10.);
#2654=VECTOR('',#9622,10.);
#2655=VECTOR('',#9625,10.);
#2656=VECTOR('',#9626,10.);
#2657=VECTOR('',#9627,10.);
#2658=VECTOR('',#9630,10.);
#2659=VECTOR('',#9631,10.);
#2660=VECTOR('',#9632,10.);
#2661=VECTOR('',#9635,10.);
#2662=VECTOR('',#9636,10.);
#2663=VECTOR('',#9637,10.);
#2664=VECTOR('',#9640,10.);
#2665=VECTOR('',#9641,10.);
#2666=VECTOR('',#9642,10.);
#2667=VECTOR('',#9645,10.);
#2668=VECTOR('',#9646,10.);
#2669=VECTOR('',#9647,10.);
#2670=VECTOR('',#9650,10.);
#2671=VECTOR('',#9651,10.);
#2672=VECTOR('',#9652,10.);
#2673=VECTOR('',#9655,10.);
#2674=VECTOR('',#9656,10.);
#2675=VECTOR('',#9657,10.);
#2676=VECTOR('',#9660,10.);
#2677=VECTOR('',#9661,10.);
#2678=VECTOR('',#9662,10.);
#2679=VECTOR('',#9665,10.);
#2680=VECTOR('',#9666,10.);
#2681=VECTOR('',#9669,10.);
#2682=VECTOR('',#9670,10.);
#2683=VECTOR('',#9671,10.);
#2684=VECTOR('',#9674,10.);
#2685=VECTOR('',#9675,10.);
#2686=VECTOR('',#9678,10.);
#2687=VECTOR('',#9679,10.);
#2688=VECTOR('',#9682,10.);
#2689=VECTOR('',#9683,10.);
#2690=VECTOR('',#9686,10.);
#2691=VECTOR('',#9687,10.);
#2692=VECTOR('',#9690,10.);
#2693=VECTOR('',#9691,10.);
#2694=VECTOR('',#9694,10.);
#2695=VECTOR('',#9695,10.);
#2696=VECTOR('',#9698,10.);
#2697=VECTOR('',#9699,10.);
#2698=VECTOR('',#9702,10.);
#2699=VECTOR('',#9703,10.);
#2700=VECTOR('',#9706,10.);
#2701=VECTOR('',#9707,10.);
#2702=VECTOR('',#9708,10.);
#2703=VECTOR('',#9711,10.);
#2704=VECTOR('',#9712,10.);
#2705=VECTOR('',#9713,10.);
#2706=VECTOR('',#9714,10.);
#2707=VECTOR('',#9715,10.);
#2708=VECTOR('',#9716,10.);
#2709=VECTOR('',#9717,10.);
#2710=VECTOR('',#9722,10.);
#2711=VECTOR('',#9725,10.);
#2712=VECTOR('',#9728,10.);
#2713=VECTOR('',#9731,10.);
#2714=VECTOR('',#9736,10.);
#2715=VECTOR('',#9739,10.);
#2716=VECTOR('',#9744,10.);
#2717=VECTOR('',#9745,10.);
#2718=VECTOR('',#9746,10.);
#2719=VECTOR('',#9747,10.);
#2720=VECTOR('',#9748,10.);
#2721=VECTOR('',#9749,10.);
#2722=VECTOR('',#9752,10.);
#2723=VECTOR('',#9753,10.);
#2724=VECTOR('',#9754,10.);
#2725=VECTOR('',#9755,10.);
#2726=VECTOR('',#9756,10.);
#2727=VECTOR('',#9757,10.);
#2728=VECTOR('',#9760,10.);
#2729=VECTOR('',#9761,10.);
#2730=VECTOR('',#9762,10.);
#2731=VECTOR('',#9763,10.);
#2732=VECTOR('',#9764,10.);
#2733=VECTOR('',#9769,10.);
#2734=VECTOR('',#9772,10.);
#2735=VECTOR('',#9773,10.);
#2736=VECTOR('',#9774,10.);
#2737=VECTOR('',#9775,10.);
#2738=VECTOR('',#9776,10.);
#2739=VECTOR('',#9777,10.);
#2740=VECTOR('',#9780,10.);
#2741=VECTOR('',#9781,10.);
#2742=VECTOR('',#9782,10.);
#2743=VECTOR('',#9785,10.);
#2744=VECTOR('',#9786,10.);
#2745=VECTOR('',#9787,10.);
#2746=VECTOR('',#9790,10.);
#2747=VECTOR('',#9791,10.);
#2748=VECTOR('',#9792,10.);
#2749=VECTOR('',#9793,10.);
#2750=VECTOR('',#9794,10.);
#2751=VECTOR('',#9795,10.);
#2752=VECTOR('',#9798,10.);
#2753=VECTOR('',#9799,10.);
#2754=VECTOR('',#9804,10.);
#2755=VECTOR('',#9807,10.);
#2756=VECTOR('',#9808,10.);
#2757=VECTOR('',#9809,10.);
#2758=VECTOR('',#9814,10.);
#2759=VECTOR('',#9817,10.);
#2760=VECTOR('',#9818,10.);
#2761=VECTOR('',#9821,10.);
#2762=VECTOR('',#9826,10.);
#2763=VECTOR('',#9827,10.);
#2764=VECTOR('',#9828,10.);
#2765=VECTOR('',#9829,10.);
#2766=VECTOR('',#9830,10.);
#2767=VECTOR('',#9835,10.);
#2768=VECTOR('',#9838,10.);
#2769=VECTOR('',#9841,10.);
#2770=VECTOR('',#9842,10.);
#2771=VECTOR('',#9845,10.);
#2772=VECTOR('',#9854,10.);
#2773=VECTOR('',#9857,10.);
#2774=VECTOR('',#9860,10.);
#2775=VECTOR('',#9861,10.);
#2776=VECTOR('',#9864,10.);
#2777=VECTOR('',#9865,10.);
#2778=VECTOR('',#9868,10.);
#2779=VECTOR('',#9869,10.);
#2780=VECTOR('',#9874,1.99999999999999);
#2781=VECTOR('',#9883,10.);
#2782=VECTOR('',#9884,10.);
#2783=VECTOR('',#9885,10.);
#2784=VECTOR('',#9886,10.);
#2785=VECTOR('',#9887,10.);
#2786=VECTOR('',#9890,10.);
#2787=VECTOR('',#9891,10.);
#2788=VECTOR('',#9892,10.);
#2789=VECTOR('',#9893,10.);
#2790=VECTOR('',#9894,10.);
#2791=VECTOR('',#9895,10.);
#2792=VECTOR('',#9896,10.);
#2793=VECTOR('',#9897,10.);
#2794=VECTOR('',#9898,10.);
#2795=VECTOR('',#9899,10.);
#2796=VECTOR('',#9900,10.);
#2797=VECTOR('',#9901,10.);
#2798=VECTOR('',#9902,10.);
#2799=VECTOR('',#9903,10.);
#2800=VECTOR('',#9904,10.);
#2801=VECTOR('',#9905,10.);
#2802=VECTOR('',#9906,10.);
#2803=VECTOR('',#9907,10.);
#2804=VECTOR('',#9908,10.);
#2805=VECTOR('',#9911,10.);
#2806=VECTOR('',#9912,10.);
#2807=VECTOR('',#9913,10.);
#2808=VECTOR('',#9914,10.);
#2809=VECTOR('',#9915,10.);
#2810=VECTOR('',#9926,10.);
#2811=VECTOR('',#9927,10.);
#2812=VECTOR('',#9928,10.);
#2813=VECTOR('',#9929,10.);
#2814=VECTOR('',#9930,10.);
#2815=VECTOR('',#9931,10.);
#2816=VECTOR('',#9932,10.);
#2817=VECTOR('',#9933,10.);
#2818=VECTOR('',#9934,10.);
#2819=VECTOR('',#9935,10.);
#2820=VECTOR('',#9936,10.);
#2821=VECTOR('',#9937,10.);
#2822=VECTOR('',#9938,10.);
#2823=VECTOR('',#9939,10.);
#2824=VECTOR('',#9940,10.);
#2825=VECTOR('',#9941,10.);
#2826=VECTOR('',#9942,10.);
#2827=VECTOR('',#9943,10.);
#2828=VECTOR('',#9944,10.);
#2829=VECTOR('',#9945,10.);
#2830=VECTOR('',#9946,10.);
#2831=VECTOR('',#9947,10.);
#2832=VECTOR('',#9948,10.);
#2833=VECTOR('',#9949,10.);
#2834=VECTOR('',#9950,10.);
#2835=VECTOR('',#9951,10.);
#2836=VECTOR('',#9952,10.);
#2837=VECTOR('',#9953,10.);
#2838=VECTOR('',#9954,10.);
#2839=VECTOR('',#9955,10.);
#2840=VECTOR('',#9956,10.);
#2841=VECTOR('',#9957,10.);
#2842=VECTOR('',#9958,10.);
#2843=VECTOR('',#9959,10.);
#2844=VECTOR('',#9960,10.);
#2845=VECTOR('',#9961,10.);
#2846=VECTOR('',#9962,10.);
#2847=VECTOR('',#9963,10.);
#2848=VECTOR('',#9964,10.);
#2849=VECTOR('',#9965,10.);
#2850=VECTOR('',#9966,10.);
#2851=VECTOR('',#9967,10.);
#2852=VECTOR('',#9968,10.);
#2853=VECTOR('',#9969,10.);
#2854=VECTOR('',#9970,10.);
#2855=VECTOR('',#9971,10.);
#2856=VECTOR('',#9972,10.);
#2857=VECTOR('',#9973,10.);
#2858=VECTOR('',#9974,10.);
#2859=VECTOR('',#9975,10.);
#2860=VECTOR('',#9976,10.);
#2861=VECTOR('',#9977,10.);
#2862=VECTOR('',#9978,10.);
#2863=VECTOR('',#9979,10.);
#2864=VECTOR('',#9980,10.);
#2865=VECTOR('',#9981,10.);
#2866=VECTOR('',#9982,10.);
#2867=VECTOR('',#9983,10.);
#2868=VECTOR('',#9984,10.);
#2869=VECTOR('',#9987,10.);
#2870=VECTOR('',#9988,10.);
#2871=VECTOR('',#9993,3.99999999999999);
#2872=VECTOR('',#9996,10.);
#2873=VECTOR('',#9997,10.);
#2874=VECTOR('',#10004,2.00000000000003);
#2875=VECTOR('',#10013,10.);
#2876=VECTOR('',#10014,10.);
#2877=VECTOR('',#10015,10.);
#2878=VECTOR('',#10016,10.);
#2879=VECTOR('',#10017,10.);
#2880=VECTOR('',#10018,10.);
#2881=VECTOR('',#10019,10.);
#2882=VECTOR('',#10020,10.);
#2883=VECTOR('',#10021,10.);
#2884=VECTOR('',#10022,10.);
#2885=VECTOR('',#10025,10.);
#2886=VECTOR('',#10028,10.);
#2887=VECTOR('',#10029,10.);
#2888=VECTOR('',#10030,10.);
#2889=VECTOR('',#10031,10.);
#2890=VECTOR('',#10034,10.);
#2891=VECTOR('',#10035,10.);
#2892=VECTOR('',#10036,10.);
#2893=VECTOR('',#10037,10.);
#2894=VECTOR('',#10040,10.);
#2895=VECTOR('',#10041,10.);
#2896=VECTOR('',#10042,10.);
#2897=VECTOR('',#10045,10.);
#2898=VECTOR('',#10046,10.);
#2899=VECTOR('',#10049,10.);
#2900=VECTOR('',#10050,10.);
#2901=VECTOR('',#10053,10.);
#2902=VECTOR('',#10058,3.99999999999999);
#2903=VECTOR('',#10063,2.00000000000003);
#2904=VECTOR('',#10088,4.00000000000002);
#2905=VECTOR('',#10093,1.99999999999999);
#2906=VECTOR('',#10102,10.);
#2907=VECTOR('',#10103,10.);
#2908=VECTOR('',#10104,10.);
#2909=VECTOR('',#10107,10.);
#2910=VECTOR('',#10108,10.);
#2911=VECTOR('',#10109,10.);
#2912=VECTOR('',#10110,10.);
#2913=VECTOR('',#10111,10.);
#2914=VECTOR('',#10112,10.);
#2915=VECTOR('',#10113,10.);
#2916=VECTOR('',#10114,10.);
#2917=VECTOR('',#10115,10.);
#2918=VECTOR('',#10116,10.);
#2919=VECTOR('',#10117,10.);
#2920=VECTOR('',#10118,10.);
#2921=VECTOR('',#10119,10.);
#2922=VECTOR('',#10122,10.);
#2923=VECTOR('',#10123,10.);
#2924=VECTOR('',#10124,10.);
#2925=VECTOR('',#10125,10.);
#2926=VECTOR('',#10128,10.);
#2927=VECTOR('',#10129,10.);
#2928=VECTOR('',#10130,10.);
#2929=VECTOR('',#10133,10.);
#2930=VECTOR('',#10134,10.);
#2931=VECTOR('',#10135,10.);
#2932=VECTOR('',#10136,10.);
#2933=VECTOR('',#10139,10.);
#2934=VECTOR('',#10140,10.);
#2935=VECTOR('',#10141,10.);
#2936=VECTOR('',#10142,10.);
#2937=VECTOR('',#10143,10.);
#2938=VECTOR('',#10144,10.);
#2939=VECTOR('',#10145,10.);
#2940=VECTOR('',#10146,10.);
#2941=VECTOR('',#10149,10.);
#2942=VECTOR('',#10150,10.);
#2943=VECTOR('',#10151,10.);
#2944=VECTOR('',#10154,10.);
#2945=VECTOR('',#10155,10.);
#2946=VECTOR('',#10156,10.);
#2947=VECTOR('',#10157,10.);
#2948=VECTOR('',#10160,10.);
#2949=VECTOR('',#10161,10.);
#2950=VECTOR('',#10164,10.);
#2951=VECTOR('',#10165,10.);
#2952=VECTOR('',#10166,10.);
#2953=VECTOR('',#10167,10.);
#2954=VECTOR('',#10168,10.);
#2955=VECTOR('',#10169,10.);
#2956=VECTOR('',#10170,10.);
#2957=VECTOR('',#10171,10.);
#2958=VECTOR('',#10172,10.);
#2959=VECTOR('',#10173,10.);
#2960=VECTOR('',#10174,10.);
#2961=VECTOR('',#10177,10.);
#2962=VECTOR('',#10178,10.);
#2963=VECTOR('',#10179,10.);
#2964=VECTOR('',#10182,10.);
#2965=VECTOR('',#10183,10.);
#2966=VECTOR('',#10186,10.);
#2967=VECTOR('',#10187,10.);
#2968=VECTOR('',#10190,10.);
#2969=VECTOR('',#10193,10.);
#2970=VECTOR('',#10194,10.);
#2971=VECTOR('',#10195,10.);
#2972=VECTOR('',#10198,10.);
#2973=VECTOR('',#10199,10.);
#2974=VECTOR('',#10200,10.);
#2975=VECTOR('',#10201,10.);
#2976=VECTOR('',#10202,10.);
#2977=VECTOR('',#10203,10.);
#2978=VECTOR('',#10206,10.);
#2979=VECTOR('',#10207,10.);
#2980=VECTOR('',#10208,10.);
#2981=VECTOR('',#10209,10.);
#2982=VECTOR('',#10212,10.);
#2983=VECTOR('',#10213,10.);
#2984=VECTOR('',#10216,10.);
#2985=VECTOR('',#10217,10.);
#2986=VECTOR('',#10220,10.);
#2987=VECTOR('',#10223,10.);
#2988=VECTOR('',#10224,10.);
#2989=VECTOR('',#10225,10.);
#2990=VECTOR('',#10228,10.);
#2991=VECTOR('',#10229,10.);
#2992=VECTOR('',#10230,10.);
#2993=VECTOR('',#10231,10.);
#2994=VECTOR('',#10232,10.);
#2995=VECTOR('',#10233,10.);
#2996=VECTOR('',#10236,10.);
#2997=VECTOR('',#10237,10.);
#2998=VECTOR('',#10238,10.);
#2999=VECTOR('',#10239,10.);
#3000=VECTOR('',#10242,10.);
#3001=VECTOR('',#10243,10.);
#3002=VECTOR('',#10246,10.);
#3003=VECTOR('',#10247,10.);
#3004=VECTOR('',#10250,10.);
#3005=VECTOR('',#10253,10.);
#3006=VECTOR('',#10254,10.);
#3007=VECTOR('',#10255,10.);
#3008=VECTOR('',#10256,10.);
#3009=VECTOR('',#10257,10.);
#3010=VECTOR('',#10258,10.);
#3011=VECTOR('',#10259,10.);
#3012=VECTOR('',#10260,10.);
#3013=VECTOR('',#10261,10.);
#3014=VECTOR('',#10262,10.);
#3015=VECTOR('',#10263,10.);
#3016=VECTOR('',#10264,10.);
#3017=VECTOR('',#10267,10.);
#3018=VECTOR('',#10268,10.);
#3019=VECTOR('',#10271,10.);
#3020=VECTOR('',#10272,10.);
#3021=VECTOR('',#10275,10.);
#3022=VECTOR('',#10276,10.);
#3023=VECTOR('',#10279,10.);
#3024=VECTOR('',#10282,10.);
#3025=VECTOR('',#10283,10.);
#3026=VECTOR('',#10284,10.);
#3027=VECTOR('',#10287,10.);
#3028=VECTOR('',#10288,10.);
#3029=VECTOR('',#10289,10.);
#3030=VECTOR('',#10290,10.);
#3031=VECTOR('',#10291,10.);
#3032=VECTOR('',#10294,10.);
#3033=VECTOR('',#10295,10.);
#3034=VECTOR('',#10298,10.);
#3035=VECTOR('',#10299,10.);
#3036=VECTOR('',#10302,10.);
#3037=VECTOR('',#10303,10.);
#3038=VECTOR('',#10306,10.);
#3039=VECTOR('',#10307,10.);
#3040=VECTOR('',#10310,10.);
#3041=VECTOR('',#10311,10.);
#3042=VECTOR('',#10312,10.);
#3043=VECTOR('',#10313,10.);
#3044=VECTOR('',#10314,10.);
#3045=VECTOR('',#10315,10.);
#3046=VECTOR('',#10316,10.);
#3047=VECTOR('',#10317,10.);
#3048=VECTOR('',#10318,10.);
#3049=VECTOR('',#10319,10.);
#3050=VECTOR('',#10320,10.);
#3051=VECTOR('',#10321,10.);
#3052=VECTOR('',#10322,10.);
#3053=VECTOR('',#10323,10.);
#3054=VECTOR('',#10326,10.);
#3055=VECTOR('',#10327,10.);
#3056=VECTOR('',#10328,10.);
#3057=VECTOR('',#10329,10.);
#3058=VECTOR('',#10330,10.);
#3059=VECTOR('',#10331,10.);
#3060=VECTOR('',#10332,10.);
#3061=VECTOR('',#10333,10.);
#3062=VECTOR('',#10334,10.);
#3063=VECTOR('',#10335,10.);
#3064=VECTOR('',#10338,10.);
#3065=VECTOR('',#10339,10.);
#3066=VECTOR('',#10342,10.);
#3067=VECTOR('',#10343,10.);
#3068=VECTOR('',#10344,10.);
#3069=VECTOR('',#10347,10.);
#3070=VECTOR('',#10348,10.);
#3071=VECTOR('',#10351,10.);
#3072=VECTOR('',#10352,10.);
#3073=VECTOR('',#10355,10.);
#3074=VECTOR('',#10356,10.);
#3075=VECTOR('',#10359,10.);
#3076=VECTOR('',#10360,10.);
#3077=VECTOR('',#10363,10.);
#3078=VECTOR('',#10364,10.);
#3079=VECTOR('',#10367,10.);
#3080=VECTOR('',#10368,10.);
#3081=VECTOR('',#10371,10.);
#3082=VECTOR('',#10372,10.);
#3083=VECTOR('',#10375,10.);
#3084=VECTOR('',#10376,10.);
#3085=VECTOR('',#10379,10.);
#3086=VECTOR('',#10380,10.);
#3087=VECTOR('',#10383,10.);
#3088=VECTOR('',#10384,10.);
#3089=VECTOR('',#10387,10.);
#3090=VECTOR('',#10388,10.);
#3091=VECTOR('',#10391,10.);
#3092=VECTOR('',#10392,10.);
#3093=VECTOR('',#10393,10.);
#3094=VECTOR('',#10394,10.);
#3095=VECTOR('',#10395,10.);
#3096=VECTOR('',#10396,10.);
#3097=VECTOR('',#10397,10.);
#3098=VECTOR('',#10398,10.);
#3099=VECTOR('',#10399,10.);
#3100=VECTOR('',#10400,10.);
#3101=VECTOR('',#10403,10.);
#3102=VECTOR('',#10404,10.);
#3103=VECTOR('',#10405,10.);
#3104=VECTOR('',#10408,10.);
#3105=VECTOR('',#10409,10.);
#3106=VECTOR('',#10412,10.);
#3107=VECTOR('',#10413,10.);
#3108=VECTOR('',#10416,10.);
#3109=VECTOR('',#10417,10.);
#3110=VECTOR('',#10420,10.);
#3111=VECTOR('',#10421,10.);
#3112=VECTOR('',#10424,10.);
#3113=VECTOR('',#10425,10.);
#3114=VECTOR('',#10428,10.);
#3115=VECTOR('',#10429,10.);
#3116=VECTOR('',#10432,10.);
#3117=VECTOR('',#10433,10.);
#3118=VECTOR('',#10436,10.);
#3119=VECTOR('',#10437,10.);
#3120=VECTOR('',#10440,10.);
#3121=VECTOR('',#10441,10.);
#3122=VECTOR('',#10444,10.);
#3123=VECTOR('',#10445,10.);
#3124=VECTOR('',#10448,10.);
#3125=VECTOR('',#10449,10.);
#3126=VECTOR('',#10450,10.);
#3127=VECTOR('',#10451,10.);
#3128=VECTOR('',#10452,10.);
#3129=VECTOR('',#10453,10.);
#3130=VECTOR('',#10454,10.);
#3131=VECTOR('',#10455,10.);
#3132=VECTOR('',#10456,10.);
#3133=VECTOR('',#10457,10.);
#3134=VECTOR('',#10458,10.);
#3135=VECTOR('',#10461,10.);
#3136=VECTOR('',#10462,10.);
#3137=VECTOR('',#10465,10.);
#3138=VECTOR('',#10466,10.);
#3139=VECTOR('',#10469,10.);
#3140=VECTOR('',#10470,10.);
#3141=VECTOR('',#10471,10.);
#3142=VECTOR('',#10472,10.);
#3143=VECTOR('',#10473,10.);
#3144=VECTOR('',#10474,10.);
#3145=VECTOR('',#10475,10.);
#3146=VECTOR('',#10476,10.);
#3147=VECTOR('',#10477,10.);
#3148=VECTOR('',#10478,10.);
#3149=VECTOR('',#10479,10.);
#3150=VECTOR('',#10482,10.);
#3151=VECTOR('',#10483,10.);
#3152=VECTOR('',#10488,1.00000000000001);
#3153=VECTOR('',#10493,10.);
#3154=VECTOR('',#10496,10.);
#3155=VECTOR('',#10499,10.);
#3156=VECTOR('',#10500,10.);
#3157=VECTOR('',#10501,10.);
#3158=VECTOR('',#10504,10.);
#3159=VECTOR('',#10505,10.);
#3160=VECTOR('',#10506,10.);
#3161=VECTOR('',#10509,10.);
#3162=VECTOR('',#10510,10.);
#3163=VECTOR('',#10511,10.);
#3164=VECTOR('',#10514,10.);
#3165=VECTOR('',#10515,10.);
#3166=VECTOR('',#10516,10.);
#3167=VECTOR('',#10519,10.);
#3168=VECTOR('',#10520,10.);
#3169=VECTOR('',#10523,10.);
#3170=VECTOR('',#10524,10.);
#3171=VECTOR('',#10527,10.);
#3172=VECTOR('',#10528,10.);
#3173=VECTOR('',#10529,10.);
#3174=VECTOR('',#10530,10.);
#3175=VECTOR('',#10533,10.);
#3176=VECTOR('',#10540,10.);
#3177=VECTOR('',#10541,10.);
#3178=VECTOR('',#10544,10.);
#3179=VECTOR('',#10547,10.);
#3180=VECTOR('',#10548,10.);
#3181=VECTOR('',#10551,10.);
#3182=VECTOR('',#10552,10.);
#3183=VECTOR('',#10553,10.);
#3184=VECTOR('',#10558,10.);
#3185=VECTOR('',#10559,10.);
#3186=VECTOR('',#10560,10.);
#3187=VECTOR('',#10561,10.);
#3188=VECTOR('',#10562,10.);
#3189=VECTOR('',#10565,10.);
#3190=VECTOR('',#10566,10.);
#3191=VECTOR('',#10569,10.);
#3192=VECTOR('',#10570,10.);
#3193=VECTOR('',#10571,10.);
#3194=VECTOR('',#10576,3.);
#3195=VECTOR('',#10583,3.00000000000001);
#3196=VECTOR('',#10588,3.00000000000001);
#3197=VECTOR('',#10591,10.);
#3198=VECTOR('',#10592,10.);
#3199=VECTOR('',#10593,10.);
#3200=VECTOR('',#10594,10.);
#3201=VECTOR('',#10595,10.);
#3202=VECTOR('',#10600,3.);
#3203=VECTOR('',#10603,10.);
#3204=VECTOR('',#10606,10.);
#3205=VECTOR('',#10607,10.);
#3206=VECTOR('',#10612,10.);
#3207=VECTOR('',#10613,10.);
#3208=VECTOR('',#10618,10.);
#3209=VECTOR('',#10623,3.49999999999998);
#3210=VECTOR('',#10626,3.50000000000001);
#3211=VECTOR('',#10629,8.50000000000001);
#3212=VECTOR('',#10632,10.);
#3213=VECTOR('',#10635,10.);
#3214=VECTOR('',#10640,10.);
#3215=VECTOR('',#10645,10.);
#3216=VECTOR('',#10646,10.);
#3217=VECTOR('',#10647,10.);
#3218=VECTOR('',#10650,10.);
#3219=VECTOR('',#10651,10.);
#3220=VECTOR('',#10654,10.);
#3221=VECTOR('',#10655,10.);
#3222=VECTOR('',#10658,10.);
#3223=VECTOR('',#10659,10.);
#3224=VECTOR('',#10660,10.);
#3225=VECTOR('',#10661,10.);
#3226=VECTOR('',#10664,10.);
#3227=VECTOR('',#10669,10.);
#3228=VECTOR('',#10674,10.);
#3229=VECTOR('',#10675,10.);
#3230=VECTOR('',#10678,10.);
#3231=VECTOR('',#10679,10.);
#3232=VECTOR('',#10680,10.);
#3233=VECTOR('',#10683,10.);
#3234=VECTOR('',#10684,10.);
#3235=VECTOR('',#10685,10.);
#3236=VECTOR('',#10688,10.);
#3237=VECTOR('',#10689,10.);
#3238=VECTOR('',#10692,10.);
#3239=VECTOR('',#10693,10.);
#3240=VECTOR('',#10696,10.);
#3241=VECTOR('',#10697,10.);
#3242=VECTOR('',#10700,10.);
#3243=VECTOR('',#10701,10.);
#3244=VECTOR('',#10704,10.);
#3245=VECTOR('',#10705,10.);
#3246=VECTOR('',#10706,10.);
#3247=VECTOR('',#10709,10.);
#3248=VECTOR('',#10712,10.);
#3249=VECTOR('',#10713,10.);
#3250=VECTOR('',#10714,10.);
#3251=VECTOR('',#10717,10.);
#3252=VECTOR('',#10718,10.);
#3253=VECTOR('',#10719,10.);
#3254=VECTOR('',#10720,10.);
#3255=VECTOR('',#10723,10.);
#3256=VECTOR('',#10726,10.);
#3257=VECTOR('',#10727,10.);
#3258=VECTOR('',#10734,10.);
#3259=VERTEX_POINT('',#10741);
#3260=VERTEX_POINT('',#10742);
#3261=VERTEX_POINT('',#10744);
#3262=VERTEX_POINT('',#10746);
#3263=VERTEX_POINT('',#10750);
#3264=VERTEX_POINT('',#10752);
#3265=VERTEX_POINT('',#10756);
#3266=VERTEX_POINT('',#10758);
#3267=VERTEX_POINT('',#10765);
#3268=VERTEX_POINT('',#10768);
#3269=VERTEX_POINT('',#10772);
#3270=VERTEX_POINT('',#10775);
#3271=VERTEX_POINT('',#10779);
#3272=VERTEX_POINT('',#10782);
#3273=VERTEX_POINT('',#10786);
#3274=VERTEX_POINT('',#10789);
#3275=VERTEX_POINT('',#10793);
#3276=VERTEX_POINT('',#10794);
#3277=VERTEX_POINT('',#10796);
#3278=VERTEX_POINT('',#10798);
#3279=VERTEX_POINT('',#10800);
#3280=VERTEX_POINT('',#10802);
#3281=VERTEX_POINT('',#10806);
#3282=VERTEX_POINT('',#10807);
#3283=VERTEX_POINT('',#10809);
#3284=VERTEX_POINT('',#10811);
#3285=VERTEX_POINT('',#10815);
#3286=VERTEX_POINT('',#10816);
#3287=VERTEX_POINT('',#10818);
#3288=VERTEX_POINT('',#10820);
#3289=VERTEX_POINT('',#10824);
#3290=VERTEX_POINT('',#10825);
#3291=VERTEX_POINT('',#10830);
#3292=VERTEX_POINT('',#10832);
#3293=VERTEX_POINT('',#10836);
#3294=VERTEX_POINT('',#10840);
#3295=VERTEX_POINT('',#10845);
#3296=VERTEX_POINT('',#10846);
#3297=VERTEX_POINT('',#10848);
#3298=VERTEX_POINT('',#10850);
#3299=VERTEX_POINT('',#10854);
#3300=VERTEX_POINT('',#10857);
#3301=VERTEX_POINT('',#10859);
#3302=VERTEX_POINT('',#10861);
#3303=VERTEX_POINT('',#10863);
#3304=VERTEX_POINT('',#10866);
#3305=VERTEX_POINT('',#10870);
#3306=VERTEX_POINT('',#10871);
#3307=VERTEX_POINT('',#10873);
#3308=VERTEX_POINT('',#10875);
#3309=VERTEX_POINT('',#10882);
#3310=VERTEX_POINT('',#10889);
#3311=VERTEX_POINT('',#10890);
#3312=VERTEX_POINT('',#10892);
#3313=VERTEX_POINT('',#10894);
#3314=VERTEX_POINT('',#10898);
#3315=VERTEX_POINT('',#10908);
#3316=VERTEX_POINT('',#10912);
#3317=VERTEX_POINT('',#10913);
#3318=VERTEX_POINT('',#10915);
#3319=VERTEX_POINT('',#10917);
#3320=VERTEX_POINT('',#10921);
#3321=VERTEX_POINT('',#10923);
#3322=VERTEX_POINT('',#10927);
#3323=VERTEX_POINT('',#10929);
#3324=VERTEX_POINT('',#10936);
#3325=VERTEX_POINT('',#10937);
#3326=VERTEX_POINT('',#10939);
#3327=VERTEX_POINT('',#10941);
#3328=VERTEX_POINT('',#10945);
#3329=VERTEX_POINT('',#10947);
#3330=VERTEX_POINT('',#10951);
#3331=VERTEX_POINT('',#10953);
#3332=VERTEX_POINT('',#10960);
#3333=VERTEX_POINT('',#10961);
#3334=VERTEX_POINT('',#10963);
#3335=VERTEX_POINT('',#10965);
#3336=VERTEX_POINT('',#10969);
#3337=VERTEX_POINT('',#10971);
#3338=VERTEX_POINT('',#10975);
#3339=VERTEX_POINT('',#10977);
#3340=VERTEX_POINT('',#10984);
#3341=VERTEX_POINT('',#10985);
#3342=VERTEX_POINT('',#10987);
#3343=VERTEX_POINT('',#10989);
#3344=VERTEX_POINT('',#10993);
#3345=VERTEX_POINT('',#10995);
#3346=VERTEX_POINT('',#10999);
#3347=VERTEX_POINT('',#11001);
#3348=VERTEX_POINT('',#11008);
#3349=VERTEX_POINT('',#11009);
#3350=VERTEX_POINT('',#11011);
#3351=VERTEX_POINT('',#11013);
#3352=VERTEX_POINT('',#11017);
#3353=VERTEX_POINT('',#11019);
#3354=VERTEX_POINT('',#11023);
#3355=VERTEX_POINT('',#11025);
#3356=VERTEX_POINT('',#11032);
#3357=VERTEX_POINT('',#11033);
#3358=VERTEX_POINT('',#11035);
#3359=VERTEX_POINT('',#11037);
#3360=VERTEX_POINT('',#11041);
#3361=VERTEX_POINT('',#11043);
#3362=VERTEX_POINT('',#11047);
#3363=VERTEX_POINT('',#11049);
#3364=VERTEX_POINT('',#11056);
#3365=VERTEX_POINT('',#11057);
#3366=VERTEX_POINT('',#11059);
#3367=VERTEX_POINT('',#11061);
#3368=VERTEX_POINT('',#11065);
#3369=VERTEX_POINT('',#11066);
#3370=VERTEX_POINT('',#11068);
#3371=VERTEX_POINT('',#11070);
#3372=VERTEX_POINT('',#11072);
#3373=VERTEX_POINT('',#11074);
#3374=VERTEX_POINT('',#11076);
#3375=VERTEX_POINT('',#11078);
#3376=VERTEX_POINT('',#11082);
#3377=VERTEX_POINT('',#11083);
#3378=VERTEX_POINT('',#11085);
#3379=VERTEX_POINT('',#11087);
#3380=VERTEX_POINT('',#11093);
#3381=VERTEX_POINT('',#11095);
#3382=VERTEX_POINT('',#11099);
#3383=VERTEX_POINT('',#11103);
#3384=VERTEX_POINT('',#11105);
#3385=VERTEX_POINT('',#11109);
#3386=VERTEX_POINT('',#11111);
#3387=VERTEX_POINT('',#11115);
#3388=VERTEX_POINT('',#11116);
#3389=VERTEX_POINT('',#11124);
#3390=VERTEX_POINT('',#11126);
#3391=VERTEX_POINT('',#11130);
#3392=VERTEX_POINT('',#11131);
#3393=VERTEX_POINT('',#11136);
#3394=VERTEX_POINT('',#11142);
#3395=VERTEX_POINT('',#11150);
#3396=VERTEX_POINT('',#11151);
#3397=VERTEX_POINT('',#11156);
#3398=VERTEX_POINT('',#11157);
#3399=VERTEX_POINT('',#11162);
#3400=VERTEX_POINT('',#11168);
#3401=VERTEX_POINT('',#11169);
#3402=VERTEX_POINT('',#11171);
#3403=VERTEX_POINT('',#11173);
#3404=VERTEX_POINT('',#11177);
#3405=VERTEX_POINT('',#11179);
#3406=VERTEX_POINT('',#11183);
#3407=VERTEX_POINT('',#11184);
#3408=VERTEX_POINT('',#11186);
#3409=VERTEX_POINT('',#11188);
#3410=VERTEX_POINT('',#11192);
#3411=VERTEX_POINT('',#11193);
#3412=VERTEX_POINT('',#11198);
#3413=VERTEX_POINT('',#11208);
#3414=VERTEX_POINT('',#11209);
#3415=VERTEX_POINT('',#11211);
#3416=VERTEX_POINT('',#11213);
#3417=VERTEX_POINT('',#11215);
#3418=VERTEX_POINT('',#11217);
#3419=VERTEX_POINT('',#11219);
#3420=VERTEX_POINT('',#11221);
#3421=VERTEX_POINT('',#11225);
#3422=VERTEX_POINT('',#11229);
#3423=VERTEX_POINT('',#11233);
#3424=VERTEX_POINT('',#11255);
#3425=VERTEX_POINT('',#11259);
#3426=VERTEX_POINT('',#11265);
#3427=VERTEX_POINT('',#11266);
#3428=VERTEX_POINT('',#11268);
#3429=VERTEX_POINT('',#11270);
#3430=VERTEX_POINT('',#11272);
#3431=VERTEX_POINT('',#11274);
#3432=VERTEX_POINT('',#11276);
#3433=VERTEX_POINT('',#11278);
#3434=VERTEX_POINT('',#11280);
#3435=VERTEX_POINT('',#11282);
#3436=VERTEX_POINT('',#11284);
#3437=VERTEX_POINT('',#11286);
#3438=VERTEX_POINT('',#11288);
#3439=VERTEX_POINT('',#11290);
#3440=VERTEX_POINT('',#11292);
#3441=VERTEX_POINT('',#11294);
#3442=VERTEX_POINT('',#11298);
#3443=VERTEX_POINT('',#11300);
#3444=VERTEX_POINT('',#11304);
#3445=VERTEX_POINT('',#11308);
#3446=VERTEX_POINT('',#11312);
#3447=VERTEX_POINT('',#11316);
#3448=VERTEX_POINT('',#11320);
#3449=VERTEX_POINT('',#11324);
#3450=VERTEX_POINT('',#11328);
#3451=VERTEX_POINT('',#11332);
#3452=VERTEX_POINT('',#11336);
#3453=VERTEX_POINT('',#11340);
#3454=VERTEX_POINT('',#11344);
#3455=VERTEX_POINT('',#11348);
#3456=VERTEX_POINT('',#11352);
#3457=VERTEX_POINT('',#11356);
#3458=VERTEX_POINT('',#11360);
#3459=VERTEX_POINT('',#11361);
#3460=VERTEX_POINT('',#11363);
#3461=VERTEX_POINT('',#11365);
#3462=VERTEX_POINT('',#11369);
#3463=VERTEX_POINT('',#11371);
#3464=VERTEX_POINT('',#11375);
#3465=VERTEX_POINT('',#11377);
#3466=VERTEX_POINT('',#11381);
#3467=VERTEX_POINT('',#11383);
#3468=VERTEX_POINT('',#11387);
#3469=VERTEX_POINT('',#11389);
#3470=VERTEX_POINT('',#11393);
#3471=VERTEX_POINT('',#11394);
#3472=VERTEX_POINT('',#11396);
#3473=VERTEX_POINT('',#11398);
#3474=VERTEX_POINT('',#11405);
#3475=VERTEX_POINT('',#11406);
#3476=VERTEX_POINT('',#11408);
#3477=VERTEX_POINT('',#11410);
#3478=VERTEX_POINT('',#11414);
#3479=VERTEX_POINT('',#11416);
#3480=VERTEX_POINT('',#11420);
#3481=VERTEX_POINT('',#11421);
#3482=VERTEX_POINT('',#11423);
#3483=VERTEX_POINT('',#11425);
#3484=VERTEX_POINT('',#11441);
#3485=VERTEX_POINT('',#11449);
#3486=VERTEX_POINT('',#11450);
#3487=VERTEX_POINT('',#11458);
#3488=VERTEX_POINT('',#11459);
#3489=VERTEX_POINT('',#11461);
#3490=VERTEX_POINT('',#11463);
#3491=VERTEX_POINT('',#11467);
#3492=VERTEX_POINT('',#11469);
#3493=VERTEX_POINT('',#11473);
#3494=VERTEX_POINT('',#11475);
#3495=VERTEX_POINT('',#11482);
#3496=VERTEX_POINT('',#11483);
#3497=VERTEX_POINT('',#11485);
#3498=VERTEX_POINT('',#11487);
#3499=VERTEX_POINT('',#11491);
#3500=VERTEX_POINT('',#11493);
#3501=VERTEX_POINT('',#11497);
#3502=VERTEX_POINT('',#11501);
#3503=VERTEX_POINT('',#11502);
#3504=VERTEX_POINT('',#11504);
#3505=VERTEX_POINT('',#11506);
#3506=VERTEX_POINT('',#11510);
#3507=VERTEX_POINT('',#11512);
#3508=VERTEX_POINT('',#11516);
#3509=VERTEX_POINT('',#11518);
#3510=VERTEX_POINT('',#11522);
#3511=VERTEX_POINT('',#11524);
#3512=VERTEX_POINT('',#11528);
#3513=VERTEX_POINT('',#11530);
#3514=VERTEX_POINT('',#11534);
#3515=VERTEX_POINT('',#11536);
#3516=VERTEX_POINT('',#11540);
#3517=VERTEX_POINT('',#11542);
#3518=VERTEX_POINT('',#11546);
#3519=VERTEX_POINT('',#11548);
#3520=VERTEX_POINT('',#11552);
#3521=VERTEX_POINT('',#11554);
#3522=VERTEX_POINT('',#11558);
#3523=VERTEX_POINT('',#11560);
#3524=VERTEX_POINT('',#11564);
#3525=VERTEX_POINT('',#11566);
#3526=VERTEX_POINT('',#11570);
#3527=VERTEX_POINT('',#11572);
#3528=VERTEX_POINT('',#11576);
#3529=VERTEX_POINT('',#11578);
#3530=VERTEX_POINT('',#11582);
#3531=VERTEX_POINT('',#11584);
#3532=VERTEX_POINT('',#11588);
#3533=VERTEX_POINT('',#11590);
#3534=VERTEX_POINT('',#11597);
#3535=VERTEX_POINT('',#11599);
#3536=VERTEX_POINT('',#11603);
#3537=VERTEX_POINT('',#11607);
#3538=VERTEX_POINT('',#11611);
#3539=VERTEX_POINT('',#11615);
#3540=VERTEX_POINT('',#11619);
#3541=VERTEX_POINT('',#11623);
#3542=VERTEX_POINT('',#11627);
#3543=VERTEX_POINT('',#11631);
#3544=VERTEX_POINT('',#11635);
#3545=VERTEX_POINT('',#11637);
#3546=VERTEX_POINT('',#11642);
#3547=VERTEX_POINT('',#11644);
#3548=VERTEX_POINT('',#11646);
#3549=VERTEX_POINT('',#11648);
#3550=VERTEX_POINT('',#11650);
#3551=VERTEX_POINT('',#11669);
#3552=VERTEX_POINT('',#11670);
#3553=VERTEX_POINT('',#11672);
#3554=VERTEX_POINT('',#11674);
#3555=VERTEX_POINT('',#11676);
#3556=VERTEX_POINT('',#11678);
#3557=VERTEX_POINT('',#11682);
#3558=VERTEX_POINT('',#11683);
#3559=VERTEX_POINT('',#11685);
#3560=VERTEX_POINT('',#11687);
#3561=VERTEX_POINT('',#11689);
#3562=VERTEX_POINT('',#11691);
#3563=VERTEX_POINT('',#11695);
#3564=VERTEX_POINT('',#11697);
#3565=VERTEX_POINT('',#11699);
#3566=VERTEX_POINT('',#11701);
#3567=VERTEX_POINT('',#11705);
#3568=VERTEX_POINT('',#11707);
#3569=VERTEX_POINT('',#11709);
#3570=VERTEX_POINT('',#11712);
#3571=VERTEX_POINT('',#11714);
#3572=VERTEX_POINT('',#11716);
#3573=VERTEX_POINT('',#11718);
#3574=VERTEX_POINT('',#11722);
#3575=VERTEX_POINT('',#11724);
#3576=VERTEX_POINT('',#11728);
#3577=VERTEX_POINT('',#11730);
#3578=VERTEX_POINT('',#11734);
#3579=VERTEX_POINT('',#11736);
#3580=VERTEX_POINT('',#11738);
#3581=VERTEX_POINT('',#11740);
#3582=VERTEX_POINT('',#11743);
#3583=VERTEX_POINT('',#11745);
#3584=VERTEX_POINT('',#11747);
#3585=VERTEX_POINT('',#11751);
#3586=VERTEX_POINT('',#11755);
#3587=VERTEX_POINT('',#11757);
#3588=VERTEX_POINT('',#11761);
#3589=VERTEX_POINT('',#11771);
#3590=VERTEX_POINT('',#11773);
#3591=VERTEX_POINT('',#11775);
#3592=VERTEX_POINT('',#11777);
#3593=VERTEX_POINT('',#11793);
#3594=VERTEX_POINT('',#11794);
#3595=VERTEX_POINT('',#11796);
#3596=VERTEX_POINT('',#11798);
#3597=VERTEX_POINT('',#11800);
#3598=VERTEX_POINT('',#11802);
#3599=VERTEX_POINT('',#11804);
#3600=VERTEX_POINT('',#11806);
#3601=VERTEX_POINT('',#11808);
#3602=VERTEX_POINT('',#11810);
#3603=VERTEX_POINT('',#11817);
#3604=VERTEX_POINT('',#11819);
#3605=VERTEX_POINT('',#11821);
#3606=VERTEX_POINT('',#11826);
#3607=VERTEX_POINT('',#11828);
#3608=VERTEX_POINT('',#11830);
#3609=VERTEX_POINT('',#11832);
#3610=VERTEX_POINT('',#11836);
#3611=VERTEX_POINT('',#11838);
#3612=VERTEX_POINT('',#11840);
#3613=VERTEX_POINT('',#11842);
#3614=VERTEX_POINT('',#11844);
#3615=VERTEX_POINT('',#11846);
#3616=VERTEX_POINT('',#11848);
#3617=VERTEX_POINT('',#11850);
#3618=VERTEX_POINT('',#11852);
#3619=VERTEX_POINT('',#11854);
#3620=VERTEX_POINT('',#11856);
#3621=VERTEX_POINT('',#11858);
#3622=VERTEX_POINT('',#11860);
#3623=VERTEX_POINT('',#11862);
#3624=VERTEX_POINT('',#11864);
#3625=VERTEX_POINT('',#11866);
#3626=VERTEX_POINT('',#11868);
#3627=VERTEX_POINT('',#11870);
#3628=VERTEX_POINT('',#11872);
#3629=VERTEX_POINT('',#11874);
#3630=VERTEX_POINT('',#11876);
#3631=VERTEX_POINT('',#11878);
#3632=VERTEX_POINT('',#11880);
#3633=VERTEX_POINT('',#11882);
#3634=VERTEX_POINT('',#11885);
#3635=VERTEX_POINT('',#11887);
#3636=VERTEX_POINT('',#11889);
#3637=VERTEX_POINT('',#11891);
#3638=VERTEX_POINT('',#11893);
#3639=VERTEX_POINT('',#11895);
#3640=VERTEX_POINT('',#11896);
#3641=VERTEX_POINT('',#11902);
#3642=VERTEX_POINT('',#11908);
#3643=VERTEX_POINT('',#11914);
#3644=VERTEX_POINT('',#11920);
#3645=VERTEX_POINT('',#11926);
#3646=VERTEX_POINT('',#11932);
#3647=VERTEX_POINT('',#11938);
#3648=VERTEX_POINT('',#11944);
#3649=VERTEX_POINT('',#11950);
#3650=VERTEX_POINT('',#11952);
#3651=VERTEX_POINT('',#11954);
#3652=VERTEX_POINT('',#11956);
#3653=VERTEX_POINT('',#11962);
#3654=VERTEX_POINT('',#11968);
#3655=VERTEX_POINT('',#11974);
#3656=VERTEX_POINT('',#11980);
#3657=VERTEX_POINT('',#11986);
#3658=VERTEX_POINT('',#11992);
#3659=VERTEX_POINT('',#11998);
#3660=VERTEX_POINT('',#12004);
#3661=VERTEX_POINT('',#12010);
#3662=VERTEX_POINT('',#12017);
#3663=VERTEX_POINT('',#12018);
#3664=VERTEX_POINT('',#12020);
#3665=VERTEX_POINT('',#12022);
#3666=VERTEX_POINT('',#12024);
#3667=VERTEX_POINT('',#12026);
#3668=VERTEX_POINT('',#12028);
#3669=VERTEX_POINT('',#12030);
#3670=VERTEX_POINT('',#12032);
#3671=VERTEX_POINT('',#12034);
#3672=VERTEX_POINT('',#12036);
#3673=VERTEX_POINT('',#12038);
#3674=VERTEX_POINT('',#12041);
#3675=VERTEX_POINT('',#12042);
#3676=VERTEX_POINT('',#12048);
#3677=VERTEX_POINT('',#12054);
#3678=VERTEX_POINT('',#12060);
#3679=VERTEX_POINT('',#12066);
#3680=VERTEX_POINT('',#12072);
#3681=VERTEX_POINT('',#12078);
#3682=VERTEX_POINT('',#12084);
#3683=VERTEX_POINT('',#12095);
#3684=VERTEX_POINT('',#12096);
#3685=VERTEX_POINT('',#12098);
#3686=VERTEX_POINT('',#12100);
#3687=VERTEX_POINT('',#12102);
#3688=VERTEX_POINT('',#12104);
#3689=VERTEX_POINT('',#12106);
#3690=VERTEX_POINT('',#12108);
#3691=VERTEX_POINT('',#12110);
#3692=VERTEX_POINT('',#12112);
#3693=VERTEX_POINT('',#12114);
#3694=VERTEX_POINT('',#12116);
#3695=VERTEX_POINT('',#12118);
#3696=VERTEX_POINT('',#12121);
#3697=VERTEX_POINT('',#12122);
#3698=VERTEX_POINT('',#12128);
#3699=VERTEX_POINT('',#12134);
#3700=VERTEX_POINT('',#12140);
#3701=VERTEX_POINT('',#12146);
#3702=VERTEX_POINT('',#12152);
#3703=VERTEX_POINT('',#12158);
#3704=VERTEX_POINT('',#12164);
#3705=VERTEX_POINT('',#12170);
#3706=VERTEX_POINT('',#12176);
#3707=VERTEX_POINT('',#12182);
#3708=VERTEX_POINT('',#12188);
#3709=VERTEX_POINT('',#12194);
#3710=VERTEX_POINT('',#12196);
#3711=VERTEX_POINT('',#12202);
#3712=VERTEX_POINT('',#12208);
#3713=VERTEX_POINT('',#12214);
#3714=VERTEX_POINT('',#12220);
#3715=VERTEX_POINT('',#12226);
#3716=VERTEX_POINT('',#12232);
#3717=VERTEX_POINT('',#12238);
#3718=VERTEX_POINT('',#12244);
#3719=VERTEX_POINT('',#12251);
#3720=VERTEX_POINT('',#12252);
#3721=VERTEX_POINT('',#12254);
#3722=VERTEX_POINT('',#12256);
#3723=VERTEX_POINT('',#12262);
#3724=VERTEX_POINT('',#12268);
#3725=VERTEX_POINT('',#12274);
#3726=VERTEX_POINT('',#12276);
#3727=VERTEX_POINT('',#12278);
#3728=VERTEX_POINT('',#12280);
#3729=VERTEX_POINT('',#12283);
#3730=VERTEX_POINT('',#12284);
#3731=VERTEX_POINT('',#12286);
#3732=VERTEX_POINT('',#12292);
#3733=VERTEX_POINT('',#12298);
#3734=VERTEX_POINT('',#12304);
#3735=VERTEX_POINT('',#12310);
#3736=VERTEX_POINT('',#12316);
#3737=VERTEX_POINT('',#12322);
#3738=VERTEX_POINT('',#12328);
#3739=VERTEX_POINT('',#12334);
#3740=VERTEX_POINT('',#12340);
#3741=VERTEX_POINT('',#12342);
#3742=VERTEX_POINT('',#12344);
#3743=VERTEX_POINT('',#12347);
#3744=VERTEX_POINT('',#12348);
#3745=VERTEX_POINT('',#12350);
#3746=VERTEX_POINT('',#12352);
#3747=VERTEX_POINT('',#12358);
#3748=VERTEX_POINT('',#12364);
#3749=VERTEX_POINT('',#12370);
#3750=VERTEX_POINT('',#12376);
#3751=VERTEX_POINT('',#12378);
#3752=VERTEX_POINT('',#12384);
#3753=VERTEX_POINT('',#12390);
#3754=VERTEX_POINT('',#12392);
#3755=VERTEX_POINT('',#12395);
#3756=VERTEX_POINT('',#12396);
#3757=VERTEX_POINT('',#12398);
#3758=VERTEX_POINT('',#12400);
#3759=VERTEX_POINT('',#12406);
#3760=VERTEX_POINT('',#12412);
#3761=VERTEX_POINT('',#12418);
#3762=VERTEX_POINT('',#12424);
#3763=VERTEX_POINT('',#12426);
#3764=VERTEX_POINT('',#12432);
#3765=VERTEX_POINT('',#12438);
#3766=VERTEX_POINT('',#12440);
#3767=VERTEX_POINT('',#12443);
#3768=VERTEX_POINT('',#12444);
#3769=VERTEX_POINT('',#12446);
#3770=VERTEX_POINT('',#12448);
#3771=VERTEX_POINT('',#12452);
#3772=VERTEX_POINT('',#12456);
#3773=VERTEX_POINT('',#12458);
#3774=VERTEX_POINT('',#12460);
#3775=VERTEX_POINT('',#12463);
#3776=VERTEX_POINT('',#12467);
#3777=VERTEX_POINT('',#12469);
#3778=VERTEX_POINT('',#12471);
#3779=VERTEX_POINT('',#12476);
#3780=VERTEX_POINT('',#12478);
#3781=VERTEX_POINT('',#12480);
#3782=VERTEX_POINT('',#12482);
#3783=VERTEX_POINT('',#12484);
#3784=VERTEX_POINT('',#12486);
#3785=VERTEX_POINT('',#12488);
#3786=VERTEX_POINT('',#12490);
#3787=VERTEX_POINT('',#12492);
#3788=VERTEX_POINT('',#12498);
#3789=VERTEX_POINT('',#12499);
#3790=VERTEX_POINT('',#12501);
#3791=VERTEX_POINT('',#12503);
#3792=VERTEX_POINT('',#12507);
#3793=VERTEX_POINT('',#12508);
#3794=VERTEX_POINT('',#12510);
#3795=VERTEX_POINT('',#12512);
#3796=VERTEX_POINT('',#12516);
#3797=VERTEX_POINT('',#12518);
#3798=VERTEX_POINT('',#12522);
#3799=VERTEX_POINT('',#12526);
#3800=VERTEX_POINT('',#12532);
#3801=VERTEX_POINT('',#12536);
#3802=VERTEX_POINT('',#12538);
#3803=VERTEX_POINT('',#12540);
#3804=VERTEX_POINT('',#12545);
#3805=VERTEX_POINT('',#12547);
#3806=VERTEX_POINT('',#12550);
#3807=VERTEX_POINT('',#12553);
#3808=VERTEX_POINT('',#12556);
#3809=VERTEX_POINT('',#12560);
#3810=VERTEX_POINT('',#12562);
#3811=VERTEX_POINT('',#12564);
#3812=VERTEX_POINT('',#12569);
#3813=VERTEX_POINT('',#12571);
#3814=VERTEX_POINT('',#12575);
#3815=VERTEX_POINT('',#12577);
#3816=VERTEX_POINT('',#12579);
#3817=VERTEX_POINT('',#12581);
#3818=VERTEX_POINT('',#12583);
#3819=VERTEX_POINT('',#12585);
#3820=VERTEX_POINT('',#12587);
#3821=VERTEX_POINT('',#12589);
#3822=VERTEX_POINT('',#12591);
#3823=VERTEX_POINT('',#12593);
#3824=VERTEX_POINT('',#12595);
#3825=VERTEX_POINT('',#12597);
#3826=VERTEX_POINT('',#12601);
#3827=VERTEX_POINT('',#12602);
#3828=VERTEX_POINT('',#12604);
#3829=VERTEX_POINT('',#12606);
#3830=VERTEX_POINT('',#12610);
#3831=VERTEX_POINT('',#12612);
#3832=VERTEX_POINT('',#12616);
#3833=VERTEX_POINT('',#12618);
#3834=VERTEX_POINT('',#12620);
#3835=VERTEX_POINT('',#12624);
#3836=VERTEX_POINT('',#12627);
#3837=VERTEX_POINT('',#12629);
#3838=VERTEX_POINT('',#12631);
#3839=VERTEX_POINT('',#12633);
#3840=VERTEX_POINT('',#12635);
#3841=VERTEX_POINT('',#12639);
#3842=VERTEX_POINT('',#12641);
#3843=VERTEX_POINT('',#12645);
#3844=VERTEX_POINT('',#12646);
#3845=VERTEX_POINT('',#12648);
#3846=VERTEX_POINT('',#12650);
#3847=VERTEX_POINT('',#12657);
#3848=VERTEX_POINT('',#12659);
#3849=VERTEX_POINT('',#12662);
#3850=VERTEX_POINT('',#12665);
#3851=VERTEX_POINT('',#12667);
#3852=VERTEX_POINT('',#12670);
#3853=VERTEX_POINT('',#12675);
#3854=VERTEX_POINT('',#12677);
#3855=VERTEX_POINT('',#12681);
#3856=VERTEX_POINT('',#12685);
#3857=VERTEX_POINT('',#12691);
#3858=VERTEX_POINT('',#12693);
#3859=VERTEX_POINT('',#12697);
#3860=VERTEX_POINT('',#12710);
#3861=VERTEX_POINT('',#12727);
#3862=VERTEX_POINT('',#12744);
#3863=VERTEX_POINT('',#12761);
#3864=VERTEX_POINT('',#12769);
#3865=VERTEX_POINT('',#12782);
#3866=VERTEX_POINT('',#12799);
#3867=VERTEX_POINT('',#12807);
#3868=VERTEX_POINT('',#12811);
#3869=VERTEX_POINT('',#12817);
#3870=VERTEX_POINT('',#12819);
#3871=VERTEX_POINT('',#12823);
#3872=VERTEX_POINT('',#12836);
#3873=VERTEX_POINT('',#12853);
#3874=VERTEX_POINT('',#12870);
#3875=VERTEX_POINT('',#12887);
#3876=VERTEX_POINT('',#12895);
#3877=VERTEX_POINT('',#12908);
#3878=VERTEX_POINT('',#12925);
#3879=VERTEX_POINT('',#12933);
#3880=VERTEX_POINT('',#12937);
#3881=VERTEX_POINT('',#12943);
#3882=VERTEX_POINT('',#12945);
#3883=VERTEX_POINT('',#12958);
#3884=VERTEX_POINT('',#12975);
#3885=VERTEX_POINT('',#12992);
#3886=VERTEX_POINT('',#13009);
#3887=VERTEX_POINT('',#13026);
#3888=VERTEX_POINT('',#13043);
#3889=VERTEX_POINT('',#13060);
#3890=VERTEX_POINT('',#13077);
#3891=VERTEX_POINT('',#13094);
#3892=VERTEX_POINT('',#13102);
#3893=VERTEX_POINT('',#13106);
#3894=VERTEX_POINT('',#13110);
#3895=VERTEX_POINT('',#13116);
#3896=VERTEX_POINT('',#13118);
#3897=VERTEX_POINT('',#13122);
#3898=VERTEX_POINT('',#13135);
#3899=VERTEX_POINT('',#13152);
#3900=VERTEX_POINT('',#13169);
#3901=VERTEX_POINT('',#13177);
#3902=VERTEX_POINT('',#13181);
#3903=VERTEX_POINT('',#13185);
#3904=VERTEX_POINT('',#13189);
#3905=VERTEX_POINT('',#13204);
#3906=VERTEX_POINT('',#13206);
#3907=VERTEX_POINT('',#13223);
#3908=VERTEX_POINT('',#13240);
#3909=VERTEX_POINT('',#13257);
#3910=VERTEX_POINT('',#13274);
#3911=VERTEX_POINT('',#13291);
#3912=VERTEX_POINT('',#13308);
#3913=VERTEX_POINT('',#13325);
#3914=VERTEX_POINT('',#13342);
#3915=VERTEX_POINT('',#13359);
#3916=VERTEX_POINT('',#13376);
#3917=VERTEX_POINT('',#13393);
#3918=VERTEX_POINT('',#13401);
#3919=VERTEX_POINT('',#13414);
#3920=VERTEX_POINT('',#13431);
#3921=VERTEX_POINT('',#13448);
#3922=VERTEX_POINT('',#13465);
#3923=VERTEX_POINT('',#13482);
#3924=VERTEX_POINT('',#13499);
#3925=VERTEX_POINT('',#13516);
#3926=VERTEX_POINT('',#13533);
#3927=VERTEX_POINT('',#13541);
#3928=VERTEX_POINT('',#13560);
#3929=VERTEX_POINT('',#13562);
#3930=VERTEX_POINT('',#13566);
#3931=VERTEX_POINT('',#13570);
#3932=VERTEX_POINT('',#13574);
#3933=VERTEX_POINT('',#13578);
#3934=VERTEX_POINT('',#13582);
#3935=VERTEX_POINT('',#13586);
#3936=VERTEX_POINT('',#13590);
#3937=VERTEX_POINT('',#13594);
#3938=VERTEX_POINT('',#13598);
#3939=VERTEX_POINT('',#13602);
#3940=VERTEX_POINT('',#13606);
#3941=VERTEX_POINT('',#13621);
#3942=VERTEX_POINT('',#13623);
#3943=VERTEX_POINT('',#13640);
#3944=VERTEX_POINT('',#13657);
#3945=VERTEX_POINT('',#13674);
#3946=VERTEX_POINT('',#13691);
#3947=VERTEX_POINT('',#13708);
#3948=VERTEX_POINT('',#13725);
#3949=VERTEX_POINT('',#13742);
#3950=VERTEX_POINT('',#13765);
#3951=VERTEX_POINT('',#13767);
#3952=VERTEX_POINT('',#13771);
#3953=VERTEX_POINT('',#13775);
#3954=VERTEX_POINT('',#13779);
#3955=VERTEX_POINT('',#13783);
#3956=VERTEX_POINT('',#13787);
#3957=VERTEX_POINT('',#13791);
#3958=VERTEX_POINT('',#13795);
#3959=VERTEX_POINT('',#13799);
#3960=VERTEX_POINT('',#13803);
#3961=VERTEX_POINT('',#13807);
#3962=VERTEX_POINT('',#13822);
#3963=VERTEX_POINT('',#13824);
#3964=VERTEX_POINT('',#13841);
#3965=VERTEX_POINT('',#13858);
#3966=VERTEX_POINT('',#13875);
#3967=VERTEX_POINT('',#13892);
#3968=VERTEX_POINT('',#13909);
#3969=VERTEX_POINT('',#13926);
#3970=VERTEX_POINT('',#13943);
#3971=VERTEX_POINT('',#13960);
#3972=VERTEX_POINT('',#13968);
#3973=VERTEX_POINT('',#13972);
#3974=VERTEX_POINT('',#13976);
#3975=VERTEX_POINT('',#13989);
#3976=VERTEX_POINT('',#14006);
#3977=VERTEX_POINT('',#14023);
#3978=VERTEX_POINT('',#14040);
#3979=VERTEX_POINT('',#14057);
#3980=VERTEX_POINT('',#14074);
#3981=VERTEX_POINT('',#14091);
#3982=VERTEX_POINT('',#14108);
#3983=VERTEX_POINT('',#14125);
#3984=VERTEX_POINT('',#14133);
#3985=VERTEX_POINT('',#14152);
#3986=VERTEX_POINT('',#14154);
#3987=VERTEX_POINT('',#14162);
#3988=VERTEX_POINT('',#14163);
#3989=VERTEX_POINT('',#14165);
#3990=VERTEX_POINT('',#14169);
#3991=VERTEX_POINT('',#14171);
#3992=VERTEX_POINT('',#14175);
#3993=VERTEX_POINT('',#14177);
#3994=VERTEX_POINT('',#14181);
#3995=VERTEX_POINT('',#14183);
#3996=VERTEX_POINT('',#14187);
#3997=VERTEX_POINT('',#14191);
#3998=VERTEX_POINT('',#14195);
#3999=VERTEX_POINT('',#14197);
#4000=VERTEX_POINT('',#14199);
#4001=VERTEX_POINT('',#14205);
#4002=VERTEX_POINT('',#14208);
#4003=VERTEX_POINT('',#14214);
#4004=VERTEX_POINT('',#14218);
#4005=VERTEX_POINT('',#14220);
#4006=VERTEX_POINT('',#14225);
#4007=VERTEX_POINT('',#14228);
#4008=VERTEX_POINT('',#14233);
#4009=VERTEX_POINT('',#14237);
#4010=VERTEX_POINT('',#14238);
#4011=VERTEX_POINT('',#14242);
#4012=VERTEX_POINT('',#14247);
#4013=VERTEX_POINT('',#14252);
#4014=VERTEX_POINT('',#14256);
#4015=VERTEX_POINT('',#14260);
#4016=VERTEX_POINT('',#14263);
#4017=VERTEX_POINT('',#14267);
#4018=VERTEX_POINT('',#14299);
#4019=VERTEX_POINT('',#14301);
#4020=VERTEX_POINT('',#14305);
#4021=VERTEX_POINT('',#14309);
#4022=VERTEX_POINT('',#14313);
#4023=VERTEX_POINT('',#14325);
#4024=VERTEX_POINT('',#14329);
#4025=VERTEX_POINT('',#14331);
#4026=VERTEX_POINT('',#14335);
#4027=VERTEX_POINT('',#14337);
#4028=VERTEX_POINT('',#14341);
#4029=VERTEX_POINT('',#14345);
#4030=VERTEX_POINT('',#14349);
#4031=VERTEX_POINT('',#14353);
#4032=VERTEX_POINT('',#14357);
#4033=VERTEX_POINT('',#14359);
#4034=VERTEX_POINT('',#14365);
#4035=VERTEX_POINT('',#14370);
#4036=VERTEX_POINT('',#14373);
#4037=EDGE_CURVE('',#3259,#3260,#1413,.T.);
#4038=EDGE_CURVE('',#3260,#3261,#1414,.T.);
#4039=EDGE_CURVE('',#3262,#3261,#1415,.T.);
#4040=EDGE_CURVE('',#3259,#3262,#1416,.T.);
#4041=EDGE_CURVE('',#3260,#3263,#1417,.T.);
#4042=EDGE_CURVE('',#3263,#3264,#1418,.T.);
#4043=EDGE_CURVE('',#3261,#3264,#1419,.T.);
#4044=EDGE_CURVE('',#3263,#3265,#1420,.T.);
#4045=EDGE_CURVE('',#3265,#3266,#1421,.T.);
#4046=EDGE_CURVE('',#3264,#3266,#1422,.T.);
#4047=EDGE_CURVE('',#3265,#3259,#1423,.T.);
#4048=EDGE_CURVE('',#3266,#3262,#1424,.T.);
#4049=EDGE_CURVE('',#3267,#3267,#365,.T.);
#4050=EDGE_CURVE('',#3268,#3268,#366,.T.);
#4051=EDGE_CURVE('',#3268,#3267,#1425,.T.);
#4052=EDGE_CURVE('',#3269,#3269,#367,.T.);
#4053=EDGE_CURVE('',#3270,#3270,#368,.T.);
#4054=EDGE_CURVE('',#3270,#3269,#1426,.T.);
#4055=EDGE_CURVE('',#3271,#3271,#369,.T.);
#4056=EDGE_CURVE('',#3272,#3272,#370,.T.);
#4057=EDGE_CURVE('',#3272,#3271,#1427,.T.);
#4058=EDGE_CURVE('',#3273,#3273,#371,.T.);
#4059=EDGE_CURVE('',#3274,#3274,#372,.T.);
#4060=EDGE_CURVE('',#3274,#3273,#1428,.T.);
#4061=EDGE_CURVE('',#3275,#3276,#1429,.T.);
#4062=EDGE_CURVE('',#3275,#3277,#1430,.T.);
#4063=EDGE_CURVE('',#3277,#3278,#1431,.T.);
#4064=EDGE_CURVE('',#3278,#3279,#1432,.T.);
#4065=EDGE_CURVE('',#3280,#3279,#1433,.T.);
#4066=EDGE_CURVE('',#3276,#3280,#1434,.T.);
#4067=EDGE_CURVE('',#3281,#3282,#1435,.T.);
#4068=EDGE_CURVE('',#3281,#3283,#1436,.T.);
#4069=EDGE_CURVE('',#3283,#3284,#1437,.T.);
#4070=EDGE_CURVE('',#3284,#3282,#1438,.T.);
#4071=EDGE_CURVE('',#3285,#3286,#1439,.T.);
#4072=EDGE_CURVE('',#3285,#3287,#1440,.T.);
#4073=EDGE_CURVE('',#3287,#3288,#1441,.T.);
#4074=EDGE_CURVE('',#3288,#3286,#1442,.T.);
#4075=EDGE_CURVE('',#3289,#3290,#1443,.T.);
#4076=EDGE_CURVE('',#3286,#3289,#1444,.T.);
#4077=EDGE_CURVE('',#3290,#3288,#1445,.T.);
#4078=EDGE_CURVE('',#3291,#3289,#1446,.T.);
#4079=EDGE_CURVE('',#3291,#3292,#1447,.T.);
#4080=EDGE_CURVE('',#3286,#3292,#1448,.T.);
#4081=EDGE_CURVE('',#3292,#3293,#1449,.T.);
#4082=EDGE_CURVE('',#3285,#3293,#1450,.T.);
#4083=EDGE_CURVE('',#3293,#3294,#1451,.T.);
#4084=EDGE_CURVE('',#3282,#3294,#1452,.T.);
#4085=EDGE_CURVE('',#3282,#3285,#1453,.T.);
#4086=EDGE_CURVE('',#3295,#3296,#1454,.T.);
#4087=EDGE_CURVE('',#3297,#3296,#1455,.T.);
#4088=EDGE_CURVE('',#3297,#3298,#1456,.T.);
#4089=EDGE_CURVE('',#3295,#3298,#1457,.T.);
#4090=EDGE_CURVE('',#3299,#3277,#311,.T.);
#4091=EDGE_CURVE('',#3277,#3297,#1458,.T.);
#4092=EDGE_CURVE('',#3296,#3300,#1459,.T.);
#4093=EDGE_CURVE('',#3301,#3300,#1460,.T.);
#4094=EDGE_CURVE('',#3301,#3302,#1461,.T.);
#4095=EDGE_CURVE('',#3302,#3303,#312,.T.);
#4096=EDGE_CURVE('',#3303,#3299,#1462,.T.);
#4097=EDGE_CURVE('',#3299,#3304,#1463,.T.);
#4098=EDGE_CURVE('',#3299,#3304,#1464,.T.);
#4099=EDGE_CURVE('',#3305,#3306,#1465,.T.);
#4100=EDGE_CURVE('',#3305,#3307,#1466,.T.);
#4101=EDGE_CURVE('',#3308,#3307,#1467,.T.);
#4102=EDGE_CURVE('',#3308,#3306,#1468,.T.);
#4103=EDGE_CURVE('',#3300,#3308,#1469,.T.);
#4104=EDGE_CURVE('',#3307,#3301,#1470,.T.);
#4105=EDGE_CURVE('',#3309,#3295,#1471,.T.);
#4106=EDGE_CURVE('',#3298,#3281,#1472,.T.);
#4107=EDGE_CURVE('',#3309,#3281,#1473,.T.);
#4108=EDGE_CURVE('',#3294,#3309,#1474,.T.);
#4109=EDGE_CURVE('',#3310,#3311,#1475,.T.);
#4110=EDGE_CURVE('',#3312,#3310,#1476,.T.);
#4111=EDGE_CURVE('',#3313,#3312,#1477,.T.);
#4112=EDGE_CURVE('',#3311,#3313,#1478,.T.);
#4113=EDGE_CURVE('',#3311,#3314,#1479,.T.);
#4114=EDGE_CURVE('',#3314,#3305,#1480,.T.);
#4115=EDGE_CURVE('',#3310,#3306,#1481,.T.);
#4116=EDGE_CURVE('',#3306,#3291,#1482,.T.);
#4117=EDGE_CURVE('',#3312,#3291,#1483,.T.);
#4118=EDGE_CURVE('',#3290,#3313,#1484,.T.);
#4119=EDGE_CURVE('',#3315,#3275,#1485,.T.);
#4120=EDGE_CURVE('',#3297,#3315,#1486,.T.);
#4121=EDGE_CURVE('',#3316,#3317,#373,.T.);
#4122=EDGE_CURVE('',#3318,#3316,#1487,.T.);
#4123=EDGE_CURVE('',#3319,#3318,#374,.T.);
#4124=EDGE_CURVE('',#3319,#3317,#1488,.T.);
#4125=EDGE_CURVE('',#3320,#3316,#1489,.T.);
#4126=EDGE_CURVE('',#3321,#3320,#1490,.T.);
#4127=EDGE_CURVE('',#3318,#3321,#1491,.T.);
#4128=EDGE_CURVE('',#3322,#3320,#375,.T.);
#4129=EDGE_CURVE('',#3323,#3322,#1492,.T.);
#4130=EDGE_CURVE('',#3321,#3323,#376,.T.);
#4131=EDGE_CURVE('',#3317,#3322,#1493,.T.);
#4132=EDGE_CURVE('',#3323,#3319,#1494,.T.);
#4133=EDGE_CURVE('',#3324,#3325,#377,.T.);
#4134=EDGE_CURVE('',#3326,#3324,#1495,.T.);
#4135=EDGE_CURVE('',#3327,#3326,#378,.T.);
#4136=EDGE_CURVE('',#3327,#3325,#1496,.T.);
#4137=EDGE_CURVE('',#3328,#3324,#1497,.T.);
#4138=EDGE_CURVE('',#3329,#3328,#1498,.T.);
#4139=EDGE_CURVE('',#3326,#3329,#1499,.T.);
#4140=EDGE_CURVE('',#3330,#3328,#379,.T.);
#4141=EDGE_CURVE('',#3331,#3330,#1500,.T.);
#4142=EDGE_CURVE('',#3329,#3331,#380,.T.);
#4143=EDGE_CURVE('',#3325,#3330,#1501,.T.);
#4144=EDGE_CURVE('',#3331,#3327,#1502,.T.);
#4145=EDGE_CURVE('',#3332,#3333,#381,.T.);
#4146=EDGE_CURVE('',#3334,#3332,#1503,.T.);
#4147=EDGE_CURVE('',#3335,#3334,#382,.T.);
#4148=EDGE_CURVE('',#3335,#3333,#1504,.T.);
#4149=EDGE_CURVE('',#3336,#3332,#1505,.T.);
#4150=EDGE_CURVE('',#3337,#3336,#1506,.T.);
#4151=EDGE_CURVE('',#3334,#3337,#1507,.T.);
#4152=EDGE_CURVE('',#3338,#3336,#383,.T.);
#4153=EDGE_CURVE('',#3339,#3338,#1508,.T.);
#4154=EDGE_CURVE('',#3337,#3339,#384,.T.);
#4155=EDGE_CURVE('',#3333,#3338,#1509,.T.);
#4156=EDGE_CURVE('',#3339,#3335,#1510,.T.);
#4157=EDGE_CURVE('',#3340,#3341,#385,.T.);
#4158=EDGE_CURVE('',#3342,#3340,#1511,.T.);
#4159=EDGE_CURVE('',#3343,#3342,#386,.T.);
#4160=EDGE_CURVE('',#3343,#3341,#1512,.T.);
#4161=EDGE_CURVE('',#3344,#3340,#1513,.T.);
#4162=EDGE_CURVE('',#3345,#3344,#1514,.T.);
#4163=EDGE_CURVE('',#3342,#3345,#1515,.T.);
#4164=EDGE_CURVE('',#3346,#3344,#387,.T.);
#4165=EDGE_CURVE('',#3347,#3346,#1516,.T.);
#4166=EDGE_CURVE('',#3345,#3347,#388,.T.);
#4167=EDGE_CURVE('',#3341,#3346,#1517,.T.);
#4168=EDGE_CURVE('',#3347,#3343,#1518,.T.);
#4169=EDGE_CURVE('',#3348,#3349,#389,.T.);
#4170=EDGE_CURVE('',#3350,#3348,#1519,.T.);
#4171=EDGE_CURVE('',#3351,#3350,#390,.T.);
#4172=EDGE_CURVE('',#3351,#3349,#1520,.T.);
#4173=EDGE_CURVE('',#3352,#3348,#1521,.T.);
#4174=EDGE_CURVE('',#3353,#3352,#1522,.T.);
#4175=EDGE_CURVE('',#3350,#3353,#1523,.T.);
#4176=EDGE_CURVE('',#3354,#3352,#391,.T.);
#4177=EDGE_CURVE('',#3355,#3354,#1524,.T.);
#4178=EDGE_CURVE('',#3353,#3355,#392,.T.);
#4179=EDGE_CURVE('',#3349,#3354,#1525,.T.);
#4180=EDGE_CURVE('',#3355,#3351,#1526,.T.);
#4181=EDGE_CURVE('',#3356,#3357,#393,.T.);
#4182=EDGE_CURVE('',#3358,#3356,#1527,.T.);
#4183=EDGE_CURVE('',#3359,#3358,#394,.T.);
#4184=EDGE_CURVE('',#3359,#3357,#1528,.T.);
#4185=EDGE_CURVE('',#3360,#3356,#1529,.T.);
#4186=EDGE_CURVE('',#3361,#3360,#1530,.T.);
#4187=EDGE_CURVE('',#3358,#3361,#1531,.T.);
#4188=EDGE_CURVE('',#3362,#3360,#395,.T.);
#4189=EDGE_CURVE('',#3363,#3362,#1532,.T.);
#4190=EDGE_CURVE('',#3361,#3363,#396,.T.);
#4191=EDGE_CURVE('',#3357,#3362,#1533,.T.);
#4192=EDGE_CURVE('',#3363,#3359,#1534,.T.);
#4193=EDGE_CURVE('',#3364,#3365,#1535,.T.);
#4194=EDGE_CURVE('',#3366,#3364,#1536,.T.);
#4195=EDGE_CURVE('',#3367,#3366,#1537,.T.);
#4196=EDGE_CURVE('',#3365,#3367,#1538,.T.);
#4197=EDGE_CURVE('',#3368,#3369,#1539,.T.);
#4198=EDGE_CURVE('',#3369,#3370,#397,.T.);
#4199=EDGE_CURVE('',#3370,#3371,#1540,.T.);
#4200=EDGE_CURVE('',#3371,#3372,#398,.T.);
#4201=EDGE_CURVE('',#3372,#3373,#1541,.T.);
#4202=EDGE_CURVE('',#3373,#3374,#399,.T.);
#4203=EDGE_CURVE('',#3374,#3375,#1542,.T.);
#4204=EDGE_CURVE('',#3375,#3368,#400,.T.);
#4205=EDGE_CURVE('',#3376,#3377,#1543,.T.);
#4206=EDGE_CURVE('',#3378,#3376,#1544,.T.);
#4207=EDGE_CURVE('',#3379,#3378,#1545,.T.);
#4208=EDGE_CURVE('',#3377,#3379,#1546,.T.);
#4209=EDGE_CURVE('',#3299,#3278,#401,.T.);
#4210=EDGE_CURVE('',#3303,#3380,#1547,.T.);
#4211=EDGE_CURVE('',#3381,#3380,#1548,.T.);
#4212=EDGE_CURVE('',#3381,#3304,#1549,.T.);
#4213=EDGE_CURVE('',#3382,#3380,#402,.T.);
#4214=EDGE_CURVE('',#3302,#3382,#1550,.T.);
#4215=EDGE_CURVE('',#3378,#3383,#403,.T.);
#4216=EDGE_CURVE('',#3383,#3384,#1551,.T.);
#4217=EDGE_CURVE('',#3384,#3379,#404,.T.);
#4218=EDGE_CURVE('',#3377,#3385,#405,.T.);
#4219=EDGE_CURVE('',#3385,#3386,#1552,.T.);
#4220=EDGE_CURVE('',#3386,#3376,#406,.T.);
#4221=EDGE_CURVE('',#3387,#3388,#1553,.T.);
#4222=EDGE_CURVE('',#3386,#3387,#1554,.T.);
#4223=EDGE_CURVE('',#3388,#3385,#1555,.T.);
#4224=EDGE_CURVE('',#3366,#3387,#407,.T.);
#4225=EDGE_CURVE('',#3388,#3367,#408,.T.);
#4226=EDGE_CURVE('',#3365,#3389,#409,.T.);
#4227=EDGE_CURVE('',#3389,#3390,#1556,.T.);
#4228=EDGE_CURVE('',#3390,#3364,#410,.T.);
#4229=EDGE_CURVE('',#3391,#3392,#1557,.T.);
#4230=EDGE_CURVE('',#3301,#3391,#1558,.T.);
#4231=EDGE_CURVE('',#3392,#3307,#1559,.T.);
#4232=EDGE_CURVE('',#3392,#3393,#1560,.T.);
#4233=EDGE_CURVE('',#3314,#3393,#1561,.T.);
#4234=EDGE_CURVE('',#3276,#3389,#1562,.T.);
#4235=EDGE_CURVE('',#3280,#3381,#411,.T.);
#4236=EDGE_CURVE('',#3394,#3382,#1563,.T.);
#4237=EDGE_CURVE('',#3384,#3394,#1564,.T.);
#4238=EDGE_CURVE('',#3390,#3383,#1565,.T.);
#4239=EDGE_CURVE('',#3279,#3304,#412,.T.);
#4240=EDGE_CURVE('',#3395,#3396,#413,.T.);
#4241=EDGE_CURVE('',#3368,#3395,#1566,.T.);
#4242=EDGE_CURVE('',#3375,#3396,#1567,.T.);
#4243=EDGE_CURVE('',#3397,#3398,#1568,.T.);
#4244=EDGE_CURVE('',#3371,#3397,#1569,.T.);
#4245=EDGE_CURVE('',#3370,#3398,#1570,.T.);
#4246=EDGE_CURVE('',#3398,#3399,#414,.T.);
#4247=EDGE_CURVE('',#3369,#3399,#1571,.T.);
#4248=EDGE_CURVE('',#3399,#3395,#1572,.T.);
#4249=EDGE_CURVE('',#3400,#3401,#415,.T.);
#4250=EDGE_CURVE('',#3401,#3402,#1573,.T.);
#4251=EDGE_CURVE('',#3403,#3402,#416,.T.);
#4252=EDGE_CURVE('',#3400,#3403,#1574,.T.);
#4253=EDGE_CURVE('',#3401,#3404,#1575,.T.);
#4254=EDGE_CURVE('',#3404,#3405,#1576,.T.);
#4255=EDGE_CURVE('',#3402,#3405,#1577,.T.);
#4256=EDGE_CURVE('',#3406,#3407,#1578,.T.);
#4257=EDGE_CURVE('',#3408,#3407,#1579,.T.);
#4258=EDGE_CURVE('',#3408,#3409,#1580,.T.);
#4259=EDGE_CURVE('',#3409,#3406,#1581,.T.);
#4260=EDGE_CURVE('',#3410,#3411,#1582,.T.);
#4261=EDGE_CURVE('',#3402,#3411,#1583,.T.);
#4262=EDGE_CURVE('',#3410,#3405,#1584,.T.);
#4263=EDGE_CURVE('',#3411,#3412,#417,.T.);
#4264=EDGE_CURVE('',#3403,#3412,#1585,.T.);
#4265=EDGE_CURVE('',#3407,#3403,#1586,.T.);
#4266=EDGE_CURVE('',#3412,#3408,#1587,.T.);
#4267=EDGE_CURVE('',#3409,#3410,#1588,.T.);
#4268=EDGE_CURVE('',#3405,#3406,#1589,.T.);
#4269=EDGE_CURVE('',#3413,#3414,#1590,.T.);
#4270=EDGE_CURVE('',#3415,#3413,#418,.T.);
#4271=EDGE_CURVE('',#3416,#3415,#1591,.T.);
#4272=EDGE_CURVE('',#3417,#3416,#419,.T.);
#4273=EDGE_CURVE('',#3418,#3417,#1592,.T.);
#4274=EDGE_CURVE('',#3419,#3418,#420,.T.);
#4275=EDGE_CURVE('',#3420,#3419,#1593,.T.);
#4276=EDGE_CURVE('',#3414,#3420,#421,.T.);
#4277=EDGE_CURVE('',#3396,#3421,#1594,.T.);
#4278=EDGE_CURVE('',#3374,#3421,#1595,.T.);
#4279=EDGE_CURVE('',#3421,#3422,#422,.T.);
#4280=EDGE_CURVE('',#3373,#3422,#1596,.T.);
#4281=EDGE_CURVE('',#3422,#3423,#1597,.T.);
#4282=EDGE_CURVE('',#3372,#3423,#1598,.T.);
#4283=EDGE_CURVE('',#3423,#3397,#423,.T.);
#4284=EDGE_CURVE('',#3414,#3396,#1599,.T.);
#4285=EDGE_CURVE('',#3395,#3420,#1600,.T.);
#4286=EDGE_CURVE('',#3399,#3419,#1601,.T.);
#4287=EDGE_CURVE('',#3398,#3418,#1602,.T.);
#4288=EDGE_CURVE('',#3397,#3417,#1603,.T.);
#4289=EDGE_CURVE('',#3423,#3416,#1604,.T.);
#4290=EDGE_CURVE('',#3422,#3415,#1605,.T.);
#4291=EDGE_CURVE('',#3421,#3413,#1606,.T.);
#4292=EDGE_CURVE('',#3424,#3400,#1607,.T.);
#4293=EDGE_CURVE('',#3424,#3407,#1608,.T.);
#4294=EDGE_CURVE('',#3425,#3424,#1609,.T.);
#4295=EDGE_CURVE('',#3425,#3406,#1610,.T.);
#4296=EDGE_CURVE('',#3404,#3425,#1611,.T.);
#4297=EDGE_CURVE('',#3426,#3427,#424,.T.);
#4298=EDGE_CURVE('',#3428,#3426,#1612,.T.);
#4299=EDGE_CURVE('',#3429,#3428,#425,.T.);
#4300=EDGE_CURVE('',#3430,#3429,#1613,.T.);
#4301=EDGE_CURVE('',#3431,#3430,#1614,.T.);
#4302=EDGE_CURVE('',#3432,#3431,#1615,.T.);
#4303=EDGE_CURVE('',#3433,#3432,#1616,.T.);
#4304=EDGE_CURVE('',#3434,#3433,#1617,.T.);
#4305=EDGE_CURVE('',#3435,#3434,#426,.T.);
#4306=EDGE_CURVE('',#3436,#3435,#1618,.T.);
#4307=EDGE_CURVE('',#3437,#3436,#427,.T.);
#4308=EDGE_CURVE('',#3438,#3437,#1619,.T.);
#4309=EDGE_CURVE('',#3439,#3438,#1620,.T.);
#4310=EDGE_CURVE('',#3440,#3439,#1621,.T.);
#4311=EDGE_CURVE('',#3441,#3440,#1622,.T.);
#4312=EDGE_CURVE('',#3427,#3441,#1623,.T.);
#4313=EDGE_CURVE('',#3442,#3426,#1624,.T.);
#4314=EDGE_CURVE('',#3443,#3427,#1625,.T.);
#4315=EDGE_CURVE('',#3443,#3442,#428,.T.);
#4316=EDGE_CURVE('',#3444,#3441,#1626,.T.);
#4317=EDGE_CURVE('',#3443,#3444,#1627,.T.);
#4318=EDGE_CURVE('',#3445,#3440,#1628,.T.);
#4319=EDGE_CURVE('',#3445,#3444,#1629,.T.);
#4320=EDGE_CURVE('',#3446,#3439,#1630,.T.);
#4321=EDGE_CURVE('',#3445,#3446,#1631,.T.);
#4322=EDGE_CURVE('',#3447,#3438,#1632,.T.);
#4323=EDGE_CURVE('',#3447,#3446,#1633,.T.);
#4324=EDGE_CURVE('',#3448,#3437,#1634,.T.);
#4325=EDGE_CURVE('',#3447,#3448,#1635,.T.);
#4326=EDGE_CURVE('',#3449,#3436,#1636,.T.);
#4327=EDGE_CURVE('',#3449,#3448,#429,.T.);
#4328=EDGE_CURVE('',#3450,#3428,#1637,.T.);
#4329=EDGE_CURVE('',#3450,#3442,#1638,.T.);
#4330=EDGE_CURVE('',#3451,#3429,#1639,.T.);
#4331=EDGE_CURVE('',#3450,#3451,#430,.T.);
#4332=EDGE_CURVE('',#3452,#3430,#1640,.T.);
#4333=EDGE_CURVE('',#3452,#3451,#1641,.T.);
#4334=EDGE_CURVE('',#3453,#3431,#1642,.T.);
#4335=EDGE_CURVE('',#3453,#3452,#1643,.T.);
#4336=EDGE_CURVE('',#3454,#3432,#1644,.T.);
#4337=EDGE_CURVE('',#3454,#3453,#1645,.T.);
#4338=EDGE_CURVE('',#3455,#3433,#1646,.T.);
#4339=EDGE_CURVE('',#3455,#3454,#1647,.T.);
#4340=EDGE_CURVE('',#3456,#3434,#1648,.T.);
#4341=EDGE_CURVE('',#3456,#3455,#1649,.T.);
#4342=EDGE_CURVE('',#3457,#3435,#1650,.T.);
#4343=EDGE_CURVE('',#3456,#3457,#431,.T.);
#4344=EDGE_CURVE('',#3458,#3459,#432,.T.);
#4345=EDGE_CURVE('',#3459,#3460,#1651,.T.);
#4346=EDGE_CURVE('',#3461,#3460,#433,.T.);
#4347=EDGE_CURVE('',#3458,#3461,#1652,.T.);
#4348=EDGE_CURVE('',#3459,#3462,#1653,.T.);
#4349=EDGE_CURVE('',#3462,#3463,#1654,.T.);
#4350=EDGE_CURVE('',#3460,#3463,#1655,.T.);
#4351=EDGE_CURVE('',#3462,#3464,#434,.T.);
#4352=EDGE_CURVE('',#3464,#3465,#1656,.T.);
#4353=EDGE_CURVE('',#3463,#3465,#435,.T.);
#4354=EDGE_CURVE('',#3464,#3466,#1657,.T.);
#4355=EDGE_CURVE('',#3466,#3467,#1658,.T.);
#4356=EDGE_CURVE('',#3465,#3467,#1659,.T.);
#4357=EDGE_CURVE('',#3466,#3468,#436,.T.);
#4358=EDGE_CURVE('',#3468,#3469,#1660,.T.);
#4359=EDGE_CURVE('',#3467,#3469,#437,.T.);
#4360=EDGE_CURVE('',#3470,#3471,#438,.T.);
#4361=EDGE_CURVE('',#3471,#3472,#1661,.T.);
#4362=EDGE_CURVE('',#3473,#3472,#439,.T.);
#4363=EDGE_CURVE('',#3470,#3473,#1662,.T.);
#4364=EDGE_CURVE('',#3471,#3458,#1663,.T.);
#4365=EDGE_CURVE('',#3472,#3461,#1664,.T.);
#4366=EDGE_CURVE('',#3474,#3475,#440,.T.);
#4367=EDGE_CURVE('',#3476,#3474,#1665,.T.);
#4368=EDGE_CURVE('',#3477,#3476,#441,.T.);
#4369=EDGE_CURVE('',#3477,#3475,#1666,.T.);
#4370=EDGE_CURVE('',#3475,#3478,#1667,.T.);
#4371=EDGE_CURVE('',#3479,#3477,#1668,.T.);
#4372=EDGE_CURVE('',#3478,#3479,#1669,.T.);
#4373=EDGE_CURVE('',#3480,#3481,#1670,.T.);
#4374=EDGE_CURVE('',#3482,#3480,#1671,.T.);
#4375=EDGE_CURVE('',#3483,#3482,#1672,.T.);
#4376=EDGE_CURVE('',#3483,#3481,#1673,.T.);
#4377=EDGE_CURVE('',#3476,#3483,#1674,.T.);
#4378=EDGE_CURVE('',#3449,#3482,#1675,.T.);
#4379=EDGE_CURVE('',#3479,#3457,#1676,.T.);
#4380=EDGE_CURVE('',#3481,#3474,#1677,.T.);
#4381=EDGE_CURVE('',#3478,#3470,#1678,.T.);
#4382=EDGE_CURVE('',#3469,#3473,#1679,.T.);
#4383=EDGE_CURVE('',#3468,#3480,#1680,.T.);
#4384=EDGE_CURVE('',#3394,#3484,#1681,.T.);
#4385=EDGE_CURVE('',#3302,#3484,#1682,.T.);
#4386=EDGE_CURVE('',#3284,#3287,#1683,.T.);
#4387=EDGE_CURVE('',#3484,#3391,#1684,.T.);
#4388=EDGE_CURVE('',#3485,#3486,#1685,.T.);
#4389=EDGE_CURVE('',#3485,#3283,#1686,.T.);
#4390=EDGE_CURVE('',#3298,#3486,#1687,.T.);
#4391=EDGE_CURVE('',#3486,#3315,#1688,.T.);
#4392=EDGE_CURVE('',#3487,#3488,#1689,.T.);
#4393=EDGE_CURVE('',#3487,#3489,#1690,.T.);
#4394=EDGE_CURVE('',#3489,#3490,#1691,.T.);
#4395=EDGE_CURVE('',#3488,#3490,#1692,.T.);
#4396=EDGE_CURVE('',#3488,#3491,#1693,.T.);
#4397=EDGE_CURVE('',#3490,#3492,#1694,.T.);
#4398=EDGE_CURVE('',#3491,#3492,#1695,.T.);
#4399=EDGE_CURVE('',#3491,#3493,#1696,.T.);
#4400=EDGE_CURVE('',#3492,#3494,#1697,.T.);
#4401=EDGE_CURVE('',#3493,#3494,#1698,.T.);
#4402=EDGE_CURVE('',#3493,#3487,#1699,.T.);
#4403=EDGE_CURVE('',#3494,#3489,#1700,.T.);
#4404=EDGE_CURVE('',#3495,#3496,#1701,.T.);
#4405=EDGE_CURVE('',#3497,#3495,#1702,.T.);
#4406=EDGE_CURVE('',#3498,#3497,#1703,.T.);
#4407=EDGE_CURVE('',#3496,#3498,#1704,.T.);
#4408=EDGE_CURVE('',#3497,#3499,#1705,.T.);
#4409=EDGE_CURVE('',#3500,#3499,#1706,.T.);
#4410=EDGE_CURVE('',#3498,#3500,#1707,.T.);
#4411=EDGE_CURVE('',#3495,#3501,#1708,.T.);
#4412=EDGE_CURVE('',#3499,#3501,#1709,.T.);
#4413=EDGE_CURVE('',#3502,#3503,#1710,.T.);
#4414=EDGE_CURVE('',#3503,#3504,#1711,.T.);
#4415=EDGE_CURVE('',#3504,#3505,#1712,.T.);
#4416=EDGE_CURVE('',#3502,#3505,#1713,.T.);
#4417=EDGE_CURVE('',#3503,#3506,#1714,.T.);
#4418=EDGE_CURVE('',#3506,#3507,#1715,.T.);
#4419=EDGE_CURVE('',#3507,#3504,#1716,.T.);
#4420=EDGE_CURVE('',#3506,#3508,#1717,.T.);
#4421=EDGE_CURVE('',#3508,#3509,#1718,.T.);
#4422=EDGE_CURVE('',#3509,#3507,#1719,.T.);
#4423=EDGE_CURVE('',#3508,#3510,#1720,.T.);
#4424=EDGE_CURVE('',#3510,#3511,#1721,.T.);
#4425=EDGE_CURVE('',#3511,#3509,#1722,.T.);
#4426=EDGE_CURVE('',#3510,#3512,#1723,.T.);
#4427=EDGE_CURVE('',#3512,#3513,#1724,.T.);
#4428=EDGE_CURVE('',#3513,#3511,#1725,.T.);
#4429=EDGE_CURVE('',#3512,#3514,#1726,.T.);
#4430=EDGE_CURVE('',#3514,#3515,#1727,.T.);
#4431=EDGE_CURVE('',#3515,#3513,#1728,.T.);
#4432=EDGE_CURVE('',#3514,#3516,#1729,.T.);
#4433=EDGE_CURVE('',#3516,#3517,#1730,.T.);
#4434=EDGE_CURVE('',#3517,#3515,#1731,.T.);
#4435=EDGE_CURVE('',#3516,#3518,#1732,.T.);
#4436=EDGE_CURVE('',#3518,#3519,#1733,.T.);
#4437=EDGE_CURVE('',#3519,#3517,#1734,.T.);
#4438=EDGE_CURVE('',#3518,#3520,#1735,.T.);
#4439=EDGE_CURVE('',#3520,#3521,#1736,.T.);
#4440=EDGE_CURVE('',#3521,#3519,#1737,.T.);
#4441=EDGE_CURVE('',#3522,#3521,#1738,.T.);
#4442=EDGE_CURVE('',#3520,#3523,#1739,.T.);
#4443=EDGE_CURVE('',#3523,#3522,#1740,.T.);
#4444=EDGE_CURVE('',#3524,#3522,#1741,.T.);
#4445=EDGE_CURVE('',#3523,#3525,#1742,.T.);
#4446=EDGE_CURVE('',#3525,#3524,#1743,.T.);
#4447=EDGE_CURVE('',#3526,#3524,#1744,.T.);
#4448=EDGE_CURVE('',#3525,#3527,#1745,.T.);
#4449=EDGE_CURVE('',#3527,#3526,#1746,.T.);
#4450=EDGE_CURVE('',#3528,#3526,#1747,.T.);
#4451=EDGE_CURVE('',#3527,#3529,#1748,.T.);
#4452=EDGE_CURVE('',#3529,#3528,#1749,.T.);
#4453=EDGE_CURVE('',#3530,#3528,#1750,.T.);
#4454=EDGE_CURVE('',#3529,#3531,#1751,.T.);
#4455=EDGE_CURVE('',#3531,#3530,#1752,.T.);
#4456=EDGE_CURVE('',#3532,#3530,#1753,.T.);
#4457=EDGE_CURVE('',#3531,#3533,#1754,.T.);
#4458=EDGE_CURVE('',#3533,#3532,#1755,.T.);
#4459=EDGE_CURVE('',#3505,#3532,#1756,.T.);
#4460=EDGE_CURVE('',#3533,#3502,#1757,.T.);
#4461=EDGE_CURVE('',#3522,#3534,#1758,.T.);
#4462=EDGE_CURVE('',#3534,#3535,#1759,.T.);
#4463=EDGE_CURVE('',#3535,#3521,#1760,.T.);
#4464=EDGE_CURVE('',#3536,#3524,#1761,.T.);
#4465=EDGE_CURVE('',#3534,#3536,#1762,.T.);
#4466=EDGE_CURVE('',#3537,#3526,#1763,.T.);
#4467=EDGE_CURVE('',#3537,#3536,#1764,.T.);
#4468=EDGE_CURVE('',#3538,#3528,#1765,.T.);
#4469=EDGE_CURVE('',#3538,#3537,#1766,.T.);
#4470=EDGE_CURVE('',#3539,#3530,#1767,.T.);
#4471=EDGE_CURVE('',#3539,#3538,#1768,.T.);
#4472=EDGE_CURVE('',#3540,#3532,#1769,.T.);
#4473=EDGE_CURVE('',#3539,#3540,#1770,.T.);
#4474=EDGE_CURVE('',#3505,#3541,#1771,.T.);
#4475=EDGE_CURVE('',#3541,#3540,#1772,.T.);
#4476=EDGE_CURVE('',#3542,#3504,#1773,.T.);
#4477=EDGE_CURVE('',#3541,#3542,#1774,.T.);
#4478=EDGE_CURVE('',#3543,#3500,#1775,.T.);
#4479=EDGE_CURVE('',#3501,#3543,#1776,.T.);
#4480=EDGE_CURVE('',#3519,#3544,#1777,.T.);
#4481=EDGE_CURVE('',#3544,#3545,#1778,.T.);
#4482=EDGE_CURVE('',#3545,#3517,#1779,.T.);
#4483=EDGE_CURVE('',#3544,#3535,#1780,.T.);
#4484=EDGE_CURVE('',#3546,#3542,#1781,.T.);
#4485=EDGE_CURVE('',#3546,#3547,#1782,.T.);
#4486=EDGE_CURVE('',#3548,#3547,#1783,.T.);
#4487=EDGE_CURVE('',#3549,#3548,#1784,.T.);
#4488=EDGE_CURVE('',#3550,#3549,#1785,.T.);
#4489=EDGE_CURVE('',#3550,#3545,#1786,.T.);
#4490=EDGE_CURVE('',#3507,#3546,#1787,.T.);
#4491=EDGE_CURVE('',#3547,#3509,#1788,.T.);
#4492=EDGE_CURVE('',#3548,#3511,#1789,.T.);
#4493=EDGE_CURVE('',#3496,#3543,#1790,.T.);
#4494=EDGE_CURVE('',#3549,#3513,#1791,.T.);
#4495=EDGE_CURVE('',#3550,#3515,#1792,.T.);
#4496=EDGE_CURVE('',#3551,#3552,#1793,.T.);
#4497=EDGE_CURVE('',#3551,#3553,#1794,.T.);
#4498=EDGE_CURVE('',#3554,#3553,#1795,.T.);
#4499=EDGE_CURVE('',#3555,#3554,#1796,.T.);
#4500=EDGE_CURVE('',#3556,#3555,#1797,.T.);
#4501=EDGE_CURVE('',#3552,#3556,#1798,.T.);
#4502=EDGE_CURVE('',#3557,#3558,#1799,.T.);
#4503=EDGE_CURVE('',#3559,#3558,#1800,.T.);
#4504=EDGE_CURVE('',#3560,#3559,#1801,.T.);
#4505=EDGE_CURVE('',#3561,#3560,#1802,.T.);
#4506=EDGE_CURVE('',#3562,#3561,#1803,.T.);
#4507=EDGE_CURVE('',#3557,#3562,#1804,.T.);
#4508=EDGE_CURVE('',#3563,#3559,#1805,.T.);
#4509=EDGE_CURVE('',#3563,#3564,#1806,.T.);
#4510=EDGE_CURVE('',#3564,#3565,#1807,.T.);
#4511=EDGE_CURVE('',#3566,#3565,#1808,.T.);
#4512=EDGE_CURVE('',#3566,#3560,#1809,.T.);
#4513=EDGE_CURVE('',#3567,#3566,#442,.T.);
#4514=EDGE_CURVE('',#3568,#3567,#1810,.T.);
#4515=EDGE_CURVE('',#3569,#3568,#443,.T.);
#4516=EDGE_CURVE('',#3556,#3569,#1811,.T.);
#4517=EDGE_CURVE('',#3555,#3570,#1812,.T.);
#4518=EDGE_CURVE('',#3570,#3571,#1813,.T.);
#4519=EDGE_CURVE('',#3572,#3571,#1814,.T.);
#4520=EDGE_CURVE('',#3573,#3572,#1815,.T.);
#4521=EDGE_CURVE('',#3561,#3573,#1816,.T.);
#4522=EDGE_CURVE('',#3574,#3554,#1817,.T.);
#4523=EDGE_CURVE('',#3575,#3574,#1818,.T.);
#4524=EDGE_CURVE('',#3571,#3575,#1819,.T.);
#4525=EDGE_CURVE('',#3553,#3576,#1820,.T.);
#4526=EDGE_CURVE('',#3577,#3576,#1821,.T.);
#4527=EDGE_CURVE('',#3575,#3577,#1822,.T.);
#4528=EDGE_CURVE('',#3578,#3558,#1823,.T.);
#4529=EDGE_CURVE('',#3579,#3578,#1824,.T.);
#4530=EDGE_CURVE('',#3580,#3579,#1825,.T.);
#4531=EDGE_CURVE('',#3581,#3580,#1826,.T.);
#4532=EDGE_CURVE('',#3551,#3581,#1827,.T.);
#4533=EDGE_CURVE('',#3582,#3552,#1828,.T.);
#4534=EDGE_CURVE('',#3583,#3582,#444,.T.);
#4535=EDGE_CURVE('',#3583,#3584,#1829,.T.);
#4536=EDGE_CURVE('',#3563,#3584,#1830,.T.);
#4537=EDGE_CURVE('',#3565,#3585,#445,.T.);
#4538=EDGE_CURVE('',#3585,#3564,#1831,.T.);
#4539=EDGE_CURVE('',#3586,#3583,#1832,.T.);
#4540=EDGE_CURVE('',#3586,#3587,#1833,.T.);
#4541=EDGE_CURVE('',#3584,#3587,#1834,.T.);
#4542=EDGE_CURVE('',#3588,#3586,#446,.T.);
#4543=EDGE_CURVE('',#3587,#3588,#1835,.T.);
#4544=EDGE_CURVE('',#3582,#3569,#1836,.T.);
#4545=EDGE_CURVE('',#3568,#3588,#1837,.T.);
#4546=EDGE_CURVE('',#3585,#3567,#1838,.T.);
#4547=EDGE_CURVE('',#3562,#3589,#1839,.T.);
#4548=EDGE_CURVE('',#3589,#3590,#1840,.T.);
#4549=EDGE_CURVE('',#3591,#3590,#1841,.T.);
#4550=EDGE_CURVE('',#3592,#3591,#1842,.T.);
#4551=EDGE_CURVE('',#3557,#3592,#1843,.T.);
#4552=EDGE_CURVE('',#3576,#3581,#1844,.T.);
#4553=EDGE_CURVE('',#3580,#3577,#1845,.T.);
#4554=EDGE_CURVE('',#3591,#3579,#1846,.T.);
#4555=EDGE_CURVE('',#3590,#3572,#1847,.T.);
#4556=EDGE_CURVE('',#3578,#3592,#1848,.T.);
#4557=EDGE_CURVE('',#3593,#3594,#447,.T.);
#4558=EDGE_CURVE('',#3595,#3593,#1849,.T.);
#4559=EDGE_CURVE('',#3596,#3595,#448,.T.);
#4560=EDGE_CURVE('',#3597,#3596,#1850,.T.);
#4561=EDGE_CURVE('',#3598,#3597,#449,.T.);
#4562=EDGE_CURVE('',#3599,#3598,#1851,.T.);
#4563=EDGE_CURVE('',#3599,#3600,#1852,.T.);
#4564=EDGE_CURVE('',#3601,#3600,#450,.T.);
#4565=EDGE_CURVE('',#3602,#3601,#1853,.T.);
#4566=EDGE_CURVE('',#3594,#3602,#1854,.T.);
#4567=EDGE_CURVE('',#3602,#3599,#1855,.T.);
#4568=EDGE_CURVE('',#3600,#3601,#1856,.T.);
#4569=EDGE_CURVE('',#3603,#3603,#451,.T.);
#4570=EDGE_CURVE('',#3603,#3604,#1857,.T.);
#4571=EDGE_CURVE('',#3604,#3605,#452,.T.);
#4572=EDGE_CURVE('',#3605,#3604,#453,.T.);
#4573=EDGE_CURVE('',#3606,#3598,#1858,.F.);
#4574=EDGE_CURVE('',#3607,#3606,#1859,.F.);
#4575=EDGE_CURVE('',#3608,#3607,#1860,.T.);
#4576=EDGE_CURVE('',#3608,#3609,#1861,.T.);
#4577=EDGE_CURVE('',#3599,#3609,#1862,.T.);
#4578=EDGE_CURVE('',#3610,#3597,#1863,.F.);
#4579=EDGE_CURVE('',#3611,#3610,#1864,.F.);
#4580=EDGE_CURVE('',#3611,#3612,#1865,.T.);
#4581=EDGE_CURVE('',#3612,#3613,#1866,.T.);
#4582=EDGE_CURVE('',#3613,#3614,#1867,.T.);
#4583=EDGE_CURVE('',#3614,#3615,#1868,.T.);
#4584=EDGE_CURVE('',#3615,#3616,#1869,.T.);
#4585=EDGE_CURVE('',#3616,#3617,#1870,.T.);
#4586=EDGE_CURVE('',#3617,#3618,#1871,.T.);
#4587=EDGE_CURVE('',#3618,#3619,#1872,.T.);
#4588=EDGE_CURVE('',#3619,#3620,#1873,.T.);
#4589=EDGE_CURVE('',#3620,#3621,#1874,.T.);
#4590=EDGE_CURVE('',#3621,#3622,#1875,.T.);
#4591=EDGE_CURVE('',#3622,#3623,#1876,.T.);
#4592=EDGE_CURVE('',#3623,#3624,#1877,.T.);
#4593=EDGE_CURVE('',#3624,#3625,#1878,.T.);
#4594=EDGE_CURVE('',#3625,#3626,#1879,.T.);
#4595=EDGE_CURVE('',#3627,#3626,#1880,.F.);
#4596=EDGE_CURVE('',#3628,#3627,#1881,.F.);
#4597=EDGE_CURVE('',#3628,#3629,#454,.T.);
#4598=EDGE_CURVE('',#3630,#3629,#1882,.F.);
#4599=EDGE_CURVE('',#3630,#3631,#1883,.F.);
#4600=EDGE_CURVE('',#3632,#3631,#1884,.T.);
#4601=EDGE_CURVE('',#3632,#3633,#1885,.T.);
#4602=EDGE_CURVE('',#3633,#3606,#1886,.F.);
#4603=EDGE_CURVE('',#3634,#3634,#455,.T.);
#4604=EDGE_CURVE('',#3635,#3635,#456,.T.);
#4605=EDGE_CURVE('',#3636,#3636,#457,.T.);
#4606=EDGE_CURVE('',#3637,#3637,#458,.T.);
#4607=EDGE_CURVE('',#3638,#3638,#459,.T.);
#4608=EDGE_CURVE('',#3639,#3640,#87,.T.);
#4609=EDGE_CURVE('',#3640,#3641,#88,.T.);
#4610=EDGE_CURVE('',#3641,#3642,#89,.T.);
#4611=EDGE_CURVE('',#3642,#3643,#90,.T.);
#4612=EDGE_CURVE('',#3643,#3644,#91,.T.);
#4613=EDGE_CURVE('',#3644,#3645,#92,.T.);
#4614=EDGE_CURVE('',#3645,#3646,#93,.T.);
#4615=EDGE_CURVE('',#3646,#3647,#94,.T.);
#4616=EDGE_CURVE('',#3647,#3648,#95,.T.);
#4617=EDGE_CURVE('',#3648,#3649,#1887,.T.);
#4618=EDGE_CURVE('',#3649,#3650,#1888,.T.);
#4619=EDGE_CURVE('',#3650,#3651,#1889,.T.);
#4620=EDGE_CURVE('',#3651,#3652,#96,.T.);
#4621=EDGE_CURVE('',#3652,#3653,#97,.T.);
#4622=EDGE_CURVE('',#3653,#3654,#98,.T.);
#4623=EDGE_CURVE('',#3654,#3655,#99,.T.);
#4624=EDGE_CURVE('',#3655,#3656,#100,.T.);
#4625=EDGE_CURVE('',#3656,#3657,#101,.T.);
#4626=EDGE_CURVE('',#3657,#3658,#102,.T.);
#4627=EDGE_CURVE('',#3658,#3659,#103,.T.);
#4628=EDGE_CURVE('',#3659,#3660,#104,.T.);
#4629=EDGE_CURVE('',#3660,#3661,#1890,.T.);
#4630=EDGE_CURVE('',#3661,#3639,#105,.T.);
#4631=EDGE_CURVE('',#3662,#3663,#1891,.T.);
#4632=EDGE_CURVE('',#3663,#3664,#1892,.T.);
#4633=EDGE_CURVE('',#3664,#3665,#1893,.T.);
#4634=EDGE_CURVE('',#3665,#3666,#1894,.T.);
#4635=EDGE_CURVE('',#3666,#3667,#1895,.T.);
#4636=EDGE_CURVE('',#3667,#3668,#1896,.T.);
#4637=EDGE_CURVE('',#3668,#3669,#1897,.T.);
#4638=EDGE_CURVE('',#3669,#3670,#1898,.T.);
#4639=EDGE_CURVE('',#3670,#3671,#1899,.T.);
#4640=EDGE_CURVE('',#3671,#3672,#1900,.T.);
#4641=EDGE_CURVE('',#3672,#3673,#1901,.T.);
#4642=EDGE_CURVE('',#3673,#3662,#1902,.T.);
#4643=EDGE_CURVE('',#3674,#3675,#106,.T.);
#4644=EDGE_CURVE('',#3675,#3676,#107,.T.);
#4645=EDGE_CURVE('',#3676,#3677,#108,.T.);
#4646=EDGE_CURVE('',#3677,#3678,#109,.T.);
#4647=EDGE_CURVE('',#3678,#3679,#110,.T.);
#4648=EDGE_CURVE('',#3679,#3680,#111,.T.);
#4649=EDGE_CURVE('',#3680,#3681,#112,.T.);
#4650=EDGE_CURVE('',#3681,#3682,#113,.T.);
#4651=EDGE_CURVE('',#3682,#3674,#114,.T.);
#4652=EDGE_CURVE('',#3683,#3684,#1903,.T.);
#4653=EDGE_CURVE('',#3684,#3685,#1904,.T.);
#4654=EDGE_CURVE('',#3685,#3686,#1905,.T.);
#4655=EDGE_CURVE('',#3686,#3687,#1906,.T.);
#4656=EDGE_CURVE('',#3687,#3688,#1907,.T.);
#4657=EDGE_CURVE('',#3688,#3689,#1908,.T.);
#4658=EDGE_CURVE('',#3689,#3690,#1909,.T.);
#4659=EDGE_CURVE('',#3690,#3691,#1910,.T.);
#4660=EDGE_CURVE('',#3691,#3692,#1911,.T.);
#4661=EDGE_CURVE('',#3692,#3693,#1912,.T.);
#4662=EDGE_CURVE('',#3693,#3694,#1913,.T.);
#4663=EDGE_CURVE('',#3694,#3695,#1914,.T.);
#4664=EDGE_CURVE('',#3695,#3683,#1915,.T.);
#4665=EDGE_CURVE('',#3696,#3697,#115,.T.);
#4666=EDGE_CURVE('',#3697,#3698,#116,.T.);
#4667=EDGE_CURVE('',#3698,#3699,#117,.T.);
#4668=EDGE_CURVE('',#3699,#3700,#118,.T.);
#4669=EDGE_CURVE('',#3700,#3701,#119,.T.);
#4670=EDGE_CURVE('',#3701,#3702,#120,.T.);
#4671=EDGE_CURVE('',#3702,#3703,#121,.T.);
#4672=EDGE_CURVE('',#3703,#3704,#122,.T.);
#4673=EDGE_CURVE('',#3704,#3705,#123,.T.);
#4674=EDGE_CURVE('',#3705,#3706,#124,.T.);
#4675=EDGE_CURVE('',#3706,#3707,#125,.T.);
#4676=EDGE_CURVE('',#3707,#3708,#126,.T.);
#4677=EDGE_CURVE('',#3708,#3709,#1916,.T.);
#4678=EDGE_CURVE('',#3709,#3710,#127,.T.);
#4679=EDGE_CURVE('',#3710,#3711,#128,.T.);
#4680=EDGE_CURVE('',#3711,#3712,#129,.T.);
#4681=EDGE_CURVE('',#3712,#3713,#130,.T.);
#4682=EDGE_CURVE('',#3713,#3714,#131,.T.);
#4683=EDGE_CURVE('',#3714,#3715,#132,.T.);
#4684=EDGE_CURVE('',#3715,#3716,#133,.T.);
#4685=EDGE_CURVE('',#3716,#3717,#134,.T.);
#4686=EDGE_CURVE('',#3717,#3718,#1917,.T.);
#4687=EDGE_CURVE('',#3718,#3696,#135,.T.);
#4688=EDGE_CURVE('',#3719,#3720,#1918,.T.);
#4689=EDGE_CURVE('',#3720,#3721,#1919,.T.);
#4690=EDGE_CURVE('',#3721,#3722,#136,.T.);
#4691=EDGE_CURVE('',#3722,#3723,#137,.T.);
#4692=EDGE_CURVE('',#3723,#3724,#138,.T.);
#4693=EDGE_CURVE('',#3724,#3725,#1920,.T.);
#4694=EDGE_CURVE('',#3725,#3726,#1921,.T.);
#4695=EDGE_CURVE('',#3726,#3727,#1922,.T.);
#4696=EDGE_CURVE('',#3727,#3728,#1923,.T.);
#4697=EDGE_CURVE('',#3728,#3719,#1924,.T.);
#4698=EDGE_CURVE('',#3729,#3730,#1925,.T.);
#4699=EDGE_CURVE('',#3730,#3731,#139,.T.);
#4700=EDGE_CURVE('',#3731,#3732,#140,.T.);
#4701=EDGE_CURVE('',#3732,#3733,#141,.T.);
#4702=EDGE_CURVE('',#3733,#3734,#142,.T.);
#4703=EDGE_CURVE('',#3734,#3735,#143,.T.);
#4704=EDGE_CURVE('',#3735,#3736,#144,.T.);
#4705=EDGE_CURVE('',#3736,#3737,#145,.T.);
#4706=EDGE_CURVE('',#3737,#3738,#146,.T.);
#4707=EDGE_CURVE('',#3738,#3739,#147,.T.);
#4708=EDGE_CURVE('',#3739,#3740,#1926,.T.);
#4709=EDGE_CURVE('',#3740,#3741,#1927,.T.);
#4710=EDGE_CURVE('',#3741,#3742,#1928,.T.);
#4711=EDGE_CURVE('',#3742,#3729,#1929,.T.);
#4712=EDGE_CURVE('',#3743,#3744,#1930,.T.);
#4713=EDGE_CURVE('',#3744,#3745,#1931,.T.);
#4714=EDGE_CURVE('',#3745,#3746,#148,.T.);
#4715=EDGE_CURVE('',#3746,#3747,#149,.T.);
#4716=EDGE_CURVE('',#3747,#3748,#150,.T.);
#4717=EDGE_CURVE('',#3748,#3749,#151,.T.);
#4718=EDGE_CURVE('',#3749,#3750,#1932,.T.);
#4719=EDGE_CURVE('',#3750,#3751,#152,.T.);
#4720=EDGE_CURVE('',#3751,#3752,#153,.T.);
#4721=EDGE_CURVE('',#3752,#3753,#1933,.T.);
#4722=EDGE_CURVE('',#3753,#3754,#1934,.T.);
#4723=EDGE_CURVE('',#3754,#3743,#1935,.T.);
#4724=EDGE_CURVE('',#3755,#3756,#1936,.T.);
#4725=EDGE_CURVE('',#3756,#3757,#1937,.T.);
#4726=EDGE_CURVE('',#3757,#3758,#154,.T.);
#4727=EDGE_CURVE('',#3758,#3759,#155,.T.);
#4728=EDGE_CURVE('',#3759,#3760,#156,.T.);
#4729=EDGE_CURVE('',#3760,#3761,#157,.T.);
#4730=EDGE_CURVE('',#3761,#3762,#1938,.T.);
#4731=EDGE_CURVE('',#3762,#3763,#158,.T.);
#4732=EDGE_CURVE('',#3763,#3764,#159,.T.);
#4733=EDGE_CURVE('',#3764,#3765,#1939,.T.);
#4734=EDGE_CURVE('',#3765,#3766,#1940,.T.);
#4735=EDGE_CURVE('',#3766,#3755,#1941,.T.);
#4736=EDGE_CURVE('',#3767,#3768,#1942,.T.);
#4737=EDGE_CURVE('',#3768,#3769,#1943,.T.);
#4738=EDGE_CURVE('',#3769,#3770,#1944,.T.);
#4739=EDGE_CURVE('',#3770,#3767,#1945,.T.);
#4740=EDGE_CURVE('',#3596,#3771,#1946,.T.);
#4741=EDGE_CURVE('',#3610,#3771,#1947,.T.);
#4742=EDGE_CURVE('',#3772,#3772,#460,.T.);
#4743=EDGE_CURVE('',#3772,#3773,#1948,.T.);
#4744=EDGE_CURVE('',#3774,#3773,#461,.T.);
#4745=EDGE_CURVE('',#3629,#3774,#1949,.T.);
#4746=EDGE_CURVE('',#3775,#3628,#1950,.T.);
#4747=EDGE_CURVE('',#3773,#3775,#462,.T.);
#4748=EDGE_CURVE('',#3776,#3776,#463,.T.);
#4749=EDGE_CURVE('',#3776,#3777,#1951,.T.);
#4750=EDGE_CURVE('',#3777,#3778,#464,.T.);
#4751=EDGE_CURVE('',#3778,#3777,#465,.T.);
#4752=EDGE_CURVE('',#3775,#3779,#1952,.T.);
#4753=EDGE_CURVE('',#3780,#3779,#1953,.T.);
#4754=EDGE_CURVE('',#3781,#3780,#1954,.T.);
#4755=EDGE_CURVE('',#3782,#3781,#1955,.T.);
#4756=EDGE_CURVE('',#3783,#3782,#1956,.T.);
#4757=EDGE_CURVE('',#3784,#3783,#1957,.T.);
#4758=EDGE_CURVE('',#3784,#3785,#1958,.T.);
#4759=EDGE_CURVE('',#3785,#3786,#1959,.T.);
#4760=EDGE_CURVE('',#3786,#3787,#1960,.T.);
#4761=EDGE_CURVE('',#3787,#3774,#1961,.T.);
#4762=EDGE_CURVE('',#3779,#3627,#1962,.T.);
#4763=EDGE_CURVE('',#3788,#3789,#1963,.T.);
#4764=EDGE_CURVE('',#3789,#3790,#1964,.T.);
#4765=EDGE_CURVE('',#3790,#3791,#1965,.T.);
#4766=EDGE_CURVE('',#3791,#3788,#1966,.T.);
#4767=EDGE_CURVE('',#3792,#3793,#1967,.T.);
#4768=EDGE_CURVE('',#3793,#3794,#1968,.T.);
#4769=EDGE_CURVE('',#3794,#3795,#1969,.T.);
#4770=EDGE_CURVE('',#3795,#3792,#1970,.T.);
#4771=EDGE_CURVE('',#3622,#3796,#1971,.T.);
#4772=EDGE_CURVE('',#3797,#3796,#1972,.T.);
#4773=EDGE_CURVE('',#3623,#3797,#1973,.T.);
#4774=EDGE_CURVE('',#3798,#3797,#1974,.T.);
#4775=EDGE_CURVE('',#3624,#3798,#1975,.T.);
#4776=EDGE_CURVE('',#3799,#3798,#1976,.T.);
#4777=EDGE_CURVE('',#3625,#3799,#1977,.T.);
#4778=EDGE_CURVE('',#3796,#3799,#1978,.T.);
#4779=EDGE_CURVE('',#3800,#3800,#466,.T.);
#4780=EDGE_CURVE('',#3800,#3634,#1979,.T.);
#4781=EDGE_CURVE('',#3801,#3801,#467,.T.);
#4782=EDGE_CURVE('',#3801,#3802,#1980,.T.);
#4783=EDGE_CURVE('',#3802,#3803,#468,.T.);
#4784=EDGE_CURVE('',#3803,#3802,#469,.T.);
#4785=EDGE_CURVE('',#3804,#3804,#470,.T.);
#4786=EDGE_CURVE('',#3805,#3805,#471,.T.);
#4787=EDGE_CURVE('',#3806,#3806,#472,.T.);
#4788=EDGE_CURVE('',#3807,#3807,#473,.T.);
#4789=EDGE_CURVE('',#3808,#3808,#474,.T.);
#4790=EDGE_CURVE('',#3808,#3635,#1981,.T.);
#4791=EDGE_CURVE('',#3809,#3809,#475,.T.);
#4792=EDGE_CURVE('',#3809,#3810,#1982,.T.);
#4793=EDGE_CURVE('',#3810,#3811,#476,.T.);
#4794=EDGE_CURVE('',#3811,#3810,#477,.T.);
#4795=EDGE_CURVE('',#3786,#3812,#1983,.T.);
#4796=EDGE_CURVE('',#3813,#3785,#1984,.T.);
#4797=EDGE_CURVE('',#3812,#3813,#1985,.T.);
#4798=EDGE_CURVE('',#3631,#3814,#1986,.T.);
#4799=EDGE_CURVE('',#3815,#3814,#1987,.T.);
#4800=EDGE_CURVE('',#3815,#3816,#1988,.T.);
#4801=EDGE_CURVE('',#3816,#3817,#1989,.T.);
#4802=EDGE_CURVE('',#3817,#3818,#1990,.T.);
#4803=EDGE_CURVE('',#3819,#3818,#1991,.T.);
#4804=EDGE_CURVE('',#3820,#3819,#1992,.T.);
#4805=EDGE_CURVE('',#3821,#3820,#1993,.T.);
#4806=EDGE_CURVE('',#3822,#3821,#1994,.T.);
#4807=EDGE_CURVE('',#3823,#3822,#1995,.T.);
#4808=EDGE_CURVE('',#3824,#3823,#1996,.T.);
#4809=EDGE_CURVE('',#3825,#3824,#1997,.T.);
#4810=EDGE_CURVE('',#3825,#3632,#1998,.T.);
#4811=EDGE_CURVE('',#3826,#3827,#1999,.T.);
#4812=EDGE_CURVE('',#3826,#3828,#2000,.T.);
#4813=EDGE_CURVE('',#3829,#3828,#2001,.T.);
#4814=EDGE_CURVE('',#3827,#3829,#2002,.T.);
#4815=EDGE_CURVE('',#3830,#3608,#2003,.T.);
#4816=EDGE_CURVE('',#3831,#3830,#2004,.T.);
#4817=EDGE_CURVE('',#3609,#3831,#2005,.T.);
#4818=EDGE_CURVE('',#3607,#3832,#2006,.T.);
#4819=EDGE_CURVE('',#3833,#3832,#2007,.T.);
#4820=EDGE_CURVE('',#3833,#3834,#2008,.T.);
#4821=EDGE_CURVE('',#3830,#3834,#2009,.T.);
#4822=EDGE_CURVE('',#3835,#3595,#2010,.T.);
#4823=EDGE_CURVE('',#3835,#3602,#2011,.T.);
#4824=EDGE_CURVE('',#3831,#3836,#2012,.T.);
#4825=EDGE_CURVE('',#3837,#3836,#2013,.T.);
#4826=EDGE_CURVE('',#3838,#3837,#2014,.T.);
#4827=EDGE_CURVE('',#3839,#3838,#2015,.T.);
#4828=EDGE_CURVE('',#3840,#3839,#2016,.T.);
#4829=EDGE_CURVE('',#3771,#3840,#2017,.T.);
#4830=EDGE_CURVE('',#3841,#3626,#2018,.T.);
#4831=EDGE_CURVE('',#3842,#3621,#2019,.T.);
#4832=EDGE_CURVE('',#3841,#3842,#2020,.T.);
#4833=EDGE_CURVE('',#3843,#3844,#2021,.T.);
#4834=EDGE_CURVE('',#3845,#3843,#2022,.T.);
#4835=EDGE_CURVE('',#3846,#3845,#2023,.T.);
#4836=EDGE_CURVE('',#3846,#3844,#2024,.T.);
#4837=EDGE_CURVE('',#3844,#3780,#2025,.T.);
#4838=EDGE_CURVE('',#3781,#3846,#2026,.T.);
#4839=EDGE_CURVE('',#3616,#3847,#2027,.T.);
#4840=EDGE_CURVE('',#3615,#3848,#2028,.T.);
#4841=EDGE_CURVE('',#3848,#3793,#2029,.T.);
#4842=EDGE_CURVE('',#3849,#3792,#2030,.T.);
#4843=EDGE_CURVE('',#3612,#3849,#2031,.T.);
#4844=EDGE_CURVE('',#3611,#3850,#2032,.T.);
#4845=EDGE_CURVE('',#3851,#3850,#2033,.T.);
#4846=EDGE_CURVE('',#3851,#3620,#2034,.T.);
#4847=EDGE_CURVE('',#3619,#3852,#2035,.T.);
#4848=EDGE_CURVE('',#3852,#3788,#2036,.T.);
#4849=EDGE_CURVE('',#3847,#3791,#2037,.T.);
#4850=EDGE_CURVE('',#3767,#3853,#2038,.T.);
#4851=EDGE_CURVE('',#3854,#3853,#2039,.T.);
#4852=EDGE_CURVE('',#3768,#3854,#2040,.T.);
#4853=EDGE_CURVE('',#3855,#3854,#2041,.T.);
#4854=EDGE_CURVE('',#3769,#3855,#2042,.T.);
#4855=EDGE_CURVE('',#3856,#3855,#2043,.T.);
#4856=EDGE_CURVE('',#3770,#3856,#2044,.T.);
#4857=EDGE_CURVE('',#3853,#3856,#2045,.T.);
#4858=EDGE_CURVE('',#3755,#3857,#2046,.T.);
#4859=EDGE_CURVE('',#3858,#3857,#2047,.T.);
#4860=EDGE_CURVE('',#3756,#3858,#2048,.T.);
#4861=EDGE_CURVE('',#3859,#3858,#2049,.T.);
#4862=EDGE_CURVE('',#3757,#3859,#2050,.T.);
#4863=EDGE_CURVE('',#3860,#3859,#160,.T.);
#4864=EDGE_CURVE('',#3758,#3860,#2051,.T.);
#4865=EDGE_CURVE('',#3861,#3860,#161,.T.);
#4866=EDGE_CURVE('',#3759,#3861,#2052,.T.);
#4867=EDGE_CURVE('',#3862,#3861,#162,.T.);
#4868=EDGE_CURVE('',#3760,#3862,#2053,.T.);
#4869=EDGE_CURVE('',#3863,#3862,#163,.T.);
#4870=EDGE_CURVE('',#3761,#3863,#2054,.T.);
#4871=EDGE_CURVE('',#3864,#3863,#2055,.T.);
#4872=EDGE_CURVE('',#3762,#3864,#2056,.T.);
#4873=EDGE_CURVE('',#3865,#3864,#164,.T.);
#4874=EDGE_CURVE('',#3763,#3865,#2057,.T.);
#4875=EDGE_CURVE('',#3866,#3865,#165,.T.);
#4876=EDGE_CURVE('',#3764,#3866,#2058,.T.);
#4877=EDGE_CURVE('',#3867,#3866,#2059,.T.);
#4878=EDGE_CURVE('',#3765,#3867,#2060,.T.);
#4879=EDGE_CURVE('',#3868,#3867,#2061,.T.);
#4880=EDGE_CURVE('',#3766,#3868,#2062,.T.);
#4881=EDGE_CURVE('',#3857,#3868,#2063,.T.);
#4882=EDGE_CURVE('',#3743,#3869,#2064,.T.);
#4883=EDGE_CURVE('',#3870,#3869,#2065,.T.);
#4884=EDGE_CURVE('',#3744,#3870,#2066,.T.);
#4885=EDGE_CURVE('',#3871,#3870,#2067,.T.);
#4886=EDGE_CURVE('',#3745,#3871,#2068,.T.);
#4887=EDGE_CURVE('',#3872,#3871,#166,.T.);
#4888=EDGE_CURVE('',#3746,#3872,#2069,.T.);
#4889=EDGE_CURVE('',#3873,#3872,#167,.T.);
#4890=EDGE_CURVE('',#3747,#3873,#2070,.T.);
#4891=EDGE_CURVE('',#3874,#3873,#168,.T.);
#4892=EDGE_CURVE('',#3748,#3874,#2071,.T.);
#4893=EDGE_CURVE('',#3875,#3874,#169,.T.);
#4894=EDGE_CURVE('',#3749,#3875,#2072,.T.);
#4895=EDGE_CURVE('',#3876,#3875,#2073,.T.);
#4896=EDGE_CURVE('',#3750,#3876,#2074,.T.);
#4897=EDGE_CURVE('',#3877,#3876,#170,.T.);
#4898=EDGE_CURVE('',#3751,#3877,#2075,.T.);
#4899=EDGE_CURVE('',#3878,#3877,#171,.T.);
#4900=EDGE_CURVE('',#3752,#3878,#2076,.T.);
#4901=EDGE_CURVE('',#3879,#3878,#2077,.T.);
#4902=EDGE_CURVE('',#3753,#3879,#2078,.T.);
#4903=EDGE_CURVE('',#3880,#3879,#2079,.T.);
#4904=EDGE_CURVE('',#3754,#3880,#2080,.T.);
#4905=EDGE_CURVE('',#3869,#3880,#2081,.T.);
#4906=EDGE_CURVE('',#3729,#3881,#2082,.T.);
#4907=EDGE_CURVE('',#3882,#3881,#2083,.T.);
#4908=EDGE_CURVE('',#3730,#3882,#2084,.T.);
#4909=EDGE_CURVE('',#3883,#3882,#172,.T.);
#4910=EDGE_CURVE('',#3731,#3883,#2085,.T.);
#4911=EDGE_CURVE('',#3884,#3883,#173,.T.);
#4912=EDGE_CURVE('',#3732,#3884,#2086,.T.);
#4913=EDGE_CURVE('',#3885,#3884,#174,.T.);
#4914=EDGE_CURVE('',#3733,#3885,#2087,.T.);
#4915=EDGE_CURVE('',#3886,#3885,#175,.T.);
#4916=EDGE_CURVE('',#3734,#3886,#2088,.T.);
#4917=EDGE_CURVE('',#3887,#3886,#176,.T.);
#4918=EDGE_CURVE('',#3735,#3887,#2089,.T.);
#4919=EDGE_CURVE('',#3888,#3887,#177,.T.);
#4920=EDGE_CURVE('',#3736,#3888,#2090,.T.);
#4921=EDGE_CURVE('',#3889,#3888,#178,.T.);
#4922=EDGE_CURVE('',#3737,#3889,#2091,.T.);
#4923=EDGE_CURVE('',#3890,#3889,#179,.T.);
#4924=EDGE_CURVE('',#3738,#3890,#2092,.T.);
#4925=EDGE_CURVE('',#3891,#3890,#180,.T.);
#4926=EDGE_CURVE('',#3739,#3891,#2093,.T.);
#4927=EDGE_CURVE('',#3892,#3891,#2094,.T.);
#4928=EDGE_CURVE('',#3740,#3892,#2095,.T.);
#4929=EDGE_CURVE('',#3893,#3892,#2096,.T.);
#4930=EDGE_CURVE('',#3741,#3893,#2097,.T.);
#4931=EDGE_CURVE('',#3894,#3893,#2098,.T.);
#4932=EDGE_CURVE('',#3742,#3894,#2099,.T.);
#4933=EDGE_CURVE('',#3881,#3894,#2100,.T.);
#4934=EDGE_CURVE('',#3719,#3895,#2101,.T.);
#4935=EDGE_CURVE('',#3896,#3895,#2102,.T.);
#4936=EDGE_CURVE('',#3720,#3896,#2103,.T.);
#4937=EDGE_CURVE('',#3897,#3896,#2104,.T.);
#4938=EDGE_CURVE('',#3721,#3897,#2105,.T.);
#4939=EDGE_CURVE('',#3898,#3897,#181,.T.);
#4940=EDGE_CURVE('',#3722,#3898,#2106,.T.);
#4941=EDGE_CURVE('',#3899,#3898,#182,.T.);
#4942=EDGE_CURVE('',#3723,#3899,#2107,.T.);
#4943=EDGE_CURVE('',#3900,#3899,#183,.T.);
#4944=EDGE_CURVE('',#3724,#3900,#2108,.T.);
#4945=EDGE_CURVE('',#3901,#3900,#2109,.T.);
#4946=EDGE_CURVE('',#3725,#3901,#2110,.T.);
#4947=EDGE_CURVE('',#3902,#3901,#2111,.T.);
#4948=EDGE_CURVE('',#3726,#3902,#2112,.T.);
#4949=EDGE_CURVE('',#3903,#3902,#2113,.T.);
#4950=EDGE_CURVE('',#3727,#3903,#2114,.T.);
#4951=EDGE_CURVE('',#3904,#3903,#2115,.T.);
#4952=EDGE_CURVE('',#3728,#3904,#2116,.T.);
#4953=EDGE_CURVE('',#3895,#3904,#2117,.T.);
#4954=EDGE_CURVE('',#3696,#3905,#2118,.T.);
#4955=EDGE_CURVE('',#3906,#3905,#184,.T.);
#4956=EDGE_CURVE('',#3697,#3906,#2119,.T.);
#4957=EDGE_CURVE('',#3907,#3906,#185,.T.);
#4958=EDGE_CURVE('',#3698,#3907,#2120,.T.);
#4959=EDGE_CURVE('',#3908,#3907,#186,.T.);
#4960=EDGE_CURVE('',#3699,#3908,#2121,.T.);
#4961=EDGE_CURVE('',#3909,#3908,#187,.T.);
#4962=EDGE_CURVE('',#3700,#3909,#2122,.T.);
#4963=EDGE_CURVE('',#3910,#3909,#188,.T.);
#4964=EDGE_CURVE('',#3701,#3910,#2123,.T.);
#4965=EDGE_CURVE('',#3911,#3910,#189,.T.);
#4966=EDGE_CURVE('',#3702,#3911,#2124,.T.);
#4967=EDGE_CURVE('',#3912,#3911,#190,.T.);
#4968=EDGE_CURVE('',#3703,#3912,#2125,.T.);
#4969=EDGE_CURVE('',#3913,#3912,#191,.T.);
#4970=EDGE_CURVE('',#3704,#3913,#2126,.T.);
#4971=EDGE_CURVE('',#3914,#3913,#192,.T.);
#4972=EDGE_CURVE('',#3705,#3914,#2127,.T.);
#4973=EDGE_CURVE('',#3915,#3914,#193,.T.);
#4974=EDGE_CURVE('',#3706,#3915,#2128,.T.);
#4975=EDGE_CURVE('',#3916,#3915,#194,.T.);
#4976=EDGE_CURVE('',#3707,#3916,#2129,.T.);
#4977=EDGE_CURVE('',#3917,#3916,#195,.T.);
#4978=EDGE_CURVE('',#3708,#3917,#2130,.T.);
#4979=EDGE_CURVE('',#3918,#3917,#2131,.T.);
#4980=EDGE_CURVE('',#3709,#3918,#2132,.T.);
#4981=EDGE_CURVE('',#3919,#3918,#196,.T.);
#4982=EDGE_CURVE('',#3710,#3919,#2133,.T.);
#4983=EDGE_CURVE('',#3920,#3919,#197,.T.);
#4984=EDGE_CURVE('',#3711,#3920,#2134,.T.);
#4985=EDGE_CURVE('',#3921,#3920,#198,.T.);
#4986=EDGE_CURVE('',#3712,#3921,#2135,.T.);
#4987=EDGE_CURVE('',#3922,#3921,#199,.T.);
#4988=EDGE_CURVE('',#3713,#3922,#2136,.T.);
#4989=EDGE_CURVE('',#3923,#3922,#200,.T.);
#4990=EDGE_CURVE('',#3714,#3923,#2137,.T.);
#4991=EDGE_CURVE('',#3924,#3923,#201,.T.);
#4992=EDGE_CURVE('',#3715,#3924,#2138,.T.);
#4993=EDGE_CURVE('',#3925,#3924,#202,.T.);
#4994=EDGE_CURVE('',#3716,#3925,#2139,.T.);
#4995=EDGE_CURVE('',#3926,#3925,#203,.T.);
#4996=EDGE_CURVE('',#3717,#3926,#2140,.T.);
#4997=EDGE_CURVE('',#3927,#3926,#2141,.T.);
#4998=EDGE_CURVE('',#3718,#3927,#2142,.T.);
#4999=EDGE_CURVE('',#3905,#3927,#204,.T.);
#5000=EDGE_CURVE('',#3683,#3928,#2143,.T.);
#5001=EDGE_CURVE('',#3929,#3928,#2144,.T.);
#5002=EDGE_CURVE('',#3684,#3929,#2145,.T.);
#5003=EDGE_CURVE('',#3930,#3929,#2146,.T.);
#5004=EDGE_CURVE('',#3685,#3930,#2147,.T.);
#5005=EDGE_CURVE('',#3931,#3930,#2148,.T.);
#5006=EDGE_CURVE('',#3686,#3931,#2149,.T.);
#5007=EDGE_CURVE('',#3932,#3931,#2150,.T.);
#5008=EDGE_CURVE('',#3687,#3932,#2151,.T.);
#5009=EDGE_CURVE('',#3933,#3932,#2152,.T.);
#5010=EDGE_CURVE('',#3688,#3933,#2153,.T.);
#5011=EDGE_CURVE('',#3934,#3933,#2154,.T.);
#5012=EDGE_CURVE('',#3689,#3934,#2155,.T.);
#5013=EDGE_CURVE('',#3935,#3934,#2156,.T.);
#5014=EDGE_CURVE('',#3690,#3935,#2157,.T.);
#5015=EDGE_CURVE('',#3936,#3935,#2158,.T.);
#5016=EDGE_CURVE('',#3691,#3936,#2159,.T.);
#5017=EDGE_CURVE('',#3937,#3936,#2160,.T.);
#5018=EDGE_CURVE('',#3692,#3937,#2161,.T.);
#5019=EDGE_CURVE('',#3938,#3937,#2162,.T.);
#5020=EDGE_CURVE('',#3693,#3938,#2163,.T.);
#5021=EDGE_CURVE('',#3939,#3938,#2164,.T.);
#5022=EDGE_CURVE('',#3694,#3939,#2165,.T.);
#5023=EDGE_CURVE('',#3940,#3939,#2166,.T.);
#5024=EDGE_CURVE('',#3695,#3940,#2167,.T.);
#5025=EDGE_CURVE('',#3928,#3940,#2168,.T.);
#5026=EDGE_CURVE('',#3674,#3941,#2169,.T.);
#5027=EDGE_CURVE('',#3942,#3941,#205,.T.);
#5028=EDGE_CURVE('',#3675,#3942,#2170,.T.);
#5029=EDGE_CURVE('',#3943,#3942,#206,.T.);
#5030=EDGE_CURVE('',#3676,#3943,#2171,.T.);
#5031=EDGE_CURVE('',#3944,#3943,#207,.T.);
#5032=EDGE_CURVE('',#3677,#3944,#2172,.T.);
#5033=EDGE_CURVE('',#3945,#3944,#208,.T.);
#5034=EDGE_CURVE('',#3678,#3945,#2173,.T.);
#5035=EDGE_CURVE('',#3946,#3945,#209,.T.);
#5036=EDGE_CURVE('',#3679,#3946,#2174,.T.);
#5037=EDGE_CURVE('',#3947,#3946,#210,.T.);
#5038=EDGE_CURVE('',#3680,#3947,#2175,.T.);
#5039=EDGE_CURVE('',#3948,#3947,#211,.T.);
#5040=EDGE_CURVE('',#3681,#3948,#2176,.T.);
#5041=EDGE_CURVE('',#3949,#3948,#212,.T.);
#5042=EDGE_CURVE('',#3682,#3949,#2177,.T.);
#5043=EDGE_CURVE('',#3941,#3949,#213,.T.);
#5044=EDGE_CURVE('',#3662,#3950,#2178,.T.);
#5045=EDGE_CURVE('',#3951,#3950,#2179,.T.);
#5046=EDGE_CURVE('',#3663,#3951,#2180,.T.);
#5047=EDGE_CURVE('',#3952,#3951,#2181,.T.);
#5048=EDGE_CURVE('',#3664,#3952,#2182,.T.);
#5049=EDGE_CURVE('',#3953,#3952,#2183,.T.);
#5050=EDGE_CURVE('',#3665,#3953,#2184,.T.);
#5051=EDGE_CURVE('',#3954,#3953,#2185,.T.);
#5052=EDGE_CURVE('',#3666,#3954,#2186,.T.);
#5053=EDGE_CURVE('',#3955,#3954,#2187,.T.);
#5054=EDGE_CURVE('',#3667,#3955,#2188,.T.);
#5055=EDGE_CURVE('',#3956,#3955,#2189,.T.);
#5056=EDGE_CURVE('',#3668,#3956,#2190,.T.);
#5057=EDGE_CURVE('',#3957,#3956,#2191,.T.);
#5058=EDGE_CURVE('',#3669,#3957,#2192,.T.);
#5059=EDGE_CURVE('',#3958,#3957,#2193,.T.);
#5060=EDGE_CURVE('',#3670,#3958,#2194,.T.);
#5061=EDGE_CURVE('',#3959,#3958,#2195,.T.);
#5062=EDGE_CURVE('',#3671,#3959,#2196,.T.);
#5063=EDGE_CURVE('',#3960,#3959,#2197,.T.);
#5064=EDGE_CURVE('',#3672,#3960,#2198,.T.);
#5065=EDGE_CURVE('',#3961,#3960,#2199,.T.);
#5066=EDGE_CURVE('',#3673,#3961,#2200,.T.);
#5067=EDGE_CURVE('',#3950,#3961,#2201,.T.);
#5068=EDGE_CURVE('',#3639,#3962,#2202,.T.);
#5069=EDGE_CURVE('',#3963,#3962,#214,.T.);
#5070=EDGE_CURVE('',#3640,#3963,#2203,.T.);
#5071=EDGE_CURVE('',#3964,#3963,#215,.T.);
#5072=EDGE_CURVE('',#3641,#3964,#2204,.T.);
#5073=EDGE_CURVE('',#3965,#3964,#216,.T.);
#5074=EDGE_CURVE('',#3642,#3965,#2205,.T.);
#5075=EDGE_CURVE('',#3966,#3965,#217,.T.);
#5076=EDGE_CURVE('',#3643,#3966,#2206,.T.);
#5077=EDGE_CURVE('',#3967,#3966,#218,.T.);
#5078=EDGE_CURVE('',#3644,#3967,#2207,.T.);
#5079=EDGE_CURVE('',#3968,#3967,#219,.T.);
#5080=EDGE_CURVE('',#3645,#3968,#2208,.T.);
#5081=EDGE_CURVE('',#3969,#3968,#220,.T.);
#5082=EDGE_CURVE('',#3646,#3969,#2209,.T.);
#5083=EDGE_CURVE('',#3970,#3969,#221,.T.);
#5084=EDGE_CURVE('',#3647,#3970,#2210,.T.);
#5085=EDGE_CURVE('',#3971,#3970,#222,.T.);
#5086=EDGE_CURVE('',#3648,#3971,#2211,.T.);
#5087=EDGE_CURVE('',#3972,#3971,#2212,.T.);
#5088=EDGE_CURVE('',#3649,#3972,#2213,.T.);
#5089=EDGE_CURVE('',#3973,#3972,#2214,.T.);
#5090=EDGE_CURVE('',#3650,#3973,#2215,.T.);
#5091=EDGE_CURVE('',#3974,#3973,#2216,.T.);
#5092=EDGE_CURVE('',#3651,#3974,#2217,.T.);
#5093=EDGE_CURVE('',#3975,#3974,#223,.T.);
#5094=EDGE_CURVE('',#3652,#3975,#2218,.T.);
#5095=EDGE_CURVE('',#3976,#3975,#224,.T.);
#5096=EDGE_CURVE('',#3653,#3976,#2219,.T.);
#5097=EDGE_CURVE('',#3977,#3976,#225,.T.);
#5098=EDGE_CURVE('',#3654,#3977,#2220,.T.);
#5099=EDGE_CURVE('',#3978,#3977,#226,.T.);
#5100=EDGE_CURVE('',#3655,#3978,#2221,.T.);
#5101=EDGE_CURVE('',#3979,#3978,#227,.T.);
#5102=EDGE_CURVE('',#3656,#3979,#2222,.T.);
#5103=EDGE_CURVE('',#3980,#3979,#228,.T.);
#5104=EDGE_CURVE('',#3657,#3980,#2223,.T.);
#5105=EDGE_CURVE('',#3981,#3980,#229,.T.);
#5106=EDGE_CURVE('',#3658,#3981,#2224,.T.);
#5107=EDGE_CURVE('',#3982,#3981,#230,.T.);
#5108=EDGE_CURVE('',#3659,#3982,#2225,.T.);
#5109=EDGE_CURVE('',#3983,#3982,#231,.T.);
#5110=EDGE_CURVE('',#3660,#3983,#2226,.T.);
#5111=EDGE_CURVE('',#3984,#3983,#2227,.T.);
#5112=EDGE_CURVE('',#3661,#3984,#2228,.T.);
#5113=EDGE_CURVE('',#3962,#3984,#232,.T.);
#5114=EDGE_CURVE('',#3985,#3985,#478,.T.);
#5115=EDGE_CURVE('',#3985,#3986,#2229,.T.);
#5116=EDGE_CURVE('',#3986,#3986,#479,.T.);
#5117=EDGE_CURVE('',#3613,#3795,#2230,.T.);
#5118=EDGE_CURVE('',#3617,#3790,#2231,.T.);
#5119=EDGE_CURVE('',#3987,#3988,#2232,.T.);
#5120=EDGE_CURVE('',#3989,#3987,#2233,.T.);
#5121=EDGE_CURVE('',#3988,#3989,#2234,.T.);
#5122=EDGE_CURVE('',#3988,#3990,#2235,.T.);
#5123=EDGE_CURVE('',#3990,#3991,#2236,.T.);
#5124=EDGE_CURVE('',#3991,#3987,#2237,.T.);
#5125=EDGE_CURVE('',#3783,#3992,#2238,.T.);
#5126=EDGE_CURVE('',#3992,#3993,#2239,.T.);
#5127=EDGE_CURVE('',#3993,#3784,#2240,.T.);
#5128=EDGE_CURVE('',#3994,#3829,#2241,.T.);
#5129=EDGE_CURVE('',#3995,#3994,#2242,.T.);
#5130=EDGE_CURVE('',#3827,#3995,#2243,.T.);
#5131=EDGE_CURVE('',#3782,#3996,#2244,.T.);
#5132=EDGE_CURVE('',#3992,#3996,#2245,.T.);
#5133=EDGE_CURVE('',#3995,#3997,#2246,.T.);
#5134=EDGE_CURVE('',#3826,#3997,#2247,.T.);
#5135=EDGE_CURVE('',#3998,#3994,#2248,.T.);
#5136=EDGE_CURVE('',#3994,#3999,#2249,.T.);
#5137=EDGE_CURVE('',#4000,#3999,#2250,.T.);
#5138=EDGE_CURVE('',#3998,#4000,#2251,.T.);
#5139=EDGE_CURVE('',#3842,#3851,#2252,.T.);
#5140=EDGE_CURVE('',#4001,#4001,#480,.T.);
#5141=EDGE_CURVE('',#3593,#4002,#2253,.F.);
#5142=EDGE_CURVE('',#4002,#3835,#2254,.T.);
#5143=EDGE_CURVE('',#3594,#4002,#2255,.F.);
#5144=EDGE_CURVE('',#4003,#3633,#2256,.T.);
#5145=EDGE_CURVE('',#4003,#3825,#2257,.T.);
#5146=EDGE_CURVE('',#3834,#4004,#2258,.T.);
#5147=EDGE_CURVE('',#4005,#4004,#2259,.T.);
#5148=EDGE_CURVE('',#3836,#4005,#2260,.T.);
#5149=EDGE_CURVE('',#3995,#4006,#2261,.T.);
#5150=EDGE_CURVE('',#3998,#3989,#2262,.T.);
#5151=EDGE_CURVE('',#3987,#4007,#2263,.T.);
#5152=EDGE_CURVE('',#4004,#4007,#2264,.T.);
#5153=EDGE_CURVE('',#4004,#4006,#2265,.T.);
#5154=EDGE_CURVE('',#3997,#4008,#2266,.T.);
#5155=EDGE_CURVE('',#4008,#4006,#2267,.T.);
#5156=EDGE_CURVE('',#4009,#4010,#13,.T.);
#5157=EDGE_CURVE('',#4009,#4011,#2268,.T.);
#5158=EDGE_CURVE('',#4005,#4011,#2269,.T.);
#5159=EDGE_CURVE('',#4007,#4010,#2270,.T.);
#5160=EDGE_CURVE('',#4010,#4012,#481,.T.);
#5161=EDGE_CURVE('',#4012,#3605,#2271,.T.);
#5162=EDGE_CURVE('',#4012,#4009,#482,.T.);
#5163=EDGE_CURVE('',#4013,#4013,#483,.T.);
#5164=EDGE_CURVE('',#4013,#3778,#2272,.T.);
#5165=EDGE_CURVE('',#4014,#4014,#484,.T.);
#5166=EDGE_CURVE('',#4014,#3803,#2273,.T.);
#5167=EDGE_CURVE('',#4015,#3991,#2274,.T.);
#5168=EDGE_CURVE('',#3992,#4015,#2275,.T.);
#5169=EDGE_CURVE('',#3996,#4016,#2276,.T.);
#5170=EDGE_CURVE('',#4016,#4011,#2277,.T.);
#5171=EDGE_CURVE('',#3850,#3841,#2278,.T.);
#5172=EDGE_CURVE('',#4017,#4017,#485,.T.);
#5173=EDGE_CURVE('',#4017,#3811,#2279,.T.);
#5174=EDGE_CURVE('',#4011,#3837,#2280,.T.);
#5175=EDGE_CURVE('',#3787,#3630,#2281,.T.);
#5176=EDGE_CURVE('',#3814,#3812,#2282,.T.);
#5177=EDGE_CURVE('',#4016,#3838,#2283,.T.);
#5178=EDGE_CURVE('',#3845,#3839,#2284,.T.);
#5179=EDGE_CURVE('',#3840,#3843,#2285,.T.);
#5180=EDGE_CURVE('',#3806,#3636,#2286,.T.);
#5181=EDGE_CURVE('',#3807,#3637,#2287,.T.);
#5182=EDGE_CURVE('',#3805,#4001,#2288,.T.);
#5183=EDGE_CURVE('',#3804,#3638,#2289,.T.);
#5184=EDGE_CURVE('',#3614,#3794,#2290,.T.);
#5185=EDGE_CURVE('',#3618,#3789,#2291,.T.);
#5186=EDGE_CURVE('',#3990,#4018,#2292,.T.);
#5187=EDGE_CURVE('',#4019,#3988,#2293,.T.);
#5188=EDGE_CURVE('',#4018,#4019,#2294,.T.);
#5189=EDGE_CURVE('',#3989,#4020,#2295,.T.);
#5190=EDGE_CURVE('',#4020,#4019,#2296,.T.);
#5191=EDGE_CURVE('',#4021,#3998,#2297,.T.);
#5192=EDGE_CURVE('',#4021,#4020,#2298,.T.);
#5193=EDGE_CURVE('',#4022,#4003,#2299,.T.);
#5194=EDGE_CURVE('',#4022,#4000,#2300,.T.);
#5195=EDGE_CURVE('',#3999,#3828,#2301,.T.);
#5196=EDGE_CURVE('',#4008,#3832,#2302,.T.);
#5197=EDGE_CURVE('',#4022,#4021,#2303,.T.);
#5198=EDGE_CURVE('',#4006,#3833,#2304,.T.);
#5199=EDGE_CURVE('',#4015,#4023,#2305,.T.);
#5200=EDGE_CURVE('',#4023,#3993,#2306,.T.);
#5201=EDGE_CURVE('',#3823,#4024,#2307,.T.);
#5202=EDGE_CURVE('',#4025,#4024,#2308,.T.);
#5203=EDGE_CURVE('',#3824,#4025,#2309,.F.);
#5204=EDGE_CURVE('',#4026,#3818,#2310,.T.);
#5205=EDGE_CURVE('',#4027,#4026,#2311,.T.);
#5206=EDGE_CURVE('',#3819,#4027,#2312,.T.);
#5207=EDGE_CURVE('',#4028,#4025,#2313,.T.);
#5208=EDGE_CURVE('',#4018,#4028,#2314,.T.);
#5209=EDGE_CURVE('',#3822,#4029,#2315,.F.);
#5210=EDGE_CURVE('',#4024,#4029,#2316,.T.);
#5211=EDGE_CURVE('',#3821,#4030,#2317,.T.);
#5212=EDGE_CURVE('',#4029,#4030,#2318,.T.);
#5213=EDGE_CURVE('',#3817,#4031,#2319,.T.);
#5214=EDGE_CURVE('',#4031,#4026,#2320,.T.);
#5215=EDGE_CURVE('',#3815,#4032,#2321,.T.);
#5216=EDGE_CURVE('',#4032,#4033,#2322,.T.);
#5217=EDGE_CURVE('',#4033,#3816,#2323,.T.);
#5218=EDGE_CURVE('',#4031,#4033,#2324,.T.);
#5219=EDGE_CURVE('',#4032,#4034,#2325,.T.);
#5220=EDGE_CURVE('',#4023,#4034,#2326,.T.);
#5221=EDGE_CURVE('',#4033,#4023,#2327,.T.);
#5222=EDGE_CURVE('',#4035,#4031,#2328,.T.);
#5223=EDGE_CURVE('',#4028,#4035,#2329,.T.);
#5224=EDGE_CURVE('',#4030,#4036,#2330,.T.);
#5225=EDGE_CURVE('',#4036,#4027,#2331,.T.);
#5226=EDGE_CURVE('',#4034,#3813,#2332,.T.);
#5227=EDGE_CURVE('',#3991,#4035,#2333,.T.);
#5228=EDGE_CURVE('',#4035,#3990,#2334,.T.);
#5229=EDGE_CURVE('',#3820,#4036,#2335,.F.);
#5230=ORIENTED_EDGE('',*,*,#4037,.T.);
#5231=ORIENTED_EDGE('',*,*,#4038,.T.);
#5232=ORIENTED_EDGE('',*,*,#4039,.F.);
#5233=ORIENTED_EDGE('',*,*,#4040,.F.);
#5234=ORIENTED_EDGE('',*,*,#4041,.T.);
#5235=ORIENTED_EDGE('',*,*,#4042,.T.);
#5236=ORIENTED_EDGE('',*,*,#4043,.F.);
#5237=ORIENTED_EDGE('',*,*,#4038,.F.);
#5238=ORIENTED_EDGE('',*,*,#4044,.T.);
#5239=ORIENTED_EDGE('',*,*,#4045,.T.);
#5240=ORIENTED_EDGE('',*,*,#4046,.F.);
#5241=ORIENTED_EDGE('',*,*,#4042,.F.);
#5242=ORIENTED_EDGE('',*,*,#4047,.T.);
#5243=ORIENTED_EDGE('',*,*,#4040,.T.);
#5244=ORIENTED_EDGE('',*,*,#4048,.F.);
#5245=ORIENTED_EDGE('',*,*,#4045,.F.);
#5246=ORIENTED_EDGE('',*,*,#4049,.F.);
#5247=ORIENTED_EDGE('',*,*,#4050,.F.);
#5248=ORIENTED_EDGE('',*,*,#4051,.T.);
#5249=ORIENTED_EDGE('',*,*,#4049,.T.);
#5250=ORIENTED_EDGE('',*,*,#4051,.F.);
#5251=ORIENTED_EDGE('',*,*,#4052,.F.);
#5252=ORIENTED_EDGE('',*,*,#4053,.F.);
#5253=ORIENTED_EDGE('',*,*,#4054,.T.);
#5254=ORIENTED_EDGE('',*,*,#4052,.T.);
#5255=ORIENTED_EDGE('',*,*,#4054,.F.);
#5256=ORIENTED_EDGE('',*,*,#4055,.F.);
#5257=ORIENTED_EDGE('',*,*,#4056,.F.);
#5258=ORIENTED_EDGE('',*,*,#4057,.T.);
#5259=ORIENTED_EDGE('',*,*,#4055,.T.);
#5260=ORIENTED_EDGE('',*,*,#4057,.F.);
#5261=ORIENTED_EDGE('',*,*,#4058,.F.);
#5262=ORIENTED_EDGE('',*,*,#4059,.F.);
#5263=ORIENTED_EDGE('',*,*,#4060,.T.);
#5264=ORIENTED_EDGE('',*,*,#4058,.T.);
#5265=ORIENTED_EDGE('',*,*,#4060,.F.);
#5266=ORIENTED_EDGE('',*,*,#4061,.F.);
#5267=ORIENTED_EDGE('',*,*,#4062,.T.);
#5268=ORIENTED_EDGE('',*,*,#4063,.T.);
#5269=ORIENTED_EDGE('',*,*,#4064,.T.);
#5270=ORIENTED_EDGE('',*,*,#4065,.F.);
#5271=ORIENTED_EDGE('',*,*,#4066,.F.);
#5272=ORIENTED_EDGE('',*,*,#4067,.F.);
#5273=ORIENTED_EDGE('',*,*,#4068,.T.);
#5274=ORIENTED_EDGE('',*,*,#4069,.T.);
#5275=ORIENTED_EDGE('',*,*,#4070,.T.);
#5276=ORIENTED_EDGE('',*,*,#4071,.F.);
#5277=ORIENTED_EDGE('',*,*,#4072,.T.);
#5278=ORIENTED_EDGE('',*,*,#4073,.T.);
#5279=ORIENTED_EDGE('',*,*,#4074,.T.);
#5280=ORIENTED_EDGE('',*,*,#4075,.F.);
#5281=ORIENTED_EDGE('',*,*,#4076,.F.);
#5282=ORIENTED_EDGE('',*,*,#4074,.F.);
#5283=ORIENTED_EDGE('',*,*,#4077,.F.);
#5284=ORIENTED_EDGE('',*,*,#4078,.F.);
#5285=ORIENTED_EDGE('',*,*,#4079,.T.);
#5286=ORIENTED_EDGE('',*,*,#4080,.F.);
#5287=ORIENTED_EDGE('',*,*,#4076,.T.);
#5288=ORIENTED_EDGE('',*,*,#4081,.T.);
#5289=ORIENTED_EDGE('',*,*,#4082,.F.);
#5290=ORIENTED_EDGE('',*,*,#4071,.T.);
#5291=ORIENTED_EDGE('',*,*,#4080,.T.);
#5292=ORIENTED_EDGE('',*,*,#4083,.T.);
#5293=ORIENTED_EDGE('',*,*,#4084,.F.);
#5294=ORIENTED_EDGE('',*,*,#4085,.T.);
#5295=ORIENTED_EDGE('',*,*,#4082,.T.);
#5296=ORIENTED_EDGE('',*,*,#4086,.T.);
#5297=ORIENTED_EDGE('',*,*,#4087,.F.);
#5298=ORIENTED_EDGE('',*,*,#4088,.T.);
#5299=ORIENTED_EDGE('',*,*,#4089,.F.);
#5300=ORIENTED_EDGE('',*,*,#4090,.T.);
#5301=ORIENTED_EDGE('',*,*,#4091,.T.);
#5302=ORIENTED_EDGE('',*,*,#4087,.T.);
#5303=ORIENTED_EDGE('',*,*,#4092,.T.);
#5304=ORIENTED_EDGE('',*,*,#4093,.F.);
#5305=ORIENTED_EDGE('',*,*,#4094,.T.);
#5306=ORIENTED_EDGE('',*,*,#4095,.T.);
#5307=ORIENTED_EDGE('',*,*,#4096,.T.);
#5308=ORIENTED_EDGE('',*,*,#4097,.T.);
#5309=ORIENTED_EDGE('',*,*,#4098,.F.);
#5310=ORIENTED_EDGE('',*,*,#4099,.F.);
#5311=ORIENTED_EDGE('',*,*,#4100,.T.);
#5312=ORIENTED_EDGE('',*,*,#4101,.F.);
#5313=ORIENTED_EDGE('',*,*,#4102,.T.);
#5314=ORIENTED_EDGE('',*,*,#4103,.T.);
#5315=ORIENTED_EDGE('',*,*,#4101,.T.);
#5316=ORIENTED_EDGE('',*,*,#4104,.T.);
#5317=ORIENTED_EDGE('',*,*,#4093,.T.);
#5318=ORIENTED_EDGE('',*,*,#4105,.T.);
#5319=ORIENTED_EDGE('',*,*,#4089,.T.);
#5320=ORIENTED_EDGE('',*,*,#4106,.T.);
#5321=ORIENTED_EDGE('',*,*,#4107,.F.);
#5322=ORIENTED_EDGE('',*,*,#4108,.T.);
#5323=ORIENTED_EDGE('',*,*,#4107,.T.);
#5324=ORIENTED_EDGE('',*,*,#4067,.T.);
#5325=ORIENTED_EDGE('',*,*,#4084,.T.);
#5326=ORIENTED_EDGE('',*,*,#4109,.F.);
#5327=ORIENTED_EDGE('',*,*,#4110,.F.);
#5328=ORIENTED_EDGE('',*,*,#4111,.F.);
#5329=ORIENTED_EDGE('',*,*,#4112,.F.);
#5330=ORIENTED_EDGE('',*,*,#4109,.T.);
#5331=ORIENTED_EDGE('',*,*,#4113,.T.);
#5332=ORIENTED_EDGE('',*,*,#4114,.T.);
#5333=ORIENTED_EDGE('',*,*,#4099,.T.);
#5334=ORIENTED_EDGE('',*,*,#4115,.F.);
#5335=ORIENTED_EDGE('',*,*,#4110,.T.);
#5336=ORIENTED_EDGE('',*,*,#4115,.T.);
#5337=ORIENTED_EDGE('',*,*,#4116,.T.);
#5338=ORIENTED_EDGE('',*,*,#4117,.F.);
#5339=ORIENTED_EDGE('',*,*,#4078,.T.);
#5340=ORIENTED_EDGE('',*,*,#4075,.T.);
#5341=ORIENTED_EDGE('',*,*,#4118,.T.);
#5342=ORIENTED_EDGE('',*,*,#4111,.T.);
#5343=ORIENTED_EDGE('',*,*,#4117,.T.);
#5344=ORIENTED_EDGE('',*,*,#4119,.F.);
#5345=ORIENTED_EDGE('',*,*,#4120,.F.);
#5346=ORIENTED_EDGE('',*,*,#4091,.F.);
#5347=ORIENTED_EDGE('',*,*,#4062,.F.);
#5348=ORIENTED_EDGE('',*,*,#4121,.F.);
#5349=ORIENTED_EDGE('',*,*,#4122,.F.);
#5350=ORIENTED_EDGE('',*,*,#4123,.F.);
#5351=ORIENTED_EDGE('',*,*,#4124,.T.);
#5352=ORIENTED_EDGE('',*,*,#4125,.F.);
#5353=ORIENTED_EDGE('',*,*,#4126,.F.);
#5354=ORIENTED_EDGE('',*,*,#4127,.F.);
#5355=ORIENTED_EDGE('',*,*,#4122,.T.);
#5356=ORIENTED_EDGE('',*,*,#4128,.F.);
#5357=ORIENTED_EDGE('',*,*,#4129,.F.);
#5358=ORIENTED_EDGE('',*,*,#4130,.F.);
#5359=ORIENTED_EDGE('',*,*,#4126,.T.);
#5360=ORIENTED_EDGE('',*,*,#4131,.F.);
#5361=ORIENTED_EDGE('',*,*,#4124,.F.);
#5362=ORIENTED_EDGE('',*,*,#4132,.F.);
#5363=ORIENTED_EDGE('',*,*,#4129,.T.);
#5364=ORIENTED_EDGE('',*,*,#4133,.F.);
#5365=ORIENTED_EDGE('',*,*,#4134,.F.);
#5366=ORIENTED_EDGE('',*,*,#4135,.F.);
#5367=ORIENTED_EDGE('',*,*,#4136,.T.);
#5368=ORIENTED_EDGE('',*,*,#4137,.F.);
#5369=ORIENTED_EDGE('',*,*,#4138,.F.);
#5370=ORIENTED_EDGE('',*,*,#4139,.F.);
#5371=ORIENTED_EDGE('',*,*,#4134,.T.);
#5372=ORIENTED_EDGE('',*,*,#4140,.F.);
#5373=ORIENTED_EDGE('',*,*,#4141,.F.);
#5374=ORIENTED_EDGE('',*,*,#4142,.F.);
#5375=ORIENTED_EDGE('',*,*,#4138,.T.);
#5376=ORIENTED_EDGE('',*,*,#4143,.F.);
#5377=ORIENTED_EDGE('',*,*,#4136,.F.);
#5378=ORIENTED_EDGE('',*,*,#4144,.F.);
#5379=ORIENTED_EDGE('',*,*,#4141,.T.);
#5380=ORIENTED_EDGE('',*,*,#4145,.F.);
#5381=ORIENTED_EDGE('',*,*,#4146,.F.);
#5382=ORIENTED_EDGE('',*,*,#4147,.F.);
#5383=ORIENTED_EDGE('',*,*,#4148,.T.);
#5384=ORIENTED_EDGE('',*,*,#4149,.F.);
#5385=ORIENTED_EDGE('',*,*,#4150,.F.);
#5386=ORIENTED_EDGE('',*,*,#4151,.F.);
#5387=ORIENTED_EDGE('',*,*,#4146,.T.);
#5388=ORIENTED_EDGE('',*,*,#4152,.F.);
#5389=ORIENTED_EDGE('',*,*,#4153,.F.);
#5390=ORIENTED_EDGE('',*,*,#4154,.F.);
#5391=ORIENTED_EDGE('',*,*,#4150,.T.);
#5392=ORIENTED_EDGE('',*,*,#4155,.F.);
#5393=ORIENTED_EDGE('',*,*,#4148,.F.);
#5394=ORIENTED_EDGE('',*,*,#4156,.F.);
#5395=ORIENTED_EDGE('',*,*,#4153,.T.);
#5396=ORIENTED_EDGE('',*,*,#4157,.F.);
#5397=ORIENTED_EDGE('',*,*,#4158,.F.);
#5398=ORIENTED_EDGE('',*,*,#4159,.F.);
#5399=ORIENTED_EDGE('',*,*,#4160,.T.);
#5400=ORIENTED_EDGE('',*,*,#4161,.F.);
#5401=ORIENTED_EDGE('',*,*,#4162,.F.);
#5402=ORIENTED_EDGE('',*,*,#4163,.F.);
#5403=ORIENTED_EDGE('',*,*,#4158,.T.);
#5404=ORIENTED_EDGE('',*,*,#4164,.F.);
#5405=ORIENTED_EDGE('',*,*,#4165,.F.);
#5406=ORIENTED_EDGE('',*,*,#4166,.F.);
#5407=ORIENTED_EDGE('',*,*,#4162,.T.);
#5408=ORIENTED_EDGE('',*,*,#4167,.F.);
#5409=ORIENTED_EDGE('',*,*,#4160,.F.);
#5410=ORIENTED_EDGE('',*,*,#4168,.F.);
#5411=ORIENTED_EDGE('',*,*,#4165,.T.);
#5412=ORIENTED_EDGE('',*,*,#4169,.F.);
#5413=ORIENTED_EDGE('',*,*,#4170,.F.);
#5414=ORIENTED_EDGE('',*,*,#4171,.F.);
#5415=ORIENTED_EDGE('',*,*,#4172,.T.);
#5416=ORIENTED_EDGE('',*,*,#4173,.F.);
#5417=ORIENTED_EDGE('',*,*,#4174,.F.);
#5418=ORIENTED_EDGE('',*,*,#4175,.F.);
#5419=ORIENTED_EDGE('',*,*,#4170,.T.);
#5420=ORIENTED_EDGE('',*,*,#4176,.F.);
#5421=ORIENTED_EDGE('',*,*,#4177,.F.);
#5422=ORIENTED_EDGE('',*,*,#4178,.F.);
#5423=ORIENTED_EDGE('',*,*,#4174,.T.);
#5424=ORIENTED_EDGE('',*,*,#4179,.F.);
#5425=ORIENTED_EDGE('',*,*,#4172,.F.);
#5426=ORIENTED_EDGE('',*,*,#4180,.F.);
#5427=ORIENTED_EDGE('',*,*,#4177,.T.);
#5428=ORIENTED_EDGE('',*,*,#4181,.F.);
#5429=ORIENTED_EDGE('',*,*,#4182,.F.);
#5430=ORIENTED_EDGE('',*,*,#4183,.F.);
#5431=ORIENTED_EDGE('',*,*,#4184,.T.);
#5432=ORIENTED_EDGE('',*,*,#4185,.F.);
#5433=ORIENTED_EDGE('',*,*,#4186,.F.);
#5434=ORIENTED_EDGE('',*,*,#4187,.F.);
#5435=ORIENTED_EDGE('',*,*,#4182,.T.);
#5436=ORIENTED_EDGE('',*,*,#4188,.F.);
#5437=ORIENTED_EDGE('',*,*,#4189,.F.);
#5438=ORIENTED_EDGE('',*,*,#4190,.F.);
#5439=ORIENTED_EDGE('',*,*,#4186,.T.);
#5440=ORIENTED_EDGE('',*,*,#4191,.F.);
#5441=ORIENTED_EDGE('',*,*,#4184,.F.);
#5442=ORIENTED_EDGE('',*,*,#4192,.F.);
#5443=ORIENTED_EDGE('',*,*,#4189,.T.);
#5444=ORIENTED_EDGE('',*,*,#4193,.F.);
#5445=ORIENTED_EDGE('',*,*,#4194,.F.);
#5446=ORIENTED_EDGE('',*,*,#4195,.F.);
#5447=ORIENTED_EDGE('',*,*,#4196,.F.);
#5448=ORIENTED_EDGE('',*,*,#4083,.F.);
#5449=ORIENTED_EDGE('',*,*,#4081,.F.);
#5450=ORIENTED_EDGE('',*,*,#4079,.F.);
#5451=ORIENTED_EDGE('',*,*,#4116,.F.);
#5452=ORIENTED_EDGE('',*,*,#4102,.F.);
#5453=ORIENTED_EDGE('',*,*,#4103,.F.);
#5454=ORIENTED_EDGE('',*,*,#4092,.F.);
#5455=ORIENTED_EDGE('',*,*,#4086,.F.);
#5456=ORIENTED_EDGE('',*,*,#4105,.F.);
#5457=ORIENTED_EDGE('',*,*,#4108,.F.);
#5458=ORIENTED_EDGE('',*,*,#4197,.T.);
#5459=ORIENTED_EDGE('',*,*,#4198,.T.);
#5460=ORIENTED_EDGE('',*,*,#4199,.T.);
#5461=ORIENTED_EDGE('',*,*,#4200,.T.);
#5462=ORIENTED_EDGE('',*,*,#4201,.T.);
#5463=ORIENTED_EDGE('',*,*,#4202,.T.);
#5464=ORIENTED_EDGE('',*,*,#4203,.T.);
#5465=ORIENTED_EDGE('',*,*,#4204,.T.);
#5466=ORIENTED_EDGE('',*,*,#4039,.T.);
#5467=ORIENTED_EDGE('',*,*,#4043,.T.);
#5468=ORIENTED_EDGE('',*,*,#4046,.T.);
#5469=ORIENTED_EDGE('',*,*,#4048,.T.);
#5470=ORIENTED_EDGE('',*,*,#4127,.T.);
#5471=ORIENTED_EDGE('',*,*,#4130,.T.);
#5472=ORIENTED_EDGE('',*,*,#4132,.T.);
#5473=ORIENTED_EDGE('',*,*,#4123,.T.);
#5474=ORIENTED_EDGE('',*,*,#4139,.T.);
#5475=ORIENTED_EDGE('',*,*,#4142,.T.);
#5476=ORIENTED_EDGE('',*,*,#4144,.T.);
#5477=ORIENTED_EDGE('',*,*,#4135,.T.);
#5478=ORIENTED_EDGE('',*,*,#4151,.T.);
#5479=ORIENTED_EDGE('',*,*,#4154,.T.);
#5480=ORIENTED_EDGE('',*,*,#4156,.T.);
#5481=ORIENTED_EDGE('',*,*,#4147,.T.);
#5482=ORIENTED_EDGE('',*,*,#4163,.T.);
#5483=ORIENTED_EDGE('',*,*,#4166,.T.);
#5484=ORIENTED_EDGE('',*,*,#4168,.T.);
#5485=ORIENTED_EDGE('',*,*,#4159,.T.);
#5486=ORIENTED_EDGE('',*,*,#4175,.T.);
#5487=ORIENTED_EDGE('',*,*,#4178,.T.);
#5488=ORIENTED_EDGE('',*,*,#4180,.T.);
#5489=ORIENTED_EDGE('',*,*,#4171,.T.);
#5490=ORIENTED_EDGE('',*,*,#4187,.T.);
#5491=ORIENTED_EDGE('',*,*,#4190,.T.);
#5492=ORIENTED_EDGE('',*,*,#4192,.T.);
#5493=ORIENTED_EDGE('',*,*,#4183,.T.);
#5494=ORIENTED_EDGE('',*,*,#4205,.F.);
#5495=ORIENTED_EDGE('',*,*,#4206,.F.);
#5496=ORIENTED_EDGE('',*,*,#4207,.F.);
#5497=ORIENTED_EDGE('',*,*,#4208,.F.);
#5498=ORIENTED_EDGE('',*,*,#4209,.T.);
#5499=ORIENTED_EDGE('',*,*,#4063,.F.);
#5500=ORIENTED_EDGE('',*,*,#4090,.F.);
#5501=ORIENTED_EDGE('',*,*,#4096,.F.);
#5502=ORIENTED_EDGE('',*,*,#4210,.T.);
#5503=ORIENTED_EDGE('',*,*,#4211,.F.);
#5504=ORIENTED_EDGE('',*,*,#4212,.T.);
#5505=ORIENTED_EDGE('',*,*,#4097,.F.);
#5506=ORIENTED_EDGE('',*,*,#4213,.T.);
#5507=ORIENTED_EDGE('',*,*,#4210,.F.);
#5508=ORIENTED_EDGE('',*,*,#4095,.F.);
#5509=ORIENTED_EDGE('',*,*,#4214,.T.);
#5510=ORIENTED_EDGE('',*,*,#4215,.T.);
#5511=ORIENTED_EDGE('',*,*,#4216,.T.);
#5512=ORIENTED_EDGE('',*,*,#4217,.T.);
#5513=ORIENTED_EDGE('',*,*,#4207,.T.);
#5514=ORIENTED_EDGE('',*,*,#4218,.T.);
#5515=ORIENTED_EDGE('',*,*,#4219,.T.);
#5516=ORIENTED_EDGE('',*,*,#4220,.T.);
#5517=ORIENTED_EDGE('',*,*,#4205,.T.);
#5518=ORIENTED_EDGE('',*,*,#4221,.F.);
#5519=ORIENTED_EDGE('',*,*,#4222,.F.);
#5520=ORIENTED_EDGE('',*,*,#4219,.F.);
#5521=ORIENTED_EDGE('',*,*,#4223,.F.);
#5522=ORIENTED_EDGE('',*,*,#4224,.T.);
#5523=ORIENTED_EDGE('',*,*,#4221,.T.);
#5524=ORIENTED_EDGE('',*,*,#4225,.T.);
#5525=ORIENTED_EDGE('',*,*,#4195,.T.);
#5526=ORIENTED_EDGE('',*,*,#4226,.T.);
#5527=ORIENTED_EDGE('',*,*,#4227,.T.);
#5528=ORIENTED_EDGE('',*,*,#4228,.T.);
#5529=ORIENTED_EDGE('',*,*,#4193,.T.);
#5530=ORIENTED_EDGE('',*,*,#4229,.F.);
#5531=ORIENTED_EDGE('',*,*,#4230,.F.);
#5532=ORIENTED_EDGE('',*,*,#4104,.F.);
#5533=ORIENTED_EDGE('',*,*,#4231,.F.);
#5534=ORIENTED_EDGE('',*,*,#4232,.F.);
#5535=ORIENTED_EDGE('',*,*,#4231,.T.);
#5536=ORIENTED_EDGE('',*,*,#4100,.F.);
#5537=ORIENTED_EDGE('',*,*,#4114,.F.);
#5538=ORIENTED_EDGE('',*,*,#4233,.T.);
#5539=ORIENTED_EDGE('',*,*,#4234,.F.);
#5540=ORIENTED_EDGE('',*,*,#4066,.T.);
#5541=ORIENTED_EDGE('',*,*,#4235,.T.);
#5542=ORIENTED_EDGE('',*,*,#4211,.T.);
#5543=ORIENTED_EDGE('',*,*,#4213,.F.);
#5544=ORIENTED_EDGE('',*,*,#4236,.F.);
#5545=ORIENTED_EDGE('',*,*,#4237,.F.);
#5546=ORIENTED_EDGE('',*,*,#4216,.F.);
#5547=ORIENTED_EDGE('',*,*,#4238,.F.);
#5548=ORIENTED_EDGE('',*,*,#4227,.F.);
#5549=ORIENTED_EDGE('',*,*,#4235,.F.);
#5550=ORIENTED_EDGE('',*,*,#4065,.T.);
#5551=ORIENTED_EDGE('',*,*,#4239,.T.);
#5552=ORIENTED_EDGE('',*,*,#4212,.F.);
#5553=ORIENTED_EDGE('',*,*,#4209,.F.);
#5554=ORIENTED_EDGE('',*,*,#4098,.T.);
#5555=ORIENTED_EDGE('',*,*,#4239,.F.);
#5556=ORIENTED_EDGE('',*,*,#4064,.F.);
#5557=ORIENTED_EDGE('',*,*,#4240,.F.);
#5558=ORIENTED_EDGE('',*,*,#4241,.F.);
#5559=ORIENTED_EDGE('',*,*,#4204,.F.);
#5560=ORIENTED_EDGE('',*,*,#4242,.T.);
#5561=ORIENTED_EDGE('',*,*,#4243,.F.);
#5562=ORIENTED_EDGE('',*,*,#4244,.F.);
#5563=ORIENTED_EDGE('',*,*,#4199,.F.);
#5564=ORIENTED_EDGE('',*,*,#4245,.T.);
#5565=ORIENTED_EDGE('',*,*,#4246,.F.);
#5566=ORIENTED_EDGE('',*,*,#4245,.F.);
#5567=ORIENTED_EDGE('',*,*,#4198,.F.);
#5568=ORIENTED_EDGE('',*,*,#4247,.T.);
#5569=ORIENTED_EDGE('',*,*,#4248,.F.);
#5570=ORIENTED_EDGE('',*,*,#4247,.F.);
#5571=ORIENTED_EDGE('',*,*,#4197,.F.);
#5572=ORIENTED_EDGE('',*,*,#4241,.T.);
#5573=ORIENTED_EDGE('',*,*,#4249,.T.);
#5574=ORIENTED_EDGE('',*,*,#4250,.T.);
#5575=ORIENTED_EDGE('',*,*,#4251,.F.);
#5576=ORIENTED_EDGE('',*,*,#4252,.F.);
#5577=ORIENTED_EDGE('',*,*,#4253,.T.);
#5578=ORIENTED_EDGE('',*,*,#4254,.T.);
#5579=ORIENTED_EDGE('',*,*,#4255,.F.);
#5580=ORIENTED_EDGE('',*,*,#4250,.F.);
#5581=ORIENTED_EDGE('',*,*,#4256,.T.);
#5582=ORIENTED_EDGE('',*,*,#4257,.F.);
#5583=ORIENTED_EDGE('',*,*,#4258,.T.);
#5584=ORIENTED_EDGE('',*,*,#4259,.T.);
#5585=ORIENTED_EDGE('',*,*,#4260,.T.);
#5586=ORIENTED_EDGE('',*,*,#4261,.F.);
#5587=ORIENTED_EDGE('',*,*,#4255,.T.);
#5588=ORIENTED_EDGE('',*,*,#4262,.F.);
#5589=ORIENTED_EDGE('',*,*,#4261,.T.);
#5590=ORIENTED_EDGE('',*,*,#4263,.T.);
#5591=ORIENTED_EDGE('',*,*,#4264,.F.);
#5592=ORIENTED_EDGE('',*,*,#4251,.T.);
#5593=ORIENTED_EDGE('',*,*,#4265,.T.);
#5594=ORIENTED_EDGE('',*,*,#4264,.T.);
#5595=ORIENTED_EDGE('',*,*,#4266,.T.);
#5596=ORIENTED_EDGE('',*,*,#4257,.T.);
#5597=ORIENTED_EDGE('',*,*,#4267,.T.);
#5598=ORIENTED_EDGE('',*,*,#4262,.T.);
#5599=ORIENTED_EDGE('',*,*,#4268,.T.);
#5600=ORIENTED_EDGE('',*,*,#4259,.F.);
#5601=ORIENTED_EDGE('',*,*,#4269,.F.);
#5602=ORIENTED_EDGE('',*,*,#4270,.F.);
#5603=ORIENTED_EDGE('',*,*,#4271,.F.);
#5604=ORIENTED_EDGE('',*,*,#4272,.F.);
#5605=ORIENTED_EDGE('',*,*,#4273,.F.);
#5606=ORIENTED_EDGE('',*,*,#4274,.F.);
#5607=ORIENTED_EDGE('',*,*,#4275,.F.);
#5608=ORIENTED_EDGE('',*,*,#4276,.F.);
#5609=ORIENTED_EDGE('',*,*,#4266,.F.);
#5610=ORIENTED_EDGE('',*,*,#4263,.F.);
#5611=ORIENTED_EDGE('',*,*,#4260,.F.);
#5612=ORIENTED_EDGE('',*,*,#4267,.F.);
#5613=ORIENTED_EDGE('',*,*,#4258,.F.);
#5614=ORIENTED_EDGE('',*,*,#4277,.F.);
#5615=ORIENTED_EDGE('',*,*,#4242,.F.);
#5616=ORIENTED_EDGE('',*,*,#4203,.F.);
#5617=ORIENTED_EDGE('',*,*,#4278,.T.);
#5618=ORIENTED_EDGE('',*,*,#4279,.F.);
#5619=ORIENTED_EDGE('',*,*,#4278,.F.);
#5620=ORIENTED_EDGE('',*,*,#4202,.F.);
#5621=ORIENTED_EDGE('',*,*,#4280,.T.);
#5622=ORIENTED_EDGE('',*,*,#4281,.F.);
#5623=ORIENTED_EDGE('',*,*,#4280,.F.);
#5624=ORIENTED_EDGE('',*,*,#4201,.F.);
#5625=ORIENTED_EDGE('',*,*,#4282,.T.);
#5626=ORIENTED_EDGE('',*,*,#4283,.F.);
#5627=ORIENTED_EDGE('',*,*,#4282,.F.);
#5628=ORIENTED_EDGE('',*,*,#4200,.F.);
#5629=ORIENTED_EDGE('',*,*,#4244,.T.);
#5630=ORIENTED_EDGE('',*,*,#4284,.F.);
#5631=ORIENTED_EDGE('',*,*,#4276,.T.);
#5632=ORIENTED_EDGE('',*,*,#4285,.F.);
#5633=ORIENTED_EDGE('',*,*,#4240,.T.);
#5634=ORIENTED_EDGE('',*,*,#4285,.T.);
#5635=ORIENTED_EDGE('',*,*,#4275,.T.);
#5636=ORIENTED_EDGE('',*,*,#4286,.F.);
#5637=ORIENTED_EDGE('',*,*,#4248,.T.);
#5638=ORIENTED_EDGE('',*,*,#4286,.T.);
#5639=ORIENTED_EDGE('',*,*,#4274,.T.);
#5640=ORIENTED_EDGE('',*,*,#4287,.F.);
#5641=ORIENTED_EDGE('',*,*,#4246,.T.);
#5642=ORIENTED_EDGE('',*,*,#4287,.T.);
#5643=ORIENTED_EDGE('',*,*,#4273,.T.);
#5644=ORIENTED_EDGE('',*,*,#4288,.F.);
#5645=ORIENTED_EDGE('',*,*,#4243,.T.);
#5646=ORIENTED_EDGE('',*,*,#4288,.T.);
#5647=ORIENTED_EDGE('',*,*,#4272,.T.);
#5648=ORIENTED_EDGE('',*,*,#4289,.F.);
#5649=ORIENTED_EDGE('',*,*,#4283,.T.);
#5650=ORIENTED_EDGE('',*,*,#4289,.T.);
#5651=ORIENTED_EDGE('',*,*,#4271,.T.);
#5652=ORIENTED_EDGE('',*,*,#4290,.F.);
#5653=ORIENTED_EDGE('',*,*,#4281,.T.);
#5654=ORIENTED_EDGE('',*,*,#4290,.T.);
#5655=ORIENTED_EDGE('',*,*,#4270,.T.);
#5656=ORIENTED_EDGE('',*,*,#4291,.F.);
#5657=ORIENTED_EDGE('',*,*,#4279,.T.);
#5658=ORIENTED_EDGE('',*,*,#4291,.T.);
#5659=ORIENTED_EDGE('',*,*,#4269,.T.);
#5660=ORIENTED_EDGE('',*,*,#4284,.T.);
#5661=ORIENTED_EDGE('',*,*,#4277,.T.);
#5662=ORIENTED_EDGE('',*,*,#4292,.T.);
#5663=ORIENTED_EDGE('',*,*,#4252,.T.);
#5664=ORIENTED_EDGE('',*,*,#4265,.F.);
#5665=ORIENTED_EDGE('',*,*,#4293,.F.);
#5666=ORIENTED_EDGE('',*,*,#4294,.T.);
#5667=ORIENTED_EDGE('',*,*,#4293,.T.);
#5668=ORIENTED_EDGE('',*,*,#4256,.F.);
#5669=ORIENTED_EDGE('',*,*,#4295,.F.);
#5670=ORIENTED_EDGE('',*,*,#4296,.T.);
#5671=ORIENTED_EDGE('',*,*,#4295,.T.);
#5672=ORIENTED_EDGE('',*,*,#4268,.F.);
#5673=ORIENTED_EDGE('',*,*,#4254,.F.);
#5674=ORIENTED_EDGE('',*,*,#4297,.F.);
#5675=ORIENTED_EDGE('',*,*,#4298,.F.);
#5676=ORIENTED_EDGE('',*,*,#4299,.F.);
#5677=ORIENTED_EDGE('',*,*,#4300,.F.);
#5678=ORIENTED_EDGE('',*,*,#4301,.F.);
#5679=ORIENTED_EDGE('',*,*,#4302,.F.);
#5680=ORIENTED_EDGE('',*,*,#4303,.F.);
#5681=ORIENTED_EDGE('',*,*,#4304,.F.);
#5682=ORIENTED_EDGE('',*,*,#4305,.F.);
#5683=ORIENTED_EDGE('',*,*,#4306,.F.);
#5684=ORIENTED_EDGE('',*,*,#4307,.F.);
#5685=ORIENTED_EDGE('',*,*,#4308,.F.);
#5686=ORIENTED_EDGE('',*,*,#4309,.F.);
#5687=ORIENTED_EDGE('',*,*,#4310,.F.);
#5688=ORIENTED_EDGE('',*,*,#4311,.F.);
#5689=ORIENTED_EDGE('',*,*,#4312,.F.);
#5690=ORIENTED_EDGE('',*,*,#4292,.F.);
#5691=ORIENTED_EDGE('',*,*,#4294,.F.);
#5692=ORIENTED_EDGE('',*,*,#4296,.F.);
#5693=ORIENTED_EDGE('',*,*,#4253,.F.);
#5694=ORIENTED_EDGE('',*,*,#4249,.F.);
#5695=ORIENTED_EDGE('',*,*,#4313,.T.);
#5696=ORIENTED_EDGE('',*,*,#4297,.T.);
#5697=ORIENTED_EDGE('',*,*,#4314,.F.);
#5698=ORIENTED_EDGE('',*,*,#4315,.T.);
#5699=ORIENTED_EDGE('',*,*,#4314,.T.);
#5700=ORIENTED_EDGE('',*,*,#4312,.T.);
#5701=ORIENTED_EDGE('',*,*,#4316,.F.);
#5702=ORIENTED_EDGE('',*,*,#4317,.F.);
#5703=ORIENTED_EDGE('',*,*,#4316,.T.);
#5704=ORIENTED_EDGE('',*,*,#4311,.T.);
#5705=ORIENTED_EDGE('',*,*,#4318,.F.);
#5706=ORIENTED_EDGE('',*,*,#4319,.T.);
#5707=ORIENTED_EDGE('',*,*,#4318,.T.);
#5708=ORIENTED_EDGE('',*,*,#4310,.T.);
#5709=ORIENTED_EDGE('',*,*,#4320,.F.);
#5710=ORIENTED_EDGE('',*,*,#4321,.F.);
#5711=ORIENTED_EDGE('',*,*,#4320,.T.);
#5712=ORIENTED_EDGE('',*,*,#4309,.T.);
#5713=ORIENTED_EDGE('',*,*,#4322,.F.);
#5714=ORIENTED_EDGE('',*,*,#4323,.T.);
#5715=ORIENTED_EDGE('',*,*,#4322,.T.);
#5716=ORIENTED_EDGE('',*,*,#4308,.T.);
#5717=ORIENTED_EDGE('',*,*,#4324,.F.);
#5718=ORIENTED_EDGE('',*,*,#4325,.F.);
#5719=ORIENTED_EDGE('',*,*,#4324,.T.);
#5720=ORIENTED_EDGE('',*,*,#4307,.T.);
#5721=ORIENTED_EDGE('',*,*,#4326,.F.);
#5722=ORIENTED_EDGE('',*,*,#4327,.T.);
#5723=ORIENTED_EDGE('',*,*,#4328,.T.);
#5724=ORIENTED_EDGE('',*,*,#4298,.T.);
#5725=ORIENTED_EDGE('',*,*,#4313,.F.);
#5726=ORIENTED_EDGE('',*,*,#4329,.F.);
#5727=ORIENTED_EDGE('',*,*,#4330,.T.);
#5728=ORIENTED_EDGE('',*,*,#4299,.T.);
#5729=ORIENTED_EDGE('',*,*,#4328,.F.);
#5730=ORIENTED_EDGE('',*,*,#4331,.T.);
#5731=ORIENTED_EDGE('',*,*,#4332,.T.);
#5732=ORIENTED_EDGE('',*,*,#4300,.T.);
#5733=ORIENTED_EDGE('',*,*,#4330,.F.);
#5734=ORIENTED_EDGE('',*,*,#4333,.F.);
#5735=ORIENTED_EDGE('',*,*,#4334,.T.);
#5736=ORIENTED_EDGE('',*,*,#4301,.T.);
#5737=ORIENTED_EDGE('',*,*,#4332,.F.);
#5738=ORIENTED_EDGE('',*,*,#4335,.F.);
#5739=ORIENTED_EDGE('',*,*,#4336,.T.);
#5740=ORIENTED_EDGE('',*,*,#4302,.T.);
#5741=ORIENTED_EDGE('',*,*,#4334,.F.);
#5742=ORIENTED_EDGE('',*,*,#4337,.F.);
#5743=ORIENTED_EDGE('',*,*,#4338,.T.);
#5744=ORIENTED_EDGE('',*,*,#4303,.T.);
#5745=ORIENTED_EDGE('',*,*,#4336,.F.);
#5746=ORIENTED_EDGE('',*,*,#4339,.F.);
#5747=ORIENTED_EDGE('',*,*,#4340,.T.);
#5748=ORIENTED_EDGE('',*,*,#4304,.T.);
#5749=ORIENTED_EDGE('',*,*,#4338,.F.);
#5750=ORIENTED_EDGE('',*,*,#4341,.F.);
#5751=ORIENTED_EDGE('',*,*,#4342,.T.);
#5752=ORIENTED_EDGE('',*,*,#4305,.T.);
#5753=ORIENTED_EDGE('',*,*,#4340,.F.);
#5754=ORIENTED_EDGE('',*,*,#4343,.T.);
#5755=ORIENTED_EDGE('',*,*,#4344,.T.);
#5756=ORIENTED_EDGE('',*,*,#4345,.T.);
#5757=ORIENTED_EDGE('',*,*,#4346,.F.);
#5758=ORIENTED_EDGE('',*,*,#4347,.F.);
#5759=ORIENTED_EDGE('',*,*,#4348,.T.);
#5760=ORIENTED_EDGE('',*,*,#4349,.T.);
#5761=ORIENTED_EDGE('',*,*,#4350,.F.);
#5762=ORIENTED_EDGE('',*,*,#4345,.F.);
#5763=ORIENTED_EDGE('',*,*,#4351,.T.);
#5764=ORIENTED_EDGE('',*,*,#4352,.T.);
#5765=ORIENTED_EDGE('',*,*,#4353,.F.);
#5766=ORIENTED_EDGE('',*,*,#4349,.F.);
#5767=ORIENTED_EDGE('',*,*,#4354,.T.);
#5768=ORIENTED_EDGE('',*,*,#4355,.T.);
#5769=ORIENTED_EDGE('',*,*,#4356,.F.);
#5770=ORIENTED_EDGE('',*,*,#4352,.F.);
#5771=ORIENTED_EDGE('',*,*,#4357,.T.);
#5772=ORIENTED_EDGE('',*,*,#4358,.T.);
#5773=ORIENTED_EDGE('',*,*,#4359,.F.);
#5774=ORIENTED_EDGE('',*,*,#4355,.F.);
#5775=ORIENTED_EDGE('',*,*,#4360,.T.);
#5776=ORIENTED_EDGE('',*,*,#4361,.T.);
#5777=ORIENTED_EDGE('',*,*,#4362,.F.);
#5778=ORIENTED_EDGE('',*,*,#4363,.F.);
#5779=ORIENTED_EDGE('',*,*,#4364,.T.);
#5780=ORIENTED_EDGE('',*,*,#4347,.T.);
#5781=ORIENTED_EDGE('',*,*,#4365,.F.);
#5782=ORIENTED_EDGE('',*,*,#4361,.F.);
#5783=ORIENTED_EDGE('',*,*,#4366,.F.);
#5784=ORIENTED_EDGE('',*,*,#4367,.F.);
#5785=ORIENTED_EDGE('',*,*,#4368,.F.);
#5786=ORIENTED_EDGE('',*,*,#4369,.T.);
#5787=ORIENTED_EDGE('',*,*,#4370,.F.);
#5788=ORIENTED_EDGE('',*,*,#4369,.F.);
#5789=ORIENTED_EDGE('',*,*,#4371,.F.);
#5790=ORIENTED_EDGE('',*,*,#4372,.F.);
#5791=ORIENTED_EDGE('',*,*,#4373,.F.);
#5792=ORIENTED_EDGE('',*,*,#4374,.F.);
#5793=ORIENTED_EDGE('',*,*,#4375,.F.);
#5794=ORIENTED_EDGE('',*,*,#4376,.T.);
#5795=ORIENTED_EDGE('',*,*,#4377,.T.);
#5796=ORIENTED_EDGE('',*,*,#4375,.T.);
#5797=ORIENTED_EDGE('',*,*,#4378,.F.);
#5798=ORIENTED_EDGE('',*,*,#4326,.T.);
#5799=ORIENTED_EDGE('',*,*,#4306,.T.);
#5800=ORIENTED_EDGE('',*,*,#4342,.F.);
#5801=ORIENTED_EDGE('',*,*,#4379,.F.);
#5802=ORIENTED_EDGE('',*,*,#4371,.T.);
#5803=ORIENTED_EDGE('',*,*,#4368,.T.);
#5804=ORIENTED_EDGE('',*,*,#4380,.F.);
#5805=ORIENTED_EDGE('',*,*,#4376,.F.);
#5806=ORIENTED_EDGE('',*,*,#4377,.F.);
#5807=ORIENTED_EDGE('',*,*,#4367,.T.);
#5808=ORIENTED_EDGE('',*,*,#4380,.T.);
#5809=ORIENTED_EDGE('',*,*,#4366,.T.);
#5810=ORIENTED_EDGE('',*,*,#4370,.T.);
#5811=ORIENTED_EDGE('',*,*,#4381,.T.);
#5812=ORIENTED_EDGE('',*,*,#4363,.T.);
#5813=ORIENTED_EDGE('',*,*,#4382,.F.);
#5814=ORIENTED_EDGE('',*,*,#4358,.F.);
#5815=ORIENTED_EDGE('',*,*,#4383,.T.);
#5816=ORIENTED_EDGE('',*,*,#4373,.T.);
#5817=ORIENTED_EDGE('',*,*,#4224,.F.);
#5818=ORIENTED_EDGE('',*,*,#4194,.T.);
#5819=ORIENTED_EDGE('',*,*,#4228,.F.);
#5820=ORIENTED_EDGE('',*,*,#4238,.T.);
#5821=ORIENTED_EDGE('',*,*,#4215,.F.);
#5822=ORIENTED_EDGE('',*,*,#4206,.T.);
#5823=ORIENTED_EDGE('',*,*,#4220,.F.);
#5824=ORIENTED_EDGE('',*,*,#4222,.T.);
#5825=ORIENTED_EDGE('',*,*,#4365,.T.);
#5826=ORIENTED_EDGE('',*,*,#4346,.T.);
#5827=ORIENTED_EDGE('',*,*,#4350,.T.);
#5828=ORIENTED_EDGE('',*,*,#4353,.T.);
#5829=ORIENTED_EDGE('',*,*,#4356,.T.);
#5830=ORIENTED_EDGE('',*,*,#4359,.T.);
#5831=ORIENTED_EDGE('',*,*,#4382,.T.);
#5832=ORIENTED_EDGE('',*,*,#4362,.T.);
#5833=ORIENTED_EDGE('',*,*,#4364,.F.);
#5834=ORIENTED_EDGE('',*,*,#4360,.F.);
#5835=ORIENTED_EDGE('',*,*,#4381,.F.);
#5836=ORIENTED_EDGE('',*,*,#4372,.T.);
#5837=ORIENTED_EDGE('',*,*,#4379,.T.);
#5838=ORIENTED_EDGE('',*,*,#4343,.F.);
#5839=ORIENTED_EDGE('',*,*,#4341,.T.);
#5840=ORIENTED_EDGE('',*,*,#4339,.T.);
#5841=ORIENTED_EDGE('',*,*,#4337,.T.);
#5842=ORIENTED_EDGE('',*,*,#4335,.T.);
#5843=ORIENTED_EDGE('',*,*,#4333,.T.);
#5844=ORIENTED_EDGE('',*,*,#4331,.F.);
#5845=ORIENTED_EDGE('',*,*,#4329,.T.);
#5846=ORIENTED_EDGE('',*,*,#4315,.F.);
#5847=ORIENTED_EDGE('',*,*,#4317,.T.);
#5848=ORIENTED_EDGE('',*,*,#4319,.F.);
#5849=ORIENTED_EDGE('',*,*,#4321,.T.);
#5850=ORIENTED_EDGE('',*,*,#4323,.F.);
#5851=ORIENTED_EDGE('',*,*,#4325,.T.);
#5852=ORIENTED_EDGE('',*,*,#4327,.F.);
#5853=ORIENTED_EDGE('',*,*,#4378,.T.);
#5854=ORIENTED_EDGE('',*,*,#4374,.T.);
#5855=ORIENTED_EDGE('',*,*,#4383,.F.);
#5856=ORIENTED_EDGE('',*,*,#4357,.F.);
#5857=ORIENTED_EDGE('',*,*,#4354,.F.);
#5858=ORIENTED_EDGE('',*,*,#4351,.F.);
#5859=ORIENTED_EDGE('',*,*,#4348,.F.);
#5860=ORIENTED_EDGE('',*,*,#4344,.F.);
#5861=ORIENTED_EDGE('',*,*,#4384,.F.);
#5862=ORIENTED_EDGE('',*,*,#4236,.T.);
#5863=ORIENTED_EDGE('',*,*,#4214,.F.);
#5864=ORIENTED_EDGE('',*,*,#4385,.T.);
#5865=ORIENTED_EDGE('',*,*,#4386,.T.);
#5866=ORIENTED_EDGE('',*,*,#4072,.F.);
#5867=ORIENTED_EDGE('',*,*,#4085,.F.);
#5868=ORIENTED_EDGE('',*,*,#4070,.F.);
#5869=ORIENTED_EDGE('',*,*,#4387,.F.);
#5870=ORIENTED_EDGE('',*,*,#4385,.F.);
#5871=ORIENTED_EDGE('',*,*,#4094,.F.);
#5872=ORIENTED_EDGE('',*,*,#4230,.T.);
#5873=ORIENTED_EDGE('',*,*,#4388,.F.);
#5874=ORIENTED_EDGE('',*,*,#4389,.T.);
#5875=ORIENTED_EDGE('',*,*,#4068,.F.);
#5876=ORIENTED_EDGE('',*,*,#4106,.F.);
#5877=ORIENTED_EDGE('',*,*,#4390,.T.);
#5878=ORIENTED_EDGE('',*,*,#4391,.F.);
#5879=ORIENTED_EDGE('',*,*,#4390,.F.);
#5880=ORIENTED_EDGE('',*,*,#4088,.F.);
#5881=ORIENTED_EDGE('',*,*,#4120,.T.);
#5882=ORIENTED_EDGE('',*,*,#4388,.T.);
#5883=ORIENTED_EDGE('',*,*,#4391,.T.);
#5884=ORIENTED_EDGE('',*,*,#4119,.T.);
#5885=ORIENTED_EDGE('',*,*,#4061,.T.);
#5886=ORIENTED_EDGE('',*,*,#4234,.T.);
#5887=ORIENTED_EDGE('',*,*,#4226,.F.);
#5888=ORIENTED_EDGE('',*,*,#4196,.T.);
#5889=ORIENTED_EDGE('',*,*,#4225,.F.);
#5890=ORIENTED_EDGE('',*,*,#4223,.T.);
#5891=ORIENTED_EDGE('',*,*,#4218,.F.);
#5892=ORIENTED_EDGE('',*,*,#4208,.T.);
#5893=ORIENTED_EDGE('',*,*,#4217,.F.);
#5894=ORIENTED_EDGE('',*,*,#4237,.T.);
#5895=ORIENTED_EDGE('',*,*,#4384,.T.);
#5896=ORIENTED_EDGE('',*,*,#4387,.T.);
#5897=ORIENTED_EDGE('',*,*,#4229,.T.);
#5898=ORIENTED_EDGE('',*,*,#4232,.T.);
#5899=ORIENTED_EDGE('',*,*,#4233,.F.);
#5900=ORIENTED_EDGE('',*,*,#4113,.F.);
#5901=ORIENTED_EDGE('',*,*,#4112,.T.);
#5902=ORIENTED_EDGE('',*,*,#4118,.F.);
#5903=ORIENTED_EDGE('',*,*,#4077,.T.);
#5904=ORIENTED_EDGE('',*,*,#4073,.F.);
#5905=ORIENTED_EDGE('',*,*,#4386,.F.);
#5906=ORIENTED_EDGE('',*,*,#4069,.F.);
#5907=ORIENTED_EDGE('',*,*,#4389,.F.);
#5908=ORIENTED_EDGE('',*,*,#4041,.F.);
#5909=ORIENTED_EDGE('',*,*,#4037,.F.);
#5910=ORIENTED_EDGE('',*,*,#4047,.F.);
#5911=ORIENTED_EDGE('',*,*,#4044,.F.);
#5912=ORIENTED_EDGE('',*,*,#4173,.T.);
#5913=ORIENTED_EDGE('',*,*,#4169,.T.);
#5914=ORIENTED_EDGE('',*,*,#4179,.T.);
#5915=ORIENTED_EDGE('',*,*,#4176,.T.);
#5916=ORIENTED_EDGE('',*,*,#4050,.T.);
#5917=ORIENTED_EDGE('',*,*,#4053,.T.);
#5918=ORIENTED_EDGE('',*,*,#4056,.T.);
#5919=ORIENTED_EDGE('',*,*,#4059,.T.);
#5920=ORIENTED_EDGE('',*,*,#4191,.T.);
#5921=ORIENTED_EDGE('',*,*,#4188,.T.);
#5922=ORIENTED_EDGE('',*,*,#4185,.T.);
#5923=ORIENTED_EDGE('',*,*,#4181,.T.);
#5924=ORIENTED_EDGE('',*,*,#4167,.T.);
#5925=ORIENTED_EDGE('',*,*,#4164,.T.);
#5926=ORIENTED_EDGE('',*,*,#4161,.T.);
#5927=ORIENTED_EDGE('',*,*,#4157,.T.);
#5928=ORIENTED_EDGE('',*,*,#4155,.T.);
#5929=ORIENTED_EDGE('',*,*,#4152,.T.);
#5930=ORIENTED_EDGE('',*,*,#4149,.T.);
#5931=ORIENTED_EDGE('',*,*,#4145,.T.);
#5932=ORIENTED_EDGE('',*,*,#4143,.T.);
#5933=ORIENTED_EDGE('',*,*,#4140,.T.);
#5934=ORIENTED_EDGE('',*,*,#4137,.T.);
#5935=ORIENTED_EDGE('',*,*,#4133,.T.);
#5936=ORIENTED_EDGE('',*,*,#4131,.T.);
#5937=ORIENTED_EDGE('',*,*,#4128,.T.);
#5938=ORIENTED_EDGE('',*,*,#4125,.T.);
#5939=ORIENTED_EDGE('',*,*,#4121,.T.);
#5940=ORIENTED_EDGE('',*,*,#4392,.F.);
#5941=ORIENTED_EDGE('',*,*,#4393,.T.);
#5942=ORIENTED_EDGE('',*,*,#4394,.T.);
#5943=ORIENTED_EDGE('',*,*,#4395,.F.);
#5944=ORIENTED_EDGE('',*,*,#4396,.F.);
#5945=ORIENTED_EDGE('',*,*,#4395,.T.);
#5946=ORIENTED_EDGE('',*,*,#4397,.T.);
#5947=ORIENTED_EDGE('',*,*,#4398,.F.);
#5948=ORIENTED_EDGE('',*,*,#4399,.F.);
#5949=ORIENTED_EDGE('',*,*,#4398,.T.);
#5950=ORIENTED_EDGE('',*,*,#4400,.T.);
#5951=ORIENTED_EDGE('',*,*,#4401,.F.);
#5952=ORIENTED_EDGE('',*,*,#4402,.F.);
#5953=ORIENTED_EDGE('',*,*,#4401,.T.);
#5954=ORIENTED_EDGE('',*,*,#4403,.T.);
#5955=ORIENTED_EDGE('',*,*,#4393,.F.);
#5956=ORIENTED_EDGE('',*,*,#4403,.F.);
#5957=ORIENTED_EDGE('',*,*,#4400,.F.);
#5958=ORIENTED_EDGE('',*,*,#4397,.F.);
#5959=ORIENTED_EDGE('',*,*,#4394,.F.);
#5960=ORIENTED_EDGE('',*,*,#4404,.F.);
#5961=ORIENTED_EDGE('',*,*,#4405,.F.);
#5962=ORIENTED_EDGE('',*,*,#4406,.F.);
#5963=ORIENTED_EDGE('',*,*,#4407,.F.);
#5964=ORIENTED_EDGE('',*,*,#4406,.T.);
#5965=ORIENTED_EDGE('',*,*,#4408,.T.);
#5966=ORIENTED_EDGE('',*,*,#4409,.F.);
#5967=ORIENTED_EDGE('',*,*,#4410,.F.);
#5968=ORIENTED_EDGE('',*,*,#4405,.T.);
#5969=ORIENTED_EDGE('',*,*,#4411,.T.);
#5970=ORIENTED_EDGE('',*,*,#4412,.F.);
#5971=ORIENTED_EDGE('',*,*,#4408,.F.);
#5972=ORIENTED_EDGE('',*,*,#4413,.T.);
#5973=ORIENTED_EDGE('',*,*,#4414,.T.);
#5974=ORIENTED_EDGE('',*,*,#4415,.T.);
#5975=ORIENTED_EDGE('',*,*,#4416,.F.);
#5976=ORIENTED_EDGE('',*,*,#4417,.T.);
#5977=ORIENTED_EDGE('',*,*,#4418,.T.);
#5978=ORIENTED_EDGE('',*,*,#4419,.T.);
#5979=ORIENTED_EDGE('',*,*,#4414,.F.);
#5980=ORIENTED_EDGE('',*,*,#4420,.T.);
#5981=ORIENTED_EDGE('',*,*,#4421,.T.);
#5982=ORIENTED_EDGE('',*,*,#4422,.T.);
#5983=ORIENTED_EDGE('',*,*,#4418,.F.);
#5984=ORIENTED_EDGE('',*,*,#4423,.T.);
#5985=ORIENTED_EDGE('',*,*,#4424,.T.);
#5986=ORIENTED_EDGE('',*,*,#4425,.T.);
#5987=ORIENTED_EDGE('',*,*,#4421,.F.);
#5988=ORIENTED_EDGE('',*,*,#4426,.T.);
#5989=ORIENTED_EDGE('',*,*,#4427,.T.);
#5990=ORIENTED_EDGE('',*,*,#4428,.T.);
#5991=ORIENTED_EDGE('',*,*,#4424,.F.);
#5992=ORIENTED_EDGE('',*,*,#4429,.T.);
#5993=ORIENTED_EDGE('',*,*,#4430,.T.);
#5994=ORIENTED_EDGE('',*,*,#4431,.T.);
#5995=ORIENTED_EDGE('',*,*,#4427,.F.);
#5996=ORIENTED_EDGE('',*,*,#4432,.T.);
#5997=ORIENTED_EDGE('',*,*,#4433,.T.);
#5998=ORIENTED_EDGE('',*,*,#4434,.T.);
#5999=ORIENTED_EDGE('',*,*,#4430,.F.);
#6000=ORIENTED_EDGE('',*,*,#4435,.T.);
#6001=ORIENTED_EDGE('',*,*,#4436,.T.);
#6002=ORIENTED_EDGE('',*,*,#4437,.T.);
#6003=ORIENTED_EDGE('',*,*,#4433,.F.);
#6004=ORIENTED_EDGE('',*,*,#4438,.T.);
#6005=ORIENTED_EDGE('',*,*,#4439,.T.);
#6006=ORIENTED_EDGE('',*,*,#4440,.T.);
#6007=ORIENTED_EDGE('',*,*,#4436,.F.);
#6008=ORIENTED_EDGE('',*,*,#4441,.T.);
#6009=ORIENTED_EDGE('',*,*,#4439,.F.);
#6010=ORIENTED_EDGE('',*,*,#4442,.T.);
#6011=ORIENTED_EDGE('',*,*,#4443,.T.);
#6012=ORIENTED_EDGE('',*,*,#4444,.T.);
#6013=ORIENTED_EDGE('',*,*,#4443,.F.);
#6014=ORIENTED_EDGE('',*,*,#4445,.T.);
#6015=ORIENTED_EDGE('',*,*,#4446,.T.);
#6016=ORIENTED_EDGE('',*,*,#4447,.T.);
#6017=ORIENTED_EDGE('',*,*,#4446,.F.);
#6018=ORIENTED_EDGE('',*,*,#4448,.T.);
#6019=ORIENTED_EDGE('',*,*,#4449,.T.);
#6020=ORIENTED_EDGE('',*,*,#4450,.T.);
#6021=ORIENTED_EDGE('',*,*,#4449,.F.);
#6022=ORIENTED_EDGE('',*,*,#4451,.T.);
#6023=ORIENTED_EDGE('',*,*,#4452,.T.);
#6024=ORIENTED_EDGE('',*,*,#4453,.T.);
#6025=ORIENTED_EDGE('',*,*,#4452,.F.);
#6026=ORIENTED_EDGE('',*,*,#4454,.T.);
#6027=ORIENTED_EDGE('',*,*,#4455,.T.);
#6028=ORIENTED_EDGE('',*,*,#4456,.T.);
#6029=ORIENTED_EDGE('',*,*,#4455,.F.);
#6030=ORIENTED_EDGE('',*,*,#4457,.T.);
#6031=ORIENTED_EDGE('',*,*,#4458,.T.);
#6032=ORIENTED_EDGE('',*,*,#4459,.T.);
#6033=ORIENTED_EDGE('',*,*,#4458,.F.);
#6034=ORIENTED_EDGE('',*,*,#4460,.T.);
#6035=ORIENTED_EDGE('',*,*,#4416,.T.);
#6036=ORIENTED_EDGE('',*,*,#4441,.F.);
#6037=ORIENTED_EDGE('',*,*,#4461,.T.);
#6038=ORIENTED_EDGE('',*,*,#4462,.T.);
#6039=ORIENTED_EDGE('',*,*,#4463,.T.);
#6040=ORIENTED_EDGE('',*,*,#4444,.F.);
#6041=ORIENTED_EDGE('',*,*,#4464,.F.);
#6042=ORIENTED_EDGE('',*,*,#4465,.F.);
#6043=ORIENTED_EDGE('',*,*,#4461,.F.);
#6044=ORIENTED_EDGE('',*,*,#4447,.F.);
#6045=ORIENTED_EDGE('',*,*,#4466,.F.);
#6046=ORIENTED_EDGE('',*,*,#4467,.T.);
#6047=ORIENTED_EDGE('',*,*,#4464,.T.);
#6048=ORIENTED_EDGE('',*,*,#4450,.F.);
#6049=ORIENTED_EDGE('',*,*,#4468,.F.);
#6050=ORIENTED_EDGE('',*,*,#4469,.T.);
#6051=ORIENTED_EDGE('',*,*,#4466,.T.);
#6052=ORIENTED_EDGE('',*,*,#4453,.F.);
#6053=ORIENTED_EDGE('',*,*,#4470,.F.);
#6054=ORIENTED_EDGE('',*,*,#4471,.T.);
#6055=ORIENTED_EDGE('',*,*,#4468,.T.);
#6056=ORIENTED_EDGE('',*,*,#4456,.F.);
#6057=ORIENTED_EDGE('',*,*,#4472,.F.);
#6058=ORIENTED_EDGE('',*,*,#4473,.F.);
#6059=ORIENTED_EDGE('',*,*,#4470,.T.);
#6060=ORIENTED_EDGE('',*,*,#4459,.F.);
#6061=ORIENTED_EDGE('',*,*,#4474,.T.);
#6062=ORIENTED_EDGE('',*,*,#4475,.T.);
#6063=ORIENTED_EDGE('',*,*,#4472,.T.);
#6064=ORIENTED_EDGE('',*,*,#4415,.F.);
#6065=ORIENTED_EDGE('',*,*,#4476,.F.);
#6066=ORIENTED_EDGE('',*,*,#4477,.F.);
#6067=ORIENTED_EDGE('',*,*,#4474,.F.);
#6068=ORIENTED_EDGE('',*,*,#4413,.F.);
#6069=ORIENTED_EDGE('',*,*,#4460,.F.);
#6070=ORIENTED_EDGE('',*,*,#4457,.F.);
#6071=ORIENTED_EDGE('',*,*,#4454,.F.);
#6072=ORIENTED_EDGE('',*,*,#4451,.F.);
#6073=ORIENTED_EDGE('',*,*,#4448,.F.);
#6074=ORIENTED_EDGE('',*,*,#4445,.F.);
#6075=ORIENTED_EDGE('',*,*,#4442,.F.);
#6076=ORIENTED_EDGE('',*,*,#4438,.F.);
#6077=ORIENTED_EDGE('',*,*,#4435,.F.);
#6078=ORIENTED_EDGE('',*,*,#4432,.F.);
#6079=ORIENTED_EDGE('',*,*,#4429,.F.);
#6080=ORIENTED_EDGE('',*,*,#4426,.F.);
#6081=ORIENTED_EDGE('',*,*,#4423,.F.);
#6082=ORIENTED_EDGE('',*,*,#4420,.F.);
#6083=ORIENTED_EDGE('',*,*,#4417,.F.);
#6084=ORIENTED_EDGE('',*,*,#4478,.T.);
#6085=ORIENTED_EDGE('',*,*,#4409,.T.);
#6086=ORIENTED_EDGE('',*,*,#4412,.T.);
#6087=ORIENTED_EDGE('',*,*,#4479,.T.);
#6088=ORIENTED_EDGE('',*,*,#4437,.F.);
#6089=ORIENTED_EDGE('',*,*,#4480,.T.);
#6090=ORIENTED_EDGE('',*,*,#4481,.T.);
#6091=ORIENTED_EDGE('',*,*,#4482,.T.);
#6092=ORIENTED_EDGE('',*,*,#4481,.F.);
#6093=ORIENTED_EDGE('',*,*,#4483,.T.);
#6094=ORIENTED_EDGE('',*,*,#4462,.F.);
#6095=ORIENTED_EDGE('',*,*,#4465,.T.);
#6096=ORIENTED_EDGE('',*,*,#4467,.F.);
#6097=ORIENTED_EDGE('',*,*,#4469,.F.);
#6098=ORIENTED_EDGE('',*,*,#4471,.F.);
#6099=ORIENTED_EDGE('',*,*,#4473,.T.);
#6100=ORIENTED_EDGE('',*,*,#4475,.F.);
#6101=ORIENTED_EDGE('',*,*,#4477,.T.);
#6102=ORIENTED_EDGE('',*,*,#4484,.F.);
#6103=ORIENTED_EDGE('',*,*,#4485,.T.);
#6104=ORIENTED_EDGE('',*,*,#4486,.F.);
#6105=ORIENTED_EDGE('',*,*,#4487,.F.);
#6106=ORIENTED_EDGE('',*,*,#4488,.F.);
#6107=ORIENTED_EDGE('',*,*,#4489,.T.);
#6108=ORIENTED_EDGE('',*,*,#4399,.T.);
#6109=ORIENTED_EDGE('',*,*,#4402,.T.);
#6110=ORIENTED_EDGE('',*,*,#4392,.T.);
#6111=ORIENTED_EDGE('',*,*,#4396,.T.);
#6112=ORIENTED_EDGE('',*,*,#4440,.F.);
#6113=ORIENTED_EDGE('',*,*,#4463,.F.);
#6114=ORIENTED_EDGE('',*,*,#4483,.F.);
#6115=ORIENTED_EDGE('',*,*,#4480,.F.);
#6116=ORIENTED_EDGE('',*,*,#4419,.F.);
#6117=ORIENTED_EDGE('',*,*,#4490,.T.);
#6118=ORIENTED_EDGE('',*,*,#4484,.T.);
#6119=ORIENTED_EDGE('',*,*,#4476,.T.);
#6120=ORIENTED_EDGE('',*,*,#4422,.F.);
#6121=ORIENTED_EDGE('',*,*,#4491,.F.);
#6122=ORIENTED_EDGE('',*,*,#4485,.F.);
#6123=ORIENTED_EDGE('',*,*,#4490,.F.);
#6124=ORIENTED_EDGE('',*,*,#4425,.F.);
#6125=ORIENTED_EDGE('',*,*,#4492,.F.);
#6126=ORIENTED_EDGE('',*,*,#4486,.T.);
#6127=ORIENTED_EDGE('',*,*,#4491,.T.);
#6128=ORIENTED_EDGE('',*,*,#4404,.T.);
#6129=ORIENTED_EDGE('',*,*,#4493,.T.);
#6130=ORIENTED_EDGE('',*,*,#4479,.F.);
#6131=ORIENTED_EDGE('',*,*,#4411,.F.);
#6132=ORIENTED_EDGE('',*,*,#4407,.T.);
#6133=ORIENTED_EDGE('',*,*,#4410,.T.);
#6134=ORIENTED_EDGE('',*,*,#4478,.F.);
#6135=ORIENTED_EDGE('',*,*,#4493,.F.);
#6136=ORIENTED_EDGE('',*,*,#4428,.F.);
#6137=ORIENTED_EDGE('',*,*,#4494,.F.);
#6138=ORIENTED_EDGE('',*,*,#4487,.T.);
#6139=ORIENTED_EDGE('',*,*,#4492,.T.);
#6140=ORIENTED_EDGE('',*,*,#4431,.F.);
#6141=ORIENTED_EDGE('',*,*,#4495,.F.);
#6142=ORIENTED_EDGE('',*,*,#4488,.T.);
#6143=ORIENTED_EDGE('',*,*,#4494,.T.);
#6144=ORIENTED_EDGE('',*,*,#4434,.F.);
#6145=ORIENTED_EDGE('',*,*,#4482,.F.);
#6146=ORIENTED_EDGE('',*,*,#4489,.F.);
#6147=ORIENTED_EDGE('',*,*,#4495,.T.);
#6148=ORIENTED_EDGE('',*,*,#4496,.F.);
#6149=ORIENTED_EDGE('',*,*,#4497,.T.);
#6150=ORIENTED_EDGE('',*,*,#4498,.F.);
#6151=ORIENTED_EDGE('',*,*,#4499,.F.);
#6152=ORIENTED_EDGE('',*,*,#4500,.F.);
#6153=ORIENTED_EDGE('',*,*,#4501,.F.);
#6154=ORIENTED_EDGE('',*,*,#4502,.T.);
#6155=ORIENTED_EDGE('',*,*,#4503,.F.);
#6156=ORIENTED_EDGE('',*,*,#4504,.F.);
#6157=ORIENTED_EDGE('',*,*,#4505,.F.);
#6158=ORIENTED_EDGE('',*,*,#4506,.F.);
#6159=ORIENTED_EDGE('',*,*,#4507,.F.);
#6160=ORIENTED_EDGE('',*,*,#4504,.T.);
#6161=ORIENTED_EDGE('',*,*,#4508,.F.);
#6162=ORIENTED_EDGE('',*,*,#4509,.T.);
#6163=ORIENTED_EDGE('',*,*,#4510,.T.);
#6164=ORIENTED_EDGE('',*,*,#4511,.F.);
#6165=ORIENTED_EDGE('',*,*,#4512,.T.);
#6166=ORIENTED_EDGE('',*,*,#4505,.T.);
#6167=ORIENTED_EDGE('',*,*,#4512,.F.);
#6168=ORIENTED_EDGE('',*,*,#4513,.F.);
#6169=ORIENTED_EDGE('',*,*,#4514,.F.);
#6170=ORIENTED_EDGE('',*,*,#4515,.F.);
#6171=ORIENTED_EDGE('',*,*,#4516,.F.);
#6172=ORIENTED_EDGE('',*,*,#4500,.T.);
#6173=ORIENTED_EDGE('',*,*,#4517,.T.);
#6174=ORIENTED_EDGE('',*,*,#4518,.T.);
#6175=ORIENTED_EDGE('',*,*,#4519,.F.);
#6176=ORIENTED_EDGE('',*,*,#4520,.F.);
#6177=ORIENTED_EDGE('',*,*,#4521,.F.);
#6178=ORIENTED_EDGE('',*,*,#4499,.T.);
#6179=ORIENTED_EDGE('',*,*,#4522,.F.);
#6180=ORIENTED_EDGE('',*,*,#4523,.F.);
#6181=ORIENTED_EDGE('',*,*,#4524,.F.);
#6182=ORIENTED_EDGE('',*,*,#4518,.F.);
#6183=ORIENTED_EDGE('',*,*,#4517,.F.);
#6184=ORIENTED_EDGE('',*,*,#4498,.T.);
#6185=ORIENTED_EDGE('',*,*,#4525,.T.);
#6186=ORIENTED_EDGE('',*,*,#4526,.F.);
#6187=ORIENTED_EDGE('',*,*,#4527,.F.);
#6188=ORIENTED_EDGE('',*,*,#4523,.T.);
#6189=ORIENTED_EDGE('',*,*,#4522,.T.);
#6190=ORIENTED_EDGE('',*,*,#4503,.T.);
#6191=ORIENTED_EDGE('',*,*,#4528,.F.);
#6192=ORIENTED_EDGE('',*,*,#4529,.F.);
#6193=ORIENTED_EDGE('',*,*,#4530,.F.);
#6194=ORIENTED_EDGE('',*,*,#4531,.F.);
#6195=ORIENTED_EDGE('',*,*,#4532,.F.);
#6196=ORIENTED_EDGE('',*,*,#4496,.T.);
#6197=ORIENTED_EDGE('',*,*,#4533,.F.);
#6198=ORIENTED_EDGE('',*,*,#4534,.F.);
#6199=ORIENTED_EDGE('',*,*,#4535,.T.);
#6200=ORIENTED_EDGE('',*,*,#4536,.F.);
#6201=ORIENTED_EDGE('',*,*,#4508,.T.);
#6202=ORIENTED_EDGE('',*,*,#4537,.F.);
#6203=ORIENTED_EDGE('',*,*,#4510,.F.);
#6204=ORIENTED_EDGE('',*,*,#4538,.F.);
#6205=ORIENTED_EDGE('',*,*,#4535,.F.);
#6206=ORIENTED_EDGE('',*,*,#4539,.F.);
#6207=ORIENTED_EDGE('',*,*,#4540,.T.);
#6208=ORIENTED_EDGE('',*,*,#4541,.F.);
#6209=ORIENTED_EDGE('',*,*,#4542,.F.);
#6210=ORIENTED_EDGE('',*,*,#4543,.F.);
#6211=ORIENTED_EDGE('',*,*,#4540,.F.);
#6212=ORIENTED_EDGE('',*,*,#4539,.T.);
#6213=ORIENTED_EDGE('',*,*,#4534,.T.);
#6214=ORIENTED_EDGE('',*,*,#4544,.T.);
#6215=ORIENTED_EDGE('',*,*,#4515,.T.);
#6216=ORIENTED_EDGE('',*,*,#4545,.T.);
#6217=ORIENTED_EDGE('',*,*,#4542,.T.);
#6218=ORIENTED_EDGE('',*,*,#4545,.F.);
#6219=ORIENTED_EDGE('',*,*,#4514,.T.);
#6220=ORIENTED_EDGE('',*,*,#4546,.F.);
#6221=ORIENTED_EDGE('',*,*,#4538,.T.);
#6222=ORIENTED_EDGE('',*,*,#4509,.F.);
#6223=ORIENTED_EDGE('',*,*,#4536,.T.);
#6224=ORIENTED_EDGE('',*,*,#4541,.T.);
#6225=ORIENTED_EDGE('',*,*,#4543,.T.);
#6226=ORIENTED_EDGE('',*,*,#4537,.T.);
#6227=ORIENTED_EDGE('',*,*,#4546,.T.);
#6228=ORIENTED_EDGE('',*,*,#4513,.T.);
#6229=ORIENTED_EDGE('',*,*,#4511,.T.);
#6230=ORIENTED_EDGE('',*,*,#4507,.T.);
#6231=ORIENTED_EDGE('',*,*,#4547,.T.);
#6232=ORIENTED_EDGE('',*,*,#4548,.T.);
#6233=ORIENTED_EDGE('',*,*,#4549,.F.);
#6234=ORIENTED_EDGE('',*,*,#4550,.F.);
#6235=ORIENTED_EDGE('',*,*,#4551,.F.);
#6236=ORIENTED_EDGE('',*,*,#4501,.T.);
#6237=ORIENTED_EDGE('',*,*,#4516,.T.);
#6238=ORIENTED_EDGE('',*,*,#4544,.F.);
#6239=ORIENTED_EDGE('',*,*,#4533,.T.);
#6240=ORIENTED_EDGE('',*,*,#4532,.T.);
#6241=ORIENTED_EDGE('',*,*,#4552,.F.);
#6242=ORIENTED_EDGE('',*,*,#4525,.F.);
#6243=ORIENTED_EDGE('',*,*,#4497,.F.);
#6244=ORIENTED_EDGE('',*,*,#4531,.T.);
#6245=ORIENTED_EDGE('',*,*,#4553,.T.);
#6246=ORIENTED_EDGE('',*,*,#4526,.T.);
#6247=ORIENTED_EDGE('',*,*,#4552,.T.);
#6248=ORIENTED_EDGE('',*,*,#4530,.T.);
#6249=ORIENTED_EDGE('',*,*,#4554,.F.);
#6250=ORIENTED_EDGE('',*,*,#4549,.T.);
#6251=ORIENTED_EDGE('',*,*,#4555,.T.);
#6252=ORIENTED_EDGE('',*,*,#4519,.T.);
#6253=ORIENTED_EDGE('',*,*,#4524,.T.);
#6254=ORIENTED_EDGE('',*,*,#4527,.T.);
#6255=ORIENTED_EDGE('',*,*,#4553,.F.);
#6256=ORIENTED_EDGE('',*,*,#4529,.T.);
#6257=ORIENTED_EDGE('',*,*,#4556,.T.);
#6258=ORIENTED_EDGE('',*,*,#4550,.T.);
#6259=ORIENTED_EDGE('',*,*,#4554,.T.);
#6260=ORIENTED_EDGE('',*,*,#4528,.T.);
#6261=ORIENTED_EDGE('',*,*,#4502,.F.);
#6262=ORIENTED_EDGE('',*,*,#4551,.T.);
#6263=ORIENTED_EDGE('',*,*,#4556,.F.);
#6264=ORIENTED_EDGE('',*,*,#4506,.T.);
#6265=ORIENTED_EDGE('',*,*,#4521,.T.);
#6266=ORIENTED_EDGE('',*,*,#4520,.T.);
#6267=ORIENTED_EDGE('',*,*,#4555,.F.);
#6268=ORIENTED_EDGE('',*,*,#4548,.F.);
#6269=ORIENTED_EDGE('',*,*,#4547,.F.);
#6270=ORIENTED_EDGE('',*,*,#4557,.F.);
#6271=ORIENTED_EDGE('',*,*,#4558,.F.);
#6272=ORIENTED_EDGE('',*,*,#4559,.F.);
#6273=ORIENTED_EDGE('',*,*,#4560,.F.);
#6274=ORIENTED_EDGE('',*,*,#4561,.F.);
#6275=ORIENTED_EDGE('',*,*,#4562,.F.);
#6276=ORIENTED_EDGE('',*,*,#4563,.T.);
#6277=ORIENTED_EDGE('',*,*,#4564,.F.);
#6278=ORIENTED_EDGE('',*,*,#4565,.F.);
#6279=ORIENTED_EDGE('',*,*,#4566,.F.);
#6280=ORIENTED_EDGE('',*,*,#4567,.F.);
#6281=ORIENTED_EDGE('',*,*,#4565,.T.);
#6282=ORIENTED_EDGE('',*,*,#4568,.F.);
#6283=ORIENTED_EDGE('',*,*,#4563,.F.);
#6284=ORIENTED_EDGE('',*,*,#4569,.F.);
#6285=ORIENTED_EDGE('',*,*,#4570,.T.);
#6286=ORIENTED_EDGE('',*,*,#4571,.T.);
#6287=ORIENTED_EDGE('',*,*,#4572,.T.);
#6288=ORIENTED_EDGE('',*,*,#4570,.F.);
#6289=ORIENTED_EDGE('',*,*,#4564,.T.);
#6290=ORIENTED_EDGE('',*,*,#4568,.T.);
#6291=ORIENTED_EDGE('',*,*,#4569,.T.);
#6292=ORIENTED_EDGE('',*,*,#4562,.T.);
#6293=ORIENTED_EDGE('',*,*,#4573,.F.);
#6294=ORIENTED_EDGE('',*,*,#4574,.F.);
#6295=ORIENTED_EDGE('',*,*,#4575,.F.);
#6296=ORIENTED_EDGE('',*,*,#4576,.T.);
#6297=ORIENTED_EDGE('',*,*,#4577,.F.);
#6298=ORIENTED_EDGE('',*,*,#4561,.T.);
#6299=ORIENTED_EDGE('',*,*,#4578,.F.);
#6300=ORIENTED_EDGE('',*,*,#4579,.F.);
#6301=ORIENTED_EDGE('',*,*,#4580,.T.);
#6302=ORIENTED_EDGE('',*,*,#4581,.T.);
#6303=ORIENTED_EDGE('',*,*,#4582,.T.);
#6304=ORIENTED_EDGE('',*,*,#4583,.T.);
#6305=ORIENTED_EDGE('',*,*,#4584,.T.);
#6306=ORIENTED_EDGE('',*,*,#4585,.T.);
#6307=ORIENTED_EDGE('',*,*,#4586,.T.);
#6308=ORIENTED_EDGE('',*,*,#4587,.T.);
#6309=ORIENTED_EDGE('',*,*,#4588,.T.);
#6310=ORIENTED_EDGE('',*,*,#4589,.T.);
#6311=ORIENTED_EDGE('',*,*,#4590,.T.);
#6312=ORIENTED_EDGE('',*,*,#4591,.T.);
#6313=ORIENTED_EDGE('',*,*,#4592,.T.);
#6314=ORIENTED_EDGE('',*,*,#4593,.T.);
#6315=ORIENTED_EDGE('',*,*,#4594,.T.);
#6316=ORIENTED_EDGE('',*,*,#4595,.F.);
#6317=ORIENTED_EDGE('',*,*,#4596,.F.);
#6318=ORIENTED_EDGE('',*,*,#4597,.T.);
#6319=ORIENTED_EDGE('',*,*,#4598,.F.);
#6320=ORIENTED_EDGE('',*,*,#4599,.T.);
#6321=ORIENTED_EDGE('',*,*,#4600,.F.);
#6322=ORIENTED_EDGE('',*,*,#4601,.T.);
#6323=ORIENTED_EDGE('',*,*,#4602,.T.);
#6324=ORIENTED_EDGE('',*,*,#4573,.T.);
#6325=ORIENTED_EDGE('',*,*,#4603,.T.);
#6326=ORIENTED_EDGE('',*,*,#4604,.T.);
#6327=ORIENTED_EDGE('',*,*,#4605,.T.);
#6328=ORIENTED_EDGE('',*,*,#4606,.T.);
#6329=ORIENTED_EDGE('',*,*,#4607,.T.);
#6330=ORIENTED_EDGE('',*,*,#4608,.T.);
#6331=ORIENTED_EDGE('',*,*,#4609,.T.);
#6332=ORIENTED_EDGE('',*,*,#4610,.T.);
#6333=ORIENTED_EDGE('',*,*,#4611,.T.);
#6334=ORIENTED_EDGE('',*,*,#4612,.T.);
#6335=ORIENTED_EDGE('',*,*,#4613,.T.);
#6336=ORIENTED_EDGE('',*,*,#4614,.T.);
#6337=ORIENTED_EDGE('',*,*,#4615,.T.);
#6338=ORIENTED_EDGE('',*,*,#4616,.T.);
#6339=ORIENTED_EDGE('',*,*,#4617,.T.);
#6340=ORIENTED_EDGE('',*,*,#4618,.T.);
#6341=ORIENTED_EDGE('',*,*,#4619,.T.);
#6342=ORIENTED_EDGE('',*,*,#4620,.T.);
#6343=ORIENTED_EDGE('',*,*,#4621,.T.);
#6344=ORIENTED_EDGE('',*,*,#4622,.T.);
#6345=ORIENTED_EDGE('',*,*,#4623,.T.);
#6346=ORIENTED_EDGE('',*,*,#4624,.T.);
#6347=ORIENTED_EDGE('',*,*,#4625,.T.);
#6348=ORIENTED_EDGE('',*,*,#4626,.T.);
#6349=ORIENTED_EDGE('',*,*,#4627,.T.);
#6350=ORIENTED_EDGE('',*,*,#4628,.T.);
#6351=ORIENTED_EDGE('',*,*,#4629,.T.);
#6352=ORIENTED_EDGE('',*,*,#4630,.T.);
#6353=ORIENTED_EDGE('',*,*,#4631,.T.);
#6354=ORIENTED_EDGE('',*,*,#4632,.T.);
#6355=ORIENTED_EDGE('',*,*,#4633,.T.);
#6356=ORIENTED_EDGE('',*,*,#4634,.T.);
#6357=ORIENTED_EDGE('',*,*,#4635,.T.);
#6358=ORIENTED_EDGE('',*,*,#4636,.T.);
#6359=ORIENTED_EDGE('',*,*,#4637,.T.);
#6360=ORIENTED_EDGE('',*,*,#4638,.T.);
#6361=ORIENTED_EDGE('',*,*,#4639,.T.);
#6362=ORIENTED_EDGE('',*,*,#4640,.T.);
#6363=ORIENTED_EDGE('',*,*,#4641,.T.);
#6364=ORIENTED_EDGE('',*,*,#4642,.T.);
#6365=ORIENTED_EDGE('',*,*,#4643,.T.);
#6366=ORIENTED_EDGE('',*,*,#4644,.T.);
#6367=ORIENTED_EDGE('',*,*,#4645,.T.);
#6368=ORIENTED_EDGE('',*,*,#4646,.T.);
#6369=ORIENTED_EDGE('',*,*,#4647,.T.);
#6370=ORIENTED_EDGE('',*,*,#4648,.T.);
#6371=ORIENTED_EDGE('',*,*,#4649,.T.);
#6372=ORIENTED_EDGE('',*,*,#4650,.T.);
#6373=ORIENTED_EDGE('',*,*,#4651,.T.);
#6374=ORIENTED_EDGE('',*,*,#4652,.T.);
#6375=ORIENTED_EDGE('',*,*,#4653,.T.);
#6376=ORIENTED_EDGE('',*,*,#4654,.T.);
#6377=ORIENTED_EDGE('',*,*,#4655,.T.);
#6378=ORIENTED_EDGE('',*,*,#4656,.T.);
#6379=ORIENTED_EDGE('',*,*,#4657,.T.);
#6380=ORIENTED_EDGE('',*,*,#4658,.T.);
#6381=ORIENTED_EDGE('',*,*,#4659,.T.);
#6382=ORIENTED_EDGE('',*,*,#4660,.T.);
#6383=ORIENTED_EDGE('',*,*,#4661,.T.);
#6384=ORIENTED_EDGE('',*,*,#4662,.T.);
#6385=ORIENTED_EDGE('',*,*,#4663,.T.);
#6386=ORIENTED_EDGE('',*,*,#4664,.T.);
#6387=ORIENTED_EDGE('',*,*,#4665,.T.);
#6388=ORIENTED_EDGE('',*,*,#4666,.T.);
#6389=ORIENTED_EDGE('',*,*,#4667,.T.);
#6390=ORIENTED_EDGE('',*,*,#4668,.T.);
#6391=ORIENTED_EDGE('',*,*,#4669,.T.);
#6392=ORIENTED_EDGE('',*,*,#4670,.T.);
#6393=ORIENTED_EDGE('',*,*,#4671,.T.);
#6394=ORIENTED_EDGE('',*,*,#4672,.T.);
#6395=ORIENTED_EDGE('',*,*,#4673,.T.);
#6396=ORIENTED_EDGE('',*,*,#4674,.T.);
#6397=ORIENTED_EDGE('',*,*,#4675,.T.);
#6398=ORIENTED_EDGE('',*,*,#4676,.T.);
#6399=ORIENTED_EDGE('',*,*,#4677,.T.);
#6400=ORIENTED_EDGE('',*,*,#4678,.T.);
#6401=ORIENTED_EDGE('',*,*,#4679,.T.);
#6402=ORIENTED_EDGE('',*,*,#4680,.T.);
#6403=ORIENTED_EDGE('',*,*,#4681,.T.);
#6404=ORIENTED_EDGE('',*,*,#4682,.T.);
#6405=ORIENTED_EDGE('',*,*,#4683,.T.);
#6406=ORIENTED_EDGE('',*,*,#4684,.T.);
#6407=ORIENTED_EDGE('',*,*,#4685,.T.);
#6408=ORIENTED_EDGE('',*,*,#4686,.T.);
#6409=ORIENTED_EDGE('',*,*,#4687,.T.);
#6410=ORIENTED_EDGE('',*,*,#4688,.T.);
#6411=ORIENTED_EDGE('',*,*,#4689,.T.);
#6412=ORIENTED_EDGE('',*,*,#4690,.T.);
#6413=ORIENTED_EDGE('',*,*,#4691,.T.);
#6414=ORIENTED_EDGE('',*,*,#4692,.T.);
#6415=ORIENTED_EDGE('',*,*,#4693,.T.);
#6416=ORIENTED_EDGE('',*,*,#4694,.T.);
#6417=ORIENTED_EDGE('',*,*,#4695,.T.);
#6418=ORIENTED_EDGE('',*,*,#4696,.T.);
#6419=ORIENTED_EDGE('',*,*,#4697,.T.);
#6420=ORIENTED_EDGE('',*,*,#4698,.T.);
#6421=ORIENTED_EDGE('',*,*,#4699,.T.);
#6422=ORIENTED_EDGE('',*,*,#4700,.T.);
#6423=ORIENTED_EDGE('',*,*,#4701,.T.);
#6424=ORIENTED_EDGE('',*,*,#4702,.T.);
#6425=ORIENTED_EDGE('',*,*,#4703,.T.);
#6426=ORIENTED_EDGE('',*,*,#4704,.T.);
#6427=ORIENTED_EDGE('',*,*,#4705,.T.);
#6428=ORIENTED_EDGE('',*,*,#4706,.T.);
#6429=ORIENTED_EDGE('',*,*,#4707,.T.);
#6430=ORIENTED_EDGE('',*,*,#4708,.T.);
#6431=ORIENTED_EDGE('',*,*,#4709,.T.);
#6432=ORIENTED_EDGE('',*,*,#4710,.T.);
#6433=ORIENTED_EDGE('',*,*,#4711,.T.);
#6434=ORIENTED_EDGE('',*,*,#4712,.T.);
#6435=ORIENTED_EDGE('',*,*,#4713,.T.);
#6436=ORIENTED_EDGE('',*,*,#4714,.T.);
#6437=ORIENTED_EDGE('',*,*,#4715,.T.);
#6438=ORIENTED_EDGE('',*,*,#4716,.T.);
#6439=ORIENTED_EDGE('',*,*,#4717,.T.);
#6440=ORIENTED_EDGE('',*,*,#4718,.T.);
#6441=ORIENTED_EDGE('',*,*,#4719,.T.);
#6442=ORIENTED_EDGE('',*,*,#4720,.T.);
#6443=ORIENTED_EDGE('',*,*,#4721,.T.);
#6444=ORIENTED_EDGE('',*,*,#4722,.T.);
#6445=ORIENTED_EDGE('',*,*,#4723,.T.);
#6446=ORIENTED_EDGE('',*,*,#4724,.T.);
#6447=ORIENTED_EDGE('',*,*,#4725,.T.);
#6448=ORIENTED_EDGE('',*,*,#4726,.T.);
#6449=ORIENTED_EDGE('',*,*,#4727,.T.);
#6450=ORIENTED_EDGE('',*,*,#4728,.T.);
#6451=ORIENTED_EDGE('',*,*,#4729,.T.);
#6452=ORIENTED_EDGE('',*,*,#4730,.T.);
#6453=ORIENTED_EDGE('',*,*,#4731,.T.);
#6454=ORIENTED_EDGE('',*,*,#4732,.T.);
#6455=ORIENTED_EDGE('',*,*,#4733,.T.);
#6456=ORIENTED_EDGE('',*,*,#4734,.T.);
#6457=ORIENTED_EDGE('',*,*,#4735,.T.);
#6458=ORIENTED_EDGE('',*,*,#4736,.T.);
#6459=ORIENTED_EDGE('',*,*,#4737,.T.);
#6460=ORIENTED_EDGE('',*,*,#4738,.T.);
#6461=ORIENTED_EDGE('',*,*,#4739,.T.);
#6462=ORIENTED_EDGE('',*,*,#4560,.T.);
#6463=ORIENTED_EDGE('',*,*,#4740,.T.);
#6464=ORIENTED_EDGE('',*,*,#4741,.F.);
#6465=ORIENTED_EDGE('',*,*,#4578,.T.);
#6466=ORIENTED_EDGE('',*,*,#4742,.F.);
#6467=ORIENTED_EDGE('',*,*,#4743,.T.);
#6468=ORIENTED_EDGE('',*,*,#4744,.F.);
#6469=ORIENTED_EDGE('',*,*,#4745,.F.);
#6470=ORIENTED_EDGE('',*,*,#4597,.F.);
#6471=ORIENTED_EDGE('',*,*,#4746,.F.);
#6472=ORIENTED_EDGE('',*,*,#4747,.F.);
#6473=ORIENTED_EDGE('',*,*,#4743,.F.);
#6474=ORIENTED_EDGE('',*,*,#4748,.F.);
#6475=ORIENTED_EDGE('',*,*,#4749,.T.);
#6476=ORIENTED_EDGE('',*,*,#4750,.T.);
#6477=ORIENTED_EDGE('',*,*,#4751,.T.);
#6478=ORIENTED_EDGE('',*,*,#4749,.F.);
#6479=ORIENTED_EDGE('',*,*,#4742,.T.);
#6480=ORIENTED_EDGE('',*,*,#4748,.T.);
#6481=ORIENTED_EDGE('',*,*,#4744,.T.);
#6482=ORIENTED_EDGE('',*,*,#4747,.T.);
#6483=ORIENTED_EDGE('',*,*,#4752,.T.);
#6484=ORIENTED_EDGE('',*,*,#4753,.F.);
#6485=ORIENTED_EDGE('',*,*,#4754,.F.);
#6486=ORIENTED_EDGE('',*,*,#4755,.F.);
#6487=ORIENTED_EDGE('',*,*,#4756,.F.);
#6488=ORIENTED_EDGE('',*,*,#4757,.F.);
#6489=ORIENTED_EDGE('',*,*,#4758,.T.);
#6490=ORIENTED_EDGE('',*,*,#4759,.T.);
#6491=ORIENTED_EDGE('',*,*,#4760,.T.);
#6492=ORIENTED_EDGE('',*,*,#4761,.T.);
#6493=ORIENTED_EDGE('',*,*,#4746,.T.);
#6494=ORIENTED_EDGE('',*,*,#4596,.T.);
#6495=ORIENTED_EDGE('',*,*,#4762,.F.);
#6496=ORIENTED_EDGE('',*,*,#4752,.F.);
#6497=ORIENTED_EDGE('',*,*,#4763,.T.);
#6498=ORIENTED_EDGE('',*,*,#4764,.T.);
#6499=ORIENTED_EDGE('',*,*,#4765,.T.);
#6500=ORIENTED_EDGE('',*,*,#4766,.T.);
#6501=ORIENTED_EDGE('',*,*,#4767,.T.);
#6502=ORIENTED_EDGE('',*,*,#4768,.T.);
#6503=ORIENTED_EDGE('',*,*,#4769,.T.);
#6504=ORIENTED_EDGE('',*,*,#4770,.T.);
#6505=ORIENTED_EDGE('',*,*,#4591,.F.);
#6506=ORIENTED_EDGE('',*,*,#4771,.T.);
#6507=ORIENTED_EDGE('',*,*,#4772,.F.);
#6508=ORIENTED_EDGE('',*,*,#4773,.F.);
#6509=ORIENTED_EDGE('',*,*,#4592,.F.);
#6510=ORIENTED_EDGE('',*,*,#4773,.T.);
#6511=ORIENTED_EDGE('',*,*,#4774,.F.);
#6512=ORIENTED_EDGE('',*,*,#4775,.F.);
#6513=ORIENTED_EDGE('',*,*,#4593,.F.);
#6514=ORIENTED_EDGE('',*,*,#4775,.T.);
#6515=ORIENTED_EDGE('',*,*,#4776,.F.);
#6516=ORIENTED_EDGE('',*,*,#4777,.F.);
#6517=ORIENTED_EDGE('',*,*,#4778,.T.);
#6518=ORIENTED_EDGE('',*,*,#4776,.T.);
#6519=ORIENTED_EDGE('',*,*,#4774,.T.);
#6520=ORIENTED_EDGE('',*,*,#4772,.T.);
#6521=ORIENTED_EDGE('',*,*,#4779,.F.);
#6522=ORIENTED_EDGE('',*,*,#4780,.T.);
#6523=ORIENTED_EDGE('',*,*,#4603,.F.);
#6524=ORIENTED_EDGE('',*,*,#4780,.F.);
#6525=ORIENTED_EDGE('',*,*,#4781,.F.);
#6526=ORIENTED_EDGE('',*,*,#4782,.T.);
#6527=ORIENTED_EDGE('',*,*,#4783,.T.);
#6528=ORIENTED_EDGE('',*,*,#4784,.T.);
#6529=ORIENTED_EDGE('',*,*,#4782,.F.);
#6530=ORIENTED_EDGE('',*,*,#4779,.T.);
#6531=ORIENTED_EDGE('',*,*,#4781,.T.);
#6532=ORIENTED_EDGE('',*,*,#4785,.T.);
#6533=ORIENTED_EDGE('',*,*,#4786,.T.);
#6534=ORIENTED_EDGE('',*,*,#4787,.T.);
#6535=ORIENTED_EDGE('',*,*,#4788,.T.);
#6536=ORIENTED_EDGE('',*,*,#4789,.F.);
#6537=ORIENTED_EDGE('',*,*,#4790,.T.);
#6538=ORIENTED_EDGE('',*,*,#4604,.F.);
#6539=ORIENTED_EDGE('',*,*,#4790,.F.);
#6540=ORIENTED_EDGE('',*,*,#4791,.F.);
#6541=ORIENTED_EDGE('',*,*,#4792,.T.);
#6542=ORIENTED_EDGE('',*,*,#4793,.T.);
#6543=ORIENTED_EDGE('',*,*,#4794,.T.);
#6544=ORIENTED_EDGE('',*,*,#4792,.F.);
#6545=ORIENTED_EDGE('',*,*,#4789,.T.);
#6546=ORIENTED_EDGE('',*,*,#4791,.T.);
#6547=ORIENTED_EDGE('',*,*,#4795,.F.);
#6548=ORIENTED_EDGE('',*,*,#4759,.F.);
#6549=ORIENTED_EDGE('',*,*,#4796,.F.);
#6550=ORIENTED_EDGE('',*,*,#4797,.F.);
#6551=ORIENTED_EDGE('',*,*,#4798,.T.);
#6552=ORIENTED_EDGE('',*,*,#4799,.F.);
#6553=ORIENTED_EDGE('',*,*,#4800,.T.);
#6554=ORIENTED_EDGE('',*,*,#4801,.T.);
#6555=ORIENTED_EDGE('',*,*,#4802,.T.);
#6556=ORIENTED_EDGE('',*,*,#4803,.F.);
#6557=ORIENTED_EDGE('',*,*,#4804,.F.);
#6558=ORIENTED_EDGE('',*,*,#4805,.F.);
#6559=ORIENTED_EDGE('',*,*,#4806,.F.);
#6560=ORIENTED_EDGE('',*,*,#4807,.F.);
#6561=ORIENTED_EDGE('',*,*,#4808,.F.);
#6562=ORIENTED_EDGE('',*,*,#4809,.F.);
#6563=ORIENTED_EDGE('',*,*,#4810,.T.);
#6564=ORIENTED_EDGE('',*,*,#4600,.T.);
#6565=ORIENTED_EDGE('',*,*,#4811,.F.);
#6566=ORIENTED_EDGE('',*,*,#4812,.T.);
#6567=ORIENTED_EDGE('',*,*,#4813,.F.);
#6568=ORIENTED_EDGE('',*,*,#4814,.F.);
#6569=ORIENTED_EDGE('',*,*,#4576,.F.);
#6570=ORIENTED_EDGE('',*,*,#4815,.F.);
#6571=ORIENTED_EDGE('',*,*,#4816,.F.);
#6572=ORIENTED_EDGE('',*,*,#4817,.F.);
#6573=ORIENTED_EDGE('',*,*,#4815,.T.);
#6574=ORIENTED_EDGE('',*,*,#4575,.T.);
#6575=ORIENTED_EDGE('',*,*,#4818,.T.);
#6576=ORIENTED_EDGE('',*,*,#4819,.F.);
#6577=ORIENTED_EDGE('',*,*,#4820,.T.);
#6578=ORIENTED_EDGE('',*,*,#4821,.F.);
#6579=ORIENTED_EDGE('',*,*,#4559,.T.);
#6580=ORIENTED_EDGE('',*,*,#4822,.F.);
#6581=ORIENTED_EDGE('',*,*,#4823,.T.);
#6582=ORIENTED_EDGE('',*,*,#4567,.T.);
#6583=ORIENTED_EDGE('',*,*,#4577,.T.);
#6584=ORIENTED_EDGE('',*,*,#4817,.T.);
#6585=ORIENTED_EDGE('',*,*,#4824,.T.);
#6586=ORIENTED_EDGE('',*,*,#4825,.F.);
#6587=ORIENTED_EDGE('',*,*,#4826,.F.);
#6588=ORIENTED_EDGE('',*,*,#4827,.F.);
#6589=ORIENTED_EDGE('',*,*,#4828,.F.);
#6590=ORIENTED_EDGE('',*,*,#4829,.F.);
#6591=ORIENTED_EDGE('',*,*,#4740,.F.);
#6592=ORIENTED_EDGE('',*,*,#4830,.T.);
#6593=ORIENTED_EDGE('',*,*,#4594,.F.);
#6594=ORIENTED_EDGE('',*,*,#4777,.T.);
#6595=ORIENTED_EDGE('',*,*,#4778,.F.);
#6596=ORIENTED_EDGE('',*,*,#4771,.F.);
#6597=ORIENTED_EDGE('',*,*,#4590,.F.);
#6598=ORIENTED_EDGE('',*,*,#4831,.F.);
#6599=ORIENTED_EDGE('',*,*,#4832,.F.);
#6600=ORIENTED_EDGE('',*,*,#4833,.F.);
#6601=ORIENTED_EDGE('',*,*,#4834,.F.);
#6602=ORIENTED_EDGE('',*,*,#4835,.F.);
#6603=ORIENTED_EDGE('',*,*,#4836,.T.);
#6604=ORIENTED_EDGE('',*,*,#4754,.T.);
#6605=ORIENTED_EDGE('',*,*,#4837,.F.);
#6606=ORIENTED_EDGE('',*,*,#4836,.F.);
#6607=ORIENTED_EDGE('',*,*,#4838,.F.);
#6608=ORIENTED_EDGE('',*,*,#4839,.F.);
#6609=ORIENTED_EDGE('',*,*,#4584,.F.);
#6610=ORIENTED_EDGE('',*,*,#4840,.T.);
#6611=ORIENTED_EDGE('',*,*,#4841,.T.);
#6612=ORIENTED_EDGE('',*,*,#4767,.F.);
#6613=ORIENTED_EDGE('',*,*,#4842,.F.);
#6614=ORIENTED_EDGE('',*,*,#4843,.F.);
#6615=ORIENTED_EDGE('',*,*,#4580,.F.);
#6616=ORIENTED_EDGE('',*,*,#4844,.T.);
#6617=ORIENTED_EDGE('',*,*,#4845,.F.);
#6618=ORIENTED_EDGE('',*,*,#4846,.T.);
#6619=ORIENTED_EDGE('',*,*,#4588,.F.);
#6620=ORIENTED_EDGE('',*,*,#4847,.T.);
#6621=ORIENTED_EDGE('',*,*,#4848,.T.);
#6622=ORIENTED_EDGE('',*,*,#4766,.F.);
#6623=ORIENTED_EDGE('',*,*,#4849,.F.);
#6624=ORIENTED_EDGE('',*,*,#4736,.F.);
#6625=ORIENTED_EDGE('',*,*,#4850,.T.);
#6626=ORIENTED_EDGE('',*,*,#4851,.F.);
#6627=ORIENTED_EDGE('',*,*,#4852,.F.);
#6628=ORIENTED_EDGE('',*,*,#4737,.F.);
#6629=ORIENTED_EDGE('',*,*,#4852,.T.);
#6630=ORIENTED_EDGE('',*,*,#4853,.F.);
#6631=ORIENTED_EDGE('',*,*,#4854,.F.);
#6632=ORIENTED_EDGE('',*,*,#4738,.F.);
#6633=ORIENTED_EDGE('',*,*,#4854,.T.);
#6634=ORIENTED_EDGE('',*,*,#4855,.F.);
#6635=ORIENTED_EDGE('',*,*,#4856,.F.);
#6636=ORIENTED_EDGE('',*,*,#4739,.F.);
#6637=ORIENTED_EDGE('',*,*,#4856,.T.);
#6638=ORIENTED_EDGE('',*,*,#4857,.F.);
#6639=ORIENTED_EDGE('',*,*,#4850,.F.);
#6640=ORIENTED_EDGE('',*,*,#4724,.F.);
#6641=ORIENTED_EDGE('',*,*,#4858,.T.);
#6642=ORIENTED_EDGE('',*,*,#4859,.F.);
#6643=ORIENTED_EDGE('',*,*,#4860,.F.);
#6644=ORIENTED_EDGE('',*,*,#4725,.F.);
#6645=ORIENTED_EDGE('',*,*,#4860,.T.);
#6646=ORIENTED_EDGE('',*,*,#4861,.F.);
#6647=ORIENTED_EDGE('',*,*,#4862,.F.);
#6648=ORIENTED_EDGE('',*,*,#4726,.F.);
#6649=ORIENTED_EDGE('',*,*,#4862,.T.);
#6650=ORIENTED_EDGE('',*,*,#4863,.F.);
#6651=ORIENTED_EDGE('',*,*,#4864,.F.);
#6652=ORIENTED_EDGE('',*,*,#4727,.F.);
#6653=ORIENTED_EDGE('',*,*,#4864,.T.);
#6654=ORIENTED_EDGE('',*,*,#4865,.F.);
#6655=ORIENTED_EDGE('',*,*,#4866,.F.);
#6656=ORIENTED_EDGE('',*,*,#4728,.F.);
#6657=ORIENTED_EDGE('',*,*,#4866,.T.);
#6658=ORIENTED_EDGE('',*,*,#4867,.F.);
#6659=ORIENTED_EDGE('',*,*,#4868,.F.);
#6660=ORIENTED_EDGE('',*,*,#4729,.F.);
#6661=ORIENTED_EDGE('',*,*,#4868,.T.);
#6662=ORIENTED_EDGE('',*,*,#4869,.F.);
#6663=ORIENTED_EDGE('',*,*,#4870,.F.);
#6664=ORIENTED_EDGE('',*,*,#4730,.F.);
#6665=ORIENTED_EDGE('',*,*,#4870,.T.);
#6666=ORIENTED_EDGE('',*,*,#4871,.F.);
#6667=ORIENTED_EDGE('',*,*,#4872,.F.);
#6668=ORIENTED_EDGE('',*,*,#4731,.F.);
#6669=ORIENTED_EDGE('',*,*,#4872,.T.);
#6670=ORIENTED_EDGE('',*,*,#4873,.F.);
#6671=ORIENTED_EDGE('',*,*,#4874,.F.);
#6672=ORIENTED_EDGE('',*,*,#4732,.F.);
#6673=ORIENTED_EDGE('',*,*,#4874,.T.);
#6674=ORIENTED_EDGE('',*,*,#4875,.F.);
#6675=ORIENTED_EDGE('',*,*,#4876,.F.);
#6676=ORIENTED_EDGE('',*,*,#4733,.F.);
#6677=ORIENTED_EDGE('',*,*,#4876,.T.);
#6678=ORIENTED_EDGE('',*,*,#4877,.F.);
#6679=ORIENTED_EDGE('',*,*,#4878,.F.);
#6680=ORIENTED_EDGE('',*,*,#4734,.F.);
#6681=ORIENTED_EDGE('',*,*,#4878,.T.);
#6682=ORIENTED_EDGE('',*,*,#4879,.F.);
#6683=ORIENTED_EDGE('',*,*,#4880,.F.);
#6684=ORIENTED_EDGE('',*,*,#4735,.F.);
#6685=ORIENTED_EDGE('',*,*,#4880,.T.);
#6686=ORIENTED_EDGE('',*,*,#4881,.F.);
#6687=ORIENTED_EDGE('',*,*,#4858,.F.);
#6688=ORIENTED_EDGE('',*,*,#4712,.F.);
#6689=ORIENTED_EDGE('',*,*,#4882,.T.);
#6690=ORIENTED_EDGE('',*,*,#4883,.F.);
#6691=ORIENTED_EDGE('',*,*,#4884,.F.);
#6692=ORIENTED_EDGE('',*,*,#4713,.F.);
#6693=ORIENTED_EDGE('',*,*,#4884,.T.);
#6694=ORIENTED_EDGE('',*,*,#4885,.F.);
#6695=ORIENTED_EDGE('',*,*,#4886,.F.);
#6696=ORIENTED_EDGE('',*,*,#4714,.F.);
#6697=ORIENTED_EDGE('',*,*,#4886,.T.);
#6698=ORIENTED_EDGE('',*,*,#4887,.F.);
#6699=ORIENTED_EDGE('',*,*,#4888,.F.);
#6700=ORIENTED_EDGE('',*,*,#4715,.F.);
#6701=ORIENTED_EDGE('',*,*,#4888,.T.);
#6702=ORIENTED_EDGE('',*,*,#4889,.F.);
#6703=ORIENTED_EDGE('',*,*,#4890,.F.);
#6704=ORIENTED_EDGE('',*,*,#4716,.F.);
#6705=ORIENTED_EDGE('',*,*,#4890,.T.);
#6706=ORIENTED_EDGE('',*,*,#4891,.F.);
#6707=ORIENTED_EDGE('',*,*,#4892,.F.);
#6708=ORIENTED_EDGE('',*,*,#4717,.F.);
#6709=ORIENTED_EDGE('',*,*,#4892,.T.);
#6710=ORIENTED_EDGE('',*,*,#4893,.F.);
#6711=ORIENTED_EDGE('',*,*,#4894,.F.);
#6712=ORIENTED_EDGE('',*,*,#4718,.F.);
#6713=ORIENTED_EDGE('',*,*,#4894,.T.);
#6714=ORIENTED_EDGE('',*,*,#4895,.F.);
#6715=ORIENTED_EDGE('',*,*,#4896,.F.);
#6716=ORIENTED_EDGE('',*,*,#4719,.F.);
#6717=ORIENTED_EDGE('',*,*,#4896,.T.);
#6718=ORIENTED_EDGE('',*,*,#4897,.F.);
#6719=ORIENTED_EDGE('',*,*,#4898,.F.);
#6720=ORIENTED_EDGE('',*,*,#4720,.F.);
#6721=ORIENTED_EDGE('',*,*,#4898,.T.);
#6722=ORIENTED_EDGE('',*,*,#4899,.F.);
#6723=ORIENTED_EDGE('',*,*,#4900,.F.);
#6724=ORIENTED_EDGE('',*,*,#4721,.F.);
#6725=ORIENTED_EDGE('',*,*,#4900,.T.);
#6726=ORIENTED_EDGE('',*,*,#4901,.F.);
#6727=ORIENTED_EDGE('',*,*,#4902,.F.);
#6728=ORIENTED_EDGE('',*,*,#4722,.F.);
#6729=ORIENTED_EDGE('',*,*,#4902,.T.);
#6730=ORIENTED_EDGE('',*,*,#4903,.F.);
#6731=ORIENTED_EDGE('',*,*,#4904,.F.);
#6732=ORIENTED_EDGE('',*,*,#4723,.F.);
#6733=ORIENTED_EDGE('',*,*,#4904,.T.);
#6734=ORIENTED_EDGE('',*,*,#4905,.F.);
#6735=ORIENTED_EDGE('',*,*,#4882,.F.);
#6736=ORIENTED_EDGE('',*,*,#4698,.F.);
#6737=ORIENTED_EDGE('',*,*,#4906,.T.);
#6738=ORIENTED_EDGE('',*,*,#4907,.F.);
#6739=ORIENTED_EDGE('',*,*,#4908,.F.);
#6740=ORIENTED_EDGE('',*,*,#4699,.F.);
#6741=ORIENTED_EDGE('',*,*,#4908,.T.);
#6742=ORIENTED_EDGE('',*,*,#4909,.F.);
#6743=ORIENTED_EDGE('',*,*,#4910,.F.);
#6744=ORIENTED_EDGE('',*,*,#4700,.F.);
#6745=ORIENTED_EDGE('',*,*,#4910,.T.);
#6746=ORIENTED_EDGE('',*,*,#4911,.F.);
#6747=ORIENTED_EDGE('',*,*,#4912,.F.);
#6748=ORIENTED_EDGE('',*,*,#4701,.F.);
#6749=ORIENTED_EDGE('',*,*,#4912,.T.);
#6750=ORIENTED_EDGE('',*,*,#4913,.F.);
#6751=ORIENTED_EDGE('',*,*,#4914,.F.);
#6752=ORIENTED_EDGE('',*,*,#4702,.F.);
#6753=ORIENTED_EDGE('',*,*,#4914,.T.);
#6754=ORIENTED_EDGE('',*,*,#4915,.F.);
#6755=ORIENTED_EDGE('',*,*,#4916,.F.);
#6756=ORIENTED_EDGE('',*,*,#4703,.F.);
#6757=ORIENTED_EDGE('',*,*,#4916,.T.);
#6758=ORIENTED_EDGE('',*,*,#4917,.F.);
#6759=ORIENTED_EDGE('',*,*,#4918,.F.);
#6760=ORIENTED_EDGE('',*,*,#4704,.F.);
#6761=ORIENTED_EDGE('',*,*,#4918,.T.);
#6762=ORIENTED_EDGE('',*,*,#4919,.F.);
#6763=ORIENTED_EDGE('',*,*,#4920,.F.);
#6764=ORIENTED_EDGE('',*,*,#4705,.F.);
#6765=ORIENTED_EDGE('',*,*,#4920,.T.);
#6766=ORIENTED_EDGE('',*,*,#4921,.F.);
#6767=ORIENTED_EDGE('',*,*,#4922,.F.);
#6768=ORIENTED_EDGE('',*,*,#4706,.F.);
#6769=ORIENTED_EDGE('',*,*,#4922,.T.);
#6770=ORIENTED_EDGE('',*,*,#4923,.F.);
#6771=ORIENTED_EDGE('',*,*,#4924,.F.);
#6772=ORIENTED_EDGE('',*,*,#4707,.F.);
#6773=ORIENTED_EDGE('',*,*,#4924,.T.);
#6774=ORIENTED_EDGE('',*,*,#4925,.F.);
#6775=ORIENTED_EDGE('',*,*,#4926,.F.);
#6776=ORIENTED_EDGE('',*,*,#4708,.F.);
#6777=ORIENTED_EDGE('',*,*,#4926,.T.);
#6778=ORIENTED_EDGE('',*,*,#4927,.F.);
#6779=ORIENTED_EDGE('',*,*,#4928,.F.);
#6780=ORIENTED_EDGE('',*,*,#4709,.F.);
#6781=ORIENTED_EDGE('',*,*,#4928,.T.);
#6782=ORIENTED_EDGE('',*,*,#4929,.F.);
#6783=ORIENTED_EDGE('',*,*,#4930,.F.);
#6784=ORIENTED_EDGE('',*,*,#4710,.F.);
#6785=ORIENTED_EDGE('',*,*,#4930,.T.);
#6786=ORIENTED_EDGE('',*,*,#4931,.F.);
#6787=ORIENTED_EDGE('',*,*,#4932,.F.);
#6788=ORIENTED_EDGE('',*,*,#4711,.F.);
#6789=ORIENTED_EDGE('',*,*,#4932,.T.);
#6790=ORIENTED_EDGE('',*,*,#4933,.F.);
#6791=ORIENTED_EDGE('',*,*,#4906,.F.);
#6792=ORIENTED_EDGE('',*,*,#4688,.F.);
#6793=ORIENTED_EDGE('',*,*,#4934,.T.);
#6794=ORIENTED_EDGE('',*,*,#4935,.F.);
#6795=ORIENTED_EDGE('',*,*,#4936,.F.);
#6796=ORIENTED_EDGE('',*,*,#4689,.F.);
#6797=ORIENTED_EDGE('',*,*,#4936,.T.);
#6798=ORIENTED_EDGE('',*,*,#4937,.F.);
#6799=ORIENTED_EDGE('',*,*,#4938,.F.);
#6800=ORIENTED_EDGE('',*,*,#4690,.F.);
#6801=ORIENTED_EDGE('',*,*,#4938,.T.);
#6802=ORIENTED_EDGE('',*,*,#4939,.F.);
#6803=ORIENTED_EDGE('',*,*,#4940,.F.);
#6804=ORIENTED_EDGE('',*,*,#4691,.F.);
#6805=ORIENTED_EDGE('',*,*,#4940,.T.);
#6806=ORIENTED_EDGE('',*,*,#4941,.F.);
#6807=ORIENTED_EDGE('',*,*,#4942,.F.);
#6808=ORIENTED_EDGE('',*,*,#4692,.F.);
#6809=ORIENTED_EDGE('',*,*,#4942,.T.);
#6810=ORIENTED_EDGE('',*,*,#4943,.F.);
#6811=ORIENTED_EDGE('',*,*,#4944,.F.);
#6812=ORIENTED_EDGE('',*,*,#4693,.F.);
#6813=ORIENTED_EDGE('',*,*,#4944,.T.);
#6814=ORIENTED_EDGE('',*,*,#4945,.F.);
#6815=ORIENTED_EDGE('',*,*,#4946,.F.);
#6816=ORIENTED_EDGE('',*,*,#4694,.F.);
#6817=ORIENTED_EDGE('',*,*,#4946,.T.);
#6818=ORIENTED_EDGE('',*,*,#4947,.F.);
#6819=ORIENTED_EDGE('',*,*,#4948,.F.);
#6820=ORIENTED_EDGE('',*,*,#4695,.F.);
#6821=ORIENTED_EDGE('',*,*,#4948,.T.);
#6822=ORIENTED_EDGE('',*,*,#4949,.F.);
#6823=ORIENTED_EDGE('',*,*,#4950,.F.);
#6824=ORIENTED_EDGE('',*,*,#4696,.F.);
#6825=ORIENTED_EDGE('',*,*,#4950,.T.);
#6826=ORIENTED_EDGE('',*,*,#4951,.F.);
#6827=ORIENTED_EDGE('',*,*,#4952,.F.);
#6828=ORIENTED_EDGE('',*,*,#4697,.F.);
#6829=ORIENTED_EDGE('',*,*,#4952,.T.);
#6830=ORIENTED_EDGE('',*,*,#4953,.F.);
#6831=ORIENTED_EDGE('',*,*,#4934,.F.);
#6832=ORIENTED_EDGE('',*,*,#4665,.F.);
#6833=ORIENTED_EDGE('',*,*,#4954,.T.);
#6834=ORIENTED_EDGE('',*,*,#4955,.F.);
#6835=ORIENTED_EDGE('',*,*,#4956,.F.);
#6836=ORIENTED_EDGE('',*,*,#4666,.F.);
#6837=ORIENTED_EDGE('',*,*,#4956,.T.);
#6838=ORIENTED_EDGE('',*,*,#4957,.F.);
#6839=ORIENTED_EDGE('',*,*,#4958,.F.);
#6840=ORIENTED_EDGE('',*,*,#4667,.F.);
#6841=ORIENTED_EDGE('',*,*,#4958,.T.);
#6842=ORIENTED_EDGE('',*,*,#4959,.F.);
#6843=ORIENTED_EDGE('',*,*,#4960,.F.);
#6844=ORIENTED_EDGE('',*,*,#4668,.F.);
#6845=ORIENTED_EDGE('',*,*,#4960,.T.);
#6846=ORIENTED_EDGE('',*,*,#4961,.F.);
#6847=ORIENTED_EDGE('',*,*,#4962,.F.);
#6848=ORIENTED_EDGE('',*,*,#4669,.F.);
#6849=ORIENTED_EDGE('',*,*,#4962,.T.);
#6850=ORIENTED_EDGE('',*,*,#4963,.F.);
#6851=ORIENTED_EDGE('',*,*,#4964,.F.);
#6852=ORIENTED_EDGE('',*,*,#4670,.F.);
#6853=ORIENTED_EDGE('',*,*,#4964,.T.);
#6854=ORIENTED_EDGE('',*,*,#4965,.F.);
#6855=ORIENTED_EDGE('',*,*,#4966,.F.);
#6856=ORIENTED_EDGE('',*,*,#4671,.F.);
#6857=ORIENTED_EDGE('',*,*,#4966,.T.);
#6858=ORIENTED_EDGE('',*,*,#4967,.F.);
#6859=ORIENTED_EDGE('',*,*,#4968,.F.);
#6860=ORIENTED_EDGE('',*,*,#4672,.F.);
#6861=ORIENTED_EDGE('',*,*,#4968,.T.);
#6862=ORIENTED_EDGE('',*,*,#4969,.F.);
#6863=ORIENTED_EDGE('',*,*,#4970,.F.);
#6864=ORIENTED_EDGE('',*,*,#4673,.F.);
#6865=ORIENTED_EDGE('',*,*,#4970,.T.);
#6866=ORIENTED_EDGE('',*,*,#4971,.F.);
#6867=ORIENTED_EDGE('',*,*,#4972,.F.);
#6868=ORIENTED_EDGE('',*,*,#4674,.F.);
#6869=ORIENTED_EDGE('',*,*,#4972,.T.);
#6870=ORIENTED_EDGE('',*,*,#4973,.F.);
#6871=ORIENTED_EDGE('',*,*,#4974,.F.);
#6872=ORIENTED_EDGE('',*,*,#4675,.F.);
#6873=ORIENTED_EDGE('',*,*,#4974,.T.);
#6874=ORIENTED_EDGE('',*,*,#4975,.F.);
#6875=ORIENTED_EDGE('',*,*,#4976,.F.);
#6876=ORIENTED_EDGE('',*,*,#4676,.F.);
#6877=ORIENTED_EDGE('',*,*,#4976,.T.);
#6878=ORIENTED_EDGE('',*,*,#4977,.F.);
#6879=ORIENTED_EDGE('',*,*,#4978,.F.);
#6880=ORIENTED_EDGE('',*,*,#4677,.F.);
#6881=ORIENTED_EDGE('',*,*,#4978,.T.);
#6882=ORIENTED_EDGE('',*,*,#4979,.F.);
#6883=ORIENTED_EDGE('',*,*,#4980,.F.);
#6884=ORIENTED_EDGE('',*,*,#4678,.F.);
#6885=ORIENTED_EDGE('',*,*,#4980,.T.);
#6886=ORIENTED_EDGE('',*,*,#4981,.F.);
#6887=ORIENTED_EDGE('',*,*,#4982,.F.);
#6888=ORIENTED_EDGE('',*,*,#4679,.F.);
#6889=ORIENTED_EDGE('',*,*,#4982,.T.);
#6890=ORIENTED_EDGE('',*,*,#4983,.F.);
#6891=ORIENTED_EDGE('',*,*,#4984,.F.);
#6892=ORIENTED_EDGE('',*,*,#4680,.F.);
#6893=ORIENTED_EDGE('',*,*,#4984,.T.);
#6894=ORIENTED_EDGE('',*,*,#4985,.F.);
#6895=ORIENTED_EDGE('',*,*,#4986,.F.);
#6896=ORIENTED_EDGE('',*,*,#4681,.F.);
#6897=ORIENTED_EDGE('',*,*,#4986,.T.);
#6898=ORIENTED_EDGE('',*,*,#4987,.F.);
#6899=ORIENTED_EDGE('',*,*,#4988,.F.);
#6900=ORIENTED_EDGE('',*,*,#4682,.F.);
#6901=ORIENTED_EDGE('',*,*,#4988,.T.);
#6902=ORIENTED_EDGE('',*,*,#4989,.F.);
#6903=ORIENTED_EDGE('',*,*,#4990,.F.);
#6904=ORIENTED_EDGE('',*,*,#4683,.F.);
#6905=ORIENTED_EDGE('',*,*,#4990,.T.);
#6906=ORIENTED_EDGE('',*,*,#4991,.F.);
#6907=ORIENTED_EDGE('',*,*,#4992,.F.);
#6908=ORIENTED_EDGE('',*,*,#4684,.F.);
#6909=ORIENTED_EDGE('',*,*,#4992,.T.);
#6910=ORIENTED_EDGE('',*,*,#4993,.F.);
#6911=ORIENTED_EDGE('',*,*,#4994,.F.);
#6912=ORIENTED_EDGE('',*,*,#4685,.F.);
#6913=ORIENTED_EDGE('',*,*,#4994,.T.);
#6914=ORIENTED_EDGE('',*,*,#4995,.F.);
#6915=ORIENTED_EDGE('',*,*,#4996,.F.);
#6916=ORIENTED_EDGE('',*,*,#4686,.F.);
#6917=ORIENTED_EDGE('',*,*,#4996,.T.);
#6918=ORIENTED_EDGE('',*,*,#4997,.F.);
#6919=ORIENTED_EDGE('',*,*,#4998,.F.);
#6920=ORIENTED_EDGE('',*,*,#4687,.F.);
#6921=ORIENTED_EDGE('',*,*,#4998,.T.);
#6922=ORIENTED_EDGE('',*,*,#4999,.F.);
#6923=ORIENTED_EDGE('',*,*,#4954,.F.);
#6924=ORIENTED_EDGE('',*,*,#4652,.F.);
#6925=ORIENTED_EDGE('',*,*,#5000,.T.);
#6926=ORIENTED_EDGE('',*,*,#5001,.F.);
#6927=ORIENTED_EDGE('',*,*,#5002,.F.);
#6928=ORIENTED_EDGE('',*,*,#4653,.F.);
#6929=ORIENTED_EDGE('',*,*,#5002,.T.);
#6930=ORIENTED_EDGE('',*,*,#5003,.F.);
#6931=ORIENTED_EDGE('',*,*,#5004,.F.);
#6932=ORIENTED_EDGE('',*,*,#4654,.F.);
#6933=ORIENTED_EDGE('',*,*,#5004,.T.);
#6934=ORIENTED_EDGE('',*,*,#5005,.F.);
#6935=ORIENTED_EDGE('',*,*,#5006,.F.);
#6936=ORIENTED_EDGE('',*,*,#4655,.F.);
#6937=ORIENTED_EDGE('',*,*,#5006,.T.);
#6938=ORIENTED_EDGE('',*,*,#5007,.F.);
#6939=ORIENTED_EDGE('',*,*,#5008,.F.);
#6940=ORIENTED_EDGE('',*,*,#4656,.F.);
#6941=ORIENTED_EDGE('',*,*,#5008,.T.);
#6942=ORIENTED_EDGE('',*,*,#5009,.F.);
#6943=ORIENTED_EDGE('',*,*,#5010,.F.);
#6944=ORIENTED_EDGE('',*,*,#4657,.F.);
#6945=ORIENTED_EDGE('',*,*,#5010,.T.);
#6946=ORIENTED_EDGE('',*,*,#5011,.F.);
#6947=ORIENTED_EDGE('',*,*,#5012,.F.);
#6948=ORIENTED_EDGE('',*,*,#4658,.F.);
#6949=ORIENTED_EDGE('',*,*,#5012,.T.);
#6950=ORIENTED_EDGE('',*,*,#5013,.F.);
#6951=ORIENTED_EDGE('',*,*,#5014,.F.);
#6952=ORIENTED_EDGE('',*,*,#4659,.F.);
#6953=ORIENTED_EDGE('',*,*,#5014,.T.);
#6954=ORIENTED_EDGE('',*,*,#5015,.F.);
#6955=ORIENTED_EDGE('',*,*,#5016,.F.);
#6956=ORIENTED_EDGE('',*,*,#4660,.F.);
#6957=ORIENTED_EDGE('',*,*,#5016,.T.);
#6958=ORIENTED_EDGE('',*,*,#5017,.F.);
#6959=ORIENTED_EDGE('',*,*,#5018,.F.);
#6960=ORIENTED_EDGE('',*,*,#4661,.F.);
#6961=ORIENTED_EDGE('',*,*,#5018,.T.);
#6962=ORIENTED_EDGE('',*,*,#5019,.F.);
#6963=ORIENTED_EDGE('',*,*,#5020,.F.);
#6964=ORIENTED_EDGE('',*,*,#4662,.F.);
#6965=ORIENTED_EDGE('',*,*,#5020,.T.);
#6966=ORIENTED_EDGE('',*,*,#5021,.F.);
#6967=ORIENTED_EDGE('',*,*,#5022,.F.);
#6968=ORIENTED_EDGE('',*,*,#4663,.F.);
#6969=ORIENTED_EDGE('',*,*,#5022,.T.);
#6970=ORIENTED_EDGE('',*,*,#5023,.F.);
#6971=ORIENTED_EDGE('',*,*,#5024,.F.);
#6972=ORIENTED_EDGE('',*,*,#4664,.F.);
#6973=ORIENTED_EDGE('',*,*,#5024,.T.);
#6974=ORIENTED_EDGE('',*,*,#5025,.F.);
#6975=ORIENTED_EDGE('',*,*,#5000,.F.);
#6976=ORIENTED_EDGE('',*,*,#4643,.F.);
#6977=ORIENTED_EDGE('',*,*,#5026,.T.);
#6978=ORIENTED_EDGE('',*,*,#5027,.F.);
#6979=ORIENTED_EDGE('',*,*,#5028,.F.);
#6980=ORIENTED_EDGE('',*,*,#4644,.F.);
#6981=ORIENTED_EDGE('',*,*,#5028,.T.);
#6982=ORIENTED_EDGE('',*,*,#5029,.F.);
#6983=ORIENTED_EDGE('',*,*,#5030,.F.);
#6984=ORIENTED_EDGE('',*,*,#4645,.F.);
#6985=ORIENTED_EDGE('',*,*,#5030,.T.);
#6986=ORIENTED_EDGE('',*,*,#5031,.F.);
#6987=ORIENTED_EDGE('',*,*,#5032,.F.);
#6988=ORIENTED_EDGE('',*,*,#4646,.F.);
#6989=ORIENTED_EDGE('',*,*,#5032,.T.);
#6990=ORIENTED_EDGE('',*,*,#5033,.F.);
#6991=ORIENTED_EDGE('',*,*,#5034,.F.);
#6992=ORIENTED_EDGE('',*,*,#4647,.F.);
#6993=ORIENTED_EDGE('',*,*,#5034,.T.);
#6994=ORIENTED_EDGE('',*,*,#5035,.F.);
#6995=ORIENTED_EDGE('',*,*,#5036,.F.);
#6996=ORIENTED_EDGE('',*,*,#4648,.F.);
#6997=ORIENTED_EDGE('',*,*,#5036,.T.);
#6998=ORIENTED_EDGE('',*,*,#5037,.F.);
#6999=ORIENTED_EDGE('',*,*,#5038,.F.);
#7000=ORIENTED_EDGE('',*,*,#4649,.F.);
#7001=ORIENTED_EDGE('',*,*,#5038,.T.);
#7002=ORIENTED_EDGE('',*,*,#5039,.F.);
#7003=ORIENTED_EDGE('',*,*,#5040,.F.);
#7004=ORIENTED_EDGE('',*,*,#4650,.F.);
#7005=ORIENTED_EDGE('',*,*,#5040,.T.);
#7006=ORIENTED_EDGE('',*,*,#5041,.F.);
#7007=ORIENTED_EDGE('',*,*,#5042,.F.);
#7008=ORIENTED_EDGE('',*,*,#4651,.F.);
#7009=ORIENTED_EDGE('',*,*,#5042,.T.);
#7010=ORIENTED_EDGE('',*,*,#5043,.F.);
#7011=ORIENTED_EDGE('',*,*,#5026,.F.);
#7012=ORIENTED_EDGE('',*,*,#4631,.F.);
#7013=ORIENTED_EDGE('',*,*,#5044,.T.);
#7014=ORIENTED_EDGE('',*,*,#5045,.F.);
#7015=ORIENTED_EDGE('',*,*,#5046,.F.);
#7016=ORIENTED_EDGE('',*,*,#4632,.F.);
#7017=ORIENTED_EDGE('',*,*,#5046,.T.);
#7018=ORIENTED_EDGE('',*,*,#5047,.F.);
#7019=ORIENTED_EDGE('',*,*,#5048,.F.);
#7020=ORIENTED_EDGE('',*,*,#4633,.F.);
#7021=ORIENTED_EDGE('',*,*,#5048,.T.);
#7022=ORIENTED_EDGE('',*,*,#5049,.F.);
#7023=ORIENTED_EDGE('',*,*,#5050,.F.);
#7024=ORIENTED_EDGE('',*,*,#4634,.F.);
#7025=ORIENTED_EDGE('',*,*,#5050,.T.);
#7026=ORIENTED_EDGE('',*,*,#5051,.F.);
#7027=ORIENTED_EDGE('',*,*,#5052,.F.);
#7028=ORIENTED_EDGE('',*,*,#4635,.F.);
#7029=ORIENTED_EDGE('',*,*,#5052,.T.);
#7030=ORIENTED_EDGE('',*,*,#5053,.F.);
#7031=ORIENTED_EDGE('',*,*,#5054,.F.);
#7032=ORIENTED_EDGE('',*,*,#4636,.F.);
#7033=ORIENTED_EDGE('',*,*,#5054,.T.);
#7034=ORIENTED_EDGE('',*,*,#5055,.F.);
#7035=ORIENTED_EDGE('',*,*,#5056,.F.);
#7036=ORIENTED_EDGE('',*,*,#4637,.F.);
#7037=ORIENTED_EDGE('',*,*,#5056,.T.);
#7038=ORIENTED_EDGE('',*,*,#5057,.F.);
#7039=ORIENTED_EDGE('',*,*,#5058,.F.);
#7040=ORIENTED_EDGE('',*,*,#4638,.F.);
#7041=ORIENTED_EDGE('',*,*,#5058,.T.);
#7042=ORIENTED_EDGE('',*,*,#5059,.F.);
#7043=ORIENTED_EDGE('',*,*,#5060,.F.);
#7044=ORIENTED_EDGE('',*,*,#4639,.F.);
#7045=ORIENTED_EDGE('',*,*,#5060,.T.);
#7046=ORIENTED_EDGE('',*,*,#5061,.F.);
#7047=ORIENTED_EDGE('',*,*,#5062,.F.);
#7048=ORIENTED_EDGE('',*,*,#4640,.F.);
#7049=ORIENTED_EDGE('',*,*,#5062,.T.);
#7050=ORIENTED_EDGE('',*,*,#5063,.F.);
#7051=ORIENTED_EDGE('',*,*,#5064,.F.);
#7052=ORIENTED_EDGE('',*,*,#4641,.F.);
#7053=ORIENTED_EDGE('',*,*,#5064,.T.);
#7054=ORIENTED_EDGE('',*,*,#5065,.F.);
#7055=ORIENTED_EDGE('',*,*,#5066,.F.);
#7056=ORIENTED_EDGE('',*,*,#4642,.F.);
#7057=ORIENTED_EDGE('',*,*,#5066,.T.);
#7058=ORIENTED_EDGE('',*,*,#5067,.F.);
#7059=ORIENTED_EDGE('',*,*,#5044,.F.);
#7060=ORIENTED_EDGE('',*,*,#4608,.F.);
#7061=ORIENTED_EDGE('',*,*,#5068,.T.);
#7062=ORIENTED_EDGE('',*,*,#5069,.F.);
#7063=ORIENTED_EDGE('',*,*,#5070,.F.);
#7064=ORIENTED_EDGE('',*,*,#4609,.F.);
#7065=ORIENTED_EDGE('',*,*,#5070,.T.);
#7066=ORIENTED_EDGE('',*,*,#5071,.F.);
#7067=ORIENTED_EDGE('',*,*,#5072,.F.);
#7068=ORIENTED_EDGE('',*,*,#4610,.F.);
#7069=ORIENTED_EDGE('',*,*,#5072,.T.);
#7070=ORIENTED_EDGE('',*,*,#5073,.F.);
#7071=ORIENTED_EDGE('',*,*,#5074,.F.);
#7072=ORIENTED_EDGE('',*,*,#4611,.F.);
#7073=ORIENTED_EDGE('',*,*,#5074,.T.);
#7074=ORIENTED_EDGE('',*,*,#5075,.F.);
#7075=ORIENTED_EDGE('',*,*,#5076,.F.);
#7076=ORIENTED_EDGE('',*,*,#4612,.F.);
#7077=ORIENTED_EDGE('',*,*,#5076,.T.);
#7078=ORIENTED_EDGE('',*,*,#5077,.F.);
#7079=ORIENTED_EDGE('',*,*,#5078,.F.);
#7080=ORIENTED_EDGE('',*,*,#4613,.F.);
#7081=ORIENTED_EDGE('',*,*,#5078,.T.);
#7082=ORIENTED_EDGE('',*,*,#5079,.F.);
#7083=ORIENTED_EDGE('',*,*,#5080,.F.);
#7084=ORIENTED_EDGE('',*,*,#4614,.F.);
#7085=ORIENTED_EDGE('',*,*,#5080,.T.);
#7086=ORIENTED_EDGE('',*,*,#5081,.F.);
#7087=ORIENTED_EDGE('',*,*,#5082,.F.);
#7088=ORIENTED_EDGE('',*,*,#4615,.F.);
#7089=ORIENTED_EDGE('',*,*,#5082,.T.);
#7090=ORIENTED_EDGE('',*,*,#5083,.F.);
#7091=ORIENTED_EDGE('',*,*,#5084,.F.);
#7092=ORIENTED_EDGE('',*,*,#4616,.F.);
#7093=ORIENTED_EDGE('',*,*,#5084,.T.);
#7094=ORIENTED_EDGE('',*,*,#5085,.F.);
#7095=ORIENTED_EDGE('',*,*,#5086,.F.);
#7096=ORIENTED_EDGE('',*,*,#4617,.F.);
#7097=ORIENTED_EDGE('',*,*,#5086,.T.);
#7098=ORIENTED_EDGE('',*,*,#5087,.F.);
#7099=ORIENTED_EDGE('',*,*,#5088,.F.);
#7100=ORIENTED_EDGE('',*,*,#4618,.F.);
#7101=ORIENTED_EDGE('',*,*,#5088,.T.);
#7102=ORIENTED_EDGE('',*,*,#5089,.F.);
#7103=ORIENTED_EDGE('',*,*,#5090,.F.);
#7104=ORIENTED_EDGE('',*,*,#4619,.F.);
#7105=ORIENTED_EDGE('',*,*,#5090,.T.);
#7106=ORIENTED_EDGE('',*,*,#5091,.F.);
#7107=ORIENTED_EDGE('',*,*,#5092,.F.);
#7108=ORIENTED_EDGE('',*,*,#4620,.F.);
#7109=ORIENTED_EDGE('',*,*,#5092,.T.);
#7110=ORIENTED_EDGE('',*,*,#5093,.F.);
#7111=ORIENTED_EDGE('',*,*,#5094,.F.);
#7112=ORIENTED_EDGE('',*,*,#4621,.F.);
#7113=ORIENTED_EDGE('',*,*,#5094,.T.);
#7114=ORIENTED_EDGE('',*,*,#5095,.F.);
#7115=ORIENTED_EDGE('',*,*,#5096,.F.);
#7116=ORIENTED_EDGE('',*,*,#4622,.F.);
#7117=ORIENTED_EDGE('',*,*,#5096,.T.);
#7118=ORIENTED_EDGE('',*,*,#5097,.F.);
#7119=ORIENTED_EDGE('',*,*,#5098,.F.);
#7120=ORIENTED_EDGE('',*,*,#4623,.F.);
#7121=ORIENTED_EDGE('',*,*,#5098,.T.);
#7122=ORIENTED_EDGE('',*,*,#5099,.F.);
#7123=ORIENTED_EDGE('',*,*,#5100,.F.);
#7124=ORIENTED_EDGE('',*,*,#4624,.F.);
#7125=ORIENTED_EDGE('',*,*,#5100,.T.);
#7126=ORIENTED_EDGE('',*,*,#5101,.F.);
#7127=ORIENTED_EDGE('',*,*,#5102,.F.);
#7128=ORIENTED_EDGE('',*,*,#4625,.F.);
#7129=ORIENTED_EDGE('',*,*,#5102,.T.);
#7130=ORIENTED_EDGE('',*,*,#5103,.F.);
#7131=ORIENTED_EDGE('',*,*,#5104,.F.);
#7132=ORIENTED_EDGE('',*,*,#4626,.F.);
#7133=ORIENTED_EDGE('',*,*,#5104,.T.);
#7134=ORIENTED_EDGE('',*,*,#5105,.F.);
#7135=ORIENTED_EDGE('',*,*,#5106,.F.);
#7136=ORIENTED_EDGE('',*,*,#4627,.F.);
#7137=ORIENTED_EDGE('',*,*,#5106,.T.);
#7138=ORIENTED_EDGE('',*,*,#5107,.F.);
#7139=ORIENTED_EDGE('',*,*,#5108,.F.);
#7140=ORIENTED_EDGE('',*,*,#4628,.F.);
#7141=ORIENTED_EDGE('',*,*,#5108,.T.);
#7142=ORIENTED_EDGE('',*,*,#5109,.F.);
#7143=ORIENTED_EDGE('',*,*,#5110,.F.);
#7144=ORIENTED_EDGE('',*,*,#4629,.F.);
#7145=ORIENTED_EDGE('',*,*,#5110,.T.);
#7146=ORIENTED_EDGE('',*,*,#5111,.F.);
#7147=ORIENTED_EDGE('',*,*,#5112,.F.);
#7148=ORIENTED_EDGE('',*,*,#4630,.F.);
#7149=ORIENTED_EDGE('',*,*,#5112,.T.);
#7150=ORIENTED_EDGE('',*,*,#5113,.F.);
#7151=ORIENTED_EDGE('',*,*,#5068,.F.);
#7152=ORIENTED_EDGE('',*,*,#5114,.F.);
#7153=ORIENTED_EDGE('',*,*,#5115,.T.);
#7154=ORIENTED_EDGE('',*,*,#5116,.F.);
#7155=ORIENTED_EDGE('',*,*,#5115,.F.);
#7156=ORIENTED_EDGE('',*,*,#5117,.F.);
#7157=ORIENTED_EDGE('',*,*,#4581,.F.);
#7158=ORIENTED_EDGE('',*,*,#4843,.T.);
#7159=ORIENTED_EDGE('',*,*,#4842,.T.);
#7160=ORIENTED_EDGE('',*,*,#4770,.F.);
#7161=ORIENTED_EDGE('',*,*,#5118,.F.);
#7162=ORIENTED_EDGE('',*,*,#4585,.F.);
#7163=ORIENTED_EDGE('',*,*,#4839,.T.);
#7164=ORIENTED_EDGE('',*,*,#4849,.T.);
#7165=ORIENTED_EDGE('',*,*,#4765,.F.);
#7166=ORIENTED_EDGE('',*,*,#5119,.F.);
#7167=ORIENTED_EDGE('',*,*,#5120,.F.);
#7168=ORIENTED_EDGE('',*,*,#5121,.F.);
#7169=ORIENTED_EDGE('',*,*,#5119,.T.);
#7170=ORIENTED_EDGE('',*,*,#5122,.T.);
#7171=ORIENTED_EDGE('',*,*,#5123,.T.);
#7172=ORIENTED_EDGE('',*,*,#5124,.T.);
#7173=ORIENTED_EDGE('',*,*,#4757,.T.);
#7174=ORIENTED_EDGE('',*,*,#5125,.T.);
#7175=ORIENTED_EDGE('',*,*,#5126,.T.);
#7176=ORIENTED_EDGE('',*,*,#5127,.T.);
#7177=ORIENTED_EDGE('',*,*,#5128,.F.);
#7178=ORIENTED_EDGE('',*,*,#5129,.F.);
#7179=ORIENTED_EDGE('',*,*,#5130,.F.);
#7180=ORIENTED_EDGE('',*,*,#4814,.T.);
#7181=ORIENTED_EDGE('',*,*,#4756,.T.);
#7182=ORIENTED_EDGE('',*,*,#5131,.T.);
#7183=ORIENTED_EDGE('',*,*,#5132,.F.);
#7184=ORIENTED_EDGE('',*,*,#5125,.F.);
#7185=ORIENTED_EDGE('',*,*,#5130,.T.);
#7186=ORIENTED_EDGE('',*,*,#5133,.T.);
#7187=ORIENTED_EDGE('',*,*,#5134,.F.);
#7188=ORIENTED_EDGE('',*,*,#4811,.T.);
#7189=ORIENTED_EDGE('',*,*,#5135,.T.);
#7190=ORIENTED_EDGE('',*,*,#5136,.T.);
#7191=ORIENTED_EDGE('',*,*,#5137,.F.);
#7192=ORIENTED_EDGE('',*,*,#5138,.F.);
#7193=ORIENTED_EDGE('',*,*,#4589,.F.);
#7194=ORIENTED_EDGE('',*,*,#4846,.F.);
#7195=ORIENTED_EDGE('',*,*,#5139,.F.);
#7196=ORIENTED_EDGE('',*,*,#4831,.T.);
#7197=ORIENTED_EDGE('',*,*,#5140,.T.);
#7198=ORIENTED_EDGE('',*,*,#5114,.T.);
#7199=ORIENTED_EDGE('',*,*,#4558,.T.);
#7200=ORIENTED_EDGE('',*,*,#5141,.T.);
#7201=ORIENTED_EDGE('',*,*,#5142,.T.);
#7202=ORIENTED_EDGE('',*,*,#4822,.T.);
#7203=ORIENTED_EDGE('',*,*,#4566,.T.);
#7204=ORIENTED_EDGE('',*,*,#4823,.F.);
#7205=ORIENTED_EDGE('',*,*,#5142,.F.);
#7206=ORIENTED_EDGE('',*,*,#5143,.F.);
#7207=ORIENTED_EDGE('',*,*,#5144,.T.);
#7208=ORIENTED_EDGE('',*,*,#4601,.F.);
#7209=ORIENTED_EDGE('',*,*,#4810,.F.);
#7210=ORIENTED_EDGE('',*,*,#5145,.F.);
#7211=ORIENTED_EDGE('',*,*,#5146,.T.);
#7212=ORIENTED_EDGE('',*,*,#5147,.F.);
#7213=ORIENTED_EDGE('',*,*,#5148,.F.);
#7214=ORIENTED_EDGE('',*,*,#4824,.F.);
#7215=ORIENTED_EDGE('',*,*,#4816,.T.);
#7216=ORIENTED_EDGE('',*,*,#4821,.T.);
#7217=ORIENTED_EDGE('',*,*,#4557,.T.);
#7218=ORIENTED_EDGE('',*,*,#5143,.T.);
#7219=ORIENTED_EDGE('',*,*,#5141,.F.);
#7220=ORIENTED_EDGE('',*,*,#5149,.F.);
#7221=ORIENTED_EDGE('',*,*,#5129,.T.);
#7222=ORIENTED_EDGE('',*,*,#5135,.F.);
#7223=ORIENTED_EDGE('',*,*,#5150,.T.);
#7224=ORIENTED_EDGE('',*,*,#5120,.T.);
#7225=ORIENTED_EDGE('',*,*,#5151,.T.);
#7226=ORIENTED_EDGE('',*,*,#5152,.F.);
#7227=ORIENTED_EDGE('',*,*,#5153,.T.);
#7228=ORIENTED_EDGE('',*,*,#5154,.F.);
#7229=ORIENTED_EDGE('',*,*,#5133,.F.);
#7230=ORIENTED_EDGE('',*,*,#5149,.T.);
#7231=ORIENTED_EDGE('',*,*,#5155,.F.);
#7232=ORIENTED_EDGE('',*,*,#5156,.F.);
#7233=ORIENTED_EDGE('',*,*,#5157,.T.);
#7234=ORIENTED_EDGE('',*,*,#5158,.F.);
#7235=ORIENTED_EDGE('',*,*,#5147,.T.);
#7236=ORIENTED_EDGE('',*,*,#5152,.T.);
#7237=ORIENTED_EDGE('',*,*,#5159,.T.);
#7238=ORIENTED_EDGE('',*,*,#5156,.T.);
#7239=ORIENTED_EDGE('',*,*,#5160,.T.);
#7240=ORIENTED_EDGE('',*,*,#5161,.T.);
#7241=ORIENTED_EDGE('',*,*,#4571,.F.);
#7242=ORIENTED_EDGE('',*,*,#4572,.F.);
#7243=ORIENTED_EDGE('',*,*,#5161,.F.);
#7244=ORIENTED_EDGE('',*,*,#5162,.T.);
#7245=ORIENTED_EDGE('',*,*,#5163,.T.);
#7246=ORIENTED_EDGE('',*,*,#5164,.T.);
#7247=ORIENTED_EDGE('',*,*,#4750,.F.);
#7248=ORIENTED_EDGE('',*,*,#4751,.F.);
#7249=ORIENTED_EDGE('',*,*,#5164,.F.);
#7250=ORIENTED_EDGE('',*,*,#5165,.T.);
#7251=ORIENTED_EDGE('',*,*,#5166,.T.);
#7252=ORIENTED_EDGE('',*,*,#4783,.F.);
#7253=ORIENTED_EDGE('',*,*,#4784,.F.);
#7254=ORIENTED_EDGE('',*,*,#5166,.F.);
#7255=ORIENTED_EDGE('',*,*,#5160,.F.);
#7256=ORIENTED_EDGE('',*,*,#5159,.F.);
#7257=ORIENTED_EDGE('',*,*,#5151,.F.);
#7258=ORIENTED_EDGE('',*,*,#5124,.F.);
#7259=ORIENTED_EDGE('',*,*,#5167,.F.);
#7260=ORIENTED_EDGE('',*,*,#5168,.F.);
#7261=ORIENTED_EDGE('',*,*,#5132,.T.);
#7262=ORIENTED_EDGE('',*,*,#5169,.T.);
#7263=ORIENTED_EDGE('',*,*,#5170,.T.);
#7264=ORIENTED_EDGE('',*,*,#5157,.F.);
#7265=ORIENTED_EDGE('',*,*,#5162,.F.);
#7266=ORIENTED_EDGE('',*,*,#5165,.F.);
#7267=ORIENTED_EDGE('',*,*,#5171,.T.);
#7268=ORIENTED_EDGE('',*,*,#4832,.T.);
#7269=ORIENTED_EDGE('',*,*,#5139,.T.);
#7270=ORIENTED_EDGE('',*,*,#4845,.T.);
#7271=ORIENTED_EDGE('',*,*,#5116,.T.);
#7272=ORIENTED_EDGE('',*,*,#5069,.T.);
#7273=ORIENTED_EDGE('',*,*,#5113,.T.);
#7274=ORIENTED_EDGE('',*,*,#5111,.T.);
#7275=ORIENTED_EDGE('',*,*,#5109,.T.);
#7276=ORIENTED_EDGE('',*,*,#5107,.T.);
#7277=ORIENTED_EDGE('',*,*,#5105,.T.);
#7278=ORIENTED_EDGE('',*,*,#5103,.T.);
#7279=ORIENTED_EDGE('',*,*,#5101,.T.);
#7280=ORIENTED_EDGE('',*,*,#5099,.T.);
#7281=ORIENTED_EDGE('',*,*,#5097,.T.);
#7282=ORIENTED_EDGE('',*,*,#5095,.T.);
#7283=ORIENTED_EDGE('',*,*,#5093,.T.);
#7284=ORIENTED_EDGE('',*,*,#5091,.T.);
#7285=ORIENTED_EDGE('',*,*,#5089,.T.);
#7286=ORIENTED_EDGE('',*,*,#5087,.T.);
#7287=ORIENTED_EDGE('',*,*,#5085,.T.);
#7288=ORIENTED_EDGE('',*,*,#5083,.T.);
#7289=ORIENTED_EDGE('',*,*,#5081,.T.);
#7290=ORIENTED_EDGE('',*,*,#5079,.T.);
#7291=ORIENTED_EDGE('',*,*,#5077,.T.);
#7292=ORIENTED_EDGE('',*,*,#5075,.T.);
#7293=ORIENTED_EDGE('',*,*,#5073,.T.);
#7294=ORIENTED_EDGE('',*,*,#5071,.T.);
#7295=ORIENTED_EDGE('',*,*,#5045,.T.);
#7296=ORIENTED_EDGE('',*,*,#5067,.T.);
#7297=ORIENTED_EDGE('',*,*,#5065,.T.);
#7298=ORIENTED_EDGE('',*,*,#5063,.T.);
#7299=ORIENTED_EDGE('',*,*,#5061,.T.);
#7300=ORIENTED_EDGE('',*,*,#5059,.T.);
#7301=ORIENTED_EDGE('',*,*,#5057,.T.);
#7302=ORIENTED_EDGE('',*,*,#5055,.T.);
#7303=ORIENTED_EDGE('',*,*,#5053,.T.);
#7304=ORIENTED_EDGE('',*,*,#5051,.T.);
#7305=ORIENTED_EDGE('',*,*,#5049,.T.);
#7306=ORIENTED_EDGE('',*,*,#5047,.T.);
#7307=ORIENTED_EDGE('',*,*,#5027,.T.);
#7308=ORIENTED_EDGE('',*,*,#5043,.T.);
#7309=ORIENTED_EDGE('',*,*,#5041,.T.);
#7310=ORIENTED_EDGE('',*,*,#5039,.T.);
#7311=ORIENTED_EDGE('',*,*,#5037,.T.);
#7312=ORIENTED_EDGE('',*,*,#5035,.T.);
#7313=ORIENTED_EDGE('',*,*,#5033,.T.);
#7314=ORIENTED_EDGE('',*,*,#5031,.T.);
#7315=ORIENTED_EDGE('',*,*,#5029,.T.);
#7316=ORIENTED_EDGE('',*,*,#5001,.T.);
#7317=ORIENTED_EDGE('',*,*,#5025,.T.);
#7318=ORIENTED_EDGE('',*,*,#5023,.T.);
#7319=ORIENTED_EDGE('',*,*,#5021,.T.);
#7320=ORIENTED_EDGE('',*,*,#5019,.T.);
#7321=ORIENTED_EDGE('',*,*,#5017,.T.);
#7322=ORIENTED_EDGE('',*,*,#5015,.T.);
#7323=ORIENTED_EDGE('',*,*,#5013,.T.);
#7324=ORIENTED_EDGE('',*,*,#5011,.T.);
#7325=ORIENTED_EDGE('',*,*,#5009,.T.);
#7326=ORIENTED_EDGE('',*,*,#5007,.T.);
#7327=ORIENTED_EDGE('',*,*,#5005,.T.);
#7328=ORIENTED_EDGE('',*,*,#5003,.T.);
#7329=ORIENTED_EDGE('',*,*,#4955,.T.);
#7330=ORIENTED_EDGE('',*,*,#4999,.T.);
#7331=ORIENTED_EDGE('',*,*,#4997,.T.);
#7332=ORIENTED_EDGE('',*,*,#4995,.T.);
#7333=ORIENTED_EDGE('',*,*,#4993,.T.);
#7334=ORIENTED_EDGE('',*,*,#4991,.T.);
#7335=ORIENTED_EDGE('',*,*,#4989,.T.);
#7336=ORIENTED_EDGE('',*,*,#4987,.T.);
#7337=ORIENTED_EDGE('',*,*,#4985,.T.);
#7338=ORIENTED_EDGE('',*,*,#4983,.T.);
#7339=ORIENTED_EDGE('',*,*,#4981,.T.);
#7340=ORIENTED_EDGE('',*,*,#4979,.T.);
#7341=ORIENTED_EDGE('',*,*,#4977,.T.);
#7342=ORIENTED_EDGE('',*,*,#4975,.T.);
#7343=ORIENTED_EDGE('',*,*,#4973,.T.);
#7344=ORIENTED_EDGE('',*,*,#4971,.T.);
#7345=ORIENTED_EDGE('',*,*,#4969,.T.);
#7346=ORIENTED_EDGE('',*,*,#4967,.T.);
#7347=ORIENTED_EDGE('',*,*,#4965,.T.);
#7348=ORIENTED_EDGE('',*,*,#4963,.T.);
#7349=ORIENTED_EDGE('',*,*,#4961,.T.);
#7350=ORIENTED_EDGE('',*,*,#4959,.T.);
#7351=ORIENTED_EDGE('',*,*,#4957,.T.);
#7352=ORIENTED_EDGE('',*,*,#4935,.T.);
#7353=ORIENTED_EDGE('',*,*,#4953,.T.);
#7354=ORIENTED_EDGE('',*,*,#4951,.T.);
#7355=ORIENTED_EDGE('',*,*,#4949,.T.);
#7356=ORIENTED_EDGE('',*,*,#4947,.T.);
#7357=ORIENTED_EDGE('',*,*,#4945,.T.);
#7358=ORIENTED_EDGE('',*,*,#4943,.T.);
#7359=ORIENTED_EDGE('',*,*,#4941,.T.);
#7360=ORIENTED_EDGE('',*,*,#4939,.T.);
#7361=ORIENTED_EDGE('',*,*,#4937,.T.);
#7362=ORIENTED_EDGE('',*,*,#4907,.T.);
#7363=ORIENTED_EDGE('',*,*,#4933,.T.);
#7364=ORIENTED_EDGE('',*,*,#4931,.T.);
#7365=ORIENTED_EDGE('',*,*,#4929,.T.);
#7366=ORIENTED_EDGE('',*,*,#4927,.T.);
#7367=ORIENTED_EDGE('',*,*,#4925,.T.);
#7368=ORIENTED_EDGE('',*,*,#4923,.T.);
#7369=ORIENTED_EDGE('',*,*,#4921,.T.);
#7370=ORIENTED_EDGE('',*,*,#4919,.T.);
#7371=ORIENTED_EDGE('',*,*,#4917,.T.);
#7372=ORIENTED_EDGE('',*,*,#4915,.T.);
#7373=ORIENTED_EDGE('',*,*,#4913,.T.);
#7374=ORIENTED_EDGE('',*,*,#4911,.T.);
#7375=ORIENTED_EDGE('',*,*,#4909,.T.);
#7376=ORIENTED_EDGE('',*,*,#4883,.T.);
#7377=ORIENTED_EDGE('',*,*,#4905,.T.);
#7378=ORIENTED_EDGE('',*,*,#4903,.T.);
#7379=ORIENTED_EDGE('',*,*,#4901,.T.);
#7380=ORIENTED_EDGE('',*,*,#4899,.T.);
#7381=ORIENTED_EDGE('',*,*,#4897,.T.);
#7382=ORIENTED_EDGE('',*,*,#4895,.T.);
#7383=ORIENTED_EDGE('',*,*,#4893,.T.);
#7384=ORIENTED_EDGE('',*,*,#4891,.T.);
#7385=ORIENTED_EDGE('',*,*,#4889,.T.);
#7386=ORIENTED_EDGE('',*,*,#4887,.T.);
#7387=ORIENTED_EDGE('',*,*,#4885,.T.);
#7388=ORIENTED_EDGE('',*,*,#4859,.T.);
#7389=ORIENTED_EDGE('',*,*,#4881,.T.);
#7390=ORIENTED_EDGE('',*,*,#4879,.T.);
#7391=ORIENTED_EDGE('',*,*,#4877,.T.);
#7392=ORIENTED_EDGE('',*,*,#4875,.T.);
#7393=ORIENTED_EDGE('',*,*,#4873,.T.);
#7394=ORIENTED_EDGE('',*,*,#4871,.T.);
#7395=ORIENTED_EDGE('',*,*,#4869,.T.);
#7396=ORIENTED_EDGE('',*,*,#4867,.T.);
#7397=ORIENTED_EDGE('',*,*,#4865,.T.);
#7398=ORIENTED_EDGE('',*,*,#4863,.T.);
#7399=ORIENTED_EDGE('',*,*,#4861,.T.);
#7400=ORIENTED_EDGE('',*,*,#4851,.T.);
#7401=ORIENTED_EDGE('',*,*,#4857,.T.);
#7402=ORIENTED_EDGE('',*,*,#4855,.T.);
#7403=ORIENTED_EDGE('',*,*,#4853,.T.);
#7404=ORIENTED_EDGE('',*,*,#5163,.F.);
#7405=ORIENTED_EDGE('',*,*,#5172,.F.);
#7406=ORIENTED_EDGE('',*,*,#5172,.T.);
#7407=ORIENTED_EDGE('',*,*,#5173,.T.);
#7408=ORIENTED_EDGE('',*,*,#4793,.F.);
#7409=ORIENTED_EDGE('',*,*,#4794,.F.);
#7410=ORIENTED_EDGE('',*,*,#5173,.F.);
#7411=ORIENTED_EDGE('',*,*,#4825,.T.);
#7412=ORIENTED_EDGE('',*,*,#5148,.T.);
#7413=ORIENTED_EDGE('',*,*,#5158,.T.);
#7414=ORIENTED_EDGE('',*,*,#5174,.T.);
#7415=ORIENTED_EDGE('',*,*,#4798,.F.);
#7416=ORIENTED_EDGE('',*,*,#4599,.F.);
#7417=ORIENTED_EDGE('',*,*,#5175,.F.);
#7418=ORIENTED_EDGE('',*,*,#4760,.F.);
#7419=ORIENTED_EDGE('',*,*,#4795,.T.);
#7420=ORIENTED_EDGE('',*,*,#5176,.F.);
#7421=ORIENTED_EDGE('',*,*,#4745,.T.);
#7422=ORIENTED_EDGE('',*,*,#4761,.F.);
#7423=ORIENTED_EDGE('',*,*,#5175,.T.);
#7424=ORIENTED_EDGE('',*,*,#4598,.T.);
#7425=ORIENTED_EDGE('',*,*,#4827,.T.);
#7426=ORIENTED_EDGE('',*,*,#5177,.F.);
#7427=ORIENTED_EDGE('',*,*,#5169,.F.);
#7428=ORIENTED_EDGE('',*,*,#5131,.F.);
#7429=ORIENTED_EDGE('',*,*,#4755,.T.);
#7430=ORIENTED_EDGE('',*,*,#4838,.T.);
#7431=ORIENTED_EDGE('',*,*,#4835,.T.);
#7432=ORIENTED_EDGE('',*,*,#5178,.T.);
#7433=ORIENTED_EDGE('',*,*,#4826,.T.);
#7434=ORIENTED_EDGE('',*,*,#5174,.F.);
#7435=ORIENTED_EDGE('',*,*,#5170,.F.);
#7436=ORIENTED_EDGE('',*,*,#5177,.T.);
#7437=ORIENTED_EDGE('',*,*,#4829,.T.);
#7438=ORIENTED_EDGE('',*,*,#5179,.T.);
#7439=ORIENTED_EDGE('',*,*,#4833,.T.);
#7440=ORIENTED_EDGE('',*,*,#4837,.T.);
#7441=ORIENTED_EDGE('',*,*,#4753,.T.);
#7442=ORIENTED_EDGE('',*,*,#4762,.T.);
#7443=ORIENTED_EDGE('',*,*,#4595,.T.);
#7444=ORIENTED_EDGE('',*,*,#4830,.F.);
#7445=ORIENTED_EDGE('',*,*,#5171,.F.);
#7446=ORIENTED_EDGE('',*,*,#4844,.F.);
#7447=ORIENTED_EDGE('',*,*,#4579,.T.);
#7448=ORIENTED_EDGE('',*,*,#4741,.T.);
#7449=ORIENTED_EDGE('',*,*,#4828,.T.);
#7450=ORIENTED_EDGE('',*,*,#5178,.F.);
#7451=ORIENTED_EDGE('',*,*,#4834,.T.);
#7452=ORIENTED_EDGE('',*,*,#5179,.F.);
#7453=ORIENTED_EDGE('',*,*,#4787,.F.);
#7454=ORIENTED_EDGE('',*,*,#5180,.T.);
#7455=ORIENTED_EDGE('',*,*,#4605,.F.);
#7456=ORIENTED_EDGE('',*,*,#5180,.F.);
#7457=ORIENTED_EDGE('',*,*,#4788,.F.);
#7458=ORIENTED_EDGE('',*,*,#5181,.T.);
#7459=ORIENTED_EDGE('',*,*,#4606,.F.);
#7460=ORIENTED_EDGE('',*,*,#5181,.F.);
#7461=ORIENTED_EDGE('',*,*,#4786,.F.);
#7462=ORIENTED_EDGE('',*,*,#5182,.T.);
#7463=ORIENTED_EDGE('',*,*,#5140,.F.);
#7464=ORIENTED_EDGE('',*,*,#5182,.F.);
#7465=ORIENTED_EDGE('',*,*,#4785,.F.);
#7466=ORIENTED_EDGE('',*,*,#5183,.T.);
#7467=ORIENTED_EDGE('',*,*,#4607,.F.);
#7468=ORIENTED_EDGE('',*,*,#5183,.F.);
#7469=ORIENTED_EDGE('',*,*,#4840,.F.);
#7470=ORIENTED_EDGE('',*,*,#4583,.F.);
#7471=ORIENTED_EDGE('',*,*,#5184,.T.);
#7472=ORIENTED_EDGE('',*,*,#4768,.F.);
#7473=ORIENTED_EDGE('',*,*,#4841,.F.);
#7474=ORIENTED_EDGE('',*,*,#5184,.F.);
#7475=ORIENTED_EDGE('',*,*,#4582,.F.);
#7476=ORIENTED_EDGE('',*,*,#5117,.T.);
#7477=ORIENTED_EDGE('',*,*,#4769,.F.);
#7478=ORIENTED_EDGE('',*,*,#4847,.F.);
#7479=ORIENTED_EDGE('',*,*,#4587,.F.);
#7480=ORIENTED_EDGE('',*,*,#5185,.T.);
#7481=ORIENTED_EDGE('',*,*,#4763,.F.);
#7482=ORIENTED_EDGE('',*,*,#4848,.F.);
#7483=ORIENTED_EDGE('',*,*,#5185,.F.);
#7484=ORIENTED_EDGE('',*,*,#4586,.F.);
#7485=ORIENTED_EDGE('',*,*,#5118,.T.);
#7486=ORIENTED_EDGE('',*,*,#4764,.F.);
#7487=ORIENTED_EDGE('',*,*,#5186,.F.);
#7488=ORIENTED_EDGE('',*,*,#5122,.F.);
#7489=ORIENTED_EDGE('',*,*,#5187,.F.);
#7490=ORIENTED_EDGE('',*,*,#5188,.F.);
#7491=ORIENTED_EDGE('',*,*,#5187,.T.);
#7492=ORIENTED_EDGE('',*,*,#5121,.T.);
#7493=ORIENTED_EDGE('',*,*,#5189,.T.);
#7494=ORIENTED_EDGE('',*,*,#5190,.T.);
#7495=ORIENTED_EDGE('',*,*,#5189,.F.);
#7496=ORIENTED_EDGE('',*,*,#5150,.F.);
#7497=ORIENTED_EDGE('',*,*,#5191,.F.);
#7498=ORIENTED_EDGE('',*,*,#5192,.T.);
#7499=ORIENTED_EDGE('',*,*,#4574,.T.);
#7500=ORIENTED_EDGE('',*,*,#4602,.F.);
#7501=ORIENTED_EDGE('',*,*,#5144,.F.);
#7502=ORIENTED_EDGE('',*,*,#5193,.F.);
#7503=ORIENTED_EDGE('',*,*,#5194,.T.);
#7504=ORIENTED_EDGE('',*,*,#5137,.T.);
#7505=ORIENTED_EDGE('',*,*,#5195,.T.);
#7506=ORIENTED_EDGE('',*,*,#4812,.F.);
#7507=ORIENTED_EDGE('',*,*,#5134,.T.);
#7508=ORIENTED_EDGE('',*,*,#5154,.T.);
#7509=ORIENTED_EDGE('',*,*,#5196,.T.);
#7510=ORIENTED_EDGE('',*,*,#4818,.F.);
#7511=ORIENTED_EDGE('',*,*,#5191,.T.);
#7512=ORIENTED_EDGE('',*,*,#5138,.T.);
#7513=ORIENTED_EDGE('',*,*,#5194,.F.);
#7514=ORIENTED_EDGE('',*,*,#5197,.T.);
#7515=ORIENTED_EDGE('',*,*,#5195,.F.);
#7516=ORIENTED_EDGE('',*,*,#5136,.F.);
#7517=ORIENTED_EDGE('',*,*,#5128,.T.);
#7518=ORIENTED_EDGE('',*,*,#4813,.T.);
#7519=ORIENTED_EDGE('',*,*,#5196,.F.);
#7520=ORIENTED_EDGE('',*,*,#5155,.T.);
#7521=ORIENTED_EDGE('',*,*,#5198,.T.);
#7522=ORIENTED_EDGE('',*,*,#4819,.T.);
#7523=ORIENTED_EDGE('',*,*,#5198,.F.);
#7524=ORIENTED_EDGE('',*,*,#5153,.F.);
#7525=ORIENTED_EDGE('',*,*,#5146,.F.);
#7526=ORIENTED_EDGE('',*,*,#4820,.F.);
#7527=ORIENTED_EDGE('',*,*,#5199,.T.);
#7528=ORIENTED_EDGE('',*,*,#5200,.T.);
#7529=ORIENTED_EDGE('',*,*,#5126,.F.);
#7530=ORIENTED_EDGE('',*,*,#5168,.T.);
#7531=ORIENTED_EDGE('',*,*,#4808,.T.);
#7532=ORIENTED_EDGE('',*,*,#5201,.T.);
#7533=ORIENTED_EDGE('',*,*,#5202,.F.);
#7534=ORIENTED_EDGE('',*,*,#5203,.F.);
#7535=ORIENTED_EDGE('',*,*,#4803,.T.);
#7536=ORIENTED_EDGE('',*,*,#5204,.F.);
#7537=ORIENTED_EDGE('',*,*,#5205,.F.);
#7538=ORIENTED_EDGE('',*,*,#5206,.F.);
#7539=ORIENTED_EDGE('',*,*,#4809,.T.);
#7540=ORIENTED_EDGE('',*,*,#5203,.T.);
#7541=ORIENTED_EDGE('',*,*,#5207,.F.);
#7542=ORIENTED_EDGE('',*,*,#5208,.F.);
#7543=ORIENTED_EDGE('',*,*,#5188,.T.);
#7544=ORIENTED_EDGE('',*,*,#5190,.F.);
#7545=ORIENTED_EDGE('',*,*,#5192,.F.);
#7546=ORIENTED_EDGE('',*,*,#5197,.F.);
#7547=ORIENTED_EDGE('',*,*,#5193,.T.);
#7548=ORIENTED_EDGE('',*,*,#5145,.T.);
#7549=ORIENTED_EDGE('',*,*,#4807,.T.);
#7550=ORIENTED_EDGE('',*,*,#5209,.T.);
#7551=ORIENTED_EDGE('',*,*,#5210,.F.);
#7552=ORIENTED_EDGE('',*,*,#5201,.F.);
#7553=ORIENTED_EDGE('',*,*,#4806,.T.);
#7554=ORIENTED_EDGE('',*,*,#5211,.T.);
#7555=ORIENTED_EDGE('',*,*,#5212,.F.);
#7556=ORIENTED_EDGE('',*,*,#5209,.F.);
#7557=ORIENTED_EDGE('',*,*,#5204,.T.);
#7558=ORIENTED_EDGE('',*,*,#4802,.F.);
#7559=ORIENTED_EDGE('',*,*,#5213,.T.);
#7560=ORIENTED_EDGE('',*,*,#5214,.T.);
#7561=ORIENTED_EDGE('',*,*,#5215,.T.);
#7562=ORIENTED_EDGE('',*,*,#5216,.T.);
#7563=ORIENTED_EDGE('',*,*,#5217,.T.);
#7564=ORIENTED_EDGE('',*,*,#4800,.F.);
#7565=ORIENTED_EDGE('',*,*,#4801,.F.);
#7566=ORIENTED_EDGE('',*,*,#5217,.F.);
#7567=ORIENTED_EDGE('',*,*,#5218,.F.);
#7568=ORIENTED_EDGE('',*,*,#5213,.F.);
#7569=ORIENTED_EDGE('',*,*,#5216,.F.);
#7570=ORIENTED_EDGE('',*,*,#5219,.T.);
#7571=ORIENTED_EDGE('',*,*,#5220,.F.);
#7572=ORIENTED_EDGE('',*,*,#5221,.F.);
#7573=ORIENTED_EDGE('',*,*,#5214,.F.);
#7574=ORIENTED_EDGE('',*,*,#5222,.F.);
#7575=ORIENTED_EDGE('',*,*,#5223,.F.);
#7576=ORIENTED_EDGE('',*,*,#5207,.T.);
#7577=ORIENTED_EDGE('',*,*,#5202,.T.);
#7578=ORIENTED_EDGE('',*,*,#5210,.T.);
#7579=ORIENTED_EDGE('',*,*,#5212,.T.);
#7580=ORIENTED_EDGE('',*,*,#5224,.T.);
#7581=ORIENTED_EDGE('',*,*,#5225,.T.);
#7582=ORIENTED_EDGE('',*,*,#5205,.T.);
#7583=ORIENTED_EDGE('',*,*,#4799,.T.);
#7584=ORIENTED_EDGE('',*,*,#5176,.T.);
#7585=ORIENTED_EDGE('',*,*,#4797,.T.);
#7586=ORIENTED_EDGE('',*,*,#5226,.F.);
#7587=ORIENTED_EDGE('',*,*,#5219,.F.);
#7588=ORIENTED_EDGE('',*,*,#5215,.F.);
#7589=ORIENTED_EDGE('',*,*,#5227,.F.);
#7590=ORIENTED_EDGE('',*,*,#5123,.F.);
#7591=ORIENTED_EDGE('',*,*,#5228,.F.);
#7592=ORIENTED_EDGE('',*,*,#5208,.T.);
#7593=ORIENTED_EDGE('',*,*,#5223,.T.);
#7594=ORIENTED_EDGE('',*,*,#5228,.T.);
#7595=ORIENTED_EDGE('',*,*,#5186,.T.);
#7596=ORIENTED_EDGE('',*,*,#5167,.T.);
#7597=ORIENTED_EDGE('',*,*,#5227,.T.);
#7598=ORIENTED_EDGE('',*,*,#5222,.T.);
#7599=ORIENTED_EDGE('',*,*,#5218,.T.);
#7600=ORIENTED_EDGE('',*,*,#5221,.T.);
#7601=ORIENTED_EDGE('',*,*,#5199,.F.);
#7602=ORIENTED_EDGE('',*,*,#4805,.T.);
#7603=ORIENTED_EDGE('',*,*,#5229,.T.);
#7604=ORIENTED_EDGE('',*,*,#5224,.F.);
#7605=ORIENTED_EDGE('',*,*,#5211,.F.);
#7606=ORIENTED_EDGE('',*,*,#4804,.T.);
#7607=ORIENTED_EDGE('',*,*,#5206,.T.);
#7608=ORIENTED_EDGE('',*,*,#5225,.F.);
#7609=ORIENTED_EDGE('',*,*,#5229,.F.);
#7610=ORIENTED_EDGE('',*,*,#4758,.F.);
#7611=ORIENTED_EDGE('',*,*,#5127,.F.);
#7612=ORIENTED_EDGE('',*,*,#5200,.F.);
#7613=ORIENTED_EDGE('',*,*,#5220,.T.);
#7614=ORIENTED_EDGE('',*,*,#5226,.T.);
#7615=ORIENTED_EDGE('',*,*,#4796,.T.);
#7616=PLANE('',#8365);
#7617=PLANE('',#8366);
#7618=PLANE('',#8367);
#7619=PLANE('',#8368);
#7620=PLANE('',#8369);
#7621=PLANE('',#8373);
#7622=PLANE('',#8377);
#7623=PLANE('',#8381);
#7624=PLANE('',#8385);
#7625=PLANE('',#8386);
#7626=PLANE('',#8387);
#7627=PLANE('',#8388);
#7628=PLANE('',#8389);
#7629=PLANE('',#8390);
#7630=PLANE('',#8391);
#7631=PLANE('',#8392);
#7632=PLANE('',#8393);
#7633=PLANE('',#8396);
#7634=PLANE('',#8397);
#7635=PLANE('',#8398);
#7636=PLANE('',#8399);
#7637=PLANE('',#8400);
#7638=PLANE('',#8401);
#7639=PLANE('',#8402);
#7640=PLANE('',#8403);
#7641=PLANE('',#8404);
#7642=PLANE('',#8408);
#7643=PLANE('',#8412);
#7644=PLANE('',#8416);
#7645=PLANE('',#8420);
#7646=PLANE('',#8424);
#7647=PLANE('',#8428);
#7648=PLANE('',#8432);
#7649=PLANE('',#8436);
#7650=PLANE('',#8440);
#7651=PLANE('',#8444);
#7652=PLANE('',#8448);
#7653=PLANE('',#8452);
#7654=PLANE('',#8453);
#7655=PLANE('',#8454);
#7656=PLANE('',#8459);
#7657=PLANE('',#8462);
#7658=PLANE('',#8471);
#7659=PLANE('',#8478);
#7660=PLANE('',#8479);
#7661=PLANE('',#8480);
#7662=PLANE('',#8484);
#7663=PLANE('',#8487);
#7664=PLANE('',#8490);
#7665=PLANE('',#8494);
#7666=PLANE('',#8495);
#7667=PLANE('',#8496);
#7668=PLANE('',#8499);
#7669=PLANE('',#8500);
#7670=PLANE('',#8501);
#7671=PLANE('',#8506);
#7672=PLANE('',#8509);
#7673=PLANE('',#8513);
#7674=PLANE('',#8515);
#7675=PLANE('',#8517);
#7676=PLANE('',#8519);
#7677=PLANE('',#8520);
#7678=PLANE('',#8521);
#7679=PLANE('',#8522);
#7680=PLANE('',#8523);
#7681=PLANE('',#8530);
#7682=PLANE('',#8531);
#7683=PLANE('',#8532);
#7684=PLANE('',#8533);
#7685=PLANE('',#8534);
#7686=PLANE('',#8537);
#7687=PLANE('',#8540);
#7688=PLANE('',#8541);
#7689=PLANE('',#8542);
#7690=PLANE('',#8543);
#7691=PLANE('',#8544);
#7692=PLANE('',#8550);
#7693=PLANE('',#8554);
#7694=PLANE('',#8561);
#7695=PLANE('',#8565);
#7696=PLANE('',#8566);
#7697=PLANE('',#8567);
#7698=PLANE('',#8568);
#7699=PLANE('',#8569);
#7700=PLANE('',#8570);
#7701=PLANE('',#8571);
#7702=PLANE('',#8572);
#7703=PLANE('',#8573);
#7704=PLANE('',#8574);
#7705=PLANE('',#8575);
#7706=PLANE('',#8576);
#7707=PLANE('',#8577);
#7708=PLANE('',#8578);
#7709=PLANE('',#8579);
#7710=PLANE('',#8580);
#7711=PLANE('',#8581);
#7712=PLANE('',#8582);
#7713=PLANE('',#8583);
#7714=PLANE('',#8584);
#7715=PLANE('',#8585);
#7716=PLANE('',#8586);
#7717=PLANE('',#8587);
#7718=PLANE('',#8588);
#7719=PLANE('',#8589);
#7720=PLANE('',#8590);
#7721=PLANE('',#8591);
#7722=PLANE('',#8592);
#7723=PLANE('',#8593);
#7724=PLANE('',#8594);
#7725=PLANE('',#8595);
#7726=PLANE('',#8596);
#7727=PLANE('',#8597);
#7728=PLANE('',#8598);
#7729=PLANE('',#8599);
#7730=PLANE('',#8600);
#7731=PLANE('',#8601);
#7732=PLANE('',#8602);
#7733=PLANE('',#8603);
#7734=PLANE('',#8604);
#7735=PLANE('',#8605);
#7736=PLANE('',#8606);
#7737=PLANE('',#8607);
#7738=PLANE('',#8608);
#7739=PLANE('',#8609);
#7740=PLANE('',#8610);
#7741=PLANE('',#8611);
#7742=PLANE('',#8612);
#7743=PLANE('',#8613);
#7744=PLANE('',#8614);
#7745=PLANE('',#8615);
#7746=PLANE('',#8616);
#7747=PLANE('',#8617);
#7748=PLANE('',#8618);
#7749=PLANE('',#8619);
#7750=PLANE('',#8620);
#7751=PLANE('',#8621);
#7752=PLANE('',#8622);
#7753=PLANE('',#8623);
#7754=PLANE('',#8624);
#7755=PLANE('',#8627);
#7756=PLANE('',#8628);
#7757=PLANE('',#8629);
#7758=PLANE('',#8631);
#7759=PLANE('',#8633);
#7760=PLANE('',#8634);
#7761=PLANE('',#8637);
#7762=PLANE('',#8639);
#7763=PLANE('',#8640);
#7764=PLANE('',#8641);
#7765=PLANE('',#8642);
#7766=PLANE('',#8643);
#7767=PLANE('',#8644);
#7768=PLANE('',#8645);
#7769=PLANE('',#8646);
#7770=PLANE('',#8652);
#7771=PLANE('',#8657);
#7772=PLANE('',#8658);
#7773=PLANE('',#8659);
#7774=PLANE('',#8666);
#7775=PLANE('',#8675);
#7776=PLANE('',#8676);
#7777=PLANE('',#8677);
#7778=PLANE('',#8678);
#7779=PLANE('',#8679);
#7780=PLANE('',#8680);
#7781=PLANE('',#8681);
#7782=PLANE('',#8682);
#7783=PLANE('',#8683);
#7784=PLANE('',#8690);
#7785=PLANE('',#8691);
#7786=PLANE('',#8694);
#7787=PLANE('',#8696);
#7788=PLANE('',#8704);
#7789=PLANE('',#8705);
#7790=PLANE('',#8706);
#7791=PLANE('',#8707);
#7792=PLANE('',#8708);
#7793=PLANE('',#8709);
#7794=PLANE('',#8710);
#7795=PLANE('',#8711);
#7796=PLANE('',#8712);
#7797=PLANE('',#8713);
#7798=PLANE('',#8714);
#7799=PLANE('',#8715);
#7800=PLANE('',#8716);
#7801=PLANE('',#8717);
#7802=PLANE('',#8718);
#7803=PLANE('',#8719);
#7804=PLANE('',#8720);
#7805=PLANE('',#8721);
#7806=PLANE('',#8722);
#7807=PLANE('',#8723);
#7808=PLANE('',#8724);
#7809=PLANE('',#8725);
#7810=PLANE('',#8726);
#7811=PLANE('',#8727);
#7812=PLANE('',#8728);
#7813=PLANE('',#8729);
#7814=PLANE('',#8730);
#7815=PLANE('',#8731);
#7816=PLANE('',#8732);
#7817=PLANE('',#8733);
#7818=PLANE('',#8734);
#7819=PLANE('',#8735);
#7820=PLANE('',#8736);
#7821=PLANE('',#8737);
#7822=PLANE('',#8738);
#7823=PLANE('',#8739);
#7824=PLANE('',#8740);
#7825=PLANE('',#8741);
#7826=PLANE('',#8742);
#7827=PLANE('',#8743);
#7828=PLANE('',#8744);
#7829=PLANE('',#8745);
#7830=PLANE('',#8746);
#7831=PLANE('',#8747);
#7832=PLANE('',#8748);
#7833=PLANE('',#8749);
#7834=PLANE('',#8750);
#7835=PLANE('',#8751);
#7836=PLANE('',#8752);
#7837=PLANE('',#8753);
#7838=PLANE('',#8754);
#7839=PLANE('',#8755);
#7840=PLANE('',#8756);
#7841=PLANE('',#8757);
#7842=PLANE('',#8758);
#7843=PLANE('',#8759);
#7844=PLANE('',#8760);
#7845=PLANE('',#8761);
#7846=PLANE('',#8762);
#7847=PLANE('',#8763);
#7848=PLANE('',#8764);
#7849=PLANE('',#8765);
#7850=PLANE('',#8766);
#7851=PLANE('',#8767);
#7852=PLANE('',#8768);
#7853=PLANE('',#8769);
#7854=PLANE('',#8770);
#7855=PLANE('',#8771);
#7856=PLANE('',#8772);
#7857=PLANE('',#8773);
#7858=PLANE('',#8777);
#7859=PLANE('',#8778);
#7860=PLANE('',#8779);
#7861=PLANE('',#8780);
#7862=PLANE('',#8781);
#7863=PLANE('',#8782);
#7864=PLANE('',#8783);
#7865=PLANE('',#8784);
#7866=PLANE('',#8785);
#7867=PLANE('',#8786);
#7868=PLANE('',#8787);
#7869=PLANE('',#8789);
#7870=PLANE('',#8790);
#7871=PLANE('',#8791);
#7872=PLANE('',#8792);
#7873=PLANE('',#8793);
#7874=PLANE('',#8794);
#7875=PLANE('',#8795);
#7876=PLANE('',#8796);
#7877=PLANE('',#8804);
#7878=PLANE('',#8807);
#7879=PLANE('',#8808);
#7880=PLANE('',#8809);
#7881=PLANE('',#8810);
#7882=PLANE('',#8811);
#7883=PLANE('',#8812);
#7884=PLANE('',#8813);
#7885=PLANE('',#8818);
#7886=PLANE('',#8819);
#7887=PLANE('',#8820);
#7888=PLANE('',#8821);
#7889=PLANE('',#8822);
#7890=PLANE('',#8823);
#7891=PLANE('',#8824);
#7892=PLANE('',#8825);
#7893=PLANE('',#8826);
#7894=PLANE('',#8827);
#7895=PLANE('',#8828);
#7896=PLANE('',#8829);
#7897=PLANE('',#8830);
#7898=PLANE('',#8831);
#7899=PLANE('',#8832);
#7900=PLANE('',#8833);
#7901=PLANE('',#8834);
#7902=PLANE('',#8835);
#7903=PLANE('',#8836);
#7904=PLANE('',#8837);
#7905=PLANE('',#8838);
#7906=PLANE('',#8839);
#7907=PLANE('',#8840);
#7908=PLANE('',#8841);
#7909=PLANE('',#8842);
#7910=PLANE('',#8843);
#7911=PLANE('',#8844);
#7912=PLANE('',#8845);
#7913=PLANE('',#8846);
#7914=PLANE('',#8847);
#7915=ADVANCED_FACE('',(#486),#7616,.T.);
#7916=ADVANCED_FACE('',(#487),#7617,.T.);
#7917=ADVANCED_FACE('',(#488),#7618,.T.);
#7918=ADVANCED_FACE('',(#489),#7619,.T.);
#7919=ADVANCED_FACE('',(#490),#7620,.F.);
#7920=ADVANCED_FACE('',(#491),#313,.F.);
#7921=ADVANCED_FACE('',(#492),#7621,.F.);
#7922=ADVANCED_FACE('',(#493),#314,.F.);
#7923=ADVANCED_FACE('',(#494),#7622,.F.);
#7924=ADVANCED_FACE('',(#495),#315,.F.);
#7925=ADVANCED_FACE('',(#496),#7623,.F.);
#7926=ADVANCED_FACE('',(#497),#316,.F.);
#7927=ADVANCED_FACE('',(#498),#7624,.F.);
#7928=ADVANCED_FACE('',(#499),#7625,.T.);
#7929=ADVANCED_FACE('',(#500),#7626,.T.);
#7930=ADVANCED_FACE('',(#501),#7627,.T.);
#7931=ADVANCED_FACE('',(#502),#7628,.T.);
#7932=ADVANCED_FACE('',(#503),#7629,.T.);
#7933=ADVANCED_FACE('',(#504),#7630,.T.);
#7934=ADVANCED_FACE('',(#505),#7631,.T.);
#7935=ADVANCED_FACE('',(#506),#7632,.T.);
#7936=ADVANCED_FACE('',(#507),#7633,.T.);
#7937=ADVANCED_FACE('',(#508),#7634,.T.);
#7938=ADVANCED_FACE('',(#509),#7635,.T.);
#7939=ADVANCED_FACE('',(#510),#7636,.T.);
#7940=ADVANCED_FACE('',(#511),#7637,.T.);
#7941=ADVANCED_FACE('',(#512),#7638,.T.);
#7942=ADVANCED_FACE('',(#513),#7639,.T.);
#7943=ADVANCED_FACE('',(#514),#7640,.T.);
#7944=ADVANCED_FACE('',(#515),#7641,.F.);
#7945=ADVANCED_FACE('',(#516),#317,.F.);
#7946=ADVANCED_FACE('',(#517),#7642,.F.);
#7947=ADVANCED_FACE('',(#518),#318,.F.);
#7948=ADVANCED_FACE('',(#519),#7643,.F.);
#7949=ADVANCED_FACE('',(#520),#319,.F.);
#7950=ADVANCED_FACE('',(#521),#7644,.F.);
#7951=ADVANCED_FACE('',(#522),#320,.F.);
#7952=ADVANCED_FACE('',(#523),#7645,.F.);
#7953=ADVANCED_FACE('',(#524),#321,.F.);
#7954=ADVANCED_FACE('',(#525),#7646,.F.);
#7955=ADVANCED_FACE('',(#526),#322,.F.);
#7956=ADVANCED_FACE('',(#527),#7647,.F.);
#7957=ADVANCED_FACE('',(#528),#323,.F.);
#7958=ADVANCED_FACE('',(#529),#7648,.F.);
#7959=ADVANCED_FACE('',(#530),#324,.F.);
#7960=ADVANCED_FACE('',(#531),#7649,.F.);
#7961=ADVANCED_FACE('',(#532),#325,.F.);
#7962=ADVANCED_FACE('',(#533),#7650,.F.);
#7963=ADVANCED_FACE('',(#534),#326,.F.);
#7964=ADVANCED_FACE('',(#535),#7651,.F.);
#7965=ADVANCED_FACE('',(#536),#327,.F.);
#7966=ADVANCED_FACE('',(#537),#7652,.F.);
#7967=ADVANCED_FACE('',(#538),#328,.F.);
#7968=ADVANCED_FACE('',(#539),#7653,.F.);
#7969=ADVANCED_FACE('',(#540),#7654,.F.);
#7970=ADVANCED_FACE('',(#541,#250,#251,#252,#253,#254,#255,#256,#257),#7655,
 .T.);
#7971=ADVANCED_FACE('',(#542),#7656,.F.);
#7972=ADVANCED_FACE('',(#543),#329,.F.);
#7973=ADVANCED_FACE('',(#544),#7657,.F.);
#7974=ADVANCED_FACE('',(#545),#330,.F.);
#7975=ADVANCED_FACE('',(#546),#331,.F.);
#7976=ADVANCED_FACE('',(#547),#332,.F.);
#7977=ADVANCED_FACE('',(#548),#7658,.F.);
#7978=ADVANCED_FACE('',(#549),#333,.F.);
#7979=ADVANCED_FACE('',(#550),#334,.F.);
#7980=ADVANCED_FACE('',(#551),#7659,.T.);
#7981=ADVANCED_FACE('',(#552),#7660,.T.);
#7982=ADVANCED_FACE('',(#553),#7661,.T.);
#7983=ADVANCED_FACE('',(#554),#335,.F.);
#7984=ADVANCED_FACE('',(#555),#7662,.F.);
#7985=ADVANCED_FACE('',(#556),#336,.T.);
#7986=ADVANCED_FACE('',(#557),#7663,.T.);
#7987=ADVANCED_FACE('',(#558),#337,.T.);
#7988=ADVANCED_FACE('',(#559),#7664,.T.);
#7989=ADVANCED_FACE('',(#560),#338,.F.);
#7990=ADVANCED_FACE('',(#561),#7665,.T.);
#7991=ADVANCED_FACE('',(#562),#7666,.T.);
#7992=ADVANCED_FACE('',(#563),#7667,.T.);
#7993=ADVANCED_FACE('',(#564),#241,.F.);
#7994=ADVANCED_FACE('',(#565),#7668,.T.);
#7995=ADVANCED_FACE('',(#566),#7669,.T.);
#7996=ADVANCED_FACE('',(#567,#258),#7670,.T.);
#7997=ADVANCED_FACE('',(#568),#7671,.T.);
#7998=ADVANCED_FACE('',(#569),#339,.T.);
#7999=ADVANCED_FACE('',(#570),#7672,.T.);
#8000=ADVANCED_FACE('',(#571),#340,.T.);
#8001=ADVANCED_FACE('',(#572),#242,.T.);
#8002=ADVANCED_FACE('',(#573),#7673,.T.);
#8003=ADVANCED_FACE('',(#574),#243,.T.);
#8004=ADVANCED_FACE('',(#575),#7674,.T.);
#8005=ADVANCED_FACE('',(#576),#244,.T.);
#8006=ADVANCED_FACE('',(#577),#7675,.T.);
#8007=ADVANCED_FACE('',(#578),#245,.T.);
#8008=ADVANCED_FACE('',(#579),#7676,.T.);
#8009=ADVANCED_FACE('',(#580),#7677,.T.);
#8010=ADVANCED_FACE('',(#581),#7678,.T.);
#8011=ADVANCED_FACE('',(#582),#7679,.T.);
#8012=ADVANCED_FACE('',(#583,#259),#7680,.T.);
#8013=ADVANCED_FACE('',(#584),#341,.F.);
#8014=ADVANCED_FACE('',(#585),#7681,.F.);
#8015=ADVANCED_FACE('',(#586),#7682,.F.);
#8016=ADVANCED_FACE('',(#587),#7683,.F.);
#8017=ADVANCED_FACE('',(#588),#7684,.F.);
#8018=ADVANCED_FACE('',(#589),#7685,.F.);
#8019=ADVANCED_FACE('',(#590),#342,.F.);
#8020=ADVANCED_FACE('',(#591),#7686,.F.);
#8021=ADVANCED_FACE('',(#592),#343,.F.);
#8022=ADVANCED_FACE('',(#593),#7687,.F.);
#8023=ADVANCED_FACE('',(#594),#7688,.F.);
#8024=ADVANCED_FACE('',(#595),#7689,.F.);
#8025=ADVANCED_FACE('',(#596),#7690,.F.);
#8026=ADVANCED_FACE('',(#597),#7691,.F.);
#8027=ADVANCED_FACE('',(#598),#344,.F.);
#8028=ADVANCED_FACE('',(#599),#345,.T.);
#8029=ADVANCED_FACE('',(#600),#7692,.T.);
#8030=ADVANCED_FACE('',(#601),#346,.T.);
#8031=ADVANCED_FACE('',(#602),#7693,.T.);
#8032=ADVANCED_FACE('',(#603),#347,.T.);
#8033=ADVANCED_FACE('',(#604),#348,.T.);
#8034=ADVANCED_FACE('',(#605),#7694,.T.);
#8035=ADVANCED_FACE('',(#606),#349,.F.);
#8036=ADVANCED_FACE('',(#607),#7695,.F.);
#8037=ADVANCED_FACE('',(#608),#7696,.F.);
#8038=ADVANCED_FACE('',(#609),#7697,.F.);
#8039=ADVANCED_FACE('',(#610),#7698,.F.);
#8040=ADVANCED_FACE('',(#611),#7699,.T.);
#8041=ADVANCED_FACE('',(#612,#260),#7700,.F.);
#8042=ADVANCED_FACE('',(#613),#7701,.F.);
#8043=ADVANCED_FACE('',(#614),#7702,.F.);
#8044=ADVANCED_FACE('',(#615),#7703,.T.);
#8045=ADVANCED_FACE('',(#616),#7704,.F.);
#8046=ADVANCED_FACE('',(#617),#7705,.T.);
#8047=ADVANCED_FACE('',(#618),#7706,.T.);
#8048=ADVANCED_FACE('',(#619,#261,#262,#263,#264,#265,#266,#267,#268,#269,
#270,#271),#7707,.T.);
#8049=ADVANCED_FACE('',(#620),#7708,.F.);
#8050=ADVANCED_FACE('',(#621),#7709,.F.);
#8051=ADVANCED_FACE('',(#622),#7710,.F.);
#8052=ADVANCED_FACE('',(#623),#7711,.F.);
#8053=ADVANCED_FACE('',(#624,#272),#7712,.F.);
#8054=ADVANCED_FACE('',(#625),#7713,.T.);
#8055=ADVANCED_FACE('',(#626),#7714,.T.);
#8056=ADVANCED_FACE('',(#627),#7715,.T.);
#8057=ADVANCED_FACE('',(#628),#7716,.T.);
#8058=ADVANCED_FACE('',(#629),#7717,.T.);
#8059=ADVANCED_FACE('',(#630),#7718,.T.);
#8060=ADVANCED_FACE('',(#631),#7719,.T.);
#8061=ADVANCED_FACE('',(#632),#7720,.T.);
#8062=ADVANCED_FACE('',(#633),#7721,.T.);
#8063=ADVANCED_FACE('',(#634),#7722,.T.);
#8064=ADVANCED_FACE('',(#635),#7723,.T.);
#8065=ADVANCED_FACE('',(#636),#7724,.T.);
#8066=ADVANCED_FACE('',(#637),#7725,.T.);
#8067=ADVANCED_FACE('',(#638),#7726,.T.);
#8068=ADVANCED_FACE('',(#639),#7727,.T.);
#8069=ADVANCED_FACE('',(#640),#7728,.T.);
#8070=ADVANCED_FACE('',(#641),#7729,.T.);
#8071=ADVANCED_FACE('',(#642),#7730,.T.);
#8072=ADVANCED_FACE('',(#643),#7731,.T.);
#8073=ADVANCED_FACE('',(#644),#7732,.T.);
#8074=ADVANCED_FACE('',(#645),#7733,.T.);
#8075=ADVANCED_FACE('',(#646),#7734,.T.);
#8076=ADVANCED_FACE('',(#647),#7735,.T.);
#8077=ADVANCED_FACE('',(#648),#7736,.T.);
#8078=ADVANCED_FACE('',(#649),#7737,.T.);
#8079=ADVANCED_FACE('',(#650),#7738,.T.);
#8080=ADVANCED_FACE('',(#651,#273),#7739,.T.);
#8081=ADVANCED_FACE('',(#652),#7740,.T.);
#8082=ADVANCED_FACE('',(#653,#274),#7741,.F.);
#8083=ADVANCED_FACE('',(#654),#7742,.T.);
#8084=ADVANCED_FACE('',(#655),#7743,.T.);
#8085=ADVANCED_FACE('',(#656),#7744,.T.);
#8086=ADVANCED_FACE('',(#657),#7745,.T.);
#8087=ADVANCED_FACE('',(#658),#7746,.T.);
#8088=ADVANCED_FACE('',(#659),#7747,.T.);
#8089=ADVANCED_FACE('',(#660),#7748,.T.);
#8090=ADVANCED_FACE('',(#661),#7749,.T.);
#8091=ADVANCED_FACE('',(#662),#7750,.T.);
#8092=ADVANCED_FACE('',(#663),#7751,.F.);
#8093=ADVANCED_FACE('',(#664),#7752,.F.);
#8094=ADVANCED_FACE('',(#665),#7753,.F.);
#8095=ADVANCED_FACE('',(#666),#7754,.F.);
#8096=ADVANCED_FACE('',(#667),#7755,.T.);
#8097=ADVANCED_FACE('',(#668),#7756,.T.);
#8098=ADVANCED_FACE('',(#669),#7757,.T.);
#8099=ADVANCED_FACE('',(#670),#7758,.F.);
#8100=ADVANCED_FACE('',(#671),#7759,.F.);
#8101=ADVANCED_FACE('',(#672),#7760,.F.);
#8102=ADVANCED_FACE('',(#673),#350,.F.);
#8103=ADVANCED_FACE('',(#674),#7761,.T.);
#8104=ADVANCED_FACE('',(#675),#351,.F.);
#8105=ADVANCED_FACE('',(#676),#7762,.T.);
#8106=ADVANCED_FACE('',(#677),#7763,.F.);
#8107=ADVANCED_FACE('',(#678),#7764,.T.);
#8108=ADVANCED_FACE('',(#679),#7765,.T.);
#8109=ADVANCED_FACE('',(#680),#7766,.T.);
#8110=ADVANCED_FACE('',(#681),#7767,.T.);
#8111=ADVANCED_FACE('',(#682),#7768,.T.);
#8112=ADVANCED_FACE('',(#683),#7769,.T.);
#8113=ADVANCED_FACE('',(#684),#352,.T.);
#8114=ADVANCED_FACE('',(#685),#7770,.T.);
#8115=ADVANCED_FACE('',(#686),#353,.F.);
#8116=ADVANCED_FACE('',(#687,#275),#7771,.F.);
#8117=ADVANCED_FACE('',(#688),#7772,.F.);
#8118=ADVANCED_FACE('',(#689,#276,#277,#278,#279,#280,#281,#282,#283,#284,
#285,#286,#287,#288,#289,#290),#7773,.T.);
#8119=ADVANCED_FACE('',(#690),#7774,.T.);
#8120=ADVANCED_FACE('',(#691),#354,.T.);
#8121=ADVANCED_FACE('',(#692),#355,.F.);
#8122=ADVANCED_FACE('',(#693,#291),#7775,.F.);
#8123=ADVANCED_FACE('',(#694),#7776,.F.);
#8124=ADVANCED_FACE('',(#695),#7777,.T.);
#8125=ADVANCED_FACE('',(#696),#7778,.T.);
#8126=ADVANCED_FACE('',(#697),#7779,.T.);
#8127=ADVANCED_FACE('',(#698),#7780,.T.);
#8128=ADVANCED_FACE('',(#699),#7781,.T.);
#8129=ADVANCED_FACE('',(#700),#7782,.T.);
#8130=ADVANCED_FACE('',(#701),#7783,.T.);
#8131=ADVANCED_FACE('',(#702),#356,.T.);
#8132=ADVANCED_FACE('',(#703),#357,.F.);
#8133=ADVANCED_FACE('',(#704,#292),#7784,.F.);
#8134=ADVANCED_FACE('',(#705,#293),#7785,.T.);
#8135=ADVANCED_FACE('',(#706),#7786,.T.);
#8136=ADVANCED_FACE('',(#707),#7787,.T.);
#8137=ADVANCED_FACE('',(#708),#358,.T.);
#8138=ADVANCED_FACE('',(#709),#359,.F.);
#8139=ADVANCED_FACE('',(#710,#294),#7788,.F.);
#8140=ADVANCED_FACE('',(#711),#7789,.F.);
#8141=ADVANCED_FACE('',(#712),#7790,.F.);
#8142=ADVANCED_FACE('',(#713),#7791,.F.);
#8143=ADVANCED_FACE('',(#714),#7792,.F.);
#8144=ADVANCED_FACE('',(#715),#7793,.F.);
#8145=ADVANCED_FACE('',(#716),#7794,.F.);
#8146=ADVANCED_FACE('',(#717),#7795,.F.);
#8147=ADVANCED_FACE('',(#718),#7796,.F.);
#8148=ADVANCED_FACE('',(#719),#7797,.F.);
#8149=ADVANCED_FACE('',(#720),#7798,.F.);
#8150=ADVANCED_FACE('',(#721),#7799,.T.);
#8151=ADVANCED_FACE('',(#722),#7800,.T.);
#8152=ADVANCED_FACE('',(#723),#7801,.T.);
#8153=ADVANCED_FACE('',(#724),#7802,.T.);
#8154=ADVANCED_FACE('',(#725),#7803,.T.);
#8155=ADVANCED_FACE('',(#726),#7804,.T.);
#8156=ADVANCED_FACE('',(#727),#14,.T.);
#8157=ADVANCED_FACE('',(#728),#15,.T.);
#8158=ADVANCED_FACE('',(#729),#16,.T.);
#8159=ADVANCED_FACE('',(#730),#17,.T.);
#8160=ADVANCED_FACE('',(#731),#7805,.T.);
#8161=ADVANCED_FACE('',(#732),#18,.T.);
#8162=ADVANCED_FACE('',(#733),#19,.T.);
#8163=ADVANCED_FACE('',(#734),#7806,.T.);
#8164=ADVANCED_FACE('',(#735),#7807,.T.);
#8165=ADVANCED_FACE('',(#736),#7808,.T.);
#8166=ADVANCED_FACE('',(#737),#7809,.T.);
#8167=ADVANCED_FACE('',(#738),#7810,.T.);
#8168=ADVANCED_FACE('',(#739),#20,.T.);
#8169=ADVANCED_FACE('',(#740),#21,.T.);
#8170=ADVANCED_FACE('',(#741),#22,.T.);
#8171=ADVANCED_FACE('',(#742),#23,.T.);
#8172=ADVANCED_FACE('',(#743),#7811,.T.);
#8173=ADVANCED_FACE('',(#744),#24,.T.);
#8174=ADVANCED_FACE('',(#745),#25,.T.);
#8175=ADVANCED_FACE('',(#746),#7812,.T.);
#8176=ADVANCED_FACE('',(#747),#7813,.T.);
#8177=ADVANCED_FACE('',(#748),#7814,.T.);
#8178=ADVANCED_FACE('',(#749),#7815,.T.);
#8179=ADVANCED_FACE('',(#750),#26,.T.);
#8180=ADVANCED_FACE('',(#751),#27,.T.);
#8181=ADVANCED_FACE('',(#752),#28,.T.);
#8182=ADVANCED_FACE('',(#753),#29,.T.);
#8183=ADVANCED_FACE('',(#754),#30,.T.);
#8184=ADVANCED_FACE('',(#755),#31,.T.);
#8185=ADVANCED_FACE('',(#756),#32,.T.);
#8186=ADVANCED_FACE('',(#757),#33,.T.);
#8187=ADVANCED_FACE('',(#758),#34,.T.);
#8188=ADVANCED_FACE('',(#759),#7816,.T.);
#8189=ADVANCED_FACE('',(#760),#7817,.T.);
#8190=ADVANCED_FACE('',(#761),#7818,.T.);
#8191=ADVANCED_FACE('',(#762),#7819,.T.);
#8192=ADVANCED_FACE('',(#763),#7820,.T.);
#8193=ADVANCED_FACE('',(#764),#7821,.T.);
#8194=ADVANCED_FACE('',(#765),#35,.T.);
#8195=ADVANCED_FACE('',(#766),#36,.T.);
#8196=ADVANCED_FACE('',(#767),#37,.T.);
#8197=ADVANCED_FACE('',(#768),#7822,.T.);
#8198=ADVANCED_FACE('',(#769),#7823,.T.);
#8199=ADVANCED_FACE('',(#770),#7824,.T.);
#8200=ADVANCED_FACE('',(#771),#7825,.T.);
#8201=ADVANCED_FACE('',(#772),#7826,.T.);
#8202=ADVANCED_FACE('',(#773),#38,.T.);
#8203=ADVANCED_FACE('',(#774),#39,.T.);
#8204=ADVANCED_FACE('',(#775),#40,.T.);
#8205=ADVANCED_FACE('',(#776),#41,.T.);
#8206=ADVANCED_FACE('',(#777),#42,.T.);
#8207=ADVANCED_FACE('',(#778),#43,.T.);
#8208=ADVANCED_FACE('',(#779),#44,.T.);
#8209=ADVANCED_FACE('',(#780),#45,.T.);
#8210=ADVANCED_FACE('',(#781),#46,.T.);
#8211=ADVANCED_FACE('',(#782),#47,.T.);
#8212=ADVANCED_FACE('',(#783),#48,.T.);
#8213=ADVANCED_FACE('',(#784),#49,.T.);
#8214=ADVANCED_FACE('',(#785),#7827,.T.);
#8215=ADVANCED_FACE('',(#786),#50,.T.);
#8216=ADVANCED_FACE('',(#787),#51,.T.);
#8217=ADVANCED_FACE('',(#788),#52,.T.);
#8218=ADVANCED_FACE('',(#789),#53,.T.);
#8219=ADVANCED_FACE('',(#790),#54,.T.);
#8220=ADVANCED_FACE('',(#791),#55,.T.);
#8221=ADVANCED_FACE('',(#792),#56,.T.);
#8222=ADVANCED_FACE('',(#793),#57,.T.);
#8223=ADVANCED_FACE('',(#794),#7828,.T.);
#8224=ADVANCED_FACE('',(#795),#58,.T.);
#8225=ADVANCED_FACE('',(#796),#7829,.T.);
#8226=ADVANCED_FACE('',(#797),#7830,.T.);
#8227=ADVANCED_FACE('',(#798),#7831,.T.);
#8228=ADVANCED_FACE('',(#799),#7832,.T.);
#8229=ADVANCED_FACE('',(#800),#7833,.T.);
#8230=ADVANCED_FACE('',(#801),#7834,.T.);
#8231=ADVANCED_FACE('',(#802),#7835,.T.);
#8232=ADVANCED_FACE('',(#803),#7836,.T.);
#8233=ADVANCED_FACE('',(#804),#7837,.T.);
#8234=ADVANCED_FACE('',(#805),#7838,.T.);
#8235=ADVANCED_FACE('',(#806),#7839,.T.);
#8236=ADVANCED_FACE('',(#807),#7840,.T.);
#8237=ADVANCED_FACE('',(#808),#7841,.T.);
#8238=ADVANCED_FACE('',(#809),#59,.T.);
#8239=ADVANCED_FACE('',(#810),#60,.T.);
#8240=ADVANCED_FACE('',(#811),#61,.T.);
#8241=ADVANCED_FACE('',(#812),#62,.T.);
#8242=ADVANCED_FACE('',(#813),#63,.T.);
#8243=ADVANCED_FACE('',(#814),#64,.T.);
#8244=ADVANCED_FACE('',(#815),#65,.T.);
#8245=ADVANCED_FACE('',(#816),#66,.T.);
#8246=ADVANCED_FACE('',(#817),#67,.T.);
#8247=ADVANCED_FACE('',(#818),#7842,.T.);
#8248=ADVANCED_FACE('',(#819),#7843,.T.);
#8249=ADVANCED_FACE('',(#820),#7844,.T.);
#8250=ADVANCED_FACE('',(#821),#7845,.T.);
#8251=ADVANCED_FACE('',(#822),#7846,.T.);
#8252=ADVANCED_FACE('',(#823),#7847,.T.);
#8253=ADVANCED_FACE('',(#824),#7848,.T.);
#8254=ADVANCED_FACE('',(#825),#7849,.T.);
#8255=ADVANCED_FACE('',(#826),#7850,.T.);
#8256=ADVANCED_FACE('',(#827),#7851,.T.);
#8257=ADVANCED_FACE('',(#828),#7852,.T.);
#8258=ADVANCED_FACE('',(#829),#7853,.T.);
#8259=ADVANCED_FACE('',(#830),#68,.T.);
#8260=ADVANCED_FACE('',(#831),#69,.T.);
#8261=ADVANCED_FACE('',(#832),#70,.T.);
#8262=ADVANCED_FACE('',(#833),#71,.T.);
#8263=ADVANCED_FACE('',(#834),#72,.T.);
#8264=ADVANCED_FACE('',(#835),#73,.T.);
#8265=ADVANCED_FACE('',(#836),#74,.T.);
#8266=ADVANCED_FACE('',(#837),#75,.T.);
#8267=ADVANCED_FACE('',(#838),#76,.T.);
#8268=ADVANCED_FACE('',(#839),#7854,.T.);
#8269=ADVANCED_FACE('',(#840),#7855,.T.);
#8270=ADVANCED_FACE('',(#841),#7856,.T.);
#8271=ADVANCED_FACE('',(#842),#77,.T.);
#8272=ADVANCED_FACE('',(#843),#78,.T.);
#8273=ADVANCED_FACE('',(#844),#79,.T.);
#8274=ADVANCED_FACE('',(#845),#80,.T.);
#8275=ADVANCED_FACE('',(#846),#81,.T.);
#8276=ADVANCED_FACE('',(#847),#82,.T.);
#8277=ADVANCED_FACE('',(#848),#83,.T.);
#8278=ADVANCED_FACE('',(#849),#84,.T.);
#8279=ADVANCED_FACE('',(#850),#85,.T.);
#8280=ADVANCED_FACE('',(#851),#7857,.T.);
#8281=ADVANCED_FACE('',(#852),#86,.T.);
#8282=ADVANCED_FACE('',(#853),#360,.F.);
#8283=ADVANCED_FACE('',(#854),#7858,.T.);
#8284=ADVANCED_FACE('',(#855),#7859,.T.);
#8285=ADVANCED_FACE('',(#856),#7860,.T.);
#8286=ADVANCED_FACE('',(#857),#7861,.T.);
#8287=ADVANCED_FACE('',(#858),#7862,.T.);
#8288=ADVANCED_FACE('',(#859),#7863,.T.);
#8289=ADVANCED_FACE('',(#860),#7864,.F.);
#8290=ADVANCED_FACE('',(#861),#7865,.T.);
#8291=ADVANCED_FACE('',(#862),#7866,.T.);
#8292=ADVANCED_FACE('',(#863),#7867,.F.);
#8293=ADVANCED_FACE('',(#864,#295),#7868,.T.);
#8294=ADVANCED_FACE('',(#865),#7869,.T.);
#8295=ADVANCED_FACE('',(#866),#7870,.F.);
#8296=ADVANCED_FACE('',(#867),#7871,.F.);
#8297=ADVANCED_FACE('',(#868),#7872,.T.);
#8298=ADVANCED_FACE('',(#869),#7873,.T.);
#8299=ADVANCED_FACE('',(#870),#7874,.T.);
#8300=ADVANCED_FACE('',(#871),#7875,.T.);
#8301=ADVANCED_FACE('',(#872),#7876,.T.);
#8302=ADVANCED_FACE('',(#873),#246,.F.);
#8303=ADVANCED_FACE('',(#874),#247,.F.);
#8304=ADVANCED_FACE('',(#875),#248,.F.);
#8305=ADVANCED_FACE('',(#876,#296,#297,#298,#299,#300,#301,#302,#303,#304,
#305,#306,#307,#308,#309,#310),#7877,.T.);
#8306=ADVANCED_FACE('',(#877),#249,.F.);
#8307=ADVANCED_FACE('',(#878),#7878,.T.);
#8308=ADVANCED_FACE('',(#879),#7879,.F.);
#8309=ADVANCED_FACE('',(#880),#7880,.T.);
#8310=ADVANCED_FACE('',(#881),#7881,.F.);
#8311=ADVANCED_FACE('',(#882),#7882,.F.);
#8312=ADVANCED_FACE('',(#883),#7883,.T.);
#8313=ADVANCED_FACE('',(#884),#7884,.F.);
#8314=ADVANCED_FACE('',(#885),#361,.T.);
#8315=ADVANCED_FACE('',(#886),#362,.T.);
#8316=ADVANCED_FACE('',(#887),#363,.F.);
#8317=ADVANCED_FACE('',(#888),#364,.T.);
#8318=ADVANCED_FACE('',(#889),#7885,.T.);
#8319=ADVANCED_FACE('',(#890),#7886,.T.);
#8320=ADVANCED_FACE('',(#891),#7887,.T.);
#8321=ADVANCED_FACE('',(#892),#7888,.T.);
#8322=ADVANCED_FACE('',(#893),#7889,.T.);
#8323=ADVANCED_FACE('',(#894),#7890,.T.);
#8324=ADVANCED_FACE('',(#895),#7891,.T.);
#8325=ADVANCED_FACE('',(#896),#7892,.T.);
#8326=ADVANCED_FACE('',(#897),#7893,.T.);
#8327=ADVANCED_FACE('',(#898),#7894,.T.);
#8328=ADVANCED_FACE('',(#899),#7895,.T.);
#8329=ADVANCED_FACE('',(#900),#7896,.T.);
#8330=ADVANCED_FACE('',(#901),#7897,.T.);
#8331=ADVANCED_FACE('',(#902),#7898,.F.);
#8332=ADVANCED_FACE('',(#903),#7899,.F.);
#8333=ADVANCED_FACE('',(#904),#7900,.F.);
#8334=ADVANCED_FACE('',(#905),#7901,.F.);
#8335=ADVANCED_FACE('',(#906),#7902,.F.);
#8336=ADVANCED_FACE('',(#907),#7903,.T.);
#8337=ADVANCED_FACE('',(#908),#7904,.T.);
#8338=ADVANCED_FACE('',(#909),#7905,.T.);
#8339=ADVANCED_FACE('',(#910),#7906,.T.);
#8340=ADVANCED_FACE('',(#911),#7907,.T.);
#8341=ADVANCED_FACE('',(#912),#7908,.F.);
#8342=ADVANCED_FACE('',(#913),#7909,.T.);
#8343=ADVANCED_FACE('',(#914),#7910,.T.);
#8344=ADVANCED_FACE('',(#915),#7911,.T.);
#8345=ADVANCED_FACE('',(#916),#7912,.F.);
#8346=ADVANCED_FACE('',(#917),#7913,.F.);
#8347=ADVANCED_FACE('',(#918),#7914,.T.);
#8348=CLOSED_SHELL('',(#7915,#7916,#7917,#7918,#7919,#7920,#7921,#7922,
#7923,#7924,#7925,#7926,#7927,#7928,#7929,#7930,#7931,#7932,#7933,#7934,
#7935,#7936,#7937,#7938,#7939,#7940,#7941,#7942,#7943,#7944,#7945,#7946,
#7947,#7948,#7949,#7950,#7951,#7952,#7953,#7954,#7955,#7956,#7957,#7958,
#7959,#7960,#7961,#7962,#7963,#7964,#7965,#7966,#7967,#7968,#7969,#7970,
#7971,#7972,#7973,#7974,#7975,#7976,#7977,#7978,#7979,#7980,#7981,#7982,
#7983,#7984,#7985,#7986,#7987,#7988,#7989,#7990,#7991,#7992,#7993,#7994,
#7995,#7996,#7997,#7998,#7999,#8000,#8001,#8002,#8003,#8004,#8005,#8006,
#8007,#8008,#8009,#8010,#8011,#8012,#8013,#8014,#8015,#8016,#8017,#8018,
#8019,#8020,#8021,#8022,#8023,#8024,#8025,#8026,#8027,#8028,#8029,#8030,
#8031,#8032,#8033,#8034,#8035,#8036,#8037,#8038,#8039,#8040,#8041,#8042,
#8043,#8044,#8045,#8046,#8047,#8048));
#8349=CLOSED_SHELL('',(#8049,#8050,#8051,#8052,#8053,#8054,#8055,#8056,
#8057,#8058,#8059,#8060,#8061,#8062,#8063,#8064,#8065,#8066,#8067,#8068,
#8069,#8070,#8071,#8072,#8073,#8074,#8075,#8076,#8077,#8078,#8079,#8080,
#8081,#8082,#8083,#8084,#8085,#8086,#8087,#8088,#8089,#8090,#8091));
#8350=CLOSED_SHELL('',(#8092,#8093,#8094,#8095,#8096,#8097,#8098,#8099,
#8100,#8101,#8102,#8103,#8104,#8105,#8106,#8107,#8108,#8109,#8110,#8111,
#8112));
#8351=CLOSED_SHELL('',(#8113,#8114,#8115,#8116,#8117,#8118,#8119,#8120,
#8121,#8122,#8123,#8124,#8125,#8126,#8127,#8128,#8129,#8130,#8131,#8132,
#8133,#8134,#8135,#8136,#8137,#8138,#8139,#8140,#8141,#8142,#8143,#8144,
#8145,#8146,#8147,#8148,#8149,#8150,#8151,#8152,#8153,#8154,#8155,#8156,
#8157,#8158,#8159,#8160,#8161,#8162,#8163,#8164,#8165,#8166,#8167,#8168,
#8169,#8170,#8171,#8172,#8173,#8174,#8175,#8176,#8177,#8178,#8179,#8180,
#8181,#8182,#8183,#8184,#8185,#8186,#8187,#8188,#8189,#8190,#8191,#8192,
#8193,#8194,#8195,#8196,#8197,#8198,#8199,#8200,#8201,#8202,#8203,#8204,
#8205,#8206,#8207,#8208,#8209,#8210,#8211,#8212,#8213,#8214,#8215,#8216,
#8217,#8218,#8219,#8220,#8221,#8222,#8223,#8224,#8225,#8226,#8227,#8228,
#8229,#8230,#8231,#8232,#8233,#8234,#8235,#8236,#8237,#8238,#8239,#8240,
#8241,#8242,#8243,#8244,#8245,#8246,#8247,#8248,#8249,#8250,#8251,#8252,
#8253,#8254,#8255,#8256,#8257,#8258,#8259,#8260,#8261,#8262,#8263,#8264,
#8265,#8266,#8267,#8268,#8269,#8270,#8271,#8272,#8273,#8274,#8275,#8276,
#8277,#8278,#8279,#8280,#8281,#8282,#8283,#8284,#8285,#8286,#8287,#8288,
#8289,#8290,#8291,#8292,#8293,#8294,#8295,#8296,#8297,#8298,#8299,#8300,
#8301,#8302,#8303,#8304,#8305,#8306,#8307,#8308,#8309,#8310,#8311,#8312,
#8313,#8314,#8315,#8316,#8317,#8318,#8319,#8320,#8321,#8322,#8323,#8324,
#8325,#8326,#8327,#8328,#8329,#8330,#8331,#8332,#8333,#8334,#8335,#8336,
#8337,#8338,#8339,#8340,#8341,#8342,#8343,#8344,#8345,#8346,#8347));
#8352=DERIVED_UNIT_ELEMENT(#8354,1.);
#8353=DERIVED_UNIT_ELEMENT(#14392,-3.);
#8354=(
MASS_UNIT()
NAMED_UNIT(*)
SI_UNIT(.KILO.,.GRAM.)
);
#8355=DERIVED_UNIT((#8352,#8353));
#8356=MEASURE_REPRESENTATION_ITEM('density measure',
POSITIVE_RATIO_MEASURE(7850.),#8355);
#8357=PROPERTY_DEFINITION_REPRESENTATION(#8362,#8359);
#8358=PROPERTY_DEFINITION_REPRESENTATION(#8363,#8360);
#8359=REPRESENTATION('material name',(#8361),#14389);
#8360=REPRESENTATION('density',(#8356),#14389);
#8361=DESCRIPTIVE_REPRESENTATION_ITEM('Steel','Steel');
#8362=PROPERTY_DEFINITION('material property','material name',#14399);
#8363=PROPERTY_DEFINITION('material property','density of part',#14399);
#8364=AXIS2_PLACEMENT_3D('',#10739,#8848,#8849);
#8365=AXIS2_PLACEMENT_3D('',#10740,#8850,#8851);
#8366=AXIS2_PLACEMENT_3D('',#10749,#8856,#8857);
#8367=AXIS2_PLACEMENT_3D('',#10755,#8861,#8862);
#8368=AXIS2_PLACEMENT_3D('',#10761,#8866,#8867);
#8369=AXIS2_PLACEMENT_3D('',#10764,#8870,#8871);
#8370=AXIS2_PLACEMENT_3D('',#10766,#8872,#8873);
#8371=AXIS2_PLACEMENT_3D('',#10767,#8874,#8875);
#8372=AXIS2_PLACEMENT_3D('',#10769,#8876,#8877);
#8373=AXIS2_PLACEMENT_3D('',#10771,#8879,#8880);
#8374=AXIS2_PLACEMENT_3D('',#10773,#8881,#8882);
#8375=AXIS2_PLACEMENT_3D('',#10774,#8883,#8884);
#8376=AXIS2_PLACEMENT_3D('',#10776,#8885,#8886);
#8377=AXIS2_PLACEMENT_3D('',#10778,#8888,#8889);
#8378=AXIS2_PLACEMENT_3D('',#10780,#8890,#8891);
#8379=AXIS2_PLACEMENT_3D('',#10781,#8892,#8893);
#8380=AXIS2_PLACEMENT_3D('',#10783,#8894,#8895);
#8381=AXIS2_PLACEMENT_3D('',#10785,#8897,#8898);
#8382=AXIS2_PLACEMENT_3D('',#10787,#8899,#8900);
#8383=AXIS2_PLACEMENT_3D('',#10788,#8901,#8902);
#8384=AXIS2_PLACEMENT_3D('',#10790,#8903,#8904);
#8385=AXIS2_PLACEMENT_3D('',#10792,#8906,#8907);
#8386=AXIS2_PLACEMENT_3D('',#10805,#8914,#8915);
#8387=AXIS2_PLACEMENT_3D('',#10814,#8920,#8921);
#8388=AXIS2_PLACEMENT_3D('',#10823,#8926,#8927);
#8389=AXIS2_PLACEMENT_3D('',#10829,#8931,#8932);
#8390=AXIS2_PLACEMENT_3D('',#10835,#8936,#8937);
#8391=AXIS2_PLACEMENT_3D('',#10839,#8940,#8941);
#8392=AXIS2_PLACEMENT_3D('',#10844,#8945,#8946);
#8393=AXIS2_PLACEMENT_3D('',#10853,#8951,#8952);
#8394=AXIS2_PLACEMENT_3D('',#10855,#8953,#8954);
#8395=AXIS2_PLACEMENT_3D('',#10864,#8959,#8960);
#8396=AXIS2_PLACEMENT_3D('',#10869,#8964,#8965);
#8397=AXIS2_PLACEMENT_3D('',#10878,#8970,#8971);
#8398=AXIS2_PLACEMENT_3D('',#10881,#8974,#8975);
#8399=AXIS2_PLACEMENT_3D('',#10886,#8979,#8980);
#8400=AXIS2_PLACEMENT_3D('',#10888,#8982,#8983);
#8401=AXIS2_PLACEMENT_3D('',#10897,#8988,#8989);
#8402=AXIS2_PLACEMENT_3D('',#10902,#8993,#8994);
#8403=AXIS2_PLACEMENT_3D('',#10905,#8997,#8998);
#8404=AXIS2_PLACEMENT_3D('',#10907,#9000,#9001);
#8405=AXIS2_PLACEMENT_3D('',#10911,#9004,#9005);
#8406=AXIS2_PLACEMENT_3D('',#10914,#9006,#9007);
#8407=AXIS2_PLACEMENT_3D('',#10918,#9009,#9010);
#8408=AXIS2_PLACEMENT_3D('',#10920,#9012,#9013);
#8409=AXIS2_PLACEMENT_3D('',#10926,#9017,#9018);
#8410=AXIS2_PLACEMENT_3D('',#10928,#9019,#9020);
#8411=AXIS2_PLACEMENT_3D('',#10931,#9022,#9023);
#8412=AXIS2_PLACEMENT_3D('',#10932,#9024,#9025);
#8413=AXIS2_PLACEMENT_3D('',#10935,#9028,#9029);
#8414=AXIS2_PLACEMENT_3D('',#10938,#9030,#9031);
#8415=AXIS2_PLACEMENT_3D('',#10942,#9033,#9034);
#8416=AXIS2_PLACEMENT_3D('',#10944,#9036,#9037);
#8417=AXIS2_PLACEMENT_3D('',#10950,#9041,#9042);
#8418=AXIS2_PLACEMENT_3D('',#10952,#9043,#9044);
#8419=AXIS2_PLACEMENT_3D('',#10955,#9046,#9047);
#8420=AXIS2_PLACEMENT_3D('',#10956,#9048,#9049);
#8421=AXIS2_PLACEMENT_3D('',#10959,#9052,#9053);
#8422=AXIS2_PLACEMENT_3D('',#10962,#9054,#9055);
#8423=AXIS2_PLACEMENT_3D('',#10966,#9057,#9058);
#8424=AXIS2_PLACEMENT_3D('',#10968,#9060,#9061);
#8425=AXIS2_PLACEMENT_3D('',#10974,#9065,#9066);
#8426=AXIS2_PLACEMENT_3D('',#10976,#9067,#9068);
#8427=AXIS2_PLACEMENT_3D('',#10979,#9070,#9071);
#8428=AXIS2_PLACEMENT_3D('',#10980,#9072,#9073);
#8429=AXIS2_PLACEMENT_3D('',#10983,#9076,#9077);
#8430=AXIS2_PLACEMENT_3D('',#10986,#9078,#9079);
#8431=AXIS2_PLACEMENT_3D('',#10990,#9081,#9082);
#8432=AXIS2_PLACEMENT_3D('',#10992,#9084,#9085);
#8433=AXIS2_PLACEMENT_3D('',#10998,#9089,#9090);
#8434=AXIS2_PLACEMENT_3D('',#11000,#9091,#9092);
#8435=AXIS2_PLACEMENT_3D('',#11003,#9094,#9095);
#8436=AXIS2_PLACEMENT_3D('',#11004,#9096,#9097);
#8437=AXIS2_PLACEMENT_3D('',#11007,#9100,#9101);
#8438=AXIS2_PLACEMENT_3D('',#11010,#9102,#9103);
#8439=AXIS2_PLACEMENT_3D('',#11014,#9105,#9106);
#8440=AXIS2_PLACEMENT_3D('',#11016,#9108,#9109);
#8441=AXIS2_PLACEMENT_3D('',#11022,#9113,#9114);
#8442=AXIS2_PLACEMENT_3D('',#11024,#9115,#9116);
#8443=AXIS2_PLACEMENT_3D('',#11027,#9118,#9119);
#8444=AXIS2_PLACEMENT_3D('',#11028,#9120,#9121);
#8445=AXIS2_PLACEMENT_3D('',#11031,#9124,#9125);
#8446=AXIS2_PLACEMENT_3D('',#11034,#9126,#9127);
#8447=AXIS2_PLACEMENT_3D('',#11038,#9129,#9130);
#8448=AXIS2_PLACEMENT_3D('',#11040,#9132,#9133);
#8449=AXIS2_PLACEMENT_3D('',#11046,#9137,#9138);
#8450=AXIS2_PLACEMENT_3D('',#11048,#9139,#9140);
#8451=AXIS2_PLACEMENT_3D('',#11051,#9142,#9143);
#8452=AXIS2_PLACEMENT_3D('',#11052,#9144,#9145);
#8453=AXIS2_PLACEMENT_3D('',#11055,#9148,#9149);
#8454=AXIS2_PLACEMENT_3D('',#11064,#9154,#9155);
#8455=AXIS2_PLACEMENT_3D('',#11069,#9157,#9158);
#8456=AXIS2_PLACEMENT_3D('',#11073,#9160,#9161);
#8457=AXIS2_PLACEMENT_3D('',#11077,#9163,#9164);
#8458=AXIS2_PLACEMENT_3D('',#11080,#9166,#9167);
#8459=AXIS2_PLACEMENT_3D('',#11081,#9168,#9169);
#8460=AXIS2_PLACEMENT_3D('',#11090,#9174,#9175);
#8461=AXIS2_PLACEMENT_3D('',#11091,#9176,#9177);
#8462=AXIS2_PLACEMENT_3D('',#11092,#9178,#9179);
#8463=AXIS2_PLACEMENT_3D('',#11098,#9183,#9184);
#8464=AXIS2_PLACEMENT_3D('',#11100,#9185,#9186);
#8465=AXIS2_PLACEMENT_3D('',#11102,#9188,#9189);
#8466=AXIS2_PLACEMENT_3D('',#11104,#9190,#9191);
#8467=AXIS2_PLACEMENT_3D('',#11107,#9193,#9194);
#8468=AXIS2_PLACEMENT_3D('',#11108,#9195,#9196);
#8469=AXIS2_PLACEMENT_3D('',#11110,#9197,#9198);
#8470=AXIS2_PLACEMENT_3D('',#11113,#9200,#9201);
#8471=AXIS2_PLACEMENT_3D('',#11114,#9202,#9203);
#8472=AXIS2_PLACEMENT_3D('',#11120,#9207,#9208);
#8473=AXIS2_PLACEMENT_3D('',#11121,#9209,#9210);
#8474=AXIS2_PLACEMENT_3D('',#11122,#9211,#9212);
#8475=AXIS2_PLACEMENT_3D('',#11123,#9213,#9214);
#8476=AXIS2_PLACEMENT_3D('',#11125,#9215,#9216);
#8477=AXIS2_PLACEMENT_3D('',#11128,#9218,#9219);
#8478=AXIS2_PLACEMENT_3D('',#11129,#9220,#9221);
#8479=AXIS2_PLACEMENT_3D('',#11135,#9225,#9226);
#8480=AXIS2_PLACEMENT_3D('',#11139,#9229,#9230);
#8481=AXIS2_PLACEMENT_3D('',#11141,#9232,#9233);
#8482=AXIS2_PLACEMENT_3D('',#11146,#9237,#9238);
#8483=AXIS2_PLACEMENT_3D('',#11147,#9239,#9240);
#8484=AXIS2_PLACEMENT_3D('',#11148,#9241,#9242);
#8485=AXIS2_PLACEMENT_3D('',#11149,#9243,#9244);
#8486=AXIS2_PLACEMENT_3D('',#11152,#9245,#9246);
#8487=AXIS2_PLACEMENT_3D('',#11155,#9249,#9250);
#8488=AXIS2_PLACEMENT_3D('',#11161,#9254,#9255);
#8489=AXIS2_PLACEMENT_3D('',#11163,#9256,#9257);
#8490=AXIS2_PLACEMENT_3D('',#11165,#9259,#9260);
#8491=AXIS2_PLACEMENT_3D('',#11167,#9262,#9263);
#8492=AXIS2_PLACEMENT_3D('',#11170,#9264,#9265);
#8493=AXIS2_PLACEMENT_3D('',#11174,#9267,#9268);
#8494=AXIS2_PLACEMENT_3D('',#11176,#9270,#9271);
#8495=AXIS2_PLACEMENT_3D('',#11182,#9275,#9276);
#8496=AXIS2_PLACEMENT_3D('',#11191,#9281,#9282);
#8497=AXIS2_PLACEMENT_3D('',#11197,#9286,#9287);
#8498=AXIS2_PLACEMENT_3D('',#11199,#9288,#9289);
#8499=AXIS2_PLACEMENT_3D('',#11201,#9291,#9292);
#8500=AXIS2_PLACEMENT_3D('',#11204,#9295,#9296);
#8501=AXIS2_PLACEMENT_3D('',#11207,#9299,#9300);
#8502=AXIS2_PLACEMENT_3D('',#11212,#9302,#9303);
#8503=AXIS2_PLACEMENT_3D('',#11216,#9305,#9306);
#8504=AXIS2_PLACEMENT_3D('',#11220,#9308,#9309);
#8505=AXIS2_PLACEMENT_3D('',#11223,#9311,#9312);
#8506=AXIS2_PLACEMENT_3D('',#11224,#9313,#9314);
#8507=AXIS2_PLACEMENT_3D('',#11228,#9317,#9318);
#8508=AXIS2_PLACEMENT_3D('',#11230,#9319,#9320);
#8509=AXIS2_PLACEMENT_3D('',#11232,#9322,#9323);
#8510=AXIS2_PLACEMENT_3D('',#11236,#9326,#9327);
#8511=AXIS2_PLACEMENT_3D('',#11237,#9328,#9329);
#8512=AXIS2_PLACEMENT_3D('',#11238,#9330,#9331);
#8513=AXIS2_PLACEMENT_3D('',#11241,#9334,#9335);
#8514=AXIS2_PLACEMENT_3D('',#11243,#9337,#9338);
#8515=AXIS2_PLACEMENT_3D('',#11245,#9340,#9341);
#8516=AXIS2_PLACEMENT_3D('',#11247,#9343,#9344);
#8517=AXIS2_PLACEMENT_3D('',#11249,#9346,#9347);
#8518=AXIS2_PLACEMENT_3D('',#11251,#9349,#9350);
#8519=AXIS2_PLACEMENT_3D('',#11253,#9352,#9353);
#8520=AXIS2_PLACEMENT_3D('',#11254,#9354,#9355);
#8521=AXIS2_PLACEMENT_3D('',#11258,#9358,#9359);
#8522=AXIS2_PLACEMENT_3D('',#11262,#9362,#9363);
#8523=AXIS2_PLACEMENT_3D('',#11264,#9365,#9366);
#8524=AXIS2_PLACEMENT_3D('',#11267,#9367,#9368);
#8525=AXIS2_PLACEMENT_3D('',#11271,#9370,#9371);
#8526=AXIS2_PLACEMENT_3D('',#11283,#9377,#9378);
#8527=AXIS2_PLACEMENT_3D('',#11287,#9380,#9381);
#8528=AXIS2_PLACEMENT_3D('',#11297,#9387,#9388);
#8529=AXIS2_PLACEMENT_3D('',#11302,#9391,#9392);
#8530=AXIS2_PLACEMENT_3D('',#11303,#9393,#9394);
#8531=AXIS2_PLACEMENT_3D('',#11307,#9397,#9398);
#8532=AXIS2_PLACEMENT_3D('',#11311,#9401,#9402);
#8533=AXIS2_PLACEMENT_3D('',#11315,#9405,#9406);
#8534=AXIS2_PLACEMENT_3D('',#11319,#9409,#9410);
#8535=AXIS2_PLACEMENT_3D('',#11323,#9413,#9414);
#8536=AXIS2_PLACEMENT_3D('',#11326,#9416,#9417);
#8537=AXIS2_PLACEMENT_3D('',#11327,#9418,#9419);
#8538=AXIS2_PLACEMENT_3D('',#11331,#9422,#9423);
#8539=AXIS2_PLACEMENT_3D('',#11334,#9425,#9426);
#8540=AXIS2_PLACEMENT_3D('',#11335,#9427,#9428);
#8541=AXIS2_PLACEMENT_3D('',#11339,#9431,#9432);
#8542=AXIS2_PLACEMENT_3D('',#11343,#9435,#9436);
#8543=AXIS2_PLACEMENT_3D('',#11347,#9439,#9440);
#8544=AXIS2_PLACEMENT_3D('',#11351,#9443,#9444);
#8545=AXIS2_PLACEMENT_3D('',#11355,#9447,#9448);
#8546=AXIS2_PLACEMENT_3D('',#11358,#9450,#9451);
#8547=AXIS2_PLACEMENT_3D('',#11359,#9452,#9453);
#8548=AXIS2_PLACEMENT_3D('',#11362,#9454,#9455);
#8549=AXIS2_PLACEMENT_3D('',#11366,#9457,#9458);
#8550=AXIS2_PLACEMENT_3D('',#11368,#9460,#9461);
#8551=AXIS2_PLACEMENT_3D('',#11374,#9465,#9466);
#8552=AXIS2_PLACEMENT_3D('',#11376,#9467,#9468);
#8553=AXIS2_PLACEMENT_3D('',#11379,#9470,#9471);
#8554=AXIS2_PLACEMENT_3D('',#11380,#9472,#9473);
#8555=AXIS2_PLACEMENT_3D('',#11386,#9477,#9478);
#8556=AXIS2_PLACEMENT_3D('',#11388,#9479,#9480);
#8557=AXIS2_PLACEMENT_3D('',#11391,#9482,#9483);
#8558=AXIS2_PLACEMENT_3D('',#11392,#9484,#9485);
#8559=AXIS2_PLACEMENT_3D('',#11395,#9486,#9487);
#8560=AXIS2_PLACEMENT_3D('',#11399,#9489,#9490);
#8561=AXIS2_PLACEMENT_3D('',#11401,#9492,#9493);
#8562=AXIS2_PLACEMENT_3D('',#11404,#9496,#9497);
#8563=AXIS2_PLACEMENT_3D('',#11407,#9498,#9499);
#8564=AXIS2_PLACEMENT_3D('',#11411,#9501,#9502);
#8565=AXIS2_PLACEMENT_3D('',#11413,#9504,#9505);
#8566=AXIS2_PLACEMENT_3D('',#11419,#9509,#9510);
#8567=AXIS2_PLACEMENT_3D('',#11428,#9515,#9516);
#8568=AXIS2_PLACEMENT_3D('',#11432,#9520,#9521);
#8569=AXIS2_PLACEMENT_3D('',#11434,#9523,#9524);
#8570=AXIS2_PLACEMENT_3D('',#11438,#9528,#9529);
#8571=AXIS2_PLACEMENT_3D('',#11439,#9530,#9531);
#8572=AXIS2_PLACEMENT_3D('',#11440,#9532,#9533);
#8573=AXIS2_PLACEMENT_3D('',#11444,#9536,#9537);
#8574=AXIS2_PLACEMENT_3D('',#11446,#9539,#9540);
#8575=AXIS2_PLACEMENT_3D('',#11448,#9542,#9543);
#8576=AXIS2_PLACEMENT_3D('',#11454,#9547,#9548);
#8577=AXIS2_PLACEMENT_3D('',#11456,#9550,#9551);
#8578=AXIS2_PLACEMENT_3D('',#11457,#9552,#9553);
#8579=AXIS2_PLACEMENT_3D('',#11466,#9558,#9559);
#8580=AXIS2_PLACEMENT_3D('',#11472,#9563,#9564);
#8581=AXIS2_PLACEMENT_3D('',#11478,#9568,#9569);
#8582=AXIS2_PLACEMENT_3D('',#11481,#9572,#9573);
#8583=AXIS2_PLACEMENT_3D('',#11490,#9578,#9579);
#8584=AXIS2_PLACEMENT_3D('',#11496,#9583,#9584);
#8585=AXIS2_PLACEMENT_3D('',#11500,#9587,#9588);
#8586=AXIS2_PLACEMENT_3D('',#11509,#9593,#9594);
#8587=AXIS2_PLACEMENT_3D('',#11515,#9598,#9599);
#8588=AXIS2_PLACEMENT_3D('',#11521,#9603,#9604);
#8589=AXIS2_PLACEMENT_3D('',#11527,#9608,#9609);
#8590=AXIS2_PLACEMENT_3D('',#11533,#9613,#9614);
#8591=AXIS2_PLACEMENT_3D('',#11539,#9618,#9619);
#8592=AXIS2_PLACEMENT_3D('',#11545,#9623,#9624);
#8593=AXIS2_PLACEMENT_3D('',#11551,#9628,#9629);
#8594=AXIS2_PLACEMENT_3D('',#11557,#9633,#9634);
#8595=AXIS2_PLACEMENT_3D('',#11563,#9638,#9639);
#8596=AXIS2_PLACEMENT_3D('',#11569,#9643,#9644);
#8597=AXIS2_PLACEMENT_3D('',#11575,#9648,#9649);
#8598=AXIS2_PLACEMENT_3D('',#11581,#9653,#9654);
#8599=AXIS2_PLACEMENT_3D('',#11587,#9658,#9659);
#8600=AXIS2_PLACEMENT_3D('',#11593,#9663,#9664);
#8601=AXIS2_PLACEMENT_3D('',#11596,#9667,#9668);
#8602=AXIS2_PLACEMENT_3D('',#11602,#9672,#9673);
#8603=AXIS2_PLACEMENT_3D('',#11606,#9676,#9677);
#8604=AXIS2_PLACEMENT_3D('',#11610,#9680,#9681);
#8605=AXIS2_PLACEMENT_3D('',#11614,#9684,#9685);
#8606=AXIS2_PLACEMENT_3D('',#11618,#9688,#9689);
#8607=AXIS2_PLACEMENT_3D('',#11622,#9692,#9693);
#8608=AXIS2_PLACEMENT_3D('',#11626,#9696,#9697);
#8609=AXIS2_PLACEMENT_3D('',#11630,#9700,#9701);
#8610=AXIS2_PLACEMENT_3D('',#11634,#9704,#9705);
#8611=AXIS2_PLACEMENT_3D('',#11640,#9709,#9710);
#8612=AXIS2_PLACEMENT_3D('',#11653,#9718,#9719);
#8613=AXIS2_PLACEMENT_3D('',#11654,#9720,#9721);
#8614=AXIS2_PLACEMENT_3D('',#11656,#9723,#9724);
#8615=AXIS2_PLACEMENT_3D('',#11658,#9726,#9727);
#8616=AXIS2_PLACEMENT_3D('',#11660,#9729,#9730);
#8617=AXIS2_PLACEMENT_3D('',#11662,#9732,#9733);
#8618=AXIS2_PLACEMENT_3D('',#11663,#9734,#9735);
#8619=AXIS2_PLACEMENT_3D('',#11665,#9737,#9738);
#8620=AXIS2_PLACEMENT_3D('',#11667,#9740,#9741);
#8621=AXIS2_PLACEMENT_3D('',#11668,#9742,#9743);
#8622=AXIS2_PLACEMENT_3D('',#11681,#9750,#9751);
#8623=AXIS2_PLACEMENT_3D('',#11694,#9758,#9759);
#8624=AXIS2_PLACEMENT_3D('',#11704,#9765,#9766);
#8625=AXIS2_PLACEMENT_3D('',#11706,#9767,#9768);
#8626=AXIS2_PLACEMENT_3D('',#11710,#9770,#9771);
#8627=AXIS2_PLACEMENT_3D('',#11721,#9778,#9779);
#8628=AXIS2_PLACEMENT_3D('',#11727,#9783,#9784);
#8629=AXIS2_PLACEMENT_3D('',#11733,#9788,#9789);
#8630=AXIS2_PLACEMENT_3D('',#11746,#9796,#9797);
#8631=AXIS2_PLACEMENT_3D('',#11750,#9800,#9801);
#8632=AXIS2_PLACEMENT_3D('',#11752,#9802,#9803);
#8633=AXIS2_PLACEMENT_3D('',#11754,#9805,#9806);
#8634=AXIS2_PLACEMENT_3D('',#11760,#9810,#9811);
#8635=AXIS2_PLACEMENT_3D('',#11762,#9812,#9813);
#8636=AXIS2_PLACEMENT_3D('',#11764,#9815,#9816);
#8637=AXIS2_PLACEMENT_3D('',#11767,#9819,#9820);
#8638=AXIS2_PLACEMENT_3D('',#11769,#9822,#9823);
#8639=AXIS2_PLACEMENT_3D('',#11770,#9824,#9825);
#8640=AXIS2_PLACEMENT_3D('',#11780,#9831,#9832);
#8641=AXIS2_PLACEMENT_3D('',#11781,#9833,#9834);
#8642=AXIS2_PLACEMENT_3D('',#11783,#9836,#9837);
#8643=AXIS2_PLACEMENT_3D('',#11785,#9839,#9840);
#8644=AXIS2_PLACEMENT_3D('',#11788,#9843,#9844);
#8645=AXIS2_PLACEMENT_3D('',#11790,#9846,#9847);
#8646=AXIS2_PLACEMENT_3D('',#11791,#9848,#9849);
#8647=AXIS2_PLACEMENT_3D('',#11792,#9850,#9851);
#8648=AXIS2_PLACEMENT_3D('',#11795,#9852,#9853);
#8649=AXIS2_PLACEMENT_3D('',#11799,#9855,#9856);
#8650=AXIS2_PLACEMENT_3D('',#11803,#9858,#9859);
#8651=AXIS2_PLACEMENT_3D('',#11809,#9862,#9863);
#8652=AXIS2_PLACEMENT_3D('',#11813,#9866,#9867);
#8653=AXIS2_PLACEMENT_3D('',#11816,#9870,#9871);
#8654=AXIS2_PLACEMENT_3D('',#11818,#9872,#9873);
#8655=AXIS2_PLACEMENT_3D('',#11822,#9875,#9876);
#8656=AXIS2_PLACEMENT_3D('',#11823,#9877,#9878);
#8657=AXIS2_PLACEMENT_3D('',#11824,#9879,#9880);
#8658=AXIS2_PLACEMENT_3D('',#11825,#9881,#9882);
#8659=AXIS2_PLACEMENT_3D('',#11835,#9888,#9889);
#8660=AXIS2_PLACEMENT_3D('',#11875,#9909,#9910);
#8661=AXIS2_PLACEMENT_3D('',#11886,#9916,#9917);
#8662=AXIS2_PLACEMENT_3D('',#11888,#9918,#9919);
#8663=AXIS2_PLACEMENT_3D('',#11890,#9920,#9921);
#8664=AXIS2_PLACEMENT_3D('',#11892,#9922,#9923);
#8665=AXIS2_PLACEMENT_3D('',#11894,#9924,#9925);
#8666=AXIS2_PLACEMENT_3D('',#12451,#9985,#9986);
#8667=AXIS2_PLACEMENT_3D('',#12455,#9989,#9990);
#8668=AXIS2_PLACEMENT_3D('',#12457,#9991,#9992);
#8669=AXIS2_PLACEMENT_3D('',#12461,#9994,#9995);
#8670=AXIS2_PLACEMENT_3D('',#12465,#9998,#9999);
#8671=AXIS2_PLACEMENT_3D('',#12466,#10000,#10001);
#8672=AXIS2_PLACEMENT_3D('',#12468,#10002,#10003);
#8673=AXIS2_PLACEMENT_3D('',#12472,#10005,#10006);
#8674=AXIS2_PLACEMENT_3D('',#12473,#10007,#10008);
#8675=AXIS2_PLACEMENT_3D('',#12474,#10009,#10010);
#8676=AXIS2_PLACEMENT_3D('',#12475,#10011,#10012);
#8677=AXIS2_PLACEMENT_3D('',#12495,#10023,#10024);
#8678=AXIS2_PLACEMENT_3D('',#12497,#10026,#10027);
#8679=AXIS2_PLACEMENT_3D('',#12506,#10032,#10033);
#8680=AXIS2_PLACEMENT_3D('',#12515,#10038,#10039);
#8681=AXIS2_PLACEMENT_3D('',#12521,#10043,#10044);
#8682=AXIS2_PLACEMENT_3D('',#12525,#10047,#10048);
#8683=AXIS2_PLACEMENT_3D('',#12529,#10051,#10052);
#8684=AXIS2_PLACEMENT_3D('',#12531,#10054,#10055);
#8685=AXIS2_PLACEMENT_3D('',#12533,#10056,#10057);
#8686=AXIS2_PLACEMENT_3D('',#12535,#10059,#10060);
#8687=AXIS2_PLACEMENT_3D('',#12537,#10061,#10062);
#8688=AXIS2_PLACEMENT_3D('',#12541,#10064,#10065);
#8689=AXIS2_PLACEMENT_3D('',#12542,#10066,#10067);
#8690=AXIS2_PLACEMENT_3D('',#12543,#10068,#10069);
#8691=AXIS2_PLACEMENT_3D('',#12544,#10070,#10071);
#8692=AXIS2_PLACEMENT_3D('',#12546,#10072,#10073);
#8693=AXIS2_PLACEMENT_3D('',#12548,#10074,#10075);
#8694=AXIS2_PLACEMENT_3D('',#12549,#10076,#10077);
#8695=AXIS2_PLACEMENT_3D('',#12551,#10078,#10079);
#8696=AXIS2_PLACEMENT_3D('',#12552,#10080,#10081);
#8697=AXIS2_PLACEMENT_3D('',#12554,#10082,#10083);
#8698=AXIS2_PLACEMENT_3D('',#12555,#10084,#10085);
#8699=AXIS2_PLACEMENT_3D('',#12557,#10086,#10087);
#8700=AXIS2_PLACEMENT_3D('',#12559,#10089,#10090);
#8701=AXIS2_PLACEMENT_3D('',#12561,#10091,#10092);
#8702=AXIS2_PLACEMENT_3D('',#12565,#10094,#10095);
#8703=AXIS2_PLACEMENT_3D('',#12566,#10096,#10097);
#8704=AXIS2_PLACEMENT_3D('',#12567,#10098,#10099);
#8705=AXIS2_PLACEMENT_3D('',#12568,#10100,#10101);
#8706=AXIS2_PLACEMENT_3D('',#12574,#10105,#10106);
#8707=AXIS2_PLACEMENT_3D('',#12600,#10120,#10121);
#8708=AXIS2_PLACEMENT_3D('',#12609,#10126,#10127);
#8709=AXIS2_PLACEMENT_3D('',#12615,#10131,#10132);
#8710=AXIS2_PLACEMENT_3D('',#12623,#10137,#10138);
#8711=AXIS2_PLACEMENT_3D('',#12638,#10147,#10148);
#8712=AXIS2_PLACEMENT_3D('',#12644,#10152,#10153);
#8713=AXIS2_PLACEMENT_3D('',#12653,#10158,#10159);
#8714=AXIS2_PLACEMENT_3D('',#12656,#10162,#10163);
#8715=AXIS2_PLACEMENT_3D('',#12674,#10175,#10176);
#8716=AXIS2_PLACEMENT_3D('',#12680,#10180,#10181);
#8717=AXIS2_PLACEMENT_3D('',#12684,#10184,#10185);
#8718=AXIS2_PLACEMENT_3D('',#12688,#10188,#10189);
#8719=AXIS2_PLACEMENT_3D('',#12690,#10191,#10192);
#8720=AXIS2_PLACEMENT_3D('',#12696,#10196,#10197);
#8721=AXIS2_PLACEMENT_3D('',#12768,#10204,#10205);
#8722=AXIS2_PLACEMENT_3D('',#12806,#10210,#10211);
#8723=AXIS2_PLACEMENT_3D('',#12810,#10214,#10215);
#8724=AXIS2_PLACEMENT_3D('',#12814,#10218,#10219);
#8725=AXIS2_PLACEMENT_3D('',#12816,#10221,#10222);
#8726=AXIS2_PLACEMENT_3D('',#12822,#10226,#10227);
#8727=AXIS2_PLACEMENT_3D('',#12894,#10234,#10235);
#8728=AXIS2_PLACEMENT_3D('',#12932,#10240,#10241);
#8729=AXIS2_PLACEMENT_3D('',#12936,#10244,#10245);
#8730=AXIS2_PLACEMENT_3D('',#12940,#10248,#10249);
#8731=AXIS2_PLACEMENT_3D('',#12942,#10251,#10252);
#8732=AXIS2_PLACEMENT_3D('',#13101,#10265,#10266);
#8733=AXIS2_PLACEMENT_3D('',#13105,#10269,#10270);
#8734=AXIS2_PLACEMENT_3D('',#13109,#10273,#10274);
#8735=AXIS2_PLACEMENT_3D('',#13113,#10277,#10278);
#8736=AXIS2_PLACEMENT_3D('',#13115,#10280,#10281);
#8737=AXIS2_PLACEMENT_3D('',#13121,#10285,#10286);
#8738=AXIS2_PLACEMENT_3D('',#13176,#10292,#10293);
#8739=AXIS2_PLACEMENT_3D('',#13180,#10296,#10297);
#8740=AXIS2_PLACEMENT_3D('',#13184,#10300,#10301);
#8741=AXIS2_PLACEMENT_3D('',#13188,#10304,#10305);
#8742=AXIS2_PLACEMENT_3D('',#13192,#10308,#10309);
#8743=AXIS2_PLACEMENT_3D('',#13400,#10324,#10325);
#8744=AXIS2_PLACEMENT_3D('',#13540,#10336,#10337);
#8745=AXIS2_PLACEMENT_3D('',#13559,#10340,#10341);
#8746=AXIS2_PLACEMENT_3D('',#13565,#10345,#10346);
#8747=AXIS2_PLACEMENT_3D('',#13569,#10349,#10350);
#8748=AXIS2_PLACEMENT_3D('',#13573,#10353,#10354);
#8749=AXIS2_PLACEMENT_3D('',#13577,#10357,#10358);
#8750=AXIS2_PLACEMENT_3D('',#13581,#10361,#10362);
#8751=AXIS2_PLACEMENT_3D('',#13585,#10365,#10366);
#8752=AXIS2_PLACEMENT_3D('',#13589,#10369,#10370);
#8753=AXIS2_PLACEMENT_3D('',#13593,#10373,#10374);
#8754=AXIS2_PLACEMENT_3D('',#13597,#10377,#10378);
#8755=AXIS2_PLACEMENT_3D('',#13601,#10381,#10382);
#8756=AXIS2_PLACEMENT_3D('',#13605,#10385,#10386);
#8757=AXIS2_PLACEMENT_3D('',#13609,#10389,#10390);
#8758=AXIS2_PLACEMENT_3D('',#13764,#10401,#10402);
#8759=AXIS2_PLACEMENT_3D('',#13770,#10406,#10407);
#8760=AXIS2_PLACEMENT_3D('',#13774,#10410,#10411);
#8761=AXIS2_PLACEMENT_3D('',#13778,#10414,#10415);
#8762=AXIS2_PLACEMENT_3D('',#13782,#10418,#10419);
#8763=AXIS2_PLACEMENT_3D('',#13786,#10422,#10423);
#8764=AXIS2_PLACEMENT_3D('',#13790,#10426,#10427);
#8765=AXIS2_PLACEMENT_3D('',#13794,#10430,#10431);
#8766=AXIS2_PLACEMENT_3D('',#13798,#10434,#10435);
#8767=AXIS2_PLACEMENT_3D('',#13802,#10438,#10439);
#8768=AXIS2_PLACEMENT_3D('',#13806,#10442,#10443);
#8769=AXIS2_PLACEMENT_3D('',#13810,#10446,#10447);
#8770=AXIS2_PLACEMENT_3D('',#13967,#10459,#10460);
#8771=AXIS2_PLACEMENT_3D('',#13971,#10463,#10464);
#8772=AXIS2_PLACEMENT_3D('',#13975,#10467,#10468);
#8773=AXIS2_PLACEMENT_3D('',#14132,#10480,#10481);
#8774=AXIS2_PLACEMENT_3D('',#14151,#10484,#10485);
#8775=AXIS2_PLACEMENT_3D('',#14153,#10486,#10487);
#8776=AXIS2_PLACEMENT_3D('',#14156,#10489,#10490);
#8777=AXIS2_PLACEMENT_3D('',#14157,#10491,#10492);
#8778=AXIS2_PLACEMENT_3D('',#14159,#10494,#10495);
#8779=AXIS2_PLACEMENT_3D('',#14161,#10497,#10498);
#8780=AXIS2_PLACEMENT_3D('',#14168,#10502,#10503);
#8781=AXIS2_PLACEMENT_3D('',#14174,#10507,#10508);
#8782=AXIS2_PLACEMENT_3D('',#14180,#10512,#10513);
#8783=AXIS2_PLACEMENT_3D('',#14186,#10517,#10518);
#8784=AXIS2_PLACEMENT_3D('',#14190,#10521,#10522);
#8785=AXIS2_PLACEMENT_3D('',#14194,#10525,#10526);
#8786=AXIS2_PLACEMENT_3D('',#14202,#10531,#10532);
#8787=AXIS2_PLACEMENT_3D('',#14204,#10534,#10535);
#8788=AXIS2_PLACEMENT_3D('',#14206,#10536,#10537);
#8789=AXIS2_PLACEMENT_3D('',#14207,#10538,#10539);
#8790=AXIS2_PLACEMENT_3D('',#14211,#10542,#10543);
#8791=AXIS2_PLACEMENT_3D('',#14213,#10545,#10546);
#8792=AXIS2_PLACEMENT_3D('',#14217,#10549,#10550);
#8793=AXIS2_PLACEMENT_3D('',#14223,#10554,#10555);
#8794=AXIS2_PLACEMENT_3D('',#14224,#10556,#10557);
#8795=AXIS2_PLACEMENT_3D('',#14232,#10563,#10564);
#8796=AXIS2_PLACEMENT_3D('',#14236,#10567,#10568);
#8797=AXIS2_PLACEMENT_3D('',#14246,#10572,#10573);
#8798=AXIS2_PLACEMENT_3D('',#14248,#10574,#10575);
#8799=AXIS2_PLACEMENT_3D('',#14250,#10577,#10578);
#8800=AXIS2_PLACEMENT_3D('',#14251,#10579,#10580);
#8801=AXIS2_PLACEMENT_3D('',#14253,#10581,#10582);
#8802=AXIS2_PLACEMENT_3D('',#14255,#10584,#10585);
#8803=AXIS2_PLACEMENT_3D('',#14257,#10586,#10587);
#8804=AXIS2_PLACEMENT_3D('',#14259,#10589,#10590);
#8805=AXIS2_PLACEMENT_3D('',#14268,#10596,#10597);
#8806=AXIS2_PLACEMENT_3D('',#14269,#10598,#10599);
#8807=AXIS2_PLACEMENT_3D('',#14271,#10601,#10602);
#8808=AXIS2_PLACEMENT_3D('',#14273,#10604,#10605);
#8809=AXIS2_PLACEMENT_3D('',#14276,#10608,#10609);
#8810=AXIS2_PLACEMENT_3D('',#14277,#10610,#10611);
#8811=AXIS2_PLACEMENT_3D('',#14280,#10614,#10615);
#8812=AXIS2_PLACEMENT_3D('',#14281,#10616,#10617);
#8813=AXIS2_PLACEMENT_3D('',#14283,#10619,#10620);
#8814=AXIS2_PLACEMENT_3D('',#14284,#10621,#10622);
#8815=AXIS2_PLACEMENT_3D('',#14286,#10624,#10625);
#8816=AXIS2_PLACEMENT_3D('',#14288,#10627,#10628);
#8817=AXIS2_PLACEMENT_3D('',#14290,#10630,#10631);
#8818=AXIS2_PLACEMENT_3D('',#14292,#10633,#10634);
#8819=AXIS2_PLACEMENT_3D('',#14294,#10636,#10637);
#8820=AXIS2_PLACEMENT_3D('',#14295,#10638,#10639);
#8821=AXIS2_PLACEMENT_3D('',#14297,#10641,#10642);
#8822=AXIS2_PLACEMENT_3D('',#14298,#10643,#10644);
#8823=AXIS2_PLACEMENT_3D('',#14304,#10648,#10649);
#8824=AXIS2_PLACEMENT_3D('',#14308,#10652,#10653);
#8825=AXIS2_PLACEMENT_3D('',#14312,#10656,#10657);
#8826=AXIS2_PLACEMENT_3D('',#14318,#10662,#10663);
#8827=AXIS2_PLACEMENT_3D('',#14320,#10665,#10666);
#8828=AXIS2_PLACEMENT_3D('',#14321,#10667,#10668);
#8829=AXIS2_PLACEMENT_3D('',#14323,#10670,#10671);
#8830=AXIS2_PLACEMENT_3D('',#14324,#10672,#10673);
#8831=AXIS2_PLACEMENT_3D('',#14328,#10676,#10677);
#8832=AXIS2_PLACEMENT_3D('',#14334,#10681,#10682);
#8833=AXIS2_PLACEMENT_3D('',#14340,#10686,#10687);
#8834=AXIS2_PLACEMENT_3D('',#14344,#10690,#10691);
#8835=AXIS2_PLACEMENT_3D('',#14348,#10694,#10695);
#8836=AXIS2_PLACEMENT_3D('',#14352,#10698,#10699);
#8837=AXIS2_PLACEMENT_3D('',#14356,#10702,#10703);
#8838=AXIS2_PLACEMENT_3D('',#14362,#10707,#10708);
#8839=AXIS2_PLACEMENT_3D('',#14364,#10710,#10711);
#8840=AXIS2_PLACEMENT_3D('',#14369,#10715,#10716);
#8841=AXIS2_PLACEMENT_3D('',#14376,#10721,#10722);
#8842=AXIS2_PLACEMENT_3D('',#14378,#10724,#10725);
#8843=AXIS2_PLACEMENT_3D('',#14381,#10728,#10729);
#8844=AXIS2_PLACEMENT_3D('',#14382,#10730,#10731);
#8845=AXIS2_PLACEMENT_3D('',#14383,#10732,#10733);
#8846=AXIS2_PLACEMENT_3D('',#14385,#10735,#10736);
#8847=AXIS2_PLACEMENT_3D('',#14386,#10737,#10738);
#8848=DIRECTION('axis',(0.,0.,1.));
#8849=DIRECTION('refdir',(1.,0.,0.));
#8850=DIRECTION('center_axis',(1.,0.,0.));
#8851=DIRECTION('ref_axis',(0.,-2.22044604925031E-16,-1.));
#8852=DIRECTION('',(0.,-2.22044604925031E-16,-1.));
#8853=DIRECTION('',(0.,1.,-2.22044604925031E-16));
#8854=DIRECTION('',(0.,-2.22044604925031E-16,-1.));
#8855=DIRECTION('',(0.,1.,-2.22044604925031E-16));
#8856=DIRECTION('center_axis',(0.,2.22044604925031E-16,1.));
#8857=DIRECTION('ref_axis',(1.,0.,0.));
#8858=DIRECTION('',(1.,0.,0.));
#8859=DIRECTION('',(0.,1.,-2.22044604925031E-16));
#8860=DIRECTION('',(1.,0.,0.));
#8861=DIRECTION('center_axis',(-1.,0.,0.));
#8862=DIRECTION('ref_axis',(0.,2.22044604925031E-16,1.));
#8863=DIRECTION('',(0.,2.22044604925031E-16,1.));
#8864=DIRECTION('',(0.,1.,-2.22044604925031E-16));
#8865=DIRECTION('',(0.,2.22044604925031E-16,1.));
#8866=DIRECTION('center_axis',(0.,-2.22044604925031E-16,-1.));
#8867=DIRECTION('ref_axis',(-1.,0.,0.));
#8868=DIRECTION('',(-1.,0.,0.));
#8869=DIRECTION('',(-1.,0.,0.));
#8870=DIRECTION('center_axis',(0.,1.,-2.22044604925031E-16));
#8871=DIRECTION('ref_axis',(-1.,0.,0.));
#8872=DIRECTION('center_axis',(0.,1.,-2.22044604925031E-16));
#8873=DIRECTION('ref_axis',(-1.,0.,0.));
#8874=DIRECTION('center_axis',(0.,1.,-2.22044604925031E-16));
#8875=DIRECTION('ref_axis',(-1.,0.,0.));
#8876=DIRECTION('center_axis',(0.,1.,-2.22044604925031E-16));
#8877=DIRECTION('ref_axis',(-1.,0.,0.));
#8878=DIRECTION('',(0.,1.,-2.22044604925031E-16));
#8879=DIRECTION('center_axis',(0.,1.,-2.22044604925031E-16));
#8880=DIRECTION('ref_axis',(-1.,0.,0.));
#8881=DIRECTION('center_axis',(0.,1.,-2.22044604925031E-16));
#8882=DIRECTION('ref_axis',(-1.,0.,0.));
#8883=DIRECTION('center_axis',(0.,1.,-2.22044604925031E-16));
#8884=DIRECTION('ref_axis',(-1.,0.,0.));
#8885=DIRECTION('center_axis',(0.,1.,-2.22044604925031E-16));
#8886=DIRECTION('ref_axis',(-1.,0.,0.));
#8887=DIRECTION('',(0.,1.,-2.22044604925031E-16));
#8888=DIRECTION('center_axis',(0.,1.,-2.22044604925031E-16));
#8889=DIRECTION('ref_axis',(-1.,0.,0.));
#8890=DIRECTION('center_axis',(0.,1.,-2.22044604925031E-16));
#8891=DIRECTION('ref_axis',(-1.,0.,0.));
#8892=DIRECTION('center_axis',(0.,1.,-2.22044604925031E-16));
#8893=DIRECTION('ref_axis',(-1.,0.,0.));
#8894=DIRECTION('center_axis',(0.,1.,-2.22044604925031E-16));
#8895=DIRECTION('ref_axis',(-1.,0.,0.));
#8896=DIRECTION('',(0.,1.,-2.22044604925031E-16));
#8897=DIRECTION('center_axis',(0.,1.,-2.22044604925031E-16));
#8898=DIRECTION('ref_axis',(-1.,0.,0.));
#8899=DIRECTION('center_axis',(0.,1.,-2.22044604925031E-16));
#8900=DIRECTION('ref_axis',(-1.,0.,0.));
#8901=DIRECTION('center_axis',(0.,1.,-2.22044604925031E-16));
#8902=DIRECTION('ref_axis',(-1.,0.,0.));
#8903=DIRECTION('center_axis',(0.,1.,-2.22044604925031E-16));
#8904=DIRECTION('ref_axis',(-1.,0.,0.));
#8905=DIRECTION('',(0.,1.,-2.22044604925031E-16));
#8906=DIRECTION('center_axis',(0.,-2.22044604925031E-16,-1.));
#8907=DIRECTION('ref_axis',(0.,-1.,2.22044604925031E-16));
#8908=DIRECTION('',(-1.,0.,0.));
#8909=DIRECTION('',(0.,1.,-2.22044604925031E-16));
#8910=DIRECTION('',(-1.,0.,0.));
#8911=DIRECTION('',(0.,1.,-9.95799250102959E-17));
#8912=DIRECTION('',(1.,0.,0.));
#8913=DIRECTION('',(0.,1.,-9.95799250102959E-17));
#8914=DIRECTION('center_axis',(0.707106781186535,-1.5700924586838E-16,-0.70710678118656));
#8915=DIRECTION('ref_axis',(0.,-1.,2.22044604925031E-16));
#8916=DIRECTION('',(-0.70710678118656,-1.57009245868375E-16,-0.707106781186535));
#8917=DIRECTION('',(0.,-1.,2.22044604925031E-16));
#8918=DIRECTION('',(-0.70710678118656,-1.57009245868375E-16,-0.707106781186535));
#8919=DIRECTION('',(0.,1.,-2.22044604925031E-16));
#8920=DIRECTION('center_axis',(-0.707106781186541,-1.57009245868379E-16,
-0.707106781186554));
#8921=DIRECTION('ref_axis',(0.,1.,-2.22044604925031E-16));
#8922=DIRECTION('',(-0.707106781186554,1.57009245868376E-16,0.707106781186541));
#8923=DIRECTION('',(0.,-1.,2.22044604925031E-16));
#8924=DIRECTION('',(-0.707106781186554,1.57009245868376E-16,0.707106781186541));
#8925=DIRECTION('',(0.,1.,-2.22044604925031E-16));
#8926=DIRECTION('center_axis',(-1.,0.,0.));
#8927=DIRECTION('ref_axis',(0.,1.,-2.22044604925031E-16));
#8928=DIRECTION('',(0.,-0.816496580927726,0.577350269189626));
#8929=DIRECTION('',(0.,2.22044604925031E-16,1.));
#8930=DIRECTION('',(0.,-2.22044604925031E-16,-1.));
#8931=DIRECTION('center_axis',(-0.707106781186543,0.707106781186553,-1.57009245868379E-16));
#8932=DIRECTION('ref_axis',(0.707106781186553,0.707106781186543,-1.57009245868376E-16));
#8933=DIRECTION('',(-0.707106781186553,-0.707106781186543,1.57009245868376E-16));
#8934=DIRECTION('',(0.,-2.22044604925031E-16,-1.));
#8935=DIRECTION('',(0.67859834454585,0.67859834454584,0.28108463771483));
#8936=DIRECTION('center_axis',(-0.499999999999993,0.707106781186551,-0.500000000000002));
#8937=DIRECTION('ref_axis',(0.816496580927731,0.577350269189618,-1.28197512425569E-16));
#8938=DIRECTION('',(0.707106781186554,-1.57009245868376E-16,-0.707106781186541));
#8939=DIRECTION('',(0.281084637714846,0.678598344545849,0.678598344545834));
#8940=DIRECTION('center_axis',(0.,0.70710678118654,-0.707106781186555));
#8941=DIRECTION('ref_axis',(1.,0.,0.));
#8942=DIRECTION('',(1.,0.,0.));
#8943=DIRECTION('',(-0.281084637714857,0.678598344545847,0.678598344545832));
#8944=DIRECTION('',(-1.,0.,0.));
#8945=DIRECTION('center_axis',(0.500000000000028,0.70710678118652,0.50000000000001));
#8946=DIRECTION('ref_axis',(0.8164965809277,-0.577350269189662,1.28197512425579E-16));
#8947=DIRECTION('',(-0.707106781186535,1.5700924586838E-16,0.70710678118656));
#8948=DIRECTION('',(-0.678597992542536,0.678597992542527,-0.281086337331598));
#8949=DIRECTION('',(0.707106781186535,-1.5700924586838E-16,-0.70710678118656));
#8950=DIRECTION('',(0.678598344545866,-0.678598344545856,0.281084637714752));
#8951=DIRECTION('center_axis',(0.707106781186543,0.707106781186552,-1.57009245868379E-16));
#8952=DIRECTION('ref_axis',(0.707106781186552,-0.707106781186543,1.57009245868376E-16));
#8953=DIRECTION('center_axis',(-0.707106781186543,-0.707106781186552,1.57009245868379E-16));
#8954=DIRECTION('ref_axis',(-0.707106781186552,0.707106781186543,-1.57009245868376E-16));
#8955=DIRECTION('',(0.,-2.22044604925031E-16,-1.));
#8956=DIRECTION('',(0.,2.22044604925031E-16,1.));
#8957=DIRECTION('',(-0.678597992542525,0.678597992542515,0.281086337331653));
#8958=DIRECTION('',(0.,-2.22044604925031E-16,-1.));
#8959=DIRECTION('center_axis',(-0.707106781186543,-0.707106781186552,1.57009245868379E-16));
#8960=DIRECTION('ref_axis',(-0.707106781186552,0.707106781186543,-1.57009245868376E-16));
#8961=DIRECTION('',(0.,-2.22044604925031E-16,-1.));
#8962=DIRECTION('',(-1.22464679914737E-16,-9.95799250102959E-17,-1.));
#8963=DIRECTION('',(-1.22464679914737E-16,-9.95799250102959E-17,-1.));
#8964=DIRECTION('center_axis',(0.707106781186543,0.707106781186553,-1.57009245868379E-16));
#8965=DIRECTION('ref_axis',(0.707106781186553,-0.707106781186543,1.57009245868376E-16));
#8966=DIRECTION('',(-0.707106781186553,0.707106781186543,-1.57009245868376E-16));
#8967=DIRECTION('',(0.,-2.22044604925031E-16,-1.));
#8968=DIRECTION('',(0.678598344545854,-0.678598344545845,-0.281084637714808));
#8969=DIRECTION('',(0.,2.22044604925031E-16,1.));
#8970=DIRECTION('center_axis',(0.500000000000008,0.707106781186542,-0.499999999999999));
#8971=DIRECTION('ref_axis',(0.81649658092772,-0.577350269189635,1.28197512425573E-16));
#8972=DIRECTION('',(0.707106781186541,1.57009245868379E-16,0.707106781186554));
#8973=DIRECTION('',(-0.707106781186541,-1.57009245868379E-16,-0.707106781186554));
#8974=DIRECTION('center_axis',(0.707106781186543,0.707106781186553,-1.57009245868379E-16));
#8975=DIRECTION('ref_axis',(0.707106781186553,-0.707106781186543,1.57009245868376E-16));
#8976=DIRECTION('',(0.,2.22044604925031E-16,1.));
#8977=DIRECTION('',(0.,-2.22044604925031E-16,-1.));
#8978=DIRECTION('',(0.678598344545845,-0.678598344545836,-0.281084637714852));
#8979=DIRECTION('center_axis',(0.499999999999985,0.707106781186556,-0.500000000000003));
#8980=DIRECTION('ref_axis',(0.816496580927737,-0.57735026918961,1.28197512425567E-16));
#8981=DIRECTION('',(0.70710678118656,1.57009245868375E-16,0.707106781186535));
#8982=DIRECTION('center_axis',(0.,2.22044604925031E-16,1.));
#8983=DIRECTION('ref_axis',(1.,0.,0.));
#8984=DIRECTION('',(0.707106781186553,-0.707106781186543,1.57009245868376E-16));
#8985=DIRECTION('',(1.,0.,0.));
#8986=DIRECTION('',(0.707106781186553,0.707106781186543,-1.57009245868376E-16));
#8987=DIRECTION('',(-1.,0.,0.));
#8988=DIRECTION('center_axis',(0.499999999999995,0.500000000000002,0.70710678118655));
#8989=DIRECTION('ref_axis',(0.707106781186553,-0.707106781186542,1.57009245868376E-16));
#8990=DIRECTION('',(0.81649658092773,-1.2819751242557E-16,-0.577350269189621));
#8991=DIRECTION('',(0.,0.816496580927726,-0.577350269189626));
#8992=DIRECTION('',(0.281084637714833,0.678598344545843,-0.678598344545846));
#8993=DIRECTION('center_axis',(0.,0.707106781186546,0.707106781186549));
#8994=DIRECTION('ref_axis',(1.,0.,0.));
#8995=DIRECTION('',(-1.,0.,0.));
#8996=DIRECTION('',(-0.281084637714821,0.678598344545848,-0.678598344545846));
#8997=DIRECTION('center_axis',(-0.499999999999995,0.500000000000002,0.70710678118655));
#8998=DIRECTION('ref_axis',(0.707106781186553,0.707106781186543,-1.57009245868376E-16));
#8999=DIRECTION('',(0.81649658092773,1.2819751242557E-16,0.57735026918962));
#9000=DIRECTION('center_axis',(-1.,0.,0.));
#9001=DIRECTION('ref_axis',(0.,-2.22044604925031E-16,-1.));
#9002=DIRECTION('',(0.,2.22044604925031E-16,1.));
#9003=DIRECTION('',(0.,-1.,2.22044604925031E-16));
#9004=DIRECTION('center_axis',(0.,-1.,2.22044604925031E-16));
#9005=DIRECTION('ref_axis',(-0.707106781186548,1.57009245868377E-16,0.707106781186548));
#9006=DIRECTION('center_axis',(0.,1.,-2.22044604925031E-16));
#9007=DIRECTION('ref_axis',(-0.707106781186548,1.57009245868377E-16,0.707106781186548));
#9008=DIRECTION('',(0.,-1.,2.22044604925031E-16));
#9009=DIRECTION('center_axis',(0.,-1.,2.22044604925031E-16));
#9010=DIRECTION('ref_axis',(-0.707106781186548,1.57009245868377E-16,0.707106781186548));
#9011=DIRECTION('',(0.,-1.,2.22044604925031E-16));
#9012=DIRECTION('center_axis',(-0.707106781186548,1.57009245868377E-16,
0.707106781186548));
#9013=DIRECTION('ref_axis',(-0.707106781186548,-1.57009245868377E-16,-0.707106781186548));
#9014=DIRECTION('',(0.707106781186548,1.57009245868377E-16,0.707106781186548));
#9015=DIRECTION('',(0.,-1.,2.22044604925031E-16));
#9016=DIRECTION('',(-0.707106781186548,-1.57009245868377E-16,-0.707106781186548));
#9017=DIRECTION('center_axis',(0.,-1.,2.22044604925031E-16));
#9018=DIRECTION('ref_axis',(0.707106781186548,-1.57009245868377E-16,-0.707106781186548));
#9019=DIRECTION('center_axis',(0.,1.,-2.22044604925031E-16));
#9020=DIRECTION('ref_axis',(0.707106781186548,-1.57009245868377E-16,-0.707106781186548));
#9021=DIRECTION('',(0.,-1.,2.22044604925031E-16));
#9022=DIRECTION('center_axis',(0.,-1.,2.22044604925031E-16));
#9023=DIRECTION('ref_axis',(0.707106781186548,-1.57009245868377E-16,-0.707106781186548));
#9024=DIRECTION('center_axis',(0.707106781186548,-1.57009245868377E-16,
-0.707106781186548));
#9025=DIRECTION('ref_axis',(0.707106781186548,1.57009245868377E-16,0.707106781186548));
#9026=DIRECTION('',(-0.707106781186548,-1.57009245868377E-16,-0.707106781186548));
#9027=DIRECTION('',(0.707106781186548,1.57009245868377E-16,0.707106781186548));
#9028=DIRECTION('center_axis',(0.,-1.,2.22044604925031E-16));
#9029=DIRECTION('ref_axis',(-0.707106781186548,1.57009245868377E-16,0.707106781186548));
#9030=DIRECTION('center_axis',(0.,1.,-2.22044604925031E-16));
#9031=DIRECTION('ref_axis',(-0.707106781186548,1.57009245868377E-16,0.707106781186548));
#9032=DIRECTION('',(0.,-1.,2.22044604925031E-16));
#9033=DIRECTION('center_axis',(0.,-1.,2.22044604925031E-16));
#9034=DIRECTION('ref_axis',(-0.707106781186548,1.57009245868377E-16,0.707106781186548));
#9035=DIRECTION('',(0.,-1.,2.22044604925031E-16));
#9036=DIRECTION('center_axis',(-0.707106781186548,1.57009245868377E-16,
0.707106781186548));
#9037=DIRECTION('ref_axis',(-0.707106781186548,-1.57009245868377E-16,-0.707106781186548));
#9038=DIRECTION('',(0.707106781186548,1.57009245868377E-16,0.707106781186548));
#9039=DIRECTION('',(0.,-1.,2.22044604925031E-16));
#9040=DIRECTION('',(-0.707106781186548,-1.57009245868377E-16,-0.707106781186548));
#9041=DIRECTION('center_axis',(0.,-1.,2.22044604925031E-16));
#9042=DIRECTION('ref_axis',(0.707106781186548,-1.57009245868377E-16,-0.707106781186548));
#9043=DIRECTION('center_axis',(0.,1.,-2.22044604925031E-16));
#9044=DIRECTION('ref_axis',(0.707106781186548,-1.57009245868377E-16,-0.707106781186548));
#9045=DIRECTION('',(0.,-1.,2.22044604925031E-16));
#9046=DIRECTION('center_axis',(0.,-1.,2.22044604925031E-16));
#9047=DIRECTION('ref_axis',(0.707106781186548,-1.57009245868377E-16,-0.707106781186548));
#9048=DIRECTION('center_axis',(0.707106781186548,-1.57009245868377E-16,
-0.707106781186548));
#9049=DIRECTION('ref_axis',(0.707106781186548,1.57009245868377E-16,0.707106781186548));
#9050=DIRECTION('',(-0.707106781186548,-1.57009245868377E-16,-0.707106781186548));
#9051=DIRECTION('',(0.707106781186548,1.57009245868377E-16,0.707106781186548));
#9052=DIRECTION('center_axis',(0.,-1.,2.22044604925031E-16));
#9053=DIRECTION('ref_axis',(-0.707106781186548,1.57009245868377E-16,0.707106781186548));
#9054=DIRECTION('center_axis',(0.,1.,-2.22044604925031E-16));
#9055=DIRECTION('ref_axis',(-0.707106781186548,1.57009245868377E-16,0.707106781186548));
#9056=DIRECTION('',(0.,-1.,2.22044604925031E-16));
#9057=DIRECTION('center_axis',(0.,-1.,2.22044604925031E-16));
#9058=DIRECTION('ref_axis',(-0.707106781186548,1.57009245868377E-16,0.707106781186548));
#9059=DIRECTION('',(0.,-1.,2.22044604925031E-16));
#9060=DIRECTION('center_axis',(-0.707106781186548,1.57009245868377E-16,
0.707106781186548));
#9061=DIRECTION('ref_axis',(-0.707106781186548,-1.57009245868377E-16,-0.707106781186548));
#9062=DIRECTION('',(0.707106781186548,1.57009245868377E-16,0.707106781186548));
#9063=DIRECTION('',(0.,-1.,2.22044604925031E-16));
#9064=DIRECTION('',(-0.707106781186548,-1.57009245868377E-16,-0.707106781186548));
#9065=DIRECTION('center_axis',(0.,-1.,2.22044604925031E-16));
#9066=DIRECTION('ref_axis',(0.707106781186548,-1.57009245868377E-16,-0.707106781186548));
#9067=DIRECTION('center_axis',(0.,1.,-2.22044604925031E-16));
#9068=DIRECTION('ref_axis',(0.707106781186548,-1.57009245868377E-16,-0.707106781186548));
#9069=DIRECTION('',(0.,-1.,2.22044604925031E-16));
#9070=DIRECTION('center_axis',(0.,-1.,2.22044604925031E-16));
#9071=DIRECTION('ref_axis',(0.707106781186548,-1.57009245868377E-16,-0.707106781186548));
#9072=DIRECTION('center_axis',(0.707106781186548,-1.57009245868377E-16,
-0.707106781186548));
#9073=DIRECTION('ref_axis',(0.707106781186548,1.57009245868377E-16,0.707106781186548));
#9074=DIRECTION('',(-0.707106781186548,-1.57009245868377E-16,-0.707106781186548));
#9075=DIRECTION('',(0.707106781186548,1.57009245868377E-16,0.707106781186548));
#9076=DIRECTION('center_axis',(0.,-1.,2.22044604925031E-16));
#9077=DIRECTION('ref_axis',(-0.707106781186548,1.57009245868377E-16,0.707106781186548));
#9078=DIRECTION('center_axis',(0.,1.,-2.22044604925031E-16));
#9079=DIRECTION('ref_axis',(-0.707106781186548,1.57009245868377E-16,0.707106781186548));
#9080=DIRECTION('',(0.,-1.,2.22044604925031E-16));
#9081=DIRECTION('center_axis',(0.,-1.,2.22044604925031E-16));
#9082=DIRECTION('ref_axis',(-0.707106781186548,1.57009245868377E-16,0.707106781186548));
#9083=DIRECTION('',(0.,-1.,2.22044604925031E-16));
#9084=DIRECTION('center_axis',(-0.707106781186548,1.57009245868377E-16,
0.707106781186548));
#9085=DIRECTION('ref_axis',(-0.707106781186548,-1.57009245868377E-16,-0.707106781186548));
#9086=DIRECTION('',(0.707106781186548,1.57009245868377E-16,0.707106781186548));
#9087=DIRECTION('',(0.,-1.,2.22044604925031E-16));
#9088=DIRECTION('',(-0.707106781186548,-1.57009245868377E-16,-0.707106781186548));
#9089=DIRECTION('center_axis',(0.,-1.,2.22044604925031E-16));
#9090=DIRECTION('ref_axis',(0.707106781186548,-1.57009245868377E-16,-0.707106781186548));
#9091=DIRECTION('center_axis',(0.,1.,-2.22044604925031E-16));
#9092=DIRECTION('ref_axis',(0.707106781186548,-1.57009245868377E-16,-0.707106781186548));
#9093=DIRECTION('',(0.,-1.,2.22044604925031E-16));
#9094=DIRECTION('center_axis',(0.,-1.,2.22044604925031E-16));
#9095=DIRECTION('ref_axis',(0.707106781186548,-1.57009245868377E-16,-0.707106781186548));
#9096=DIRECTION('center_axis',(0.707106781186548,-1.57009245868377E-16,
-0.707106781186548));
#9097=DIRECTION('ref_axis',(0.707106781186548,1.57009245868377E-16,0.707106781186548));
#9098=DIRECTION('',(-0.707106781186548,-1.57009245868377E-16,-0.707106781186548));
#9099=DIRECTION('',(0.707106781186548,1.57009245868377E-16,0.707106781186548));
#9100=DIRECTION('center_axis',(0.,-1.,2.22044604925031E-16));
#9101=DIRECTION('ref_axis',(0.707106781186548,-1.57009245868377E-16,-0.707106781186548));
#9102=DIRECTION('center_axis',(0.,1.,-2.22044604925031E-16));
#9103=DIRECTION('ref_axis',(0.707106781186548,-1.57009245868377E-16,-0.707106781186548));
#9104=DIRECTION('',(0.,-1.,2.22044604925031E-16));
#9105=DIRECTION('center_axis',(0.,-1.,2.22044604925031E-16));
#9106=DIRECTION('ref_axis',(0.707106781186548,-1.57009245868377E-16,-0.707106781186548));
#9107=DIRECTION('',(0.,-1.,2.22044604925031E-16));
#9108=DIRECTION('center_axis',(0.707106781186548,-1.57009245868377E-16,
-0.707106781186548));
#9109=DIRECTION('ref_axis',(0.707106781186548,1.57009245868377E-16,0.707106781186548));
#9110=DIRECTION('',(-0.707106781186548,-1.57009245868377E-16,-0.707106781186548));
#9111=DIRECTION('',(0.,-1.,2.22044604925031E-16));
#9112=DIRECTION('',(0.707106781186548,1.57009245868377E-16,0.707106781186548));
#9113=DIRECTION('center_axis',(0.,-1.,2.22044604925031E-16));
#9114=DIRECTION('ref_axis',(-0.707106781186548,1.57009245868377E-16,0.707106781186548));
#9115=DIRECTION('center_axis',(0.,1.,-2.22044604925031E-16));
#9116=DIRECTION('ref_axis',(-0.707106781186548,1.57009245868377E-16,0.707106781186548));
#9117=DIRECTION('',(0.,-1.,2.22044604925031E-16));
#9118=DIRECTION('center_axis',(0.,-1.,2.22044604925031E-16));
#9119=DIRECTION('ref_axis',(-0.707106781186548,1.57009245868377E-16,0.707106781186548));
#9120=DIRECTION('center_axis',(-0.707106781186548,1.57009245868377E-16,
0.707106781186548));
#9121=DIRECTION('ref_axis',(-0.707106781186548,-1.57009245868377E-16,-0.707106781186548));
#9122=DIRECTION('',(0.707106781186548,1.57009245868377E-16,0.707106781186548));
#9123=DIRECTION('',(-0.707106781186548,-1.57009245868377E-16,-0.707106781186548));
#9124=DIRECTION('center_axis',(0.,-1.,2.22044604925031E-16));
#9125=DIRECTION('ref_axis',(-0.707106781186548,1.57009245868377E-16,0.707106781186548));
#9126=DIRECTION('center_axis',(0.,1.,-2.22044604925031E-16));
#9127=DIRECTION('ref_axis',(-0.707106781186548,1.57009245868377E-16,0.707106781186548));
#9128=DIRECTION('',(0.,-1.,2.22044604925031E-16));
#9129=DIRECTION('center_axis',(0.,-1.,2.22044604925031E-16));
#9130=DIRECTION('ref_axis',(-0.707106781186548,1.57009245868377E-16,0.707106781186548));
#9131=DIRECTION('',(0.,-1.,2.22044604925031E-16));
#9132=DIRECTION('center_axis',(-0.707106781186548,1.57009245868377E-16,
0.707106781186548));
#9133=DIRECTION('ref_axis',(-0.707106781186548,-1.57009245868377E-16,-0.707106781186548));
#9134=DIRECTION('',(0.707106781186548,1.57009245868377E-16,0.707106781186548));
#9135=DIRECTION('',(0.,-1.,2.22044604925031E-16));
#9136=DIRECTION('',(-0.707106781186548,-1.57009245868377E-16,-0.707106781186548));
#9137=DIRECTION('center_axis',(0.,-1.,2.22044604925031E-16));
#9138=DIRECTION('ref_axis',(0.707106781186548,-1.57009245868377E-16,-0.707106781186548));
#9139=DIRECTION('center_axis',(0.,1.,-2.22044604925031E-16));
#9140=DIRECTION('ref_axis',(0.707106781186548,-1.57009245868377E-16,-0.707106781186548));
#9141=DIRECTION('',(0.,-1.,2.22044604925031E-16));
#9142=DIRECTION('center_axis',(0.,-1.,2.22044604925031E-16));
#9143=DIRECTION('ref_axis',(0.707106781186548,-1.57009245868377E-16,-0.707106781186548));
#9144=DIRECTION('center_axis',(0.707106781186548,-1.57009245868377E-16,
-0.707106781186548));
#9145=DIRECTION('ref_axis',(0.707106781186548,1.57009245868377E-16,0.707106781186548));
#9146=DIRECTION('',(-0.707106781186548,-1.57009245868377E-16,-0.707106781186548));
#9147=DIRECTION('',(0.707106781186548,1.57009245868377E-16,0.707106781186548));
#9148=DIRECTION('center_axis',(0.,-2.22044604925031E-16,-1.));
#9149=DIRECTION('ref_axis',(0.,1.,-2.22044604925031E-16));
#9150=DIRECTION('',(0.,-1.,2.22044604925031E-16));
#9151=DIRECTION('',(1.,0.,0.));
#9152=DIRECTION('',(0.,1.,-2.22044604925031E-16));
#9153=DIRECTION('',(-1.,0.,0.));
#9154=DIRECTION('center_axis',(0.,1.,-2.22044604925031E-16));
#9155=DIRECTION('ref_axis',(1.,0.,0.));
#9156=DIRECTION('',(1.,0.,0.));
#9157=DIRECTION('center_axis',(0.,-1.,2.22044604925031E-16));
#9158=DIRECTION('ref_axis',(1.,0.,0.));
#9159=DIRECTION('',(0.,2.22044604925031E-16,1.));
#9160=DIRECTION('center_axis',(0.,-1.,2.22044604925031E-16));
#9161=DIRECTION('ref_axis',(0.,2.22044604925031E-16,1.));
#9162=DIRECTION('',(-1.,0.,0.));
#9163=DIRECTION('center_axis',(0.,-1.,2.22044604925031E-16));
#9164=DIRECTION('ref_axis',(-1.,0.,0.));
#9165=DIRECTION('',(3.47623647632143E-16,-2.22044604925031E-16,-1.));
#9166=DIRECTION('center_axis',(0.,-1.,2.22044604925031E-16));
#9167=DIRECTION('ref_axis',(0.,-2.22044604925031E-16,-1.));
#9168=DIRECTION('center_axis',(0.,2.22044604925031E-16,1.));
#9169=DIRECTION('ref_axis',(0.,-1.,2.22044604925031E-16));
#9170=DIRECTION('',(0.,-1.,2.22044604925031E-16));
#9171=DIRECTION('',(-1.,0.,0.));
#9172=DIRECTION('',(0.,1.,-2.22044604925031E-16));
#9173=DIRECTION('',(1.,0.,0.));
#9174=DIRECTION('center_axis',(-1.,0.,0.));
#9175=DIRECTION('ref_axis',(0.,0.707106781186542,-0.707106781186553));
#9176=DIRECTION('center_axis',(-1.,0.,0.));
#9177=DIRECTION('ref_axis',(0.,0.707106781186542,-0.707106781186553));
#9178=DIRECTION('center_axis',(0.,1.,-2.22044604925031E-16));
#9179=DIRECTION('ref_axis',(0.,-2.22044604925031E-16,-1.));
#9180=DIRECTION('',(-1.,0.,0.));
#9181=DIRECTION('',(0.,9.95799250102959E-17,1.));
#9182=DIRECTION('',(1.,0.,0.));
#9183=DIRECTION('center_axis',(-1.,0.,0.));
#9184=DIRECTION('ref_axis',(0.,0.707106781186543,0.707106781186552));
#9185=DIRECTION('center_axis',(-1.,0.,0.));
#9186=DIRECTION('ref_axis',(0.,0.707106781186543,0.707106781186552));
#9187=DIRECTION('',(-1.,0.,0.));
#9188=DIRECTION('center_axis',(0.,-1.,2.22044604925031E-16));
#9189=DIRECTION('ref_axis',(0.707106781186548,1.57009245868377E-16,0.707106781186548));
#9190=DIRECTION('center_axis',(0.,1.,-2.22044604925031E-16));
#9191=DIRECTION('ref_axis',(0.707106781186548,1.57009245868377E-16,0.707106781186548));
#9192=DIRECTION('',(0.,-1.,2.22044604925031E-16));
#9193=DIRECTION('center_axis',(0.,-1.,2.22044604925031E-16));
#9194=DIRECTION('ref_axis',(0.707106781186548,1.57009245868377E-16,0.707106781186548));
#9195=DIRECTION('center_axis',(0.,1.,-2.22044604925031E-16));
#9196=DIRECTION('ref_axis',(-0.707106781186548,1.57009245868377E-16,0.707106781186548));
#9197=DIRECTION('center_axis',(0.,-1.,2.22044604925031E-16));
#9198=DIRECTION('ref_axis',(-0.707106781186548,1.57009245868377E-16,0.707106781186548));
#9199=DIRECTION('',(0.,1.,-2.22044604925031E-16));
#9200=DIRECTION('center_axis',(0.,1.,-2.22044604925031E-16));
#9201=DIRECTION('ref_axis',(-0.707106781186548,1.57009245868377E-16,0.707106781186548));
#9202=DIRECTION('center_axis',(-1.,0.,0.));
#9203=DIRECTION('ref_axis',(0.,1.,-2.22044604925031E-16));
#9204=DIRECTION('',(0.,-1.,2.22044604925031E-16));
#9205=DIRECTION('',(0.,-2.22044604925031E-16,-1.));
#9206=DIRECTION('',(0.,2.22044604925031E-16,1.));
#9207=DIRECTION('center_axis',(0.,-1.,2.22044604925031E-16));
#9208=DIRECTION('ref_axis',(-0.707106781186548,-1.57009245868377E-16,-0.707106781186548));
#9209=DIRECTION('center_axis',(0.,1.,-2.22044604925031E-16));
#9210=DIRECTION('ref_axis',(-0.707106781186548,-1.57009245868377E-16,-0.707106781186548));
#9211=DIRECTION('center_axis',(0.,-1.,2.22044604925031E-16));
#9212=DIRECTION('ref_axis',(-0.707106781186548,-1.57009245868377E-16,-0.707106781186548));
#9213=DIRECTION('center_axis',(0.,1.,-2.22044604925031E-16));
#9214=DIRECTION('ref_axis',(0.707106781186548,-1.57009245868377E-16,-0.707106781186548));
#9215=DIRECTION('center_axis',(0.,-1.,2.22044604925031E-16));
#9216=DIRECTION('ref_axis',(0.707106781186548,-1.57009245868377E-16,-0.707106781186548));
#9217=DIRECTION('',(0.,1.,-2.22044604925031E-16));
#9218=DIRECTION('center_axis',(0.,1.,-2.22044604925031E-16));
#9219=DIRECTION('ref_axis',(0.707106781186548,-1.57009245868377E-16,-0.707106781186548));
#9220=DIRECTION('center_axis',(0.707106781186554,-1.57009245868376E-16,
-0.707106781186541));
#9221=DIRECTION('ref_axis',(0.,-1.,2.22044604925031E-16));
#9222=DIRECTION('',(0.707106781186541,1.57009245868379E-16,0.707106781186554));
#9223=DIRECTION('',(0.,-1.,2.22044604925031E-16));
#9224=DIRECTION('',(0.,1.,-2.22044604925031E-16));
#9225=DIRECTION('center_axis',(1.,0.,0.));
#9226=DIRECTION('ref_axis',(0.,-1.,2.22044604925031E-16));
#9227=DIRECTION('',(0.,2.22044604925031E-16,1.));
#9228=DIRECTION('',(0.,-2.22044604925031E-16,-1.));
#9229=DIRECTION('center_axis',(-1.,0.,0.));
#9230=DIRECTION('ref_axis',(0.,2.22044604925031E-16,1.));
#9231=DIRECTION('',(0.,-2.22044604925031E-16,-1.));
#9232=DIRECTION('center_axis',(1.,0.,0.));
#9233=DIRECTION('ref_axis',(0.,-3.77135681166581E-16,-1.));
#9234=DIRECTION('',(0.,1.,-2.22044604925031E-16));
#9235=DIRECTION('',(0.,-2.22044604925031E-16,-1.));
#9236=DIRECTION('',(0.,2.22044604925031E-16,1.));
#9237=DIRECTION('center_axis',(1.,0.,0.));
#9238=DIRECTION('ref_axis',(0.,-3.77135681166581E-16,-1.));
#9239=DIRECTION('center_axis',(1.,0.,0.));
#9240=DIRECTION('ref_axis',(0.,-3.77135681166581E-16,-1.));
#9241=DIRECTION('center_axis',(1.,0.,0.));
#9242=DIRECTION('ref_axis',(0.,9.95799250102959E-17,1.));
#9243=DIRECTION('center_axis',(0.,1.,-2.22044604925031E-16));
#9244=DIRECTION('ref_axis',(0.,-2.22044604925031E-16,-1.));
#9245=DIRECTION('center_axis',(0.,1.,-2.22044604925031E-16));
#9246=DIRECTION('ref_axis',(0.,-2.22044604925031E-16,-1.));
#9247=DIRECTION('',(0.,1.,-2.22044604925031E-16));
#9248=DIRECTION('',(0.,1.,-2.22044604925031E-16));
#9249=DIRECTION('center_axis',(1.,0.,0.));
#9250=DIRECTION('ref_axis',(0.,-2.22044604925031E-16,-1.));
#9251=DIRECTION('',(0.,-2.22044604925031E-16,-1.));
#9252=DIRECTION('',(0.,1.,-2.22044604925031E-16));
#9253=DIRECTION('',(0.,1.,-2.22044604925031E-16));
#9254=DIRECTION('center_axis',(0.,1.,-2.22044604925031E-16));
#9255=DIRECTION('ref_axis',(1.,0.,0.));
#9256=DIRECTION('center_axis',(0.,1.,-2.22044604925031E-16));
#9257=DIRECTION('ref_axis',(1.,0.,0.));
#9258=DIRECTION('',(0.,1.,-2.22044604925031E-16));
#9259=DIRECTION('center_axis',(0.,-2.22044604925031E-16,-1.));
#9260=DIRECTION('ref_axis',(-1.,0.,0.));
#9261=DIRECTION('',(-1.,0.,0.));
#9262=DIRECTION('center_axis',(0.,1.,-2.22044604925031E-16));
#9263=DIRECTION('ref_axis',(1.,0.,0.));
#9264=DIRECTION('center_axis',(0.,-1.,2.22044604925031E-16));
#9265=DIRECTION('ref_axis',(1.,0.,0.));
#9266=DIRECTION('',(0.,1.,-2.22044604925031E-16));
#9267=DIRECTION('center_axis',(0.,-1.,2.22044604925031E-16));
#9268=DIRECTION('ref_axis',(1.,0.,0.));
#9269=DIRECTION('',(0.,1.,-2.22044604925031E-16));
#9270=DIRECTION('center_axis',(-1.,0.,0.));
#9271=DIRECTION('ref_axis',(0.,2.22044604925031E-16,1.));
#9272=DIRECTION('',(0.,2.22044604925031E-16,1.));
#9273=DIRECTION('',(0.,1.,-2.22044604925031E-16));
#9274=DIRECTION('',(0.,2.22044604925031E-16,1.));
#9275=DIRECTION('center_axis',(0.707106781186549,0.707106781186546,-1.57009245868377E-16));
#9276=DIRECTION('ref_axis',(0.707106781186546,-0.707106781186549,1.57009245868378E-16));
#9277=DIRECTION('',(0.,-2.22044604925031E-16,-1.));
#9278=DIRECTION('',(0.577350269189622,-0.577350269189624,0.577350269189632));
#9279=DIRECTION('',(0.,2.22044604925031E-16,1.));
#9280=DIRECTION('',(0.577350269189622,-0.577350269189624,-0.577350269189632));
#9281=DIRECTION('center_axis',(-0.707106781186542,0.707106781186553,-1.57009245868379E-16));
#9282=DIRECTION('ref_axis',(0.707106781186553,0.707106781186542,-1.57009245868376E-16));
#9283=DIRECTION('',(0.,-2.22044604925031E-16,-1.));
#9284=DIRECTION('',(0.707106781186553,0.707106781186542,-1.57009245868376E-16));
#9285=DIRECTION('',(-0.577350269189629,-0.57735026918962,-0.577350269189629));
#9286=DIRECTION('center_axis',(0.,1.,-2.22044604925031E-16));
#9287=DIRECTION('ref_axis',(1.,0.,0.));
#9288=DIRECTION('center_axis',(0.,1.,-2.22044604925031E-16));
#9289=DIRECTION('ref_axis',(1.,0.,0.));
#9290=DIRECTION('',(0.,0.707106781186542,-0.707106781186553));
#9291=DIRECTION('center_axis',(0.,0.707106781186553,0.707106781186542));
#9292=DIRECTION('ref_axis',(1.,0.,0.));
#9293=DIRECTION('',(1.,0.,0.));
#9294=DIRECTION('',(-1.,0.,0.));
#9295=DIRECTION('center_axis',(0.,0.707106781186553,-0.707106781186543));
#9296=DIRECTION('ref_axis',(1.,0.,0.));
#9297=DIRECTION('',(1.,0.,0.));
#9298=DIRECTION('',(-1.,0.,0.));
#9299=DIRECTION('center_axis',(0.,1.,-2.22044604925031E-16));
#9300=DIRECTION('ref_axis',(1.,0.,0.));
#9301=DIRECTION('',(3.47623647632143E-16,-2.22044604925031E-16,-1.));
#9302=DIRECTION('center_axis',(0.,-1.,2.22044604925031E-16));
#9303=DIRECTION('ref_axis',(-1.,0.,0.));
#9304=DIRECTION('',(-1.,0.,0.));
#9305=DIRECTION('center_axis',(0.,-1.,2.22044604925031E-16));
#9306=DIRECTION('ref_axis',(0.,2.22044604925031E-16,1.));
#9307=DIRECTION('',(0.,2.22044604925031E-16,1.));
#9308=DIRECTION('center_axis',(0.,-1.,2.22044604925031E-16));
#9309=DIRECTION('ref_axis',(1.,0.,0.));
#9310=DIRECTION('',(1.,0.,0.));
#9311=DIRECTION('center_axis',(0.,-1.,2.22044604925031E-16));
#9312=DIRECTION('ref_axis',(0.,-2.22044604925031E-16,-1.));
#9313=DIRECTION('center_axis',(-1.,-7.71879555010774E-32,-3.47623647632143E-16));
#9314=DIRECTION('ref_axis',(-3.47623647632143E-16,2.22044604925031E-16,
1.));
#9315=DIRECTION('',(-3.47623647632143E-16,2.22044604925031E-16,1.));
#9316=DIRECTION('',(0.,1.,-2.22044604925031E-16));
#9317=DIRECTION('center_axis',(0.,1.,-2.22044604925031E-16));
#9318=DIRECTION('ref_axis',(-1.,0.,0.));
#9319=DIRECTION('center_axis',(0.,1.,-2.22044604925031E-16));
#9320=DIRECTION('ref_axis',(-1.,0.,0.));
#9321=DIRECTION('',(0.,1.,-2.22044604925031E-16));
#9322=DIRECTION('center_axis',(0.,2.22044604925031E-16,1.));
#9323=DIRECTION('ref_axis',(1.,0.,0.));
#9324=DIRECTION('',(1.,0.,0.));
#9325=DIRECTION('',(0.,1.,-2.22044604925031E-16));
#9326=DIRECTION('center_axis',(0.,1.,-2.22044604925031E-16));
#9327=DIRECTION('ref_axis',(0.,2.22044604925031E-16,1.));
#9328=DIRECTION('center_axis',(0.,1.,-2.22044604925031E-16));
#9329=DIRECTION('ref_axis',(0.,2.22044604925031E-16,1.));
#9330=DIRECTION('center_axis',(0.,-1.,2.22044604925031E-16));
#9331=DIRECTION('ref_axis',(0.,-2.22044604925031E-16,-1.));
#9332=DIRECTION('',(-0.707106781186552,-0.707106781186543,1.57009245868376E-16));
#9333=DIRECTION('',(0.,0.707106781186551,0.707106781186544));
#9334=DIRECTION('center_axis',(0.,0.707106781186544,-0.707106781186551));
#9335=DIRECTION('ref_axis',(1.,0.,0.));
#9336=DIRECTION('',(0.,0.707106781186543,0.707106781186552));
#9337=DIRECTION('center_axis',(0.,-1.,2.22044604925031E-16));
#9338=DIRECTION('ref_axis',(1.,0.,0.));
#9339=DIRECTION('',(-0.707106781186544,0.707106781186551,-1.57009245868378E-16));
#9340=DIRECTION('center_axis',(0.707106781186551,0.707106781186544,-1.57009245868377E-16));
#9341=DIRECTION('ref_axis',(0.707106781186544,-0.707106781186551,1.57009245868378E-16));
#9342=DIRECTION('',(-0.707106781186544,0.707106781186551,-1.57009245868378E-16));
#9343=DIRECTION('center_axis',(0.,-1.,2.22044604925031E-16));
#9344=DIRECTION('ref_axis',(0.,2.22044604925031E-16,1.));
#9345=DIRECTION('',(0.,0.707106781186559,-0.707106781186536));
#9346=DIRECTION('center_axis',(0.,0.707106781186536,0.707106781186559));
#9347=DIRECTION('ref_axis',(1.,0.,0.));
#9348=DIRECTION('',(0.,0.707106781186551,-0.707106781186544));
#9349=DIRECTION('center_axis',(0.,-1.,2.22044604925031E-16));
#9350=DIRECTION('ref_axis',(-1.,0.,0.));
#9351=DIRECTION('',(0.707106781186552,0.707106781186543,-1.57009245868376E-16));
#9352=DIRECTION('center_axis',(-0.707106781186543,0.707106781186552,-4.02816284409868E-16));
#9353=DIRECTION('ref_axis',(0.707106781186552,0.707106781186543,-1.57009245868376E-16));
#9354=DIRECTION('center_axis',(0.,2.22044604925031E-16,1.));
#9355=DIRECTION('ref_axis',(1.,0.,0.));
#9356=DIRECTION('',(1.,0.,0.));
#9357=DIRECTION('',(0.,1.,-2.22044604925031E-16));
#9358=DIRECTION('center_axis',(1.,0.,0.));
#9359=DIRECTION('ref_axis',(0.,-2.22044604925031E-16,-1.));
#9360=DIRECTION('',(0.,-2.22044604925031E-16,-1.));
#9361=DIRECTION('',(0.,1.,-2.22044604925031E-16));
#9362=DIRECTION('center_axis',(0.,-2.22044604925031E-16,-1.));
#9363=DIRECTION('ref_axis',(-1.,0.,0.));
#9364=DIRECTION('',(-1.,0.,0.));
#9365=DIRECTION('center_axis',(0.,-1.,2.22044604925031E-16));
#9366=DIRECTION('ref_axis',(1.,0.,0.));
#9367=DIRECTION('center_axis',(0.,1.,-2.22044604925031E-16));
#9368=DIRECTION('ref_axis',(-0.707106781186552,1.57009245868377E-16,0.707106781186543));
#9369=DIRECTION('',(0.,2.22044604925031E-16,1.));
#9370=DIRECTION('center_axis',(0.,1.,-2.22044604925031E-16));
#9371=DIRECTION('ref_axis',(-0.707106781186552,-1.57009245868377E-16,-0.707106781186543));
#9372=DIRECTION('',(-1.,0.,0.));
#9373=DIRECTION('',(0.,-2.22044604925031E-16,-1.));
#9374=DIRECTION('',(-1.,0.,0.));
#9375=DIRECTION('',(0.,2.22044604925031E-16,1.));
#9376=DIRECTION('',(-1.,0.,0.));
#9377=DIRECTION('center_axis',(0.,1.,-2.22044604925031E-16));
#9378=DIRECTION('ref_axis',(0.707106781186548,-1.57009245868377E-16,-0.707106781186548));
#9379=DIRECTION('',(0.,-2.22044604925031E-16,-1.));
#9380=DIRECTION('center_axis',(0.,1.,-2.22044604925031E-16));
#9381=DIRECTION('ref_axis',(0.707106781186548,1.57009245868377E-16,0.707106781186548));
#9382=DIRECTION('',(1.,0.,0.));
#9383=DIRECTION('',(0.,2.22044604925031E-16,1.));
#9384=DIRECTION('',(1.,0.,0.));
#9385=DIRECTION('',(0.,-2.22044604925031E-16,-1.));
#9386=DIRECTION('',(1.,0.,0.));
#9387=DIRECTION('center_axis',(0.,1.,-2.22044604925031E-16));
#9388=DIRECTION('ref_axis',(-0.707106781186552,1.57009245868377E-16,0.707106781186543));
#9389=DIRECTION('',(0.,1.,-2.22044604925031E-16));
#9390=DIRECTION('',(0.,1.,-2.22044604925031E-16));
#9391=DIRECTION('center_axis',(0.,-1.,2.22044604925031E-16));
#9392=DIRECTION('ref_axis',(-0.707106781186552,1.57009245868377E-16,0.707106781186543));
#9393=DIRECTION('center_axis',(0.,2.22044604925031E-16,1.));
#9394=DIRECTION('ref_axis',(1.,0.,0.));
#9395=DIRECTION('',(0.,1.,-2.22044604925031E-16));
#9396=DIRECTION('',(1.,0.,0.));
#9397=DIRECTION('center_axis',(1.,0.,0.));
#9398=DIRECTION('ref_axis',(0.,-2.22044604925031E-16,-1.));
#9399=DIRECTION('',(0.,1.,-2.22044604925031E-16));
#9400=DIRECTION('',(0.,2.22044604925031E-16,1.));
#9401=DIRECTION('center_axis',(0.,2.22044604925031E-16,1.));
#9402=DIRECTION('ref_axis',(1.,0.,0.));
#9403=DIRECTION('',(0.,1.,-2.22044604925031E-16));
#9404=DIRECTION('',(1.,0.,0.));
#9405=DIRECTION('center_axis',(-1.,0.,0.));
#9406=DIRECTION('ref_axis',(0.,2.22044604925031E-16,1.));
#9407=DIRECTION('',(0.,1.,-2.22044604925031E-16));
#9408=DIRECTION('',(0.,-2.22044604925031E-16,-1.));
#9409=DIRECTION('center_axis',(0.,2.22044604925031E-16,1.));
#9410=DIRECTION('ref_axis',(1.,0.,0.));
#9411=DIRECTION('',(0.,1.,-2.22044604925031E-16));
#9412=DIRECTION('',(1.,0.,0.));
#9413=DIRECTION('center_axis',(0.,1.,-2.22044604925031E-16));
#9414=DIRECTION('ref_axis',(0.707106781186548,1.57009245868377E-16,0.707106781186548));
#9415=DIRECTION('',(0.,1.,-2.22044604925031E-16));
#9416=DIRECTION('center_axis',(0.,-1.,2.22044604925031E-16));
#9417=DIRECTION('ref_axis',(0.707106781186548,1.57009245868377E-16,0.707106781186548));
#9418=DIRECTION('center_axis',(-1.,0.,0.));
#9419=DIRECTION('ref_axis',(0.,2.22044604925031E-16,1.));
#9420=DIRECTION('',(0.,1.,-2.22044604925031E-16));
#9421=DIRECTION('',(0.,2.22044604925031E-16,1.));
#9422=DIRECTION('center_axis',(0.,1.,-2.22044604925031E-16));
#9423=DIRECTION('ref_axis',(-0.707106781186552,-1.57009245868377E-16,-0.707106781186543));
#9424=DIRECTION('',(0.,1.,-2.22044604925031E-16));
#9425=DIRECTION('center_axis',(0.,-1.,2.22044604925031E-16));
#9426=DIRECTION('ref_axis',(-0.707106781186552,-1.57009245868377E-16,-0.707106781186543));
#9427=DIRECTION('center_axis',(0.,-2.22044604925031E-16,-1.));
#9428=DIRECTION('ref_axis',(-1.,0.,0.));
#9429=DIRECTION('',(0.,1.,-2.22044604925031E-16));
#9430=DIRECTION('',(-1.,0.,0.));
#9431=DIRECTION('center_axis',(1.,0.,0.));
#9432=DIRECTION('ref_axis',(0.,-2.22044604925031E-16,-1.));
#9433=DIRECTION('',(0.,1.,-2.22044604925031E-16));
#9434=DIRECTION('',(0.,-2.22044604925031E-16,-1.));
#9435=DIRECTION('center_axis',(0.,-2.22044604925031E-16,-1.));
#9436=DIRECTION('ref_axis',(-1.,0.,0.));
#9437=DIRECTION('',(0.,1.,-2.22044604925031E-16));
#9438=DIRECTION('',(-1.,0.,0.));
#9439=DIRECTION('center_axis',(-1.,0.,0.));
#9440=DIRECTION('ref_axis',(0.,2.22044604925031E-16,1.));
#9441=DIRECTION('',(0.,1.,-2.22044604925031E-16));
#9442=DIRECTION('',(0.,2.22044604925031E-16,1.));
#9443=DIRECTION('center_axis',(0.,-2.22044604925031E-16,-1.));
#9444=DIRECTION('ref_axis',(-1.,0.,0.));
#9445=DIRECTION('',(0.,1.,-2.22044604925031E-16));
#9446=DIRECTION('',(-1.,0.,0.));
#9447=DIRECTION('center_axis',(0.,1.,-2.22044604925031E-16));
#9448=DIRECTION('ref_axis',(0.707106781186548,-1.57009245868377E-16,-0.707106781186548));
#9449=DIRECTION('',(0.,1.,-2.22044604925031E-16));
#9450=DIRECTION('center_axis',(0.,-1.,2.22044604925031E-16));
#9451=DIRECTION('ref_axis',(0.707106781186548,-1.57009245868377E-16,-0.707106781186548));
#9452=DIRECTION('center_axis',(0.,1.,-2.22044604925031E-16));
#9453=DIRECTION('ref_axis',(0.,-2.22044604925031E-16,-1.));
#9454=DIRECTION('center_axis',(0.,1.,-2.22044604925031E-16));
#9455=DIRECTION('ref_axis',(0.,-2.22044604925031E-16,-1.));
#9456=DIRECTION('',(0.,1.,-2.22044604925031E-16));
#9457=DIRECTION('center_axis',(0.,1.,-2.22044604925031E-16));
#9458=DIRECTION('ref_axis',(0.,-2.22044604925031E-16,-1.));
#9459=DIRECTION('',(0.,1.,-2.22044604925031E-16));
#9460=DIRECTION('center_axis',(-1.,-7.71879555010774E-32,-3.47623647632143E-16));
#9461=DIRECTION('ref_axis',(-3.47623647632143E-16,2.22044604925031E-16,
1.));
#9462=DIRECTION('',(-3.47623647632143E-16,2.22044604925031E-16,1.));
#9463=DIRECTION('',(0.,1.,-2.22044604925031E-16));
#9464=DIRECTION('',(-3.47623647632143E-16,2.22044604925031E-16,1.));
#9465=DIRECTION('center_axis',(0.,1.,-2.22044604925031E-16));
#9466=DIRECTION('ref_axis',(-1.,0.,0.));
#9467=DIRECTION('center_axis',(0.,1.,-2.22044604925031E-16));
#9468=DIRECTION('ref_axis',(-1.,0.,0.));
#9469=DIRECTION('',(0.,1.,-2.22044604925031E-16));
#9470=DIRECTION('center_axis',(0.,1.,-2.22044604925031E-16));
#9471=DIRECTION('ref_axis',(-1.,0.,0.));
#9472=DIRECTION('center_axis',(0.,2.22044604925031E-16,1.));
#9473=DIRECTION('ref_axis',(1.,0.,0.));
#9474=DIRECTION('',(1.,0.,0.));
#9475=DIRECTION('',(0.,1.,-2.22044604925031E-16));
#9476=DIRECTION('',(1.,0.,0.));
#9477=DIRECTION('center_axis',(0.,1.,-2.22044604925031E-16));
#9478=DIRECTION('ref_axis',(0.,2.22044604925031E-16,1.));
#9479=DIRECTION('center_axis',(0.,1.,-2.22044604925031E-16));
#9480=DIRECTION('ref_axis',(0.,2.22044604925031E-16,1.));
#9481=DIRECTION('',(0.,1.,-2.22044604925031E-16));
#9482=DIRECTION('center_axis',(0.,1.,-2.22044604925031E-16));
#9483=DIRECTION('ref_axis',(0.,2.22044604925031E-16,1.));
#9484=DIRECTION('center_axis',(0.,1.,-2.22044604925031E-16));
#9485=DIRECTION('ref_axis',(1.,0.,0.));
#9486=DIRECTION('center_axis',(0.,1.,-2.22044604925031E-16));
#9487=DIRECTION('ref_axis',(1.,0.,0.));
#9488=DIRECTION('',(0.,1.,-2.22044604925031E-16));
#9489=DIRECTION('center_axis',(0.,1.,-2.22044604925031E-16));
#9490=DIRECTION('ref_axis',(1.,0.,0.));
#9491=DIRECTION('',(0.,1.,-2.22044604925031E-16));
#9492=DIRECTION('center_axis',(0.,-2.22044604925031E-16,-1.));
#9493=DIRECTION('ref_axis',(-1.,0.,0.));
#9494=DIRECTION('',(-1.,0.,0.));
#9495=DIRECTION('',(-1.,0.,0.));
#9496=DIRECTION('center_axis',(1.,0.,0.));
#9497=DIRECTION('ref_axis',(0.,-3.77135681166581E-16,-1.));
#9498=DIRECTION('center_axis',(-1.,0.,0.));
#9499=DIRECTION('ref_axis',(0.,-3.77135681166581E-16,-1.));
#9500=DIRECTION('',(1.,0.,0.));
#9501=DIRECTION('center_axis',(1.,0.,0.));
#9502=DIRECTION('ref_axis',(0.,-3.77135681166581E-16,-1.));
#9503=DIRECTION('',(1.,0.,0.));
#9504=DIRECTION('center_axis',(0.,-9.95799250102959E-17,-1.));
#9505=DIRECTION('ref_axis',(0.,1.,-9.95799250102959E-17));
#9506=DIRECTION('',(0.,-1.,9.95799250102959E-17));
#9507=DIRECTION('',(0.,1.,-9.95799250102959E-17));
#9508=DIRECTION('',(-1.,0.,0.));
#9509=DIRECTION('center_axis',(0.,9.95799250102959E-17,1.));
#9510=DIRECTION('ref_axis',(0.,-1.,9.95799250102959E-17));
#9511=DIRECTION('',(0.,1.,-2.22044604925031E-16));
#9512=DIRECTION('',(1.,0.,0.));
#9513=DIRECTION('',(0.,-1.,2.22044604925031E-16));
#9514=DIRECTION('',(1.,0.,0.));
#9515=DIRECTION('center_axis',(1.,0.,0.));
#9516=DIRECTION('ref_axis',(0.,-2.22044604925031E-16,-1.));
#9517=DIRECTION('',(0.,2.22044604925031E-16,1.));
#9518=DIRECTION('',(0.,-2.22044604925031E-16,-1.));
#9519=DIRECTION('',(0.,-2.22044604925031E-16,-1.));
#9520=DIRECTION('center_axis',(0.,1.,-2.22044604925031E-16));
#9521=DIRECTION('ref_axis',(1.,0.,0.));
#9522=DIRECTION('',(0.,-2.22044604925031E-16,-1.));
#9523=DIRECTION('center_axis',(1.,0.,0.));
#9524=DIRECTION('ref_axis',(0.,-2.22044604925031E-16,-1.));
#9525=DIRECTION('',(0.,-2.22044604925031E-16,-1.));
#9526=DIRECTION('',(0.,-2.22044604925031E-16,-1.));
#9527=DIRECTION('',(0.,-2.22044604925031E-16,-1.));
#9528=DIRECTION('center_axis',(0.,1.,-2.22044604925031E-16));
#9529=DIRECTION('ref_axis',(1.,0.,0.));
#9530=DIRECTION('center_axis',(0.,1.,-2.22044604925031E-16));
#9531=DIRECTION('ref_axis',(1.,0.,0.));
#9532=DIRECTION('center_axis',(0.,2.22044604925031E-16,1.));
#9533=DIRECTION('ref_axis',(0.,1.,-2.22044604925031E-16));
#9534=DIRECTION('',(1.,0.,0.));
#9535=DIRECTION('',(0.,-1.,2.22044604925031E-16));
#9536=DIRECTION('center_axis',(0.,-2.22044604925031E-16,-1.));
#9537=DIRECTION('ref_axis',(0.,1.,-2.22044604925031E-16));
#9538=DIRECTION('',(-1.,0.,0.));
#9539=DIRECTION('center_axis',(-1.,0.,0.));
#9540=DIRECTION('ref_axis',(0.,-2.22044604925031E-16,-1.));
#9541=DIRECTION('',(0.,2.22044604925031E-16,1.));
#9542=DIRECTION('center_axis',(1.,0.,0.));
#9543=DIRECTION('ref_axis',(0.,-1.,2.22044604925031E-16));
#9544=DIRECTION('',(0.,2.22044604925031E-16,1.));
#9545=DIRECTION('',(0.,-2.22044604925031E-16,-1.));
#9546=DIRECTION('',(0.,-1.,2.22044604925031E-16));
#9547=DIRECTION('center_axis',(0.70710678118656,1.57009245868375E-16,0.707106781186535));
#9548=DIRECTION('ref_axis',(0.,-1.,2.22044604925031E-16));
#9549=DIRECTION('',(-0.707106781186535,1.5700924586838E-16,0.70710678118656));
#9550=DIRECTION('center_axis',(0.,-1.,2.22044604925031E-16));
#9551=DIRECTION('ref_axis',(-1.,0.,0.));
#9552=DIRECTION('center_axis',(0.,-2.22044604925031E-16,-1.));
#9553=DIRECTION('ref_axis',(-1.,0.,0.));
#9554=DIRECTION('',(-1.,0.,0.));
#9555=DIRECTION('',(0.,1.,-2.22044604925031E-16));
#9556=DIRECTION('',(-1.,0.,0.));
#9557=DIRECTION('',(0.,1.,-2.22044604925031E-16));
#9558=DIRECTION('center_axis',(-1.,0.,0.));
#9559=DIRECTION('ref_axis',(0.,2.22044604925031E-16,1.));
#9560=DIRECTION('',(0.,2.22044604925031E-16,1.));
#9561=DIRECTION('',(0.,2.22044604925031E-16,1.));
#9562=DIRECTION('',(0.,1.,-2.22044604925031E-16));
#9563=DIRECTION('center_axis',(0.,2.22044604925031E-16,1.));
#9564=DIRECTION('ref_axis',(1.,0.,0.));
#9565=DIRECTION('',(1.,0.,0.));
#9566=DIRECTION('',(1.,0.,0.));
#9567=DIRECTION('',(0.,1.,-2.22044604925031E-16));
#9568=DIRECTION('center_axis',(1.,0.,0.));
#9569=DIRECTION('ref_axis',(0.,-2.22044604925031E-16,-1.));
#9570=DIRECTION('',(0.,-2.22044604925031E-16,-1.));
#9571=DIRECTION('',(0.,-2.22044604925031E-16,-1.));
#9572=DIRECTION('center_axis',(0.,1.,-2.22044604925031E-16));
#9573=DIRECTION('ref_axis',(1.,0.,0.));
#9574=DIRECTION('',(-1.,0.,0.));
#9575=DIRECTION('',(0.,2.22044604925031E-16,1.));
#9576=DIRECTION('',(1.,0.,0.));
#9577=DIRECTION('',(0.,-2.22044604925031E-16,-1.));
#9578=DIRECTION('center_axis',(0.,2.22044604925031E-16,1.));
#9579=DIRECTION('ref_axis',(1.,0.,0.));
#9580=DIRECTION('',(0.,1.,-2.22044604925031E-16));
#9581=DIRECTION('',(1.,0.,0.));
#9582=DIRECTION('',(0.,1.,-2.22044604925031E-16));
#9583=DIRECTION('center_axis',(-1.,0.,0.));
#9584=DIRECTION('ref_axis',(0.,2.22044604925031E-16,1.));
#9585=DIRECTION('',(0.,1.,-2.22044604925031E-16));
#9586=DIRECTION('',(0.,2.22044604925031E-16,1.));
#9587=DIRECTION('center_axis',(-0.707106781186551,0.707106781186544,-1.57009245868377E-16));
#9588=DIRECTION('ref_axis',(0.707106781186544,0.707106781186551,-1.57009245868378E-16));
#9589=DIRECTION('',(0.,-2.22044604925031E-16,-1.));
#9590=DIRECTION('',(-0.67859834454584,-0.678598344545846,-0.28108463771484));
#9591=DIRECTION('',(0.,2.22044604925031E-16,1.));
#9592=DIRECTION('',(-0.67859834454584,-0.678598344545846,0.281084637714841));
#9593=DIRECTION('center_axis',(-0.499999999999996,0.707106781186553,-0.499999999999997));
#9594=DIRECTION('ref_axis',(0.81649658092773,0.57735026918962,-1.2819751242557E-16));
#9595=DIRECTION('',(0.707106781186548,-1.57009245868377E-16,-0.707106781186548));
#9596=DIRECTION('',(-0.28108463771484,-0.678598344545846,-0.678598344545839));
#9597=DIRECTION('',(-0.707106781186548,1.57009245868377E-16,0.707106781186548));
#9598=DIRECTION('center_axis',(0.,0.707106781186544,-0.707106781186551));
#9599=DIRECTION('ref_axis',(1.,0.,0.));
#9600=DIRECTION('',(1.,0.,0.));
#9601=DIRECTION('',(0.28108463771484,-0.678598344545846,-0.678598344545839));
#9602=DIRECTION('',(-1.,0.,0.));
#9603=DIRECTION('center_axis',(0.499999999999999,0.707106781186547,-0.500000000000002));
#9604=DIRECTION('ref_axis',(0.816496580927726,-0.577350269189626,1.28197512425571E-16));
#9605=DIRECTION('',(0.707106781186549,1.57009245868377E-16,0.707106781186546));
#9606=DIRECTION('',(0.281084594254266,-0.678598353546825,-0.678598353546819));
#9607=DIRECTION('',(-0.707106781186549,-1.57009245868377E-16,-0.707106781186546));
#9608=DIRECTION('center_axis',(0.,0.707106781186544,-0.707106781186551));
#9609=DIRECTION('ref_axis',(1.,0.,0.));
#9610=DIRECTION('',(1.,0.,0.));
#9611=DIRECTION('',(-0.577350269189624,-0.57735026918963,-0.577350269189624));
#9612=DIRECTION('',(-1.,0.,0.));
#9613=DIRECTION('center_axis',(-0.707106781186551,0.707106781186544,-1.57009245868377E-16));
#9614=DIRECTION('ref_axis',(0.707106781186544,0.707106781186551,-1.57009245868378E-16));
#9615=DIRECTION('',(0.,-2.22044604925031E-16,-1.));
#9616=DIRECTION('',(-0.577350269189624,-0.57735026918963,-0.577350269189624));
#9617=DIRECTION('',(0.,2.22044604925031E-16,1.));
#9618=DIRECTION('center_axis',(0.,0.707106781186544,-0.707106781186551));
#9619=DIRECTION('ref_axis',(1.,0.,0.));
#9620=DIRECTION('',(1.,0.,0.));
#9621=DIRECTION('',(0.28108463771484,-0.678598344545846,-0.678598344545839));
#9622=DIRECTION('',(-1.,0.,0.));
#9623=DIRECTION('center_axis',(0.499999999999984,0.707106781186564,-0.499999999999993));
#9624=DIRECTION('ref_axis',(0.816496580927742,-0.577350269189604,1.28197512425566E-16));
#9625=DIRECTION('',(0.707106781186554,1.57009245868376E-16,0.707106781186541));
#9626=DIRECTION('',(0.678598344545837,-0.678598344545843,-0.281084637714855));
#9627=DIRECTION('',(-0.707106781186554,-1.57009245868376E-16,-0.707106781186541));
#9628=DIRECTION('center_axis',(0.707106781186551,0.707106781186544,-1.57009245868377E-16));
#9629=DIRECTION('ref_axis',(0.707106781186544,-0.707106781186551,1.57009245868378E-16));
#9630=DIRECTION('',(0.,2.22044604925031E-16,1.));
#9631=DIRECTION('',(0.678598344545838,-0.678598344545845,0.281084637714848));
#9632=DIRECTION('',(0.,-2.22044604925031E-16,-1.));
#9633=DIRECTION('center_axis',(0.499999999999994,0.70710678118655,0.500000000000003));
#9634=DIRECTION('ref_axis',(0.81649658092773,-0.57735026918962,1.2819751242557E-16));
#9635=DIRECTION('',(0.707106781186554,-1.57009245868376E-16,-0.707106781186541));
#9636=DIRECTION('',(-0.707106781186554,1.57009245868376E-16,0.707106781186541));
#9637=DIRECTION('',(0.281084637714839,-0.678598344545842,0.678598344545844));
#9638=DIRECTION('center_axis',(0.,0.707106781186548,0.707106781186547));
#9639=DIRECTION('ref_axis',(1.,0.,0.));
#9640=DIRECTION('',(1.,0.,0.));
#9641=DIRECTION('',(-1.,0.,0.));
#9642=DIRECTION('',(-0.577350269189622,-0.577350269189627,0.577350269189629));
#9643=DIRECTION('center_axis',(-0.707106781186551,0.707106781186544,-1.57009245868377E-16));
#9644=DIRECTION('ref_axis',(0.707106781186544,0.707106781186551,-1.57009245868378E-16));
#9645=DIRECTION('',(0.,2.22044604925031E-16,1.));
#9646=DIRECTION('',(0.,-2.22044604925031E-16,-1.));
#9647=DIRECTION('',(-0.577350269189622,-0.577350269189627,0.577350269189629));
#9648=DIRECTION('center_axis',(0.,0.707106781186548,0.707106781186547));
#9649=DIRECTION('ref_axis',(1.,0.,0.));
#9650=DIRECTION('',(1.,0.,0.));
#9651=DIRECTION('',(-1.,0.,0.));
#9652=DIRECTION('',(0.577350269189622,-0.577350269189627,0.577350269189629));
#9653=DIRECTION('center_axis',(0.707106781186551,0.707106781186544,-1.57009245868377E-16));
#9654=DIRECTION('ref_axis',(0.707106781186544,-0.707106781186551,1.57009245868378E-16));
#9655=DIRECTION('',(0.,-2.22044604925031E-16,-1.));
#9656=DIRECTION('',(0.,2.22044604925031E-16,1.));
#9657=DIRECTION('',(0.577350269189622,-0.577350269189627,0.577350269189629));
#9658=DIRECTION('center_axis',(0.,0.707106781186548,0.707106781186547));
#9659=DIRECTION('ref_axis',(1.,0.,0.));
#9660=DIRECTION('',(1.,0.,0.));
#9661=DIRECTION('',(-1.,0.,0.));
#9662=DIRECTION('',(-0.28108463771484,-0.678598344545846,0.67859834454584));
#9663=DIRECTION('center_axis',(-0.499999999999996,0.707106781186553,0.499999999999996));
#9664=DIRECTION('ref_axis',(0.81649658092773,0.57735026918962,-1.2819751242557E-16));
#9665=DIRECTION('',(0.707106781186548,1.57009245868377E-16,0.707106781186548));
#9666=DIRECTION('',(-0.707106781186548,-1.57009245868377E-16,-0.707106781186548));
#9667=DIRECTION('center_axis',(0.707106781186541,1.57009245868379E-16,0.707106781186554));
#9668=DIRECTION('ref_axis',(0.,-1.,2.22044604925031E-16));
#9669=DIRECTION('',(0.,-1.,2.22044604925031E-16));
#9670=DIRECTION('',(0.707106781186554,-1.57009245868376E-16,-0.707106781186541));
#9671=DIRECTION('',(0.,1.,-2.22044604925031E-16));
#9672=DIRECTION('center_axis',(0.,2.22044604925031E-16,1.));
#9673=DIRECTION('ref_axis',(1.,0.,0.));
#9674=DIRECTION('',(0.,1.,-2.22044604925031E-16));
#9675=DIRECTION('',(-1.,0.,0.));
#9676=DIRECTION('center_axis',(-1.,0.,0.));
#9677=DIRECTION('ref_axis',(0.,2.22044604925031E-16,1.));
#9678=DIRECTION('',(0.,1.,-2.22044604925031E-16));
#9679=DIRECTION('',(0.,2.22044604925031E-16,1.));
#9680=DIRECTION('center_axis',(0.,2.22044604925031E-16,1.));
#9681=DIRECTION('ref_axis',(1.,0.,0.));
#9682=DIRECTION('',(0.,1.,-2.22044604925031E-16));
#9683=DIRECTION('',(1.,0.,0.));
#9684=DIRECTION('center_axis',(1.,0.,0.));
#9685=DIRECTION('ref_axis',(0.,-2.22044604925031E-16,-1.));
#9686=DIRECTION('',(0.,1.,-2.22044604925031E-16));
#9687=DIRECTION('',(0.,-2.22044604925031E-16,-1.));
#9688=DIRECTION('center_axis',(0.,2.22044604925031E-16,1.));
#9689=DIRECTION('ref_axis',(1.,0.,0.));
#9690=DIRECTION('',(0.,1.,-2.22044604925031E-16));
#9691=DIRECTION('',(-1.,0.,0.));
#9692=DIRECTION('center_axis',(-0.707106781186548,1.57009245868377E-16,
0.707106781186548));
#9693=DIRECTION('ref_axis',(0.,1.,-2.22044604925031E-16));
#9694=DIRECTION('',(0.,-1.,2.22044604925031E-16));
#9695=DIRECTION('',(0.707106781186548,1.57009245868377E-16,0.707106781186548));
#9696=DIRECTION('center_axis',(-1.,0.,0.));
#9697=DIRECTION('ref_axis',(0.,2.22044604925031E-16,1.));
#9698=DIRECTION('',(0.,1.,-2.22044604925031E-16));
#9699=DIRECTION('',(0.,-2.22044604925031E-16,-1.));
#9700=DIRECTION('center_axis',(0.,1.,-2.22044604925031E-16));
#9701=DIRECTION('ref_axis',(1.,0.,0.));
#9702=DIRECTION('',(0.,-2.22044604925031E-16,-1.));
#9703=DIRECTION('',(-1.,0.,0.));
#9704=DIRECTION('center_axis',(0.707106781186541,-1.57009245868379E-16,
-0.707106781186554));
#9705=DIRECTION('ref_axis',(0.,-1.,2.22044604925031E-16));
#9706=DIRECTION('',(0.,-1.,2.22044604925031E-16));
#9707=DIRECTION('',(-0.707106781186554,-1.57009245868376E-16,-0.707106781186541));
#9708=DIRECTION('',(0.,1.,-2.22044604925031E-16));
#9709=DIRECTION('center_axis',(0.,1.,-2.22044604925031E-16));
#9710=DIRECTION('ref_axis',(-1.,0.,0.));
#9711=DIRECTION('',(0.,2.22044604925031E-16,1.));
#9712=DIRECTION('',(-0.707106781186548,1.57009245868377E-16,0.707106781186548));
#9713=DIRECTION('',(1.,0.,0.));
#9714=DIRECTION('',(-0.707106781186549,-1.57009245868377E-16,-0.707106781186546));
#9715=DIRECTION('',(-1.,0.,0.));
#9716=DIRECTION('',(0.,2.22044604925031E-16,1.));
#9717=DIRECTION('',(1.,0.,0.));
#9718=DIRECTION('center_axis',(1.,0.,0.));
#9719=DIRECTION('ref_axis',(0.,-2.22044604925031E-16,-1.));
#9720=DIRECTION('center_axis',(-0.707106781186548,-1.57009245868377E-16,
-0.707106781186548));
#9721=DIRECTION('ref_axis',(0.,1.,-2.22044604925031E-16));
#9722=DIRECTION('',(0.,-1.,2.22044604925031E-16));
#9723=DIRECTION('center_axis',(0.,-2.22044604925031E-16,-1.));
#9724=DIRECTION('ref_axis',(-1.,0.,0.));
#9725=DIRECTION('',(0.,1.,-2.22044604925031E-16));
#9726=DIRECTION('center_axis',(0.707106781186546,-1.57009245868378E-16,
-0.707106781186549));
#9727=DIRECTION('ref_axis',(0.,-1.,2.22044604925031E-16));
#9728=DIRECTION('',(0.,1.,-2.22044604925031E-16));
#9729=DIRECTION('center_axis',(0.,-2.22044604925031E-16,-1.));
#9730=DIRECTION('ref_axis',(-1.,0.,0.));
#9731=DIRECTION('',(0.,1.,-2.22044604925031E-16));
#9732=DIRECTION('center_axis',(1.,0.,0.));
#9733=DIRECTION('ref_axis',(0.,-2.22044604925031E-16,-1.));
#9734=DIRECTION('center_axis',(0.,-2.22044604925031E-16,-1.));
#9735=DIRECTION('ref_axis',(-1.,0.,0.));
#9736=DIRECTION('',(0.,1.,-2.22044604925031E-16));
#9737=DIRECTION('center_axis',(-1.,0.,0.));
#9738=DIRECTION('ref_axis',(0.,2.22044604925031E-16,1.));
#9739=DIRECTION('',(0.,1.,-2.22044604925031E-16));
#9740=DIRECTION('center_axis',(0.,-2.22044604925031E-16,-1.));
#9741=DIRECTION('ref_axis',(-1.,0.,0.));
#9742=DIRECTION('center_axis',(0.,-1.,2.22044604925031E-16));
#9743=DIRECTION('ref_axis',(-1.,0.,0.));
#9744=DIRECTION('',(0.,-2.22044604925031E-16,-1.));
#9745=DIRECTION('',(1.,0.,0.));
#9746=DIRECTION('',(0.,2.22044604925031E-16,1.));
#9747=DIRECTION('',(0.707106781186541,1.57009245868379E-16,0.707106781186554));
#9748=DIRECTION('',(0.,2.22044604925031E-16,1.));
#9749=DIRECTION('',(1.,0.,0.));
#9750=DIRECTION('center_axis',(0.,-1.,2.22044604925031E-16));
#9751=DIRECTION('ref_axis',(-1.,0.,0.));
#9752=DIRECTION('',(-1.,0.,0.));
#9753=DIRECTION('',(0.,-2.22044604925031E-16,-1.));
#9754=DIRECTION('',(-1.,0.,0.));
#9755=DIRECTION('',(0.,2.22044604925031E-16,1.));
#9756=DIRECTION('',(-0.707106781186535,1.5700924586838E-16,0.70710678118656));
#9757=DIRECTION('',(0.,2.22044604925031E-16,1.));
#9758=DIRECTION('center_axis',(0.,-2.22044604925031E-16,-1.));
#9759=DIRECTION('ref_axis',(0.,-1.,2.22044604925031E-16));
#9760=DIRECTION('',(0.,1.,-9.95799250102959E-17));
#9761=DIRECTION('',(1.,0.,0.));
#9762=DIRECTION('',(0.,1.,-9.95799250102959E-17));
#9763=DIRECTION('',(-1.,0.,0.));
#9764=DIRECTION('',(0.,1.,-2.22044604925031E-16));
#9765=DIRECTION('center_axis',(-1.,0.,0.));
#9766=DIRECTION('ref_axis',(0.,-2.22044604925031E-16,-1.));
#9767=DIRECTION('center_axis',(1.,0.,0.));
#9768=DIRECTION('ref_axis',(0.,-0.707106781186543,-0.707106781186552));
#9769=DIRECTION('',(0.,-2.22044604925031E-16,-1.));
#9770=DIRECTION('center_axis',(1.,0.,0.));
#9771=DIRECTION('ref_axis',(0.,-0.707106781186542,0.707106781186553));
#9772=DIRECTION('',(0.,-1.,2.22044604925031E-16));
#9773=DIRECTION('',(0.,-1.,2.22044604925031E-16));
#9774=DIRECTION('',(0.,-1.,2.22044604925031E-16));
#9775=DIRECTION('',(0.,2.22044604925031E-16,1.));
#9776=DIRECTION('',(0.,-1.,2.22044604925031E-16));
#9777=DIRECTION('',(0.,-1.,2.22044604925031E-16));
#9778=DIRECTION('center_axis',(0.707106781186554,-1.57009245868376E-16,
-0.707106781186541));
#9779=DIRECTION('ref_axis',(0.,-1.,2.22044604925031E-16));
#9780=DIRECTION('',(0.,1.,-2.22044604925031E-16));
#9781=DIRECTION('',(0.,1.,-2.22044604925031E-16));
#9782=DIRECTION('',(0.707106781186541,1.57009245868379E-16,0.707106781186554));
#9783=DIRECTION('center_axis',(1.,0.,0.));
#9784=DIRECTION('ref_axis',(0.,-1.,2.22044604925031E-16));
#9785=DIRECTION('',(0.,-1.,2.22044604925031E-16));
#9786=DIRECTION('',(0.,0.707106781186549,0.707106781186546));
#9787=DIRECTION('',(0.,2.22044604925031E-16,1.));
#9788=DIRECTION('center_axis',(-1.,0.,0.));
#9789=DIRECTION('ref_axis',(0.,2.22044604925031E-16,1.));
#9790=DIRECTION('',(0.,1.,-2.22044604925031E-16));
#9791=DIRECTION('',(0.,0.707106781186549,-0.707106781186546));
#9792=DIRECTION('',(0.,-2.22044604925031E-16,-1.));
#9793=DIRECTION('',(0.,-0.707106781186549,-0.707106781186546));
#9794=DIRECTION('',(0.,-1.,2.22044604925031E-16));
#9795=DIRECTION('',(0.,1.,-2.22044604925031E-16));
#9796=DIRECTION('center_axis',(-1.,0.,0.));
#9797=DIRECTION('ref_axis',(0.,-0.707106781186542,0.707106781186553));
#9798=DIRECTION('',(0.,-1.,9.95799250102959E-17));
#9799=DIRECTION('',(0.,2.22044604925031E-16,1.));
#9800=DIRECTION('center_axis',(1.,0.,0.));
#9801=DIRECTION('ref_axis',(0.,9.95799250102959E-17,1.));
#9802=DIRECTION('center_axis',(-1.,0.,0.));
#9803=DIRECTION('ref_axis',(0.,-0.707106781186543,-0.707106781186552));
#9804=DIRECTION('',(0.,-9.95799250102959E-17,-1.));
#9805=DIRECTION('center_axis',(0.,9.95799250102959E-17,1.));
#9806=DIRECTION('ref_axis',(0.,-1.,9.95799250102959E-17));
#9807=DIRECTION('',(-1.,0.,0.));
#9808=DIRECTION('',(0.,-1.,9.95799250102959E-17));
#9809=DIRECTION('',(1.,0.,0.));
#9810=DIRECTION('center_axis',(1.,0.,0.));
#9811=DIRECTION('ref_axis',(0.,9.95799250102959E-17,1.));
#9812=DIRECTION('center_axis',(-1.,0.,0.));
#9813=DIRECTION('ref_axis',(0.,-0.707106781186542,0.707106781186553));
#9814=DIRECTION('',(0.,-9.95799250102959E-17,-1.));
#9815=DIRECTION('center_axis',(-1.,0.,0.));
#9816=DIRECTION('ref_axis',(0.,-0.707106781186542,0.707106781186553));
#9817=DIRECTION('',(1.,0.,0.));
#9818=DIRECTION('',(-1.,0.,0.));
#9819=DIRECTION('center_axis',(0.,1.,-2.22044604925031E-16));
#9820=DIRECTION('ref_axis',(1.,0.,0.));
#9821=DIRECTION('',(1.,0.,0.));
#9822=DIRECTION('center_axis',(1.,0.,0.));
#9823=DIRECTION('ref_axis',(0.,-0.707106781186543,-0.707106781186552));
#9824=DIRECTION('center_axis',(1.,0.,0.));
#9825=DIRECTION('ref_axis',(0.,-1.,2.22044604925031E-16));
#9826=DIRECTION('',(0.,-1.,2.22044604925031E-16));
#9827=DIRECTION('',(0.,-1.,2.22044604925031E-16));
#9828=DIRECTION('',(0.,2.22044604925031E-16,1.));
#9829=DIRECTION('',(0.,-0.707106781186549,0.707106781186546));
#9830=DIRECTION('',(0.,-1.,2.22044604925031E-16));
#9831=DIRECTION('center_axis',(0.,2.22044604925031E-16,1.));
#9832=DIRECTION('ref_axis',(0.,1.,-2.22044604925031E-16));
#9833=DIRECTION('center_axis',(0.,2.22044604925031E-16,1.));
#9834=DIRECTION('ref_axis',(-1.,0.,0.));
#9835=DIRECTION('',(-1.,0.,0.));
#9836=DIRECTION('center_axis',(0.,-0.707106781186546,0.707106781186549));
#9837=DIRECTION('ref_axis',(-1.,0.,0.));
#9838=DIRECTION('',(1.,0.,0.));
#9839=DIRECTION('center_axis',(0.,-1.,2.22044604925031E-16));
#9840=DIRECTION('ref_axis',(-1.,0.,0.));
#9841=DIRECTION('',(-1.,0.,0.));
#9842=DIRECTION('',(-0.707106781186535,1.5700924586838E-16,0.70710678118656));
#9843=DIRECTION('center_axis',(0.,-0.707106781186546,-0.707106781186549));
#9844=DIRECTION('ref_axis',(-1.,0.,0.));
#9845=DIRECTION('',(1.,0.,0.));
#9846=DIRECTION('center_axis',(0.,-2.22044604925031E-16,-1.));
#9847=DIRECTION('ref_axis',(1.,0.,0.));
#9848=DIRECTION('center_axis',(0.70710678118656,1.57009245868375E-16,0.707106781186535));
#9849=DIRECTION('ref_axis',(0.,-1.,2.22044604925031E-16));
#9850=DIRECTION('center_axis',(0.,1.,-2.22044604925031E-16));
#9851=DIRECTION('ref_axis',(2.83276944882399E-16,-2.22044604925031E-16,
-1.));
#9852=DIRECTION('center_axis',(0.,-1.,2.22044604925031E-16));
#9853=DIRECTION('ref_axis',(1.,0.,0.));
#9854=DIRECTION('',(0.,-1.,2.22044604925031E-16));
#9855=DIRECTION('center_axis',(0.,-1.,2.22044604925031E-16));
#9856=DIRECTION('ref_axis',(1.,0.,0.));
#9857=DIRECTION('',(0.,1.,-2.22044604925031E-16));
#9858=DIRECTION('center_axis',(0.,-1.,2.22044604925031E-16));
#9859=DIRECTION('ref_axis',(1.,0.,0.));
#9860=DIRECTION('',(0.,-1.,2.22044604925031E-16));
#9861=DIRECTION('',(0.,1.,-2.22044604925031E-16));
#9862=DIRECTION('center_axis',(0.,1.,-2.22044604925031E-16));
#9863=DIRECTION('ref_axis',(1.,0.,0.));
#9864=DIRECTION('',(0.,1.,-2.22044604925031E-16));
#9865=DIRECTION('',(0.,1.,-2.22044604925031E-16));
#9866=DIRECTION('center_axis',(0.,2.22044604925031E-16,1.));
#9867=DIRECTION('ref_axis',(1.,0.,0.));
#9868=DIRECTION('',(-1.,0.,0.));
#9869=DIRECTION('',(1.,0.,0.));
#9870=DIRECTION('center_axis',(0.,1.,-2.22044604925031E-16));
#9871=DIRECTION('ref_axis',(1.,0.,0.));
#9872=DIRECTION('center_axis',(0.,-1.,2.22044604925031E-16));
#9873=DIRECTION('ref_axis',(1.,0.,0.));
#9874=DIRECTION('',(0.,-1.,2.22044604925031E-16));
#9875=DIRECTION('center_axis',(0.,-1.,2.22044604925031E-16));
#9876=DIRECTION('ref_axis',(-1.,0.,0.));
#9877=DIRECTION('center_axis',(0.,-1.,2.22044604925031E-16));
#9878=DIRECTION('ref_axis',(-1.,0.,0.));
#9879=DIRECTION('center_axis',(0.,-1.,2.22044604925031E-16));
#9880=DIRECTION('ref_axis',(1.,0.,0.));
#9881=DIRECTION('center_axis',(0.,2.22044604925031E-16,1.));
#9882=DIRECTION('ref_axis',(0.,-1.,2.22044604925031E-16));
#9883=DIRECTION('',(-1.,0.,0.));
#9884=DIRECTION('',(0.,1.,-2.22044604925031E-16));
#9885=DIRECTION('',(-1.,0.,0.));
#9886=DIRECTION('',(0.,-1.,2.22044604925031E-16));
#9887=DIRECTION('',(-1.,0.,0.));
#9888=DIRECTION('center_axis',(0.,1.,-2.22044604925031E-16));
#9889=DIRECTION('ref_axis',(-1.,0.,0.));
#9890=DIRECTION('',(0.,-2.22044604925031E-16,-1.));
#9891=DIRECTION('',(1.,0.,0.));
#9892=DIRECTION('',(0.,-2.22044604925031E-16,-1.));
#9893=DIRECTION('',(-1.,0.,0.));
#9894=DIRECTION('',(0.,-2.22044604925031E-16,-1.));
#9895=DIRECTION('',(1.,0.,0.));
#9896=DIRECTION('',(0.,-2.22044604925031E-16,-1.));
#9897=DIRECTION('',(-1.,0.,0.));
#9898=DIRECTION('',(0.,-2.22044604925031E-16,-1.));
#9899=DIRECTION('',(1.,0.,0.));
#9900=DIRECTION('',(0.,-2.22044604925031E-16,-1.));
#9901=DIRECTION('',(1.,0.,0.));
#9902=DIRECTION('',(0.,2.22044604925031E-16,1.));
#9903=DIRECTION('',(1.,0.,0.));
#9904=DIRECTION('',(0.,2.22044604925031E-16,1.));
#9905=DIRECTION('',(-1.,0.,0.));
#9906=DIRECTION('',(0.,2.22044604925031E-16,1.));
#9907=DIRECTION('',(1.,0.,0.));
#9908=DIRECTION('',(0.,2.22044604925031E-16,1.));
#9909=DIRECTION('center_axis',(0.,-1.,2.22044604925031E-16));
#9910=DIRECTION('ref_axis',(1.,0.,0.));
#9911=DIRECTION('',(0.,2.22044604925031E-16,1.));
#9912=DIRECTION('',(-1.,0.,0.));
#9913=DIRECTION('',(0.,2.22044604925031E-16,1.));
#9914=DIRECTION('',(-1.,0.,0.));
#9915=DIRECTION('',(0.,-2.22044604925031E-16,-1.));
#9916=DIRECTION('center_axis',(0.,-1.,2.22044604925031E-16));
#9917=DIRECTION('ref_axis',(1.,0.,0.));
#9918=DIRECTION('center_axis',(0.,-1.,2.22044604925031E-16));
#9919=DIRECTION('ref_axis',(1.,0.,0.));
#9920=DIRECTION('center_axis',(0.,-1.,2.22044604925031E-16));
#9921=DIRECTION('ref_axis',(-1.,0.,0.));
#9922=DIRECTION('center_axis',(0.,-1.,2.22044604925031E-16));
#9923=DIRECTION('ref_axis',(-1.,0.,0.));
#9924=DIRECTION('center_axis',(0.,-1.,2.22044604925031E-16));
#9925=DIRECTION('ref_axis',(-1.,0.,0.));
#9926=DIRECTION('',(1.,0.,0.));
#9927=DIRECTION('',(0.20186363826079,2.17473513995911E-16,0.979413636594936));
#9928=DIRECTION('',(-1.,0.,0.));
#9929=DIRECTION('',(0.989013601095167,-3.28236432517574E-17,-0.147824547517557));
#9930=DIRECTION('',(0.205546619023203,2.17303358717533E-16,0.978647325346639));
#9931=DIRECTION('',(0.748260291154918,1.47305558474483E-16,0.663405258255283));
#9932=DIRECTION('',(0.285018583955628,-2.12834636753666E-16,-0.958521990775344));
#9933=DIRECTION('',(1.,0.,0.));
#9934=DIRECTION('',(-0.318330363410686,2.10493809364076E-16,0.94797984141585));
#9935=DIRECTION('',(0.741823619469629,1.48902012364545E-16,0.67059504739968));
#9936=DIRECTION('',(-1.,0.,0.));
#9937=DIRECTION('',(-0.721425498878246,-1.53764125300097E-16,-0.692492057404468));
#9938=DIRECTION('',(0.205234587554171,2.17317899187659E-16,0.978712809802482));
#9939=DIRECTION('',(-1.,0.,0.));
#9940=DIRECTION('',(-0.20496729820021,-2.17330336365484E-16,-0.9787688218719));
#9941=DIRECTION('',(1.,0.,0.));
#9942=DIRECTION('',(-1.,0.,0.));
#9943=DIRECTION('',(-0.419462278600922,-2.01566045449854E-16,-0.907772767178506));
#9944=DIRECTION('',(-0.0504970848588756,2.21761322280636E-16,0.998724208388259));
#9945=DIRECTION('',(-1.,0.,0.));
#9946=DIRECTION('',(-0.421560318504669,-2.01350128290092E-16,-0.906800362738261));
#9947=DIRECTION('',(-0.103375535337647,2.20854978171033E-16,0.994642397393985));
#9948=DIRECTION('',(-1.,0.,0.));
#9949=DIRECTION('',(0.124264683573546,-2.20323560735539E-16,-0.992249106029512));
#9950=DIRECTION('',(1.,0.,0.));
#9951=DIRECTION('',(0.432210606913678,2.00233761525525E-16,0.901772693793347));
#9952=DIRECTION('',(0.0766966220790695,-2.21390567217724E-16,-0.997054476025087));
#9953=DIRECTION('',(1.,0.,0.));
#9954=DIRECTION('',(0.445864296298316,1.98752252293921E-16,0.89510056936995));
#9955=DIRECTION('',(1.,0.,0.));
#9956=DIRECTION('',(0.996346613135736,-1.89629557054499E-17,-0.0854015602489075));
#9957=DIRECTION('',(-1.,0.,0.));
#9958=DIRECTION('',(-0.507692500721996,-1.91299942062527E-16,-0.861538347788795));
#9959=DIRECTION('',(-0.159902558979252,2.19187513348888E-16,0.987132803442316));
#9960=DIRECTION('',(-1.,0.,0.));
#9961=DIRECTION('',(0.196648700038458,-2.17708964697869E-16,-0.980474012288538));
#9962=DIRECTION('',(1.,0.,0.));
#9963=DIRECTION('',(0.52378417268991,1.89148920605712E-16,0.851851008357416));
#9964=DIRECTION('',(0.206855247335133,2.17242126196107E-16,0.97837155858596));
#9965=DIRECTION('',(0.205708623126033,2.17295800332188E-16,0.978613285405216));
#9966=DIRECTION('',(-1.,0.,0.));
#9967=DIRECTION('',(-0.204327595922594,-2.17360033507507E-16,-0.978902565909648));
#9968=DIRECTION('',(1.,0.,0.));
#9969=DIRECTION('',(1.,0.,0.));
#9970=DIRECTION('',(0.205713070243657,2.17295592761926E-16,0.978612350591861));
#9971=DIRECTION('',(0.423939165659287,2.01103726280591E-16,0.905690666740089));
#9972=DIRECTION('',(0.204333124686599,2.17359777258632E-16,0.978901411867309));
#9973=DIRECTION('',(-1.,0.,0.));
#9974=DIRECTION('',(-0.204617075977261,-2.17346606866513E-16,-0.978842097694269));
#9975=DIRECTION('',(1.,0.,0.));
#9976=DIRECTION('',(0.205714299866133,2.17295535368181E-16,0.978612092113411));
#9977=DIRECTION('',(0.423939856257845,2.01103654502819E-16,0.905690343481743));
#9978=DIRECTION('',(0.204334119411962,2.17359731154023E-16,0.97890120423061));
#9979=DIRECTION('',(-1.,0.,0.));
#9980=DIRECTION('',(-0.204616690145924,-2.17346624775315E-16,-0.978842178348342));
#9981=DIRECTION('',(0.,2.22044604925031E-16,1.));
#9982=DIRECTION('',(-1.,0.,0.));
#9983=DIRECTION('',(0.,-2.22044604925031E-16,-1.));
#9984=DIRECTION('',(1.,0.,0.));
#9985=DIRECTION('center_axis',(-1.,0.,0.));
#9986=DIRECTION('ref_axis',(0.,1.,-2.22044604925031E-16));
#9987=DIRECTION('',(0.,-2.22044604925031E-16,-1.));
#9988=DIRECTION('',(0.,1.,-2.22044604925031E-16));
#9989=DIRECTION('center_axis',(0.,1.,-2.22044604925031E-16));
#9990=DIRECTION('ref_axis',(1.,0.,0.));
#9991=DIRECTION('center_axis',(0.,1.,-2.22044604925031E-16));
#9992=DIRECTION('ref_axis',(1.,0.,0.));
#9993=DIRECTION('',(0.,-1.,2.22044604925031E-16));
#9994=DIRECTION('center_axis',(0.,-1.,2.22044604925031E-16));
#9995=DIRECTION('ref_axis',(1.,0.,0.));
#9996=DIRECTION('',(0.,1.,-2.22044604925031E-16));
#9997=DIRECTION('',(0.,-1.,2.22044604925031E-16));
#9998=DIRECTION('center_axis',(0.,-1.,2.22044604925031E-16));
#9999=DIRECTION('ref_axis',(1.,0.,0.));
#10000=DIRECTION('center_axis',(0.,1.,-2.22044604925031E-16));
#10001=DIRECTION('ref_axis',(1.,0.,0.));
#10002=DIRECTION('center_axis',(0.,-1.,2.22044604925031E-16));
#10003=DIRECTION('ref_axis',(1.,0.,0.));
#10004=DIRECTION('',(0.,-1.,2.22044604925031E-16));
#10005=DIRECTION('center_axis',(0.,-1.,2.22044604925031E-16));
#10006=DIRECTION('ref_axis',(-1.,0.,0.));
#10007=DIRECTION('center_axis',(0.,-1.,2.22044604925031E-16));
#10008=DIRECTION('ref_axis',(-1.,0.,0.));
#10009=DIRECTION('center_axis',(0.,-1.,2.22044604925031E-16));
#10010=DIRECTION('ref_axis',(1.,0.,0.));
#10011=DIRECTION('center_axis',(0.,-1.,2.22044604925031E-16));
#10012=DIRECTION('ref_axis',(1.,0.,0.));
#10013=DIRECTION('',(0.,-2.22044604925031E-16,-1.));
#10014=DIRECTION('',(1.,0.,0.));
#10015=DIRECTION('',(0.,-2.22044604925031E-16,-1.));
#10016=DIRECTION('',(-1.,0.,0.));
#10017=DIRECTION('',(0.,-2.22044604925031E-16,-1.));
#10018=DIRECTION('',(-0.707106781186554,-1.57009245868376E-16,-0.707106781186541));
#10019=DIRECTION('',(1.,0.,0.));
#10020=DIRECTION('',(0.,-2.22044604925031E-16,-1.));
#10021=DIRECTION('',(-1.,0.,0.));
#10022=DIRECTION('',(0.,-2.22044604925031E-16,-1.));
#10023=DIRECTION('center_axis',(1.,0.,0.));
#10024=DIRECTION('ref_axis',(0.,-1.,2.22044604925031E-16));
#10025=DIRECTION('',(0.,-1.,2.22044604925031E-16));
#10026=DIRECTION('center_axis',(-1.253898945459E-14,1.,-2.22044604925031E-16));
#10027=DIRECTION('ref_axis',(1.,1.253898945459E-14,-2.78421495960357E-30));
#10028=DIRECTION('',(-1.,0.,0.));
#10029=DIRECTION('',(0.,2.22044604925031E-16,1.));
#10030=DIRECTION('',(1.,1.29189586394943E-14,-2.86858506714934E-30));
#10031=DIRECTION('',(0.,-4.08830911377011E-14,-1.));
#10032=DIRECTION('center_axis',(-1.253898945459E-14,1.,-2.22044604925031E-16));
#10033=DIRECTION('ref_axis',(1.,1.253898945459E-14,-2.78421495960357E-30));
#10034=DIRECTION('',(0.,2.34627129008146E-14,-1.));
#10035=DIRECTION('',(-1.,-1.29189586394943E-14,2.86858506714934E-30));
#10036=DIRECTION('',(0.,2.22044604925031E-16,1.));
#10037=DIRECTION('',(1.,0.,0.));
#10038=DIRECTION('center_axis',(0.,-2.22044604925031E-16,-1.));
#10039=DIRECTION('ref_axis',(-1.,0.,0.));
#10040=DIRECTION('',(0.,1.,-2.22044604925031E-16));
#10041=DIRECTION('',(-1.,0.,0.));
#10042=DIRECTION('',(0.,1.,-2.22044604925031E-16));
#10043=DIRECTION('center_axis',(1.,0.,0.));
#10044=DIRECTION('ref_axis',(0.,-2.22044604925031E-16,-1.));
#10045=DIRECTION('',(0.,-2.22044604925031E-16,-1.));
#10046=DIRECTION('',(0.,1.,-2.22044604925031E-16));
#10047=DIRECTION('center_axis',(0.,2.22044604925031E-16,1.));
#10048=DIRECTION('ref_axis',(1.,0.,0.));
#10049=DIRECTION('',(1.,0.,0.));
#10050=DIRECTION('',(0.,1.,-2.22044604925031E-16));
#10051=DIRECTION('center_axis',(0.,1.,-2.22044604925031E-16));
#10052=DIRECTION('ref_axis',(1.,0.,0.));
#10053=DIRECTION('',(0.,2.22044604925031E-16,1.));
#10054=DIRECTION('center_axis',(0.,1.,-2.22044604925031E-16));
#10055=DIRECTION('ref_axis',(1.,0.,0.));
#10056=DIRECTION('center_axis',(0.,1.,-2.22044604925031E-16));
#10057=DIRECTION('ref_axis',(1.,0.,0.));
#10058=DIRECTION('',(0.,-1.,2.22044604925031E-16));
#10059=DIRECTION('center_axis',(0.,1.,-2.22044604925031E-16));
#10060=DIRECTION('ref_axis',(1.,0.,0.));
#10061=DIRECTION('center_axis',(0.,-1.,2.22044604925031E-16));
#10062=DIRECTION('ref_axis',(1.,0.,0.));
#10063=DIRECTION('',(0.,-1.,2.22044604925031E-16));
#10064=DIRECTION('center_axis',(0.,-1.,2.22044604925031E-16));
#10065=DIRECTION('ref_axis',(-1.,0.,0.));
#10066=DIRECTION('center_axis',(0.,-1.,2.22044604925031E-16));
#10067=DIRECTION('ref_axis',(-1.,0.,0.));
#10068=DIRECTION('center_axis',(0.,-1.,2.22044604925031E-16));
#10069=DIRECTION('ref_axis',(1.,0.,0.));
#10070=DIRECTION('center_axis',(0.,1.,-2.22044604925031E-16));
#10071=DIRECTION('ref_axis',(-1.,0.,0.));
#10072=DIRECTION('center_axis',(0.,1.,-2.22044604925031E-16));
#10073=DIRECTION('ref_axis',(-1.,0.,0.));
#10074=DIRECTION('center_axis',(0.,-1.,2.22044604925031E-16));
#10075=DIRECTION('ref_axis',(-1.,0.,0.));
#10076=DIRECTION('center_axis',(0.,1.,-2.22044604925031E-16));
#10077=DIRECTION('ref_axis',(-1.,0.,0.));
#10078=DIRECTION('center_axis',(0.,1.,-2.22044604925031E-16));
#10079=DIRECTION('ref_axis',(-1.,0.,0.));
#10080=DIRECTION('center_axis',(0.,1.,-2.22044604925031E-16));
#10081=DIRECTION('ref_axis',(-1.,0.,0.));
#10082=DIRECTION('center_axis',(0.,1.,-2.22044604925031E-16));
#10083=DIRECTION('ref_axis',(-1.,0.,0.));
#10084=DIRECTION('center_axis',(0.,1.,-2.22044604925031E-16));
#10085=DIRECTION('ref_axis',(1.,0.,0.));
#10086=DIRECTION('center_axis',(0.,1.,-2.22044604925031E-16));
#10087=DIRECTION('ref_axis',(1.,0.,0.));
#10088=DIRECTION('',(0.,-1.,2.22044604925031E-16));
#10089=DIRECTION('center_axis',(0.,1.,-2.22044604925031E-16));
#10090=DIRECTION('ref_axis',(1.,0.,0.));
#10091=DIRECTION('center_axis',(0.,-1.,2.22044604925031E-16));
#10092=DIRECTION('ref_axis',(1.,0.,0.));
#10093=DIRECTION('',(0.,-1.,2.22044604925031E-16));
#10094=DIRECTION('center_axis',(0.,-1.,2.22044604925031E-16));
#10095=DIRECTION('ref_axis',(-1.,0.,0.));
#10096=DIRECTION('center_axis',(0.,-1.,2.22044604925031E-16));
#10097=DIRECTION('ref_axis',(-1.,0.,0.));
#10098=DIRECTION('center_axis',(0.,-1.,2.22044604925031E-16));
#10099=DIRECTION('ref_axis',(1.,0.,0.));
#10100=DIRECTION('center_axis',(1.,0.,0.));
#10101=DIRECTION('ref_axis',(0.,2.22044604925031E-16,1.));
#10102=DIRECTION('',(0.,1.,-2.22044604925031E-16));
#10103=DIRECTION('',(0.,-1.,2.22044604925031E-16));
#10104=DIRECTION('',(0.,2.22044604925031E-16,1.));
#10105=DIRECTION('center_axis',(1.,0.,0.));
#10106=DIRECTION('ref_axis',(0.,1.,-2.22044604925031E-16));
#10107=DIRECTION('',(0.,1.,-2.22044604925031E-16));
#10108=DIRECTION('',(0.,2.22044604925031E-16,1.));
#10109=DIRECTION('',(0.,-1.,2.22044604925031E-16));
#10110=DIRECTION('',(0.,-2.22044604925031E-16,-1.));
#10111=DIRECTION('',(0.,1.,-2.22044604925031E-16));
#10112=DIRECTION('',(0.,2.22044604925031E-16,1.));
#10113=DIRECTION('',(0.,1.,-2.22044604925031E-16));
#10114=DIRECTION('',(0.,0.707106781186549,0.707106781186546));
#10115=DIRECTION('',(0.,2.22044604925031E-16,1.));
#10116=DIRECTION('',(0.,-0.707106781186549,0.707106781186546));
#10117=DIRECTION('',(0.,-1.,2.22044604925031E-16));
#10118=DIRECTION('',(0.,2.22044604925031E-16,1.));
#10119=DIRECTION('',(0.,-1.,2.22044604925031E-16));
#10120=DIRECTION('center_axis',(0.,-1.,2.22044604925031E-16));
#10121=DIRECTION('ref_axis',(1.,0.,0.));
#10122=DIRECTION('',(-0.707106781186541,-1.57009245868379E-16,-0.707106781186554));
#10123=DIRECTION('',(0.,-2.22044604925031E-16,-1.));
#10124=DIRECTION('',(0.707106781186554,-1.57009245868376E-16,-0.707106781186541));
#10125=DIRECTION('',(0.,-2.22044604925031E-16,-1.));
#10126=DIRECTION('center_axis',(-1.,0.,0.));
#10127=DIRECTION('ref_axis',(0.,-2.22044604925031E-16,-1.));
#10128=DIRECTION('',(0.,-2.22044604925031E-16,-1.));
#10129=DIRECTION('',(0.,1.,-2.22044604925031E-16));
#10130=DIRECTION('',(0.,2.22044604925031E-16,1.));
#10131=DIRECTION('center_axis',(0.,-1.,2.22044604925031E-16));
#10132=DIRECTION('ref_axis',(1.,0.,0.));
#10133=DIRECTION('',(0.,-2.22044604925031E-16,-1.));
#10134=DIRECTION('',(0.707106781186548,-1.57009245868377E-16,-0.707106781186548));
#10135=DIRECTION('',(0.,2.22044604925031E-16,1.));
#10136=DIRECTION('',(-1.,0.,0.));
#10137=DIRECTION('center_axis',(0.,-1.,2.22044604925031E-16));
#10138=DIRECTION('ref_axis',(1.,0.,0.));
#10139=DIRECTION('',(0.,-2.22044604925031E-16,-1.));
#10140=DIRECTION('',(-1.,0.,0.));
#10141=DIRECTION('',(1.,0.,0.));
#10142=DIRECTION('',(-0.707106781186548,1.57009245868377E-16,0.707106781186548));
#10143=DIRECTION('',(0.,2.22044604925031E-16,1.));
#10144=DIRECTION('',(-1.,0.,0.));
#10145=DIRECTION('',(0.,2.22044604925031E-16,1.));
#10146=DIRECTION('',(1.,0.,0.));
#10147=DIRECTION('center_axis',(1.,0.,0.));
#10148=DIRECTION('ref_axis',(0.,-2.22044604925031E-16,-1.));
#10149=DIRECTION('',(0.,1.,-2.22044604925031E-16));
#10150=DIRECTION('',(0.,1.,-2.22044604925031E-16));
#10151=DIRECTION('',(0.,-2.22044604925031E-16,-1.));
#10152=DIRECTION('center_axis',(0.,-1.,2.22044604925031E-16));
#10153=DIRECTION('ref_axis',(-1.,0.,0.));
#10154=DIRECTION('',(1.,0.,0.));
#10155=DIRECTION('',(0.,-2.22044604925031E-16,-1.));
#10156=DIRECTION('',(-1.,0.,0.));
#10157=DIRECTION('',(0.,-2.22044604925031E-16,-1.));
#10158=DIRECTION('center_axis',(1.,0.,0.));
#10159=DIRECTION('ref_axis',(0.,-1.,2.22044604925031E-16));
#10160=DIRECTION('',(0.,1.,-2.22044604925031E-16));
#10161=DIRECTION('',(0.,-1.,2.22044604925031E-16));
#10162=DIRECTION('center_axis',(-1.,0.,0.));
#10163=DIRECTION('ref_axis',(0.,2.22044604925031E-16,1.));
#10164=DIRECTION('',(-1.253898945459E-14,1.,-2.22044604925031E-16));
#10165=DIRECTION('',(-1.253898945459E-14,1.,-2.22044604925031E-16));
#10166=DIRECTION('',(-1.253898945459E-14,1.,-2.22044604925031E-16));
#10167=DIRECTION('',(-1.253898945459E-14,1.,-2.22044604925031E-16));
#10168=DIRECTION('',(-1.253898945459E-14,1.,-2.22044604925031E-16));
#10169=DIRECTION('',(0.,-1.,2.22044604925031E-16));
#10170=DIRECTION('',(0.,2.22044604925031E-16,1.));
#10171=DIRECTION('',(0.,1.,-2.22044604925031E-16));
#10172=DIRECTION('',(-1.253898945459E-14,1.,-2.22044604925031E-16));
#10173=DIRECTION('',(-1.253898945459E-14,1.,-2.22044604925031E-16));
#10174=DIRECTION('',(-1.253898945459E-14,1.,-2.22044604925031E-16));
#10175=DIRECTION('center_axis',(-1.,0.,0.));
#10176=DIRECTION('ref_axis',(0.,1.,-2.22044604925031E-16));
#10177=DIRECTION('',(0.,-1.,2.22044604925031E-16));
#10178=DIRECTION('',(0.,-2.22044604925031E-16,-1.));
#10179=DIRECTION('',(0.,-1.,2.22044604925031E-16));
#10180=DIRECTION('center_axis',(0.,-2.22044604925031E-16,-1.));
#10181=DIRECTION('ref_axis',(0.,1.,-2.22044604925031E-16));
#10182=DIRECTION('',(1.,0.,0.));
#10183=DIRECTION('',(0.,-1.,2.22044604925031E-16));
#10184=DIRECTION('center_axis',(1.,0.,0.));
#10185=DIRECTION('ref_axis',(0.,-1.,2.22044604925031E-16));
#10186=DIRECTION('',(0.,2.22044604925031E-16,1.));
#10187=DIRECTION('',(0.,-1.,2.22044604925031E-16));
#10188=DIRECTION('center_axis',(0.,2.22044604925031E-16,1.));
#10189=DIRECTION('ref_axis',(0.,-1.,2.22044604925031E-16));
#10190=DIRECTION('',(-1.,0.,0.));
#10191=DIRECTION('center_axis',(0.,2.22044604925031E-16,1.));
#10192=DIRECTION('ref_axis',(0.,-1.,2.22044604925031E-16));
#10193=DIRECTION('',(0.,-1.,2.22044604925031E-16));
#10194=DIRECTION('',(-1.,0.,0.));
#10195=DIRECTION('',(0.,-1.,2.22044604925031E-16));
#10196=DIRECTION('center_axis',(-0.978612092113411,4.56777504412049E-17,
0.205714299866133));
#10197=DIRECTION('ref_axis',(0.,1.,-2.22044604925031E-16));
#10198=DIRECTION('',(-0.205714299866133,-2.17295535368181E-16,-0.978612092113411));
#10199=DIRECTION('',(0.,-1.,2.22044604925031E-16));
#10200=DIRECTION('',(0.,-1.,2.22044604925031E-16));
#10201=DIRECTION('',(0.,-1.,2.22044604925031E-16));
#10202=DIRECTION('',(0.,-1.,2.22044604925031E-16));
#10203=DIRECTION('',(0.,-1.,2.22044604925031E-16));
#10204=DIRECTION('center_axis',(-0.905690343481743,9.41335578947477E-17,
0.423939856257845));
#10205=DIRECTION('ref_axis',(0.,1.,-2.22044604925031E-16));
#10206=DIRECTION('',(-0.423939856257845,-2.01103654502819E-16,-0.905690343481743));
#10207=DIRECTION('',(0.,-1.,2.22044604925031E-16));
#10208=DIRECTION('',(0.,-1.,2.22044604925031E-16));
#10209=DIRECTION('',(0.,-1.,2.22044604925031E-16));
#10210=DIRECTION('center_axis',(-0.97890120423061,4.53712888175332E-17,
0.204334119411962));
#10211=DIRECTION('ref_axis',(0.,1.,-2.22044604925031E-16));
#10212=DIRECTION('',(-0.204334119411962,-2.17359731154023E-16,-0.97890120423061));
#10213=DIRECTION('',(0.,-1.,2.22044604925031E-16));
#10214=DIRECTION('center_axis',(0.,-2.22044604925031E-16,-1.));
#10215=DIRECTION('ref_axis',(0.,1.,-2.22044604925031E-16));
#10216=DIRECTION('',(1.,0.,0.));
#10217=DIRECTION('',(0.,-1.,2.22044604925031E-16));
#10218=DIRECTION('center_axis',(0.978842178348342,-4.54340321245192E-17,
-0.204616690145924));
#10219=DIRECTION('ref_axis',(0.,-1.,2.22044604925031E-16));
#10220=DIRECTION('',(0.204616690145924,2.17346624775315E-16,0.978842178348342));
#10221=DIRECTION('center_axis',(0.,2.22044604925031E-16,1.));
#10222=DIRECTION('ref_axis',(0.,-1.,2.22044604925031E-16));
#10223=DIRECTION('',(0.,-1.,2.22044604925031E-16));
#10224=DIRECTION('',(-1.,0.,0.));
#10225=DIRECTION('',(0.,-1.,2.22044604925031E-16));
#10226=DIRECTION('center_axis',(-0.978612350591861,4.56774774101681E-17,
0.205713070243657));
#10227=DIRECTION('ref_axis',(0.,1.,-2.22044604925031E-16));
#10228=DIRECTION('',(-0.205713070243657,-2.17295592761926E-16,-0.978612350591861));
#10229=DIRECTION('',(0.,-1.,2.22044604925031E-16));
#10230=DIRECTION('',(0.,-1.,2.22044604925031E-16));
#10231=DIRECTION('',(0.,-1.,2.22044604925031E-16));
#10232=DIRECTION('',(0.,-1.,2.22044604925031E-16));
#10233=DIRECTION('',(0.,-1.,2.22044604925031E-16));
#10234=DIRECTION('center_axis',(-0.90569066674009,9.41334045510637E-17,
0.423939165659287));
#10235=DIRECTION('ref_axis',(0.,1.,-2.22044604925031E-16));
#10236=DIRECTION('',(-0.423939165659287,-2.01103726280591E-16,-0.905690666740089));
#10237=DIRECTION('',(0.,-1.,2.22044604925031E-16));
#10238=DIRECTION('',(0.,-1.,2.22044604925031E-16));
#10239=DIRECTION('',(0.,-1.,2.22044604925031E-16));
#10240=DIRECTION('center_axis',(-0.978901411867309,4.53710679441329E-17,
0.204333124686599));
#10241=DIRECTION('ref_axis',(0.,1.,-2.22044604925031E-16));
#10242=DIRECTION('',(-0.204333124686599,-2.17359777258632E-16,-0.978901411867309));
#10243=DIRECTION('',(0.,-1.,2.22044604925031E-16));
#10244=DIRECTION('center_axis',(0.,-2.22044604925031E-16,-1.));
#10245=DIRECTION('ref_axis',(0.,1.,-2.22044604925031E-16));
#10246=DIRECTION('',(1.,0.,0.));
#10247=DIRECTION('',(0.,-1.,2.22044604925031E-16));
#10248=DIRECTION('center_axis',(0.978842097694269,-4.5434117796286E-17,
-0.204617075977261));
#10249=DIRECTION('ref_axis',(0.,-1.,2.22044604925031E-16));
#10250=DIRECTION('',(0.204617075977261,2.17346606866513E-16,0.978842097694269));
#10251=DIRECTION('center_axis',(-0.97837155858596,4.59310916711992E-17,
0.206855247335133));
#10252=DIRECTION('ref_axis',(0.,1.,-2.22044604925031E-16));
#10253=DIRECTION('',(0.,-1.,2.22044604925031E-16));
#10254=DIRECTION('',(-0.206855247335133,-2.17242126196107E-16,-0.97837155858596));
#10255=DIRECTION('',(0.,-1.,2.22044604925031E-16));
#10256=DIRECTION('',(0.,-1.,2.22044604925031E-16));
#10257=DIRECTION('',(0.,-1.,2.22044604925031E-16));
#10258=DIRECTION('',(0.,-1.,2.22044604925031E-16));
#10259=DIRECTION('',(0.,-1.,2.22044604925031E-16));
#10260=DIRECTION('',(0.,-1.,2.22044604925031E-16));
#10261=DIRECTION('',(0.,-1.,2.22044604925031E-16));
#10262=DIRECTION('',(0.,-1.,2.22044604925031E-16));
#10263=DIRECTION('',(0.,-1.,2.22044604925031E-16));
#10264=DIRECTION('',(0.,-1.,2.22044604925031E-16));
#10265=DIRECTION('center_axis',(-0.978613285405217,4.56764899516922E-17,
0.205708623126033));
#10266=DIRECTION('ref_axis',(0.,1.,-2.22044604925031E-16));
#10267=DIRECTION('',(-0.205708623126033,-2.17295800332188E-16,-0.978613285405216));
#10268=DIRECTION('',(0.,-1.,2.22044604925031E-16));
#10269=DIRECTION('center_axis',(0.,-2.22044604925031E-16,-1.));
#10270=DIRECTION('ref_axis',(0.,1.,-2.22044604925031E-16));
#10271=DIRECTION('',(1.,0.,0.));
#10272=DIRECTION('',(0.,-1.,2.22044604925031E-16));
#10273=DIRECTION('center_axis',(0.978902565909648,-4.53698403119138E-17,
-0.204327595922594));
#10274=DIRECTION('ref_axis',(0.,-1.,2.22044604925031E-16));
#10275=DIRECTION('',(0.204327595922594,2.17360033507507E-16,0.978902565909648));
#10276=DIRECTION('',(0.,-1.,2.22044604925031E-16));
#10277=DIRECTION('center_axis',(0.,2.22044604925031E-16,1.));
#10278=DIRECTION('ref_axis',(0.,-1.,2.22044604925031E-16));
#10279=DIRECTION('',(-1.,0.,0.));
#10280=DIRECTION('center_axis',(0.,-2.22044604925031E-16,-1.));
#10281=DIRECTION('ref_axis',(0.,1.,-2.22044604925031E-16));
#10282=DIRECTION('',(0.,-1.,2.22044604925031E-16));
#10283=DIRECTION('',(1.,0.,0.));
#10284=DIRECTION('',(0.,-1.,2.22044604925031E-16));
#10285=DIRECTION('center_axis',(0.861538347788795,-1.12730380746217E-16,
-0.507692500721996));
#10286=DIRECTION('ref_axis',(0.,-1.,2.22044604925031E-16));
#10287=DIRECTION('',(0.507692500721996,1.91299942062527E-16,0.861538347788795));
#10288=DIRECTION('',(0.,-1.,2.22044604925031E-16));
#10289=DIRECTION('',(0.,-1.,2.22044604925031E-16));
#10290=DIRECTION('',(0.,-1.,2.22044604925031E-16));
#10291=DIRECTION('',(0.,-1.,2.22044604925031E-16));
#10292=DIRECTION('center_axis',(-0.987132803442316,-3.55055005350495E-17,
-0.159902558979252));
#10293=DIRECTION('ref_axis',(0.,1.,-2.22044604925031E-16));
#10294=DIRECTION('',(0.159902558979252,-2.19187513348888E-16,-0.987132803442316));
#10295=DIRECTION('',(0.,-1.,2.22044604925031E-16));
#10296=DIRECTION('center_axis',(0.,-2.22044604925031E-16,-1.));
#10297=DIRECTION('ref_axis',(0.,1.,-2.22044604925031E-16));
#10298=DIRECTION('',(1.,0.,0.));
#10299=DIRECTION('',(0.,-1.,2.22044604925031E-16));
#10300=DIRECTION('center_axis',(0.980474012288538,4.36647829090604E-17,
0.196648700038458));
#10301=DIRECTION('ref_axis',(0.,-1.,2.22044604925031E-16));
#10302=DIRECTION('',(-0.196648700038458,2.17708964697869E-16,0.980474012288538));
#10303=DIRECTION('',(0.,-1.,2.22044604925031E-16));
#10304=DIRECTION('center_axis',(0.,2.22044604925031E-16,1.));
#10305=DIRECTION('ref_axis',(0.,-1.,2.22044604925031E-16));
#10306=DIRECTION('',(-1.,0.,0.));
#10307=DIRECTION('',(0.,-1.,2.22044604925031E-16));
#10308=DIRECTION('center_axis',(-0.851851008357416,1.16303449690915E-16,
0.52378417268991));
#10309=DIRECTION('ref_axis',(0.,1.,-2.22044604925031E-16));
#10310=DIRECTION('',(-0.52378417268991,-1.89148920605712E-16,-0.851851008357416));
#10311=DIRECTION('',(0.,-1.,2.22044604925031E-16));
#10312=DIRECTION('',(0.,-1.,2.22044604925031E-16));
#10313=DIRECTION('',(0.,-1.,2.22044604925031E-16));
#10314=DIRECTION('',(0.,-1.,2.22044604925031E-16));
#10315=DIRECTION('',(0.,-1.,2.22044604925031E-16));
#10316=DIRECTION('',(0.,-1.,2.22044604925031E-16));
#10317=DIRECTION('',(0.,-1.,2.22044604925031E-16));
#10318=DIRECTION('',(0.,-1.,2.22044604925031E-16));
#10319=DIRECTION('',(0.,-1.,2.22044604925031E-16));
#10320=DIRECTION('',(0.,-1.,2.22044604925031E-16));
#10321=DIRECTION('',(0.,-1.,2.22044604925031E-16));
#10322=DIRECTION('',(0.,-1.,2.22044604925031E-16));
#10323=DIRECTION('',(0.,-1.,2.22044604925031E-16));
#10324=DIRECTION('center_axis',(0.,2.22044604925031E-16,1.));
#10325=DIRECTION('ref_axis',(0.,-1.,2.22044604925031E-16));
#10326=DIRECTION('',(-1.,0.,0.));
#10327=DIRECTION('',(0.,-1.,2.22044604925031E-16));
#10328=DIRECTION('',(0.,-1.,2.22044604925031E-16));
#10329=DIRECTION('',(0.,-1.,2.22044604925031E-16));
#10330=DIRECTION('',(0.,-1.,2.22044604925031E-16));
#10331=DIRECTION('',(0.,-1.,2.22044604925031E-16));
#10332=DIRECTION('',(0.,-1.,2.22044604925031E-16));
#10333=DIRECTION('',(0.,-1.,2.22044604925031E-16));
#10334=DIRECTION('',(0.,-1.,2.22044604925031E-16));
#10335=DIRECTION('',(0.,-1.,2.22044604925031E-16));
#10336=DIRECTION('center_axis',(0.0854015602489075,2.21233390082117E-16,
0.996346613135736));
#10337=DIRECTION('ref_axis',(0.,-1.,2.22044604925031E-16));
#10338=DIRECTION('',(-0.996346613135736,1.89629557054499E-17,0.0854015602489075));
#10339=DIRECTION('',(0.,-1.,2.22044604925031E-16));
#10340=DIRECTION('center_axis',(0.,-2.22044604925031E-16,-1.));
#10341=DIRECTION('ref_axis',(0.,1.,-2.22044604925031E-16));
#10342=DIRECTION('',(0.,-1.,2.22044604925031E-16));
#10343=DIRECTION('',(1.,0.,0.));
#10344=DIRECTION('',(0.,-1.,2.22044604925031E-16));
#10345=DIRECTION('center_axis',(0.907772767178506,-9.3139335932895E-17,
-0.419462278600922));
#10346=DIRECTION('ref_axis',(0.,-1.,2.22044604925031E-16));
#10347=DIRECTION('',(0.419462278600922,2.01566045449854E-16,0.907772767178506));
#10348=DIRECTION('',(0.,-1.,2.22044604925031E-16));
#10349=DIRECTION('center_axis',(-0.998724208388259,-1.12126052573548E-17,
-0.0504970848588756));
#10350=DIRECTION('ref_axis',(0.,1.,-2.22044604925031E-16));
#10351=DIRECTION('',(0.0504970848588756,-2.21761322280636E-16,-0.998724208388259));
#10352=DIRECTION('',(0.,-1.,2.22044604925031E-16));
#10353=DIRECTION('center_axis',(0.,-2.22044604925031E-16,-1.));
#10354=DIRECTION('ref_axis',(0.,1.,-2.22044604925031E-16));
#10355=DIRECTION('',(1.,0.,0.));
#10356=DIRECTION('',(0.,-1.,2.22044604925031E-16));
#10357=DIRECTION('center_axis',(0.906800362738261,-9.36051943744397E-17,
-0.42156031850467));
#10358=DIRECTION('ref_axis',(0.,-1.,2.22044604925031E-16));
#10359=DIRECTION('',(0.421560318504669,2.01350128290092E-16,0.906800362738261));
#10360=DIRECTION('',(0.,-1.,2.22044604925031E-16));
#10361=DIRECTION('center_axis',(-0.994642397393985,-2.29539799029615E-17,
-0.103375535337647));
#10362=DIRECTION('ref_axis',(0.,1.,-2.22044604925031E-16));
#10363=DIRECTION('',(0.103375535337647,-2.20854978171033E-16,-0.994642397393985));
#10364=DIRECTION('',(0.,-1.,2.22044604925031E-16));
#10365=DIRECTION('center_axis',(0.,-2.22044604925031E-16,-1.));
#10366=DIRECTION('ref_axis',(0.,1.,-2.22044604925031E-16));
#10367=DIRECTION('',(1.,0.,0.));
#10368=DIRECTION('',(0.,-1.,2.22044604925031E-16));
#10369=DIRECTION('center_axis',(0.992249106029512,2.7592302570222E-17,0.124264683573546));
#10370=DIRECTION('ref_axis',(0.,-1.,2.22044604925031E-16));
#10371=DIRECTION('',(-0.124264683573546,2.20323560735539E-16,0.992249106029512));
#10372=DIRECTION('',(0.,-1.,2.22044604925031E-16));
#10373=DIRECTION('center_axis',(0.,2.22044604925031E-16,1.));
#10374=DIRECTION('ref_axis',(0.,-1.,2.22044604925031E-16));
#10375=DIRECTION('',(-1.,0.,0.));
#10376=DIRECTION('',(0.,-1.,2.22044604925031E-16));
#10377=DIRECTION('center_axis',(-0.901772693793347,9.59700334565555E-17,
0.432210606913678));
#10378=DIRECTION('ref_axis',(0.,1.,-2.22044604925031E-16));
#10379=DIRECTION('',(-0.432210606913678,-2.00233761525525E-16,-0.901772693793347));
#10380=DIRECTION('',(0.,-1.,2.22044604925031E-16));
#10381=DIRECTION('center_axis',(0.997054476025087,1.70300711486314E-17,
0.0766966220790695));
#10382=DIRECTION('ref_axis',(0.,-1.,2.22044604925031E-16));
#10383=DIRECTION('',(-0.0766966220790695,2.21390567217724E-16,0.997054476025087));
#10384=DIRECTION('',(0.,-1.,2.22044604925031E-16));
#10385=DIRECTION('center_axis',(0.,2.22044604925031E-16,1.));
#10386=DIRECTION('ref_axis',(0.,-1.,2.22044604925031E-16));
#10387=DIRECTION('',(-1.,0.,0.));
#10388=DIRECTION('',(0.,-1.,2.22044604925031E-16));
#10389=DIRECTION('center_axis',(-0.89510056936995,9.90017615217366E-17,
0.445864296298316));
#10390=DIRECTION('ref_axis',(0.,1.,-2.22044604925031E-16));
#10391=DIRECTION('',(-0.445864296298316,-1.98752252293921E-16,-0.89510056936995));
#10392=DIRECTION('',(0.,-1.,2.22044604925031E-16));
#10393=DIRECTION('',(0.,-1.,2.22044604925031E-16));
#10394=DIRECTION('',(0.,-1.,2.22044604925031E-16));
#10395=DIRECTION('',(0.,-1.,2.22044604925031E-16));
#10396=DIRECTION('',(0.,-1.,2.22044604925031E-16));
#10397=DIRECTION('',(0.,-1.,2.22044604925031E-16));
#10398=DIRECTION('',(0.,-1.,2.22044604925031E-16));
#10399=DIRECTION('',(0.,-1.,2.22044604925031E-16));
#10400=DIRECTION('',(0.,-1.,2.22044604925031E-16));
#10401=DIRECTION('center_axis',(-0.978647325346639,4.5640517814683E-17,
0.205546619023203));
#10402=DIRECTION('ref_axis',(0.,1.,-2.22044604925031E-16));
#10403=DIRECTION('',(0.,-1.,2.22044604925031E-16));
#10404=DIRECTION('',(-0.205546619023203,-2.17303358717533E-16,-0.978647325346639));
#10405=DIRECTION('',(0.,-1.,2.22044604925031E-16));
#10406=DIRECTION('center_axis',(-0.663405258255283,1.66147160730583E-16,
0.748260291154918));
#10407=DIRECTION('ref_axis',(0.,1.,-2.22044604925031E-16));
#10408=DIRECTION('',(-0.748260291154918,-1.47305558474483E-16,-0.663405258255283));
#10409=DIRECTION('',(0.,-1.,2.22044604925031E-16));
#10410=DIRECTION('center_axis',(0.958521990775344,6.32868388707193E-17,
0.285018583955628));
#10411=DIRECTION('ref_axis',(0.,-1.,2.22044604925031E-16));
#10412=DIRECTION('',(-0.285018583955628,2.12834636753666E-16,0.958521990775344));
#10413=DIRECTION('',(0.,-1.,2.22044604925031E-16));
#10414=DIRECTION('center_axis',(0.,2.22044604925031E-16,1.));
#10415=DIRECTION('ref_axis',(0.,-1.,2.22044604925031E-16));
#10416=DIRECTION('',(-1.,0.,0.));
#10417=DIRECTION('',(0.,-1.,2.22044604925031E-16));
#10418=DIRECTION('center_axis',(-0.94797984141585,-7.06835397791674E-17,
-0.318330363410686));
#10419=DIRECTION('ref_axis',(0.,1.,-2.22044604925031E-16));
#10420=DIRECTION('',(0.318330363410686,-2.10493809364076E-16,-0.94797984141585));
#10421=DIRECTION('',(0.,-1.,2.22044604925031E-16));
#10422=DIRECTION('center_axis',(-0.67059504739968,1.6471793250919E-16,0.741823619469629));
#10423=DIRECTION('ref_axis',(0.,1.,-2.22044604925031E-16));
#10424=DIRECTION('',(-0.741823619469629,-1.48902012364545E-16,-0.67059504739968));
#10425=DIRECTION('',(0.,-1.,2.22044604925031E-16));
#10426=DIRECTION('center_axis',(0.,-2.22044604925031E-16,-1.));
#10427=DIRECTION('ref_axis',(0.,1.,-2.22044604925031E-16));
#10428=DIRECTION('',(1.,0.,0.));
#10429=DIRECTION('',(0.,-1.,2.22044604925031E-16));
#10430=DIRECTION('center_axis',(0.692492057404469,-1.60188639881264E-16,
-0.721425498878246));
#10431=DIRECTION('ref_axis',(0.,-1.,2.22044604925031E-16));
#10432=DIRECTION('',(0.721425498878246,1.53764125300097E-16,0.692492057404468));
#10433=DIRECTION('',(0.,-1.,2.22044604925031E-16));
#10434=DIRECTION('center_axis',(-0.978712809802482,4.55712329104177E-17,
0.205234587554171));
#10435=DIRECTION('ref_axis',(0.,1.,-2.22044604925031E-16));
#10436=DIRECTION('',(-0.205234587554171,-2.17317899187659E-16,-0.978712809802482));
#10437=DIRECTION('',(0.,-1.,2.22044604925031E-16));
#10438=DIRECTION('center_axis',(0.,-2.22044604925031E-16,-1.));
#10439=DIRECTION('ref_axis',(0.,1.,-2.22044604925031E-16));
#10440=DIRECTION('',(1.,0.,0.));
#10441=DIRECTION('',(0.,-1.,2.22044604925031E-16));
#10442=DIRECTION('center_axis',(0.9787688218719,-4.55118827514167E-17,-0.20496729820021));
#10443=DIRECTION('ref_axis',(0.,-1.,2.22044604925031E-16));
#10444=DIRECTION('',(0.20496729820021,2.17330336365484E-16,0.9787688218719));
#10445=DIRECTION('',(0.,-1.,2.22044604925031E-16));
#10446=DIRECTION('center_axis',(0.,2.22044604925031E-16,1.));
#10447=DIRECTION('ref_axis',(0.,-1.,2.22044604925031E-16));
#10448=DIRECTION('',(-1.,0.,0.));
#10449=DIRECTION('',(0.,-1.,2.22044604925031E-16));
#10450=DIRECTION('',(0.,-1.,2.22044604925031E-16));
#10451=DIRECTION('',(0.,-1.,2.22044604925031E-16));
#10452=DIRECTION('',(0.,-1.,2.22044604925031E-16));
#10453=DIRECTION('',(0.,-1.,2.22044604925031E-16));
#10454=DIRECTION('',(0.,-1.,2.22044604925031E-16));
#10455=DIRECTION('',(0.,-1.,2.22044604925031E-16));
#10456=DIRECTION('',(0.,-1.,2.22044604925031E-16));
#10457=DIRECTION('',(0.,-1.,2.22044604925031E-16));
#10458=DIRECTION('',(0.,-1.,2.22044604925031E-16));
#10459=DIRECTION('center_axis',(0.,2.22044604925031E-16,1.));
#10460=DIRECTION('ref_axis',(0.,-1.,2.22044604925031E-16));
#10461=DIRECTION('',(-1.,0.,0.));
#10462=DIRECTION('',(0.,-1.,2.22044604925031E-16));
#10463=DIRECTION('center_axis',(-0.979413636594936,4.48227318063466E-17,
0.20186363826079));
#10464=DIRECTION('ref_axis',(0.,1.,-2.22044604925031E-16));
#10465=DIRECTION('',(-0.20186363826079,-2.17473513995911E-16,-0.979413636594936));
#10466=DIRECTION('',(0.,-1.,2.22044604925031E-16));
#10467=DIRECTION('center_axis',(0.,-2.22044604925031E-16,-1.));
#10468=DIRECTION('ref_axis',(0.,1.,-2.22044604925031E-16));
#10469=DIRECTION('',(1.,0.,0.));
#10470=DIRECTION('',(0.,-1.,2.22044604925031E-16));
#10471=DIRECTION('',(0.,-1.,2.22044604925031E-16));
#10472=DIRECTION('',(0.,-1.,2.22044604925031E-16));
#10473=DIRECTION('',(0.,-1.,2.22044604925031E-16));
#10474=DIRECTION('',(0.,-1.,2.22044604925031E-16));
#10475=DIRECTION('',(0.,-1.,2.22044604925031E-16));
#10476=DIRECTION('',(0.,-1.,2.22044604925031E-16));
#10477=DIRECTION('',(0.,-1.,2.22044604925031E-16));
#10478=DIRECTION('',(0.,-1.,2.22044604925031E-16));
#10479=DIRECTION('',(0.,-1.,2.22044604925031E-16));
#10480=DIRECTION('center_axis',(0.147824547517557,2.19605134320659E-16,
0.989013601095167));
#10481=DIRECTION('ref_axis',(0.,-1.,2.22044604925031E-16));
#10482=DIRECTION('',(-0.989013601095167,3.28236432517574E-17,0.147824547517557));
#10483=DIRECTION('',(0.,-1.,2.22044604925031E-16));
#10484=DIRECTION('center_axis',(0.,-1.,2.22044604925031E-16));
#10485=DIRECTION('ref_axis',(-1.,0.,0.));
#10486=DIRECTION('center_axis',(0.,-1.,2.22044604925031E-16));
#10487=DIRECTION('ref_axis',(-1.,0.,0.));
#10488=DIRECTION('',(0.,-1.,2.22044604925031E-16));
#10489=DIRECTION('center_axis',(0.,1.,-2.22044604925031E-16));
#10490=DIRECTION('ref_axis',(-1.,0.,0.));
#10491=DIRECTION('center_axis',(0.,2.22044604925031E-16,1.));
#10492=DIRECTION('ref_axis',(1.,0.,0.));
#10493=DIRECTION('',(-1.253898945459E-14,1.,-2.22044604925031E-16));
#10494=DIRECTION('center_axis',(0.,2.22044604925031E-16,1.));
#10495=DIRECTION('ref_axis',(1.,1.29189586394943E-14,-2.86858506714934E-30));
#10496=DIRECTION('',(-1.253898945459E-14,1.,-2.22044604925031E-16));
#10497=DIRECTION('center_axis',(-0.577350269189637,-0.577350269189614,-0.577350269189626));
#10498=DIRECTION('ref_axis',(-0.707106781186534,0.707106781186561,-1.57009245868381E-16));
#10499=DIRECTION('',(0.,0.707106781186555,-0.70710678118654));
#10500=DIRECTION('',(0.70710678118654,-0.707106781186555,-1.2403730423602E-14));
#10501=DIRECTION('',(-0.707106781186541,1.57009245868379E-16,0.707106781186554));
#10502=DIRECTION('center_axis',(0.,-0.70710678118654,-0.707106781186555));
#10503=DIRECTION('ref_axis',(-1.,0.,0.));
#10504=DIRECTION('',(1.,0.,0.));
#10505=DIRECTION('',(0.,-0.707106781186555,0.70710678118654));
#10506=DIRECTION('',(-1.,0.,0.));
#10507=DIRECTION('center_axis',(-0.707106781186541,1.57009245868379E-16,
0.707106781186554));
#10508=DIRECTION('ref_axis',(0.,1.,-2.22044604925031E-16));
#10509=DIRECTION('',(0.,-1.,2.22044604925031E-16));
#10510=DIRECTION('',(0.577350269189632,0.577350269189624,0.577350269189622));
#10511=DIRECTION('',(0.,1.,-2.22044604925031E-16));
#10512=DIRECTION('center_axis',(-1.,0.,0.));
#10513=DIRECTION('ref_axis',(0.,1.,-2.22044604925031E-16));
#10514=DIRECTION('',(0.,1.,-2.22044604925031E-16));
#10515=DIRECTION('',(0.,-2.22044604925031E-16,-1.));
#10516=DIRECTION('',(0.,-1.,2.22044604925031E-16));
#10517=DIRECTION('center_axis',(1.,0.,0.));
#10518=DIRECTION('ref_axis',(0.,-1.,2.22044604925031E-16));
#10519=DIRECTION('',(0.,-1.,2.22044604925031E-16));
#10520=DIRECTION('',(0.,-2.22044604925031E-16,-1.));
#10521=DIRECTION('center_axis',(-0.707106781186554,1.57009245868376E-16,
0.707106781186541));
#10522=DIRECTION('ref_axis',(0.,1.,-2.22044604925031E-16));
#10523=DIRECTION('',(0.577350269189625,0.577350269189627,0.577350269189625));
#10524=DIRECTION('',(0.,-1.,2.22044604925031E-16));
#10525=DIRECTION('center_axis',(-0.707106781186542,0.707106781186553,-1.57009245868379E-16));
#10526=DIRECTION('ref_axis',(0.707106781186553,0.707106781186542,-1.57009245868376E-16));
#10527=DIRECTION('',(0.,2.22044604925031E-16,1.));
#10528=DIRECTION('',(0.577350269189625,0.577350269189627,-0.577350269189625));
#10529=DIRECTION('',(0.,2.22044604925031E-16,1.));
#10530=DIRECTION('',(0.577350269189625,0.577350269189627,0.577350269189625));
#10531=DIRECTION('center_axis',(0.,-2.22044604925031E-16,-1.));
#10532=DIRECTION('ref_axis',(-1.,0.,0.));
#10533=DIRECTION('',(-1.,0.,0.));
#10534=DIRECTION('center_axis',(0.,1.,-2.22044604925031E-16));
#10535=DIRECTION('ref_axis',(1.,0.,0.));
#10536=DIRECTION('center_axis',(0.,1.,-2.22044604925031E-16));
#10537=DIRECTION('ref_axis',(-1.,0.,0.));
#10538=DIRECTION('center_axis',(-1.,0.,0.));
#10539=DIRECTION('ref_axis',(0.,1.,-2.22044604925031E-16));
#10540=DIRECTION('',(0.,-2.22044604925031E-16,-1.));
#10541=DIRECTION('',(0.,1.,-2.22044604925031E-16));
#10542=DIRECTION('center_axis',(0.,2.22044604925031E-16,1.));
#10543=DIRECTION('ref_axis',(0.,-1.,2.22044604925031E-16));
#10544=DIRECTION('',(-1.,0.,0.));
#10545=DIRECTION('center_axis',(0.,-2.22044604925031E-16,-1.));
#10546=DIRECTION('ref_axis',(0.,1.,-2.22044604925031E-16));
#10547=DIRECTION('',(0.,-1.,2.22044604925031E-16));
#10548=DIRECTION('',(1.,0.,0.));
#10549=DIRECTION('center_axis',(0.,2.22044604925031E-16,1.));
#10550=DIRECTION('ref_axis',(0.,-1.,2.22044604925031E-16));
#10551=DIRECTION('',(0.,-1.,2.22044604925031E-16));
#10552=DIRECTION('',(-1.,0.,0.));
#10553=DIRECTION('',(0.,-1.,2.22044604925031E-16));
#10554=DIRECTION('center_axis',(0.,1.,-2.22044604925031E-16));
#10555=DIRECTION('ref_axis',(-1.,0.,0.));
#10556=DIRECTION('center_axis',(-0.707106781186555,-0.70710678118654,1.57009245868376E-16));
#10557=DIRECTION('ref_axis',(0.70710678118654,-0.707106781186555,1.57009245868379E-16));
#10558=DIRECTION('',(0.,2.22044604925031E-16,1.));
#10559=DIRECTION('',(0.,-2.22044604925031E-16,-1.));
#10560=DIRECTION('',(0.,2.22044604925031E-16,1.));
#10561=DIRECTION('',(0.577350064863873,-0.577350064863875,-0.577350677840913));
#10562=DIRECTION('',(0.,-2.22044604925031E-16,-1.));
#10563=DIRECTION('center_axis',(-0.707106781186555,0.70710678118654,-1.57009245868376E-16));
#10564=DIRECTION('ref_axis',(-0.70710678118654,-0.707106781186555,1.57009245868379E-16));
#10565=DIRECTION('',(0.,2.22044604925031E-16,1.));
#10566=DIRECTION('',(-0.577350269189625,-0.577350269189627,0.577350269189625));
#10567=DIRECTION('center_axis',(0.,-0.707106781186546,0.707106781186549));
#10568=DIRECTION('ref_axis',(-1.,0.,0.));
#10569=DIRECTION('',(1.,0.,0.));
#10570=DIRECTION('',(0.577350269189625,-0.577350269189627,-0.577350269189625));
#10571=DIRECTION('',(1.,0.,0.));
#10572=DIRECTION('center_axis',(0.,-1.,2.22044604925031E-16));
#10573=DIRECTION('ref_axis',(-1.,0.,0.));
#10574=DIRECTION('center_axis',(0.,-1.,2.22044604925031E-16));
#10575=DIRECTION('ref_axis',(-1.,0.,0.));
#10576=DIRECTION('',(-0.707106781186546,0.707106781186549,-2.43604851491927E-16));
#10577=DIRECTION('center_axis',(0.,-1.,2.22044604925031E-16));
#10578=DIRECTION('ref_axis',(-1.,0.,0.));
#10579=DIRECTION('center_axis',(0.,-1.,2.22044604925031E-16));
#10580=DIRECTION('ref_axis',(-1.,0.,0.));
#10581=DIRECTION('center_axis',(0.,-1.,2.22044604925031E-16));
#10582=DIRECTION('ref_axis',(-1.,0.,0.));
#10583=DIRECTION('',(-0.707106781186552,0.707106781186543,-2.43604851491926E-16));
#10584=DIRECTION('center_axis',(0.,-1.,2.22044604925031E-16));
#10585=DIRECTION('ref_axis',(-1.,0.,0.));
#10586=DIRECTION('center_axis',(0.,-1.,2.22044604925031E-16));
#10587=DIRECTION('ref_axis',(-1.,0.,0.));
#10588=DIRECTION('',(-0.707106781186552,0.707106781186543,-2.43604851491926E-16));
#10589=DIRECTION('center_axis',(0.,-1.,2.22044604925031E-16));
#10590=DIRECTION('ref_axis',(1.,0.,0.));
#10591=DIRECTION('',(0.,-2.22044604925031E-16,-1.));
#10592=DIRECTION('',(1.,0.,0.));
#10593=DIRECTION('',(-1.,0.,0.));
#10594=DIRECTION('',(0.,2.22044604925031E-16,1.));
#10595=DIRECTION('',(1.,0.,0.));
#10596=DIRECTION('center_axis',(0.,-1.,2.22044604925031E-16));
#10597=DIRECTION('ref_axis',(-1.,0.,0.));
#10598=DIRECTION('center_axis',(0.,-1.,2.22044604925031E-16));
#10599=DIRECTION('ref_axis',(-1.,0.,0.));
#10600=DIRECTION('',(-0.707106781186546,0.707106781186549,-2.43604851491927E-16));
#10601=DIRECTION('center_axis',(0.707106781186548,1.57009245868377E-16,
0.707106781186548));
#10602=DIRECTION('ref_axis',(0.,-1.,2.22044604925031E-16));
#10603=DIRECTION('',(0.,1.,-2.22044604925031E-16));
#10604=DIRECTION('center_axis',(0.,2.22044604925031E-16,1.));
#10605=DIRECTION('ref_axis',(0.,-1.,2.22044604925031E-16));
#10606=DIRECTION('',(0.,-1.,2.22044604925031E-16));
#10607=DIRECTION('',(-1.,0.,0.));
#10608=DIRECTION('center_axis',(1.,0.,0.));
#10609=DIRECTION('ref_axis',(0.,-1.,2.22044604925031E-16));
#10610=DIRECTION('center_axis',(0.,-2.22044604925031E-16,-1.));
#10611=DIRECTION('ref_axis',(0.,1.,-2.22044604925031E-16));
#10612=DIRECTION('',(0.,1.,-2.22044604925031E-16));
#10613=DIRECTION('',(0.,1.,-2.22044604925031E-16));
#10614=DIRECTION('center_axis',(-1.,0.,0.));
#10615=DIRECTION('ref_axis',(0.,1.,-2.22044604925031E-16));
#10616=DIRECTION('center_axis',(0.,-2.22044604925031E-16,-1.));
#10617=DIRECTION('ref_axis',(0.,1.,-2.22044604925031E-16));
#10618=DIRECTION('',(0.,-1.,2.22044604925031E-16));
#10619=DIRECTION('center_axis',(-1.,0.,0.));
#10620=DIRECTION('ref_axis',(0.,1.,-2.22044604925031E-16));
#10621=DIRECTION('center_axis',(0.,1.,-2.22044604925031E-16));
#10622=DIRECTION('ref_axis',(-1.,0.,0.));
#10623=DIRECTION('',(0.,-1.,2.22044604925031E-16));
#10624=DIRECTION('center_axis',(0.,1.,-2.22044604925031E-16));
#10625=DIRECTION('ref_axis',(-1.,0.,0.));
#10626=DIRECTION('',(0.,-1.,2.22044604925031E-16));
#10627=DIRECTION('center_axis',(0.,1.,-2.22044604925031E-16));
#10628=DIRECTION('ref_axis',(-1.,0.,0.));
#10629=DIRECTION('',(0.,-1.,2.22044604925031E-16));
#10630=DIRECTION('center_axis',(0.,1.,-2.22044604925031E-16));
#10631=DIRECTION('ref_axis',(-1.,0.,0.));
#10632=DIRECTION('',(0.,-1.,2.22044604925031E-16));
#10633=DIRECTION('center_axis',(0.,-2.22044604925031E-16,-1.));
#10634=DIRECTION('ref_axis',(-1.,-1.29189586394943E-14,2.86858506714934E-30));
#10635=DIRECTION('',(-1.253898945459E-14,1.,-2.22044604925031E-16));
#10636=DIRECTION('center_axis',(-1.,-1.253898945459E-14,2.78421495960357E-30));
#10637=DIRECTION('ref_axis',(0.,2.22044604925031E-16,1.));
#10638=DIRECTION('center_axis',(0.,-2.22044604925031E-16,-1.));
#10639=DIRECTION('ref_axis',(-1.,0.,0.));
#10640=DIRECTION('',(-1.253898945459E-14,1.,-2.22044604925031E-16));
#10641=DIRECTION('center_axis',(-1.,-1.253898945459E-14,2.78421495960357E-30));
#10642=DIRECTION('ref_axis',(0.,2.22044604925031E-16,1.));
#10643=DIRECTION('center_axis',(0.,-2.22044604925031E-16,-1.));
#10644=DIRECTION('ref_axis',(0.,1.,-2.22044604925031E-16));
#10645=DIRECTION('',(0.,1.,-2.22044604925031E-16));
#10646=DIRECTION('',(0.,-1.,2.22044604925031E-16));
#10647=DIRECTION('',(-1.,0.,0.));
#10648=DIRECTION('center_axis',(-0.707106781186554,-1.57009245868376E-16,
-0.707106781186541));
#10649=DIRECTION('ref_axis',(0.,1.,-2.22044604925031E-16));
#10650=DIRECTION('',(0.,1.,-2.22044604925031E-16));
#10651=DIRECTION('',(0.707106781186541,-1.57009245868379E-16,-0.707106781186554));
#10652=DIRECTION('center_axis',(-1.,0.,0.));
#10653=DIRECTION('ref_axis',(0.,1.,-2.22044604925031E-16));
#10654=DIRECTION('',(0.,-1.,2.22044604925031E-16));
#10655=DIRECTION('',(0.,-2.22044604925031E-16,-1.));
#10656=DIRECTION('center_axis',(1.,0.,0.));
#10657=DIRECTION('ref_axis',(0.,1.,-2.22044604925031E-16));
#10658=DIRECTION('',(0.,-2.22044604925031E-16,-1.));
#10659=DIRECTION('',(0.,-1.,2.22044604925031E-16));
#10660=DIRECTION('',(0.,1.,-2.22044604925031E-16));
#10661=DIRECTION('',(0.,1.,-2.22044604925031E-16));
#10662=DIRECTION('center_axis',(-0.707106781186541,1.57009245868379E-16,
0.707106781186554));
#10663=DIRECTION('ref_axis',(0.,1.,-2.22044604925031E-16));
#10664=DIRECTION('',(-0.707106781186554,-1.57009245868376E-16,-0.707106781186541));
#10665=DIRECTION('center_axis',(-0.707106781186541,-1.57009245868379E-16,
-0.707106781186554));
#10666=DIRECTION('ref_axis',(0.,1.,-2.22044604925031E-16));
#10667=DIRECTION('center_axis',(-0.707106781186548,-1.57009245868377E-16,
-0.707106781186548));
#10668=DIRECTION('ref_axis',(0.,1.,-2.22044604925031E-16));
#10669=DIRECTION('',(0.,1.,-2.22044604925031E-16));
#10670=DIRECTION('center_axis',(-1.,0.,0.));
#10671=DIRECTION('ref_axis',(0.,-1.,2.22044604925031E-16));
#10672=DIRECTION('center_axis',(0.,-0.707106781186546,0.707106781186549));
#10673=DIRECTION('ref_axis',(-1.,0.,0.));
#10674=DIRECTION('',(0.577350269189632,0.577350269189624,0.577350269189622));
#10675=DIRECTION('',(-1.,0.,0.));
#10676=DIRECTION('center_axis',(0.,-2.22044604925031E-16,-1.));
#10677=DIRECTION('ref_axis',(0.,1.,-2.22044604925031E-16));
#10678=DIRECTION('',(1.,0.,0.));
#10679=DIRECTION('',(0.,-1.,2.22044604925031E-16));
#10680=DIRECTION('',(-1.,0.,0.));
#10681=DIRECTION('center_axis',(0.,-1.,2.22044604925031E-16));
#10682=DIRECTION('ref_axis',(1.,0.,0.));
#10683=DIRECTION('',(-0.707106781186554,1.57009245868376E-16,0.707106781186541));
#10684=DIRECTION('',(0.,2.22044604925031E-16,1.));
#10685=DIRECTION('',(1.,0.,0.));
#10686=DIRECTION('center_axis',(0.,-1.,2.22044604925031E-16));
#10687=DIRECTION('ref_axis',(1.,0.,0.));
#10688=DIRECTION('',(0.,2.22044604925031E-16,1.));
#10689=DIRECTION('',(0.707106781186554,1.57009245868376E-16,0.707106781186541));
#10690=DIRECTION('center_axis',(0.,-0.707106781186546,-0.707106781186549));
#10691=DIRECTION('ref_axis',(0.,0.707106781186549,-0.707106781186546));
#10692=DIRECTION('',(-1.,0.,0.));
#10693=DIRECTION('',(0.,-0.707106781186549,0.707106781186546));
#10694=DIRECTION('center_axis',(0.,-1.,2.22044604925031E-16));
#10695=DIRECTION('ref_axis',(0.,-2.22044604925031E-16,-1.));
#10696=DIRECTION('',(1.,0.,0.));
#10697=DIRECTION('',(0.,2.22044604925031E-16,1.));
#10698=DIRECTION('center_axis',(0.707106781186541,1.57009245868379E-16,
0.707106781186554));
#10699=DIRECTION('ref_axis',(0.,-1.,2.22044604925031E-16));
#10700=DIRECTION('',(0.577350269189632,-0.577350269189624,-0.577350269189622));
#10701=DIRECTION('',(0.,1.,-2.22044604925031E-16));
#10702=DIRECTION('center_axis',(0.707106781186541,-1.57009245868379E-16,
-0.707106781186554));
#10703=DIRECTION('ref_axis',(0.,-1.,2.22044604925031E-16));
#10704=DIRECTION('',(0.707106781186554,1.57009245868376E-16,0.707106781186541));
#10705=DIRECTION('',(0.,-1.,2.22044604925031E-16));
#10706=DIRECTION('',(-0.577350269189632,0.577350269189624,-0.577350269189622));
#10707=DIRECTION('center_axis',(0.707106781186542,0.707106781186553,-1.57009245868379E-16));
#10708=DIRECTION('ref_axis',(0.707106781186553,-0.707106781186542,1.57009245868376E-16));
#10709=DIRECTION('',(0.,2.22044604925031E-16,1.));
#10710=DIRECTION('center_axis',(1.,0.,0.));
#10711=DIRECTION('ref_axis',(0.,1.,-2.22044604925031E-16));
#10712=DIRECTION('',(0.,2.22044604925031E-16,1.));
#10713=DIRECTION('',(0.,1.,-2.22044604925031E-16));
#10714=DIRECTION('',(0.,2.22044604925031E-16,1.));
#10715=DIRECTION('center_axis',(1.,0.,0.));
#10716=DIRECTION('ref_axis',(0.,1.,-2.22044604925031E-16));
#10717=DIRECTION('',(0.,2.22044604925031E-16,1.));
#10718=DIRECTION('',(0.,-1.,2.22044604925031E-16));
#10719=DIRECTION('',(0.,0.707106781186549,0.707106781186546));
#10720=DIRECTION('',(0.,1.,-2.22044604925031E-16));
#10721=DIRECTION('center_axis',(0.,-1.,2.22044604925031E-16));
#10722=DIRECTION('ref_axis',(1.,0.,0.));
#10723=DIRECTION('',(-1.,0.,0.));
#10724=DIRECTION('center_axis',(0.577350269189623,-0.577350269189621,-0.577350269189633));
#10725=DIRECTION('ref_axis',(-0.707106781186546,-0.707106781186549,1.57009245868378E-16));
#10726=DIRECTION('',(0.707106781186553,0.707106781186542,1.24037304236017E-14));
#10727=DIRECTION('',(-0.707106781186554,-1.57009245868376E-16,-0.707106781186541));
#10728=DIRECTION('center_axis',(0.707106781186541,-1.57009245868379E-16,
-0.707106781186554));
#10729=DIRECTION('ref_axis',(0.,-1.,2.22044604925031E-16));
#10730=DIRECTION('center_axis',(0.707106781186542,-0.707106781186553,1.57009245868379E-16));
#10731=DIRECTION('ref_axis',(-0.707106781186553,-0.707106781186542,1.57009245868376E-16));
#10732=DIRECTION('center_axis',(0.,-0.707106781186546,0.707106781186549));
#10733=DIRECTION('ref_axis',(0.,-0.707106781186549,-0.707106781186546));
#10734=DIRECTION('',(-1.,0.,0.));
#10735=DIRECTION('center_axis',(0.,2.22044604925031E-16,1.));
#10736=DIRECTION('ref_axis',(0.,-1.,2.22044604925031E-16));
#10737=DIRECTION('center_axis',(0.,2.22044604925031E-16,1.));
#10738=DIRECTION('ref_axis',(0.,-1.,2.22044604925031E-16));
#10739=CARTESIAN_POINT('',(0.,0.,0.));
#10740=CARTESIAN_POINT('Origin',(32.,1.56475401080769E-5,140.499984359911));
#10741=CARTESIAN_POINT('',(32.,1.56475401080769E-5,140.499984359911));
#10742=CARTESIAN_POINT('',(32.,1.56475400947542E-5,81.4999843599105));
#10743=CARTESIAN_POINT('',(32.,1.56475400947542E-5,81.4999843599105));
#10744=CARTESIAN_POINT('',(32.,4.00001564754009,81.4999843599105));
#10745=CARTESIAN_POINT('',(32.,1.56475400947542E-5,81.4999843599105));
#10746=CARTESIAN_POINT('',(32.,4.00001564754011,140.499984359911));
#10747=CARTESIAN_POINT('',(32.,4.00001564754009,81.4999843599105));
#10748=CARTESIAN_POINT('',(32.,1.56475401080769E-5,140.499984359911));
#10749=CARTESIAN_POINT('Origin',(32.,1.56475400947542E-5,81.4999843599105));
#10750=CARTESIAN_POINT('',(130.,1.56475400947542E-5,81.4999843599105));
#10751=CARTESIAN_POINT('',(130.,1.56475400947542E-5,81.4999843599105));
#10752=CARTESIAN_POINT('',(130.,4.00001564754009,81.4999843599105));
#10753=CARTESIAN_POINT('',(130.,1.56475400947542E-5,81.4999843599105));
#10754=CARTESIAN_POINT('',(130.,4.00001564754009,81.4999843599105));
#10755=CARTESIAN_POINT('Origin',(130.,1.56475400947542E-5,81.4999843599105));
#10756=CARTESIAN_POINT('',(130.,1.56475401080769E-5,140.499984359911));
#10757=CARTESIAN_POINT('',(130.,1.56475401080769E-5,140.499984359911));
#10758=CARTESIAN_POINT('',(130.,4.00001564754011,140.499984359911));
#10759=CARTESIAN_POINT('',(130.,1.56475401080769E-5,140.499984359911));
#10760=CARTESIAN_POINT('',(130.,4.00001564754011,140.499984359911));
#10761=CARTESIAN_POINT('Origin',(130.,1.56475401080769E-5,140.499984359911));
#10762=CARTESIAN_POINT('',(32.,1.56475401080769E-5,140.499984359911));
#10763=CARTESIAN_POINT('',(32.,4.00001564754011,140.499984359911));
#10764=CARTESIAN_POINT('Origin',(125.323937371668,3.00001564754008,77.9641608335271));
#10765=CARTESIAN_POINT('',(127.323937371668,3.00001564754008,77.9641608335271));
#10766=CARTESIAN_POINT('Origin',(125.323937371668,3.00001564754008,77.9641608335271));
#10767=CARTESIAN_POINT('Origin',(125.323937371668,1.50001564754008,77.9641608335271));
#10768=CARTESIAN_POINT('',(127.323937371668,1.56475400858724E-5,77.9641608335271));
#10769=CARTESIAN_POINT('Origin',(125.323937371668,1.56475400858724E-5,77.9641608335271));
#10770=CARTESIAN_POINT('',(127.323937371668,1.50001564754008,77.9641608335271));
#10771=CARTESIAN_POINT('Origin',(35.3182629682502,3.00001564754008,77.9953209421486));
#10772=CARTESIAN_POINT('',(37.3182629682502,3.00001564754008,77.9953209421486));
#10773=CARTESIAN_POINT('Origin',(35.3182629682502,3.00001564754008,77.9953209421486));
#10774=CARTESIAN_POINT('Origin',(35.3182629682502,1.50001564754008,77.9953209421486));
#10775=CARTESIAN_POINT('',(37.3182629682502,1.56475400858724E-5,77.9953209421486));
#10776=CARTESIAN_POINT('Origin',(35.3182629682502,1.56475400858724E-5,77.9953209421486));
#10777=CARTESIAN_POINT('',(37.3182629682502,1.50001564754008,77.9953209421486));
#10778=CARTESIAN_POINT('Origin',(35.3783275523618,3.00001564754011,144.033637316979));
#10779=CARTESIAN_POINT('',(37.3783275523618,3.00001564754011,144.033637316979));
#10780=CARTESIAN_POINT('Origin',(35.3783275523618,3.00001564754011,144.033637316979));
#10781=CARTESIAN_POINT('Origin',(35.3783275523618,1.50001564754011,144.033637316979));
#10782=CARTESIAN_POINT('',(37.3783275523618,1.56475401080769E-5,144.033637316979));
#10783=CARTESIAN_POINT('Origin',(35.3783275523618,1.56475401080769E-5,144.033637316979));
#10784=CARTESIAN_POINT('',(37.3783275523618,1.50001564754011,144.033637316979));
#10785=CARTESIAN_POINT('Origin',(125.341546094718,3.00001564754011,143.998195403695));
#10786=CARTESIAN_POINT('',(127.341546094718,3.00001564754011,143.998195403695));
#10787=CARTESIAN_POINT('Origin',(125.341546094718,3.00001564754011,143.998195403695));
#10788=CARTESIAN_POINT('Origin',(125.341546094718,1.50001564754011,143.998195403695));
#10789=CARTESIAN_POINT('',(127.341546094718,1.56475401080769E-5,143.998195403695));
#10790=CARTESIAN_POINT('Origin',(125.341546094718,1.56475401080769E-5,143.998195403695));
#10791=CARTESIAN_POINT('',(127.341546094718,1.50001564754011,143.998195403695));
#10792=CARTESIAN_POINT('Origin',(143.000005438924,2.00001564754008,30.7999812232161));
#10793=CARTESIAN_POINT('',(137.000005438924,1.56475400769907E-5,30.7999812232161));
#10794=CARTESIAN_POINT('',(134.000005573034,1.56475400769907E-5,30.7999812232161));
#10795=CARTESIAN_POINT('',(111.750008043232,1.56475400769907E-5,30.7999812232161));
#10796=CARTESIAN_POINT('',(137.000005438924,2.00001564754008,30.7999812232161));
#10797=CARTESIAN_POINT('',(137.000005438924,3.50001564754008,30.7999812232161));
#10798=CARTESIAN_POINT('',(136.000005438924,2.00001564754008,30.7999812232161));
#10799=CARTESIAN_POINT('',(143.000005438924,2.00001564754008,30.7999812232161));
#10800=CARTESIAN_POINT('',(136.000005438924,2.43590554044696,30.7999812232161));
#10801=CARTESIAN_POINT('',(136.000005438924,3.00001569224355,30.7999812232161));
#10802=CARTESIAN_POINT('',(134.000005573034,2.43590554044696,30.7999812232161));
#10803=CARTESIAN_POINT('',(125.000005438924,2.43590554044696,30.7999812232161));
#10804=CARTESIAN_POINT('',(134.000005573034,-0.999984352459933,30.7999812232161));
#10805=CARTESIAN_POINT('Origin',(138.,1.56475400725498E-5,11.9999843524599));
#10806=CARTESIAN_POINT('',(139.,2.00001564754007,12.9999843524599));
#10807=CARTESIAN_POINT('',(137.,2.00001564754007,10.9999843524599));
#10808=CARTESIAN_POINT('',(141.249999999999,2.00001564754007,15.2499843524593));
#10809=CARTESIAN_POINT('',(139.,1.56475400725498E-5,12.9999843524599));
#10810=CARTESIAN_POINT('',(139.,1.56475400725498E-5,12.9999843524599));
#10811=CARTESIAN_POINT('',(137.,1.56475400725498E-5,10.9999843524599));
#10812=CARTESIAN_POINT('',(141.249999999999,1.56475400725498E-5,15.2499843524593));
#10813=CARTESIAN_POINT('',(137.,1.56475400725498E-5,10.9999843524599));
#10814=CARTESIAN_POINT('Origin',(23.,1.56475400725498E-5,11.9999843524599));
#10815=CARTESIAN_POINT('',(24.,2.00001564754007,10.9999843524599));
#10816=CARTESIAN_POINT('',(22.,2.00001564754007,12.9999843524599));
#10817=CARTESIAN_POINT('',(19.7500000000003,2.00001564754007,15.2499843524596));
#10818=CARTESIAN_POINT('',(24.,1.56475400725498E-5,10.9999843524599));
#10819=CARTESIAN_POINT('',(24.,1.56475400725498E-5,10.9999843524599));
#10820=CARTESIAN_POINT('',(22.,1.56475400725498E-5,12.9999843524599));
#10821=CARTESIAN_POINT('',(19.7500000000003,1.56475400725498E-5,15.2499843524596));
#10822=CARTESIAN_POINT('',(22.,1.56475400725498E-5,12.9999843524599));
#10823=CARTESIAN_POINT('Origin',(22.,1.56475400725498E-5,14.9999843524599));
#10824=CARTESIAN_POINT('',(22.,2.00001564754011,147.99998435246));
#10825=CARTESIAN_POINT('',(22.,1.56475401080769E-5,149.414197914833));
#10826=CARTESIAN_POINT('',(22.,32.5436784260193,126.402353279522));
#10827=CARTESIAN_POINT('',(22.,2.00001564754009,48.7499843524599));
#10828=CARTESIAN_POINT('',(22.,1.56475400725498E-5,14.9999843524599));
#10829=CARTESIAN_POINT('Origin',(23.,3.00001564754008,48.7499843524599));
#10830=CARTESIAN_POINT('',(24.0000000000001,4.00001564754011,147.99998435246));
#10831=CARTESIAN_POINT('',(23.,3.00001564754011,147.99998435246));
#10832=CARTESIAN_POINT('',(24.0000000000001,4.00001564754007,13.8284114772061));
#10833=CARTESIAN_POINT('',(24.0000000000001,4.00001564754008,48.7499843524599));
#10834=CARTESIAN_POINT('',(22.,2.00001564754007,12.9999843524599));
#10835=CARTESIAN_POINT('Origin',(20.4571067811868,3.00001564754007,15.9570911336462));
#10836=CARTESIAN_POINT('',(24.8284271247463,4.00001564754007,12.9999843524599));
#10837=CARTESIAN_POINT('',(21.1642135623734,4.00001564754007,16.6641979148327));
#10838=CARTESIAN_POINT('',(24.,2.00001564754007,10.9999843524599));
#10839=CARTESIAN_POINT('Origin',(107.75,3.00001564754007,11.9999843524599));
#10840=CARTESIAN_POINT('',(136.171572875254,4.00001564754007,12.9999843524599));
#10841=CARTESIAN_POINT('',(107.75,4.00001564754007,12.9999843524599));
#10842=CARTESIAN_POINT('',(137.,2.00001564754007,10.9999843524599));
#10843=CARTESIAN_POINT('',(107.75,2.00001564754007,10.9999843524599));
#10844=CARTESIAN_POINT('Origin',(109.042892436503,3.00001564754008,54.542875224341));
#10845=CARTESIAN_POINT('',(137.,4.00001564754008,25.1715540984701));
#10846=CARTESIAN_POINT('',(135.000005438924,4.00001564754008,27.1715486595463));
#10847=CARTESIAN_POINT('',(108.335785655317,4.00001564754008,53.8357684431545));
#10848=CARTESIAN_POINT('',(137.000005438924,2.00001564754008,27.9999812232161));
#10849=CARTESIAN_POINT('',(137.000005438924,2.00001564754008,27.9999812232161));
#10850=CARTESIAN_POINT('',(139.,2.00001564754008,25.999981223216));
#10851=CARTESIAN_POINT('',(109.74999921769,2.00001564754008,55.2499820055275));
#10852=CARTESIAN_POINT('',(137.,4.00001564754008,25.1715540984701));
#10853=CARTESIAN_POINT('Origin',(136.000005438924,3.00001564754009,60.649982787838));
#10854=CARTESIAN_POINT('',(136.000005438924,3.00001564754008,31.7999812232161));
#10855=CARTESIAN_POINT('Origin',(137.000005438924,2.00001564754008,31.7999812232161));
#10856=CARTESIAN_POINT('',(137.000005438924,2.00001564754009,60.649982787838));
#10857=CARTESIAN_POINT('',(135.000005438924,4.00001564754008,45.6284137868861));
#10858=CARTESIAN_POINT('',(135.000005438924,4.00001564754009,60.649982787838));
#10859=CARTESIAN_POINT('',(137.000005438924,2.00001564754009,44.7999812232161));
#10860=CARTESIAN_POINT('',(137.000005438924,2.00001564754009,44.7999812232161));
#10861=CARTESIAN_POINT('',(137.000005438924,2.00001564754009,41.599981223216));
#10862=CARTESIAN_POINT('',(137.000005438924,2.00001564754009,60.649982787838));
#10863=CARTESIAN_POINT('',(136.000005438924,3.00001564754008,40.599981223216));
#10864=CARTESIAN_POINT('Origin',(137.000005438924,2.00001564754009,40.599981223216));
#10865=CARTESIAN_POINT('',(136.000005438924,3.00001564754008,50.624982005527));
#10866=CARTESIAN_POINT('',(136.000005438924,3.00001569224355,31.6999812455678));
#10867=CARTESIAN_POINT('',(136.00000539422,3.00001569224355,46.1749820167029));
#10868=CARTESIAN_POINT('',(136.00000539422,3.00001569224355,46.1749820167029));
#10869=CARTESIAN_POINT('Origin',(138.,3.00001564754009,116.24998435246));
#10870=CARTESIAN_POINT('',(139.,2.00001564754011,147.99998435246));
#10871=CARTESIAN_POINT('',(137.,4.00001564754011,147.99998435246));
#10872=CARTESIAN_POINT('',(110.75,30.2500156475401,147.99998435246));
#10873=CARTESIAN_POINT('',(139.,2.00001564754009,46.7999812232161));
#10874=CARTESIAN_POINT('',(139.,2.0000156475401,116.24998435246));
#10875=CARTESIAN_POINT('',(137.,4.00001564754008,47.6284083479622));
#10876=CARTESIAN_POINT('',(137.,4.00001564754008,47.6284083479622));
#10877=CARTESIAN_POINT('',(137.,4.00001564754009,116.24998435246));
#10878=CARTESIAN_POINT('Origin',(132.092894001125,3.00001564754008,41.3070887867137));
#10879=CARTESIAN_POINT('',(131.385787219938,4.00001564754008,42.0141955679003));
#10880=CARTESIAN_POINT('',(132.800000782311,2.00001564754009,40.5999820055272));
#10881=CARTESIAN_POINT('Origin',(138.,3.00001564754009,116.24998435246));
#10882=CARTESIAN_POINT('',(137.,4.00001564754007,13.8284114772062));
#10883=CARTESIAN_POINT('',(137.,4.00001564754009,116.24998435246));
#10884=CARTESIAN_POINT('',(139.,2.0000156475401,116.24998435246));
#10885=CARTESIAN_POINT('',(137.,4.00001564754007,13.8284114772062));
#10886=CARTESIAN_POINT('Origin',(140.542893218813,3.00001564754007,15.9570911336459));
#10887=CARTESIAN_POINT('',(139.835786437626,4.00001564754007,16.6641979148325));
#10888=CARTESIAN_POINT('Origin',(26.,1.56475401080769E-5,149.99998435246));
#10889=CARTESIAN_POINT('',(136.171572875254,2.00001564754013,149.99998435246));
#10890=CARTESIAN_POINT('',(138.171572875254,1.56475401080769E-5,149.99998435246));
#10891=CARTESIAN_POINT('',(109.335786437627,28.835802085167,149.99998435246));
#10892=CARTESIAN_POINT('',(24.8284271247462,2.00001564754011,149.99998435246));
#10893=CARTESIAN_POINT('',(53.25,2.00001564754011,149.99998435246));
#10894=CARTESIAN_POINT('',(22.8284271247462,1.56475401080769E-5,149.99998435246));
#10895=CARTESIAN_POINT('',(24.4142135623731,1.585802085167,149.99998435246));
#10896=CARTESIAN_POINT('',(26.,1.56475401080769E-5,149.99998435246));
#10897=CARTESIAN_POINT('Origin',(110.042893218813,29.5429088663535,148.99998435246));
#10898=CARTESIAN_POINT('',(139.,1.56475401080769E-5,149.414197914833));
#10899=CARTESIAN_POINT('',(125.717093535115,1.5647540103636E-5,158.80663115002));
#10900=CARTESIAN_POINT('',(139.,9.80720660595801,142.479466683744));
#10901=CARTESIAN_POINT('',(136.171572875254,2.00001564754012,149.99998435246));
#10902=CARTESIAN_POINT('Origin',(53.25,3.00001564754011,148.99998435246));
#10903=CARTESIAN_POINT('',(53.25,4.00001564754011,147.99998435246));
#10904=CARTESIAN_POINT('',(24.8284271247462,2.00001564754011,149.99998435246));
#10905=CARTESIAN_POINT('Origin',(23.7071067811866,2.29290886635356,148.99998435246));
#10906=CARTESIAN_POINT('',(26.1995731315517,1.5647540103636E-5,152.383744554242));
#10907=CARTESIAN_POINT('Origin',(137.000005438924,5.00001564754008,38.7999812232161));
#10908=CARTESIAN_POINT('',(137.000005438924,1.56475400814315E-5,27.9999812232161));
#10909=CARTESIAN_POINT('',(137.000005438924,1.56475400814315E-5,59.649982787838));
#10910=CARTESIAN_POINT('',(137.000005438924,5.00001564754008,27.9999812232161));
#10911=CARTESIAN_POINT('Origin',(89.0000054389238,4.00001564754008,78.9999818043614));
#10912=CARTESIAN_POINT('',(88.2928986577372,1.56475400858724E-5,79.7070885855479));
#10913=CARTESIAN_POINT('',(89.7071122201104,1.56475400858724E-5,78.2928750231748));
#10914=CARTESIAN_POINT('Origin',(89.0000054389238,1.56475400858724E-5,78.9999818043614));
#10915=CARTESIAN_POINT('',(88.2928986577372,4.00001564754008,79.7070885855479));
#10916=CARTESIAN_POINT('',(88.2928986577372,4.00001564754008,79.7070885855479));
#10917=CARTESIAN_POINT('',(89.7071122201104,4.00001564754008,78.2928750231748));
#10918=CARTESIAN_POINT('Origin',(89.0000054389238,4.00001564754008,78.9999818043614));
#10919=CARTESIAN_POINT('',(89.7071122201104,4.00001564754008,78.2928750231748));
#10920=CARTESIAN_POINT('Origin',(88.2928986577372,4.00001564754008,79.7070885855479));
#10921=CARTESIAN_POINT('',(83.2928985832314,1.56475400858724E-5,74.7070885110421));
#10922=CARTESIAN_POINT('',(87.0428979350309,1.56475400858724E-5,78.4570878628416));
#10923=CARTESIAN_POINT('',(83.2928985832314,4.00001564754008,74.7070885110421));
#10924=CARTESIAN_POINT('',(83.2928985832314,4.00001564754008,74.7070885110421));
#10925=CARTESIAN_POINT('',(87.0428979350309,4.00001564754008,78.4570878628416));
#10926=CARTESIAN_POINT('Origin',(84.000005364418,4.00001564754008,73.9999817298555));
#10927=CARTESIAN_POINT('',(84.7071121456046,1.56475400858724E-5,73.292874948669));
#10928=CARTESIAN_POINT('Origin',(84.000005364418,1.56475400858724E-5,73.9999817298555));
#10929=CARTESIAN_POINT('',(84.7071121456046,4.00001564754008,73.292874948669));
#10930=CARTESIAN_POINT('',(84.7071121456046,4.00001564754008,73.292874948669));
#10931=CARTESIAN_POINT('Origin',(84.000005364418,4.00001564754008,73.9999817298555));
#10932=CARTESIAN_POINT('Origin',(84.7071121456046,4.00001564754008,73.292874948669));
#10933=CARTESIAN_POINT('',(85.9571114601512,1.56475400858724E-5,74.5428742632156));
#10934=CARTESIAN_POINT('',(85.9571114601512,4.00001564754008,74.5428742632156));
#10935=CARTESIAN_POINT('Origin',(113.000005438924,4.00001564754008,78.9999818043614));
#10936=CARTESIAN_POINT('',(112.292898657737,1.56475400858724E-5,79.7070885855479));
#10937=CARTESIAN_POINT('',(113.70711222011,1.56475400858724E-5,78.2928750231748));
#10938=CARTESIAN_POINT('Origin',(113.000005438924,1.56475400858724E-5,78.9999818043614));
#10939=CARTESIAN_POINT('',(112.292898657737,4.00001564754008,79.7070885855479));
#10940=CARTESIAN_POINT('',(112.292898657737,4.00001564754008,79.7070885855479));
#10941=CARTESIAN_POINT('',(113.70711222011,4.00001564754008,78.2928750231748));
#10942=CARTESIAN_POINT('Origin',(113.000005438924,4.00001564754008,78.9999818043614));
#10943=CARTESIAN_POINT('',(113.70711222011,4.00001564754008,78.2928750231748));
#10944=CARTESIAN_POINT('Origin',(112.292898657737,4.00001564754008,79.7070885855479));
#10945=CARTESIAN_POINT('',(107.292898583231,1.56475400858724E-5,74.7070885110421));
#10946=CARTESIAN_POINT('',(105.042897935031,1.56475400858724E-5,72.4570878628416));
#10947=CARTESIAN_POINT('',(107.292898583231,4.00001564754008,74.7070885110421));
#10948=CARTESIAN_POINT('',(107.292898583231,4.00001564754008,74.7070885110421));
#10949=CARTESIAN_POINT('',(105.042897935031,4.00001564754008,72.4570878628416));
#10950=CARTESIAN_POINT('Origin',(108.000005364418,4.00001564754008,73.9999817298555));
#10951=CARTESIAN_POINT('',(108.707112145605,1.56475400858724E-5,73.292874948669));
#10952=CARTESIAN_POINT('Origin',(108.000005364418,1.56475400858724E-5,73.9999817298555));
#10953=CARTESIAN_POINT('',(108.707112145605,4.00001564754008,73.292874948669));
#10954=CARTESIAN_POINT('',(108.707112145605,4.00001564754008,73.292874948669));
#10955=CARTESIAN_POINT('Origin',(108.000005364418,4.00001564754008,73.9999817298555));
#10956=CARTESIAN_POINT('Origin',(108.707112145605,4.00001564754008,73.292874948669));
#10957=CARTESIAN_POINT('',(103.957111460151,1.56475400903133E-5,68.5428742632156));
#10958=CARTESIAN_POINT('',(103.957111460151,4.00001564754009,68.5428742632156));
#10959=CARTESIAN_POINT('Origin',(107.000005438924,4.00001564754008,78.9999818043614));
#10960=CARTESIAN_POINT('',(106.292898657737,1.56475400858724E-5,79.7070885855479));
#10961=CARTESIAN_POINT('',(107.70711222011,1.56475400858724E-5,78.2928750231748));
#10962=CARTESIAN_POINT('Origin',(107.000005438924,1.56475400858724E-5,78.9999818043614));
#10963=CARTESIAN_POINT('',(106.292898657737,4.00001564754008,79.7070885855479));
#10964=CARTESIAN_POINT('',(106.292898657737,4.00001564754008,79.7070885855479));
#10965=CARTESIAN_POINT('',(107.70711222011,4.00001564754008,78.2928750231748));
#10966=CARTESIAN_POINT('Origin',(107.000005438924,4.00001564754008,78.9999818043614));
#10967=CARTESIAN_POINT('',(107.70711222011,4.00001564754008,78.2928750231748));
#10968=CARTESIAN_POINT('Origin',(106.292898657737,4.00001564754008,79.7070885855479));
#10969=CARTESIAN_POINT('',(101.292898583231,1.56475400858724E-5,74.7070885110421));
#10970=CARTESIAN_POINT('',(100.542897935031,1.56475400858724E-5,73.9570878628416));
#10971=CARTESIAN_POINT('',(101.292898583231,4.00001564754008,74.7070885110421));
#10972=CARTESIAN_POINT('',(101.292898583231,4.00001564754008,74.7070885110421));
#10973=CARTESIAN_POINT('',(100.542897935031,4.00001564754008,73.9570878628416));
#10974=CARTESIAN_POINT('Origin',(102.000005364418,4.00001564754008,73.9999817298555));
#10975=CARTESIAN_POINT('',(102.707112145605,1.56475400858724E-5,73.292874948669));
#10976=CARTESIAN_POINT('Origin',(102.000005364418,1.56475400858724E-5,73.9999817298555));
#10977=CARTESIAN_POINT('',(102.707112145605,4.00001564754008,73.292874948669));
#10978=CARTESIAN_POINT('',(102.707112145605,4.00001564754008,73.292874948669));
#10979=CARTESIAN_POINT('Origin',(102.000005364418,4.00001564754008,73.9999817298555));
#10980=CARTESIAN_POINT('Origin',(102.707112145605,4.00001564754008,73.292874948669));
#10981=CARTESIAN_POINT('',(99.4571114601511,1.56475400858724E-5,70.0428742632155));
#10982=CARTESIAN_POINT('',(99.4571114601511,4.00001564754008,70.0428742632155));
#10983=CARTESIAN_POINT('Origin',(95.0000054389238,4.00001564754008,78.9999818043614));
#10984=CARTESIAN_POINT('',(94.2928986577373,1.56475400858724E-5,79.7070885855479));
#10985=CARTESIAN_POINT('',(95.7071122201104,1.56475400858724E-5,78.2928750231748));
#10986=CARTESIAN_POINT('Origin',(95.0000054389238,1.56475400858724E-5,78.9999818043614));
#10987=CARTESIAN_POINT('',(94.2928986577373,4.00001564754008,79.7070885855479));
#10988=CARTESIAN_POINT('',(94.2928986577373,4.00001564754008,79.7070885855479));
#10989=CARTESIAN_POINT('',(95.7071122201104,4.00001564754008,78.2928750231748));
#10990=CARTESIAN_POINT('Origin',(95.0000054389238,4.00001564754008,78.9999818043614));
#10991=CARTESIAN_POINT('',(95.7071122201104,4.00001564754008,78.2928750231748));
#10992=CARTESIAN_POINT('Origin',(94.2928986577373,4.00001564754008,79.7070885855479));
#10993=CARTESIAN_POINT('',(89.2928985832314,1.56475400858724E-5,74.7070885110421));
#10994=CARTESIAN_POINT('',(91.542897935031,1.56475400858724E-5,76.9570878628416));
#10995=CARTESIAN_POINT('',(89.2928985832314,4.00001564754008,74.7070885110421));
#10996=CARTESIAN_POINT('',(89.2928985832314,4.00001564754008,74.7070885110421));
#10997=CARTESIAN_POINT('',(91.542897935031,4.00001564754008,76.9570878628416));
#10998=CARTESIAN_POINT('Origin',(90.000005364418,4.00001564754008,73.9999817298555));
#10999=CARTESIAN_POINT('',(90.7071121456046,1.56475400858724E-5,73.292874948669));
#11000=CARTESIAN_POINT('Origin',(90.000005364418,1.56475400858724E-5,73.9999817298555));
#11001=CARTESIAN_POINT('',(90.7071121456046,4.00001564754008,73.292874948669));
#11002=CARTESIAN_POINT('',(90.7071121456046,4.00001564754008,73.292874948669));
#11003=CARTESIAN_POINT('Origin',(90.000005364418,4.00001564754008,73.9999817298555));
#11004=CARTESIAN_POINT('Origin',(90.7071121456046,4.00001564754008,73.292874948669));
#11005=CARTESIAN_POINT('',(90.4571114601512,1.56475400858724E-5,73.0428742632155));
#11006=CARTESIAN_POINT('',(90.4571114601512,4.00001564754008,73.0428742632155));
#11007=CARTESIAN_POINT('Origin',(114.000005364418,4.00001564754008,73.9999817298555));
#11008=CARTESIAN_POINT('',(114.707112145605,1.56475400858724E-5,73.292874948669));
#11009=CARTESIAN_POINT('',(113.292898583231,1.56475400858724E-5,74.7070885110421));
#11010=CARTESIAN_POINT('Origin',(114.000005364418,1.56475400858724E-5,73.9999817298555));
#11011=CARTESIAN_POINT('',(114.707112145605,4.00001564754008,73.292874948669));
#11012=CARTESIAN_POINT('',(114.707112145605,4.00001564754008,73.292874948669));
#11013=CARTESIAN_POINT('',(113.292898583231,4.00001564754008,74.7070885110421));
#11014=CARTESIAN_POINT('Origin',(114.000005364418,4.00001564754008,73.9999817298555));
#11015=CARTESIAN_POINT('',(113.292898583231,4.00001564754008,74.7070885110421));
#11016=CARTESIAN_POINT('Origin',(114.707112145605,4.00001564754008,73.292874948669));
#11017=CARTESIAN_POINT('',(119.70711222011,1.56475400858724E-5,78.2928750231748));
#11018=CARTESIAN_POINT('',(108.457111460151,1.56475400903133E-5,67.0428742632155));
#11019=CARTESIAN_POINT('',(119.70711222011,4.00001564754008,78.2928750231748));
#11020=CARTESIAN_POINT('',(119.70711222011,4.00001564754008,78.2928750231748));
#11021=CARTESIAN_POINT('',(108.457111460151,4.00001564754009,67.0428742632155));
#11022=CARTESIAN_POINT('Origin',(119.000005438924,4.00001564754008,78.9999818043614));
#11023=CARTESIAN_POINT('',(118.292898657737,1.56475400858724E-5,79.7070885855479));
#11024=CARTESIAN_POINT('Origin',(119.000005438924,1.56475400858724E-5,78.9999818043614));
#11025=CARTESIAN_POINT('',(118.292898657737,4.00001564754008,79.7070885855479));
#11026=CARTESIAN_POINT('',(118.292898657737,4.00001564754008,79.7070885855479));
#11027=CARTESIAN_POINT('Origin',(119.000005438924,4.00001564754008,78.9999818043614));
#11028=CARTESIAN_POINT('Origin',(118.292898657737,4.00001564754008,79.7070885855479));
#11029=CARTESIAN_POINT('',(109.542897935031,1.56475400858724E-5,70.9570878628416));
#11030=CARTESIAN_POINT('',(109.542897935031,4.00001564754008,70.9570878628416));
#11031=CARTESIAN_POINT('Origin',(101.000005438924,4.00001564754008,78.9999818043614));
#11032=CARTESIAN_POINT('',(100.292898657737,1.56475400858724E-5,79.7070885855479));
#11033=CARTESIAN_POINT('',(101.70711222011,1.56475400858724E-5,78.2928750231748));
#11034=CARTESIAN_POINT('Origin',(101.000005438924,1.56475400858724E-5,78.9999818043614));
#11035=CARTESIAN_POINT('',(100.292898657737,4.00001564754008,79.7070885855479));
#11036=CARTESIAN_POINT('',(100.292898657737,4.00001564754008,79.7070885855479));
#11037=CARTESIAN_POINT('',(101.70711222011,4.00001564754008,78.2928750231748));
#11038=CARTESIAN_POINT('Origin',(101.000005438924,4.00001564754008,78.9999818043614));
#11039=CARTESIAN_POINT('',(101.70711222011,4.00001564754008,78.2928750231748));
#11040=CARTESIAN_POINT('Origin',(100.292898657737,4.00001564754008,79.7070885855479));
#11041=CARTESIAN_POINT('',(95.2928985832315,1.56475400858724E-5,74.7070885110421));
#11042=CARTESIAN_POINT('',(96.0428979350309,1.56475400858724E-5,75.4570878628416));
#11043=CARTESIAN_POINT('',(95.2928985832315,4.00001564754008,74.7070885110421));
#11044=CARTESIAN_POINT('',(95.2928985832315,4.00001564754008,74.7070885110421));
#11045=CARTESIAN_POINT('',(96.0428979350309,4.00001564754008,75.4570878628416));
#11046=CARTESIAN_POINT('Origin',(96.000005364418,4.00001564754008,73.9999817298555));
#11047=CARTESIAN_POINT('',(96.7071121456046,1.56475400858724E-5,73.292874948669));
#11048=CARTESIAN_POINT('Origin',(96.000005364418,1.56475400858724E-5,73.9999817298555));
#11049=CARTESIAN_POINT('',(96.7071121456046,4.00001564754008,73.292874948669));
#11050=CARTESIAN_POINT('',(96.7071121456046,4.00001564754008,73.292874948669));
#11051=CARTESIAN_POINT('Origin',(96.000005364418,4.00001564754008,73.9999817298555));
#11052=CARTESIAN_POINT('Origin',(96.7071121456046,4.00001564754008,73.292874948669));
#11053=CARTESIAN_POINT('',(94.9571114601512,1.56475400858724E-5,71.5428742632155));
#11054=CARTESIAN_POINT('',(94.9571114601512,4.00001564754008,71.5428742632155));
#11055=CARTESIAN_POINT('Origin',(28.7500055730343,1.56475400725498E-5,14.9999808953906));
#11056=CARTESIAN_POINT('',(132.000005573034,4.00001564754007,14.9999808953906));
#11057=CARTESIAN_POINT('',(132.000005573034,1.56475400725498E-5,14.9999808953906));
#11058=CARTESIAN_POINT('',(132.000005573034,1.56475400725498E-5,14.9999808953906));
#11059=CARTESIAN_POINT('',(28.7500055730342,4.00001564754007,14.9999808953906));
#11060=CARTESIAN_POINT('',(54.8750027865171,4.00001564754007,14.9999808953906));
#11061=CARTESIAN_POINT('',(28.7500055730342,1.56475400725498E-5,14.9999808953906));
#11062=CARTESIAN_POINT('',(28.7500055730342,1.56475400725498E-5,14.9999808953906));
#11063=CARTESIAN_POINT('',(54.8750027865171,1.56475400725498E-5,14.9999808953906));
#11064=CARTESIAN_POINT('Origin',(80.5,4.00001564754009,82.4999843524599));
#11065=CARTESIAN_POINT('',(29.3,4.00001564754007,14.3999843524599));
#11066=CARTESIAN_POINT('',(131.3,4.00001564754007,14.3999843524599));
#11067=CARTESIAN_POINT('',(105.9,4.00001564754007,14.3999843524599));
#11068=CARTESIAN_POINT('',(134.8,4.00001564754007,17.8999843524599));
#11069=CARTESIAN_POINT('Origin',(131.3,4.00001564754007,17.8999843524599));
#11070=CARTESIAN_POINT('',(134.8,4.00001564754008,68.9999843524599));
#11071=CARTESIAN_POINT('',(134.8,4.00001564754008,75.7499843524599));
#11072=CARTESIAN_POINT('',(131.3,4.00001564754008,72.4999843524599));
#11073=CARTESIAN_POINT('Origin',(131.3,4.00001564754008,68.9999843524599));
#11074=CARTESIAN_POINT('',(29.3,4.00001564754008,72.4999843524599));
#11075=CARTESIAN_POINT('',(54.9,4.00001564754008,72.4999843524599));
#11076=CARTESIAN_POINT('',(25.8,4.00001564754008,68.9999843524599));
#11077=CARTESIAN_POINT('Origin',(29.3,4.00001564754008,68.9999843524599));
#11078=CARTESIAN_POINT('',(25.8,4.00001564754007,17.8999843524599));
#11079=CARTESIAN_POINT('',(25.8,4.00001564754008,50.1999843524599));
#11080=CARTESIAN_POINT('Origin',(29.3,4.00001564754007,17.8999843524599));
#11081=CARTESIAN_POINT('Origin',(132.000005573034,1.56475400858724E-5,71.4999808953906));
#11082=CARTESIAN_POINT('',(28.7500055730342,4.00001564754008,71.4999808953905));
#11083=CARTESIAN_POINT('',(28.7500055730342,1.56475400858724E-5,71.4999808953905));
#11084=CARTESIAN_POINT('',(28.7500055730342,1.56475400858724E-5,71.4999808953906));
#11085=CARTESIAN_POINT('',(132.000005573034,4.00001564754008,71.4999808953905));
#11086=CARTESIAN_POINT('',(54.8750027865171,4.00001564754008,71.4999808953905));
#11087=CARTESIAN_POINT('',(132.000005573034,1.56475400858724E-5,71.4999808953905));
#11088=CARTESIAN_POINT('',(132.000005573034,1.56475400858724E-5,71.4999808953906));
#11089=CARTESIAN_POINT('',(54.8750027865171,1.56475400858724E-5,71.4999808953905));
#11090=CARTESIAN_POINT('Origin',(143.000005438924,2.00001564754008,31.7999812232161));
#11091=CARTESIAN_POINT('Origin',(136.000005438924,2.00001564754008,31.7999812232161));
#11092=CARTESIAN_POINT('Origin',(143.000005438924,3.00001564754008,40.599981223216));
#11093=CARTESIAN_POINT('',(134.000005573034,3.00001564754008,40.599981223216));
#11094=CARTESIAN_POINT('',(143.000005438924,3.00001564754008,40.599981223216));
#11095=CARTESIAN_POINT('',(134.000005573034,3.00001569224355,31.6999812455678));
#11096=CARTESIAN_POINT('',(134.000005573034,3.00001569224355,23.8499810704792));
#11097=CARTESIAN_POINT('',(125.000005438924,3.00001569224355,31.6999812455678));
#11098=CARTESIAN_POINT('Origin',(143.000005438924,2.00001564754009,40.599981223216));
#11099=CARTESIAN_POINT('',(134.000005573034,2.00001564754009,41.599981223216));
#11100=CARTESIAN_POINT('Origin',(134.000005573034,2.00001564754009,40.599981223216));
#11101=CARTESIAN_POINT('',(143.000005438924,2.00001564754009,41.599981223216));
#11102=CARTESIAN_POINT('Origin',(132.000005573034,1.56475400903133E-5,69.4999808953906));
#11103=CARTESIAN_POINT('',(134.000005573034,4.00001564754008,69.4999808953906));
#11104=CARTESIAN_POINT('Origin',(132.000005573034,4.00001564754008,69.4999808953906));
#11105=CARTESIAN_POINT('',(134.000005573034,1.56475400903133E-5,69.4999808953906));
#11106=CARTESIAN_POINT('',(134.000005573034,1.56475400903133E-5,69.4999808953906));
#11107=CARTESIAN_POINT('Origin',(132.000005573034,1.56475400903133E-5,69.4999808953906));
#11108=CARTESIAN_POINT('Origin',(28.7500055730342,1.56475400903133E-5,69.4999808953906));
#11109=CARTESIAN_POINT('',(26.7500055730342,1.56475400903133E-5,69.4999808953906));
#11110=CARTESIAN_POINT('Origin',(28.7500055730342,1.56475400903133E-5,69.4999808953906));
#11111=CARTESIAN_POINT('',(26.7500055730342,4.00001564754008,69.4999808953906));
#11112=CARTESIAN_POINT('',(26.7500055730342,1.56475400903133E-5,69.4999808953906));
#11113=CARTESIAN_POINT('Origin',(28.7500055730342,4.00001564754008,69.4999808953906));
#11114=CARTESIAN_POINT('Origin',(26.7500055730342,1.56475400903133E-5,68.9999808953905));
#11115=CARTESIAN_POINT('',(26.7500055730342,4.00001564754007,16.9999808953906));
#11116=CARTESIAN_POINT('',(26.7500055730342,1.56475400725498E-5,16.9999808953906));
#11117=CARTESIAN_POINT('',(26.7500055730342,1.56475400725498E-5,16.9999808953906));
#11118=CARTESIAN_POINT('',(26.7500055730342,4.00001564754008,75.7499826239252));
#11119=CARTESIAN_POINT('',(26.7500055730342,1.56475400858724E-5,75.7499826239252));
#11120=CARTESIAN_POINT('Origin',(28.7500055730342,1.56475400725498E-5,16.9999808953906));
#11121=CARTESIAN_POINT('Origin',(28.7500055730342,4.00001564754007,16.9999808953906));
#11122=CARTESIAN_POINT('Origin',(28.7500055730342,1.56475400725498E-5,16.9999808953906));
#11123=CARTESIAN_POINT('Origin',(132.000005573034,1.56475400725498E-5,16.9999808953906));
#11124=CARTESIAN_POINT('',(134.000005573034,1.56475400725498E-5,16.9999808953906));
#11125=CARTESIAN_POINT('Origin',(132.000005573034,1.56475400725498E-5,16.9999808953906));
#11126=CARTESIAN_POINT('',(134.000005573034,4.00001564754007,16.9999808953906));
#11127=CARTESIAN_POINT('',(134.000005573034,1.56475400725498E-5,16.9999808953906));
#11128=CARTESIAN_POINT('Origin',(132.000005573034,4.00001564754007,16.9999808953906));
#11129=CARTESIAN_POINT('Origin',(138.,2.50001564754009,45.7999812232161));
#11130=CARTESIAN_POINT('',(137.000005438924,1.56475400858724E-5,44.7999812232161));
#11131=CARTESIAN_POINT('',(139.,1.56475400858724E-5,46.7999812232161));
#11132=CARTESIAN_POINT('',(132.300003444196,1.56475400858724E-5,40.0999846674122));
#11133=CARTESIAN_POINT('',(137.000005438924,5.00001564754009,44.7999812232161));
#11134=CARTESIAN_POINT('',(139.,1.56475400858724E-5,46.7999812232161));
#11135=CARTESIAN_POINT('Origin',(139.,1.56475401080769E-5,149.99998435246));
#11136=CARTESIAN_POINT('',(139.00000564754,1.56475400858724E-5,49.9999813722277));
#11137=CARTESIAN_POINT('',(139.,1.56475400947542E-5,115.24998435246));
#11138=CARTESIAN_POINT('',(139.,1.56475400725498E-5,14.9999843524599));
#11139=CARTESIAN_POINT('Origin',(134.000005573034,1.56475400725498E-5,15.9999808953905));
#11140=CARTESIAN_POINT('',(134.000005573034,1.56475400858724E-5,48.2499826239252));
#11141=CARTESIAN_POINT('Origin',(134.000005573034,2.00001569224355,31.6999812455678));
#11142=CARTESIAN_POINT('',(134.000005573034,1.56475400858724E-5,41.599981223216));
#11143=CARTESIAN_POINT('',(134.000005573034,-1.12498435245991,41.599981223216));
#11144=CARTESIAN_POINT('',(134.000005573034,1.56475400858724E-5,48.2499826239252));
#11145=CARTESIAN_POINT('',(134.000005573034,4.00001564754008,49.2499826239252));
#11146=CARTESIAN_POINT('Origin',(125.000005438924,2.00001569224355,31.6999812455678));
#11147=CARTESIAN_POINT('Origin',(136.000005438924,2.00001569224355,31.6999812455678));
#11148=CARTESIAN_POINT('Origin',(136.000005438924,0.500015669891813,36.1499812343919));
#11149=CARTESIAN_POINT('Origin',(29.3,4.00001564754007,17.8999843524599));
#11150=CARTESIAN_POINT('',(29.3,4.50001564754007,14.3999843524599));
#11151=CARTESIAN_POINT('',(25.8,4.50001564754007,17.8999843524599));
#11152=CARTESIAN_POINT('Origin',(29.3,4.50001564754007,17.8999843524599));
#11153=CARTESIAN_POINT('',(29.3,4.00001564754007,14.3999843524599));
#11154=CARTESIAN_POINT('',(25.8,4.00001564754007,17.8999843524599));
#11155=CARTESIAN_POINT('Origin',(134.8,4.00001564754008,68.9999843524599));
#11156=CARTESIAN_POINT('',(134.8,4.50001564754009,68.9999843524599));
#11157=CARTESIAN_POINT('',(134.8,4.50001564754007,17.8999843524599));
#11158=CARTESIAN_POINT('',(134.8,4.50001564754008,56.2249843524599));
#11159=CARTESIAN_POINT('',(134.8,4.00001564754008,68.9999843524599));
#11160=CARTESIAN_POINT('',(134.8,4.00001564754007,17.8999843524599));
#11161=CARTESIAN_POINT('Origin',(131.3,4.00001564754007,17.8999843524599));
#11162=CARTESIAN_POINT('',(131.3,4.50001564754007,14.3999843524599));
#11163=CARTESIAN_POINT('Origin',(131.3,4.50001564754007,17.8999843524599));
#11164=CARTESIAN_POINT('',(131.3,4.00001564754007,14.3999843524599));
#11165=CARTESIAN_POINT('Origin',(131.3,4.00001564754007,14.3999843524599));
#11166=CARTESIAN_POINT('',(105.8,4.50001564754007,14.3999843524599));
#11167=CARTESIAN_POINT('Origin',(128.3,4.00001564754008,20.9999843524599));
#11168=CARTESIAN_POINT('',(128.3,4.20001564754007,17.9999843524599));
#11169=CARTESIAN_POINT('',(131.3,4.20001564754008,20.9999843524599));
#11170=CARTESIAN_POINT('Origin',(128.3,4.20001564754008,20.9999843524599));
#11171=CARTESIAN_POINT('',(131.3,5.00001564754008,20.9999843524599));
#11172=CARTESIAN_POINT('',(131.3,4.00001564754008,20.9999843524599));
#11173=CARTESIAN_POINT('',(128.3,5.00001564754007,17.9999843524599));
#11174=CARTESIAN_POINT('Origin',(128.3,5.00001564754008,20.9999843524599));
#11175=CARTESIAN_POINT('',(128.3,4.00001564754007,17.9999843524599));
#11176=CARTESIAN_POINT('Origin',(131.3,4.00001564754008,20.9999843524599));
#11177=CARTESIAN_POINT('',(131.3,4.20001564754009,68.7499843524599));
#11178=CARTESIAN_POINT('',(131.3,4.20001564754008,32.2075991944411));
#11179=CARTESIAN_POINT('',(131.3,5.00001564754009,68.7499843524599));
#11180=CARTESIAN_POINT('',(131.3,4.00001564754009,68.7499843524599));
#11181=CARTESIAN_POINT('',(131.3,5.00001564754008,32.2249843524599));
#11182=CARTESIAN_POINT('Origin',(29.05,5.50001564754008,56.0999843524599));
#11183=CARTESIAN_POINT('',(29.55,5.00001564754009,68.7499843524599));
#11184=CARTESIAN_POINT('',(29.55,5.00001564754007,17.9999843524599));
#11185=CARTESIAN_POINT('',(29.55,5.00001564754008,56.0999843524599));
#11186=CARTESIAN_POINT('',(28.55,6.00001564754007,16.9999843524599));
#11187=CARTESIAN_POINT('',(28.55,6.00001564754007,16.9999843524599));
#11188=CARTESIAN_POINT('',(28.55,6.00001564754009,69.7499843524599));
#11189=CARTESIAN_POINT('',(28.55,6.00001564754008,56.0999843524599));
#11190=CARTESIAN_POINT('',(28.55,6.00001564754009,69.7499843524599));
#11191=CARTESIAN_POINT('Origin',(131.8,5.50001564754008,32.2249843524599));
#11192=CARTESIAN_POINT('',(132.3,6.00001564754009,69.7499843524599));
#11193=CARTESIAN_POINT('',(132.3,6.00001564754008,20.9999843524599));
#11194=CARTESIAN_POINT('',(132.3,6.00001564754008,32.2249843524599));
#11195=CARTESIAN_POINT('',(131.3,5.00001564754008,20.9999843524599));
#11196=CARTESIAN_POINT('',(132.3,6.00001564754009,69.7499843524599));
#11197=CARTESIAN_POINT('Origin',(128.3,5.50001564754008,20.9999843524599));
#11198=CARTESIAN_POINT('',(128.3,6.00001564754007,16.9999843524599));
#11199=CARTESIAN_POINT('Origin',(128.3,6.00001564754008,20.9999843524599));
#11200=CARTESIAN_POINT('',(128.3,5.00001564754007,17.9999843524599));
#11201=CARTESIAN_POINT('Origin',(54.925,5.50001564754007,17.4999843524599));
#11202=CARTESIAN_POINT('',(54.925,5.00001564754007,17.9999843524599));
#11203=CARTESIAN_POINT('',(54.925,6.00001564754007,16.9999843524599));
#11204=CARTESIAN_POINT('Origin',(105.8,5.50001564754009,69.2499843524599));
#11205=CARTESIAN_POINT('',(105.8,6.00001564754009,69.7499843524599));
#11206=CARTESIAN_POINT('',(105.8,5.00001564754009,68.7499843524599));
#11207=CARTESIAN_POINT('Origin',(80.3,6.00001564754009,43.4499843524599));
#11208=CARTESIAN_POINT('',(27.3,6.00001564754009,68.9999843524599));
#11209=CARTESIAN_POINT('',(27.3,6.00001564754007,17.8999843524599));
#11210=CARTESIAN_POINT('',(27.3,6.00001564754008,30.6749843524599));
#11211=CARTESIAN_POINT('',(29.3,6.00001564754009,70.9999843524599));
#11212=CARTESIAN_POINT('Origin',(29.3,6.00001564754009,68.9999843524599));
#11213=CARTESIAN_POINT('',(131.3,6.00001564754009,70.99998435246));
#11214=CARTESIAN_POINT('',(54.8,6.00001564754009,70.99998435246));
#11215=CARTESIAN_POINT('',(133.3,6.00001564754009,68.9999843524599));
#11216=CARTESIAN_POINT('Origin',(131.3,6.00001564754009,68.9999843524599));
#11217=CARTESIAN_POINT('',(133.3,6.00001564754007,17.8999843524599));
#11218=CARTESIAN_POINT('',(133.3,6.00001564754008,56.2249843524599));
#11219=CARTESIAN_POINT('',(131.3,6.00001564754007,15.89998435246));
#11220=CARTESIAN_POINT('Origin',(131.3,6.00001564754007,17.8999843524599));
#11221=CARTESIAN_POINT('',(29.3,6.00001564754007,15.8999843524599));
#11222=CARTESIAN_POINT('',(105.8,6.00001564754007,15.8999843524599));
#11223=CARTESIAN_POINT('Origin',(29.3,6.00001564754007,17.8999843524599));
#11224=CARTESIAN_POINT('Origin',(25.8,4.00001564754007,17.8999843524599));
#11225=CARTESIAN_POINT('',(25.8,4.50001564754009,68.9999843524599));
#11226=CARTESIAN_POINT('',(25.8,4.50001564754008,30.6749843524599));
#11227=CARTESIAN_POINT('',(25.8,4.00001564754008,68.9999843524599));
#11228=CARTESIAN_POINT('Origin',(29.3,4.00001564754008,68.9999843524599));
#11229=CARTESIAN_POINT('',(29.3,4.50001564754009,72.4999843524599));
#11230=CARTESIAN_POINT('Origin',(29.3,4.50001564754009,68.9999843524599));
#11231=CARTESIAN_POINT('',(29.3,4.00001564754008,72.4999843524599));
#11232=CARTESIAN_POINT('Origin',(29.3,4.00001564754008,72.4999843524599));
#11233=CARTESIAN_POINT('',(131.3,4.50001564754009,72.4999843524599));
#11234=CARTESIAN_POINT('',(54.8,4.50001564754009,72.4999843524599));
#11235=CARTESIAN_POINT('',(131.3,4.00001564754008,72.4999843524599));
#11236=CARTESIAN_POINT('Origin',(131.3,4.00001564754008,68.9999843524599));
#11237=CARTESIAN_POINT('Origin',(131.3,4.50001564754009,68.9999843524599));
#11238=CARTESIAN_POINT('Origin',(29.3,5.25001564754008,17.8999843524599));
#11239=CARTESIAN_POINT('',(27.3,6.00001564754007,17.8999843524599));
#11240=CARTESIAN_POINT('',(29.3,4.50001564754007,14.3999843524599));
#11241=CARTESIAN_POINT('Origin',(105.8,5.25001564754008,15.1499843524599));
#11242=CARTESIAN_POINT('',(131.3,4.50001564754007,14.3999843524599));
#11243=CARTESIAN_POINT('Origin',(131.3,5.25001564754008,17.8999843524599));
#11244=CARTESIAN_POINT('',(134.8,4.50001564754007,17.8999843524599));
#11245=CARTESIAN_POINT('Origin',(134.05,5.25001564754008,56.2249843524599));
#11246=CARTESIAN_POINT('',(134.8,4.50001564754009,68.9999843524599));
#11247=CARTESIAN_POINT('Origin',(131.3,5.25001564754009,68.9999843524599));
#11248=CARTESIAN_POINT('',(131.3,4.50001564754009,72.4999843524599));
#11249=CARTESIAN_POINT('Origin',(54.8,5.25001564754009,71.7499843524599));
#11250=CARTESIAN_POINT('',(29.3,4.50001564754009,72.4999843524599));
#11251=CARTESIAN_POINT('Origin',(29.3,5.25001564754009,68.9999843524599));
#11252=CARTESIAN_POINT('',(25.8,4.50001564754009,68.9999843524599));
#11253=CARTESIAN_POINT('Origin',(26.55,5.25001564754008,30.6749843524599));
#11254=CARTESIAN_POINT('Origin',(29.55,4.00001564754007,17.9999843524599));
#11255=CARTESIAN_POINT('',(29.55,4.20001564754007,17.9999843524599));
#11256=CARTESIAN_POINT('',(54.9375,4.20001564754007,17.9999843524599));
#11257=CARTESIAN_POINT('',(29.55,4.00001564754007,17.9999843524599));
#11258=CARTESIAN_POINT('Origin',(29.55,4.00001564754009,68.7499843524599));
#11259=CARTESIAN_POINT('',(29.55,4.20001564754009,68.7499843524599));
#11260=CARTESIAN_POINT('',(29.55,4.20001564754008,56.0825991944411));
#11261=CARTESIAN_POINT('',(29.55,4.00001564754009,68.7499843524599));
#11262=CARTESIAN_POINT('Origin',(131.3,4.00001564754009,68.7499843524599));
#11263=CARTESIAN_POINT('',(105.8125,4.20001564754009,68.7499843524599));
#11264=CARTESIAN_POINT('Origin',(80.325,4.20001564754009,43.4152140364222));
#11265=CARTESIAN_POINT('',(28.2,4.20001564754009,67.2902140364222));
#11266=CARTESIAN_POINT('',(31.2,4.20001564754009,70.2902140364222));
#11267=CARTESIAN_POINT('Origin',(31.2,4.20001564754009,67.2902140364222));
#11268=CARTESIAN_POINT('',(28.2,4.20001564754007,19.5402140364222));
#11269=CARTESIAN_POINT('',(28.2,4.20001564754007,16.5402140364222));
#11270=CARTESIAN_POINT('',(31.2,4.20001564754007,16.5402140364222));
#11271=CARTESIAN_POINT('Origin',(31.2,4.20001564754007,19.5402140364222));
#11272=CARTESIAN_POINT('',(102.300002548099,4.20001564754007,16.5402140364222));
#11273=CARTESIAN_POINT('',(132.45,4.20001564754007,16.5402140364222));
#11274=CARTESIAN_POINT('',(102.300002548099,4.20001564754007,17.7499843524599));
#11275=CARTESIAN_POINT('',(102.300002548099,4.20001564754008,30.707599194441));
#11276=CARTESIAN_POINT('',(106.9,4.20001564754007,17.7499843524599));
#11277=CARTESIAN_POINT('',(102.300002548099,4.20001564754007,17.7499843524599));
#11278=CARTESIAN_POINT('',(106.9,4.20001564754007,16.5402140364222));
#11279=CARTESIAN_POINT('',(106.9,4.20001564754008,30.2075973988511));
#11280=CARTESIAN_POINT('',(129.45,4.20001564754007,16.5402140364222));
#11281=CARTESIAN_POINT('',(132.45,4.20001564754007,16.5402140364222));
#11282=CARTESIAN_POINT('',(132.45,4.20001564754007,19.5402140364222));
#11283=CARTESIAN_POINT('Origin',(129.45,4.20001564754007,19.5402140364222));
#11284=CARTESIAN_POINT('',(132.45,4.20001564754009,67.2902140364222));
#11285=CARTESIAN_POINT('',(132.45,4.20001564754009,70.2902140364222));
#11286=CARTESIAN_POINT('',(129.45,4.20001564754009,70.2902140364222));
#11287=CARTESIAN_POINT('Origin',(129.45,4.20001564754009,67.2902140364222));
#11288=CARTESIAN_POINT('',(106.9,4.20001564754009,70.2902140364222));
#11289=CARTESIAN_POINT('',(28.2,4.20001564754009,70.2902140364222));
#11290=CARTESIAN_POINT('',(106.9,4.20001564754009,68.9999843524599));
#11291=CARTESIAN_POINT('',(106.9,4.20001564754008,56.0825991944411));
#11292=CARTESIAN_POINT('',(102.3,4.20001564754009,68.9999843524599));
#11293=CARTESIAN_POINT('',(106.9,4.20001564754009,68.9999843524599));
#11294=CARTESIAN_POINT('',(102.3,4.20001564754009,70.2902140364222));
#11295=CARTESIAN_POINT('',(102.3,4.20001564754008,56.5825991944411));
#11296=CARTESIAN_POINT('',(28.2,4.20001564754009,70.2902140364222));
#11297=CARTESIAN_POINT('Origin',(31.2,3.20001564754009,67.2902140364222));
#11298=CARTESIAN_POINT('',(28.2,1.56475400903133E-5,67.2902140364222));
#11299=CARTESIAN_POINT('',(28.2,1.56475400903133E-5,67.2902140364222));
#11300=CARTESIAN_POINT('',(31.2,1.56475400858724E-5,70.2902140364222));
#11301=CARTESIAN_POINT('',(31.2,3.20001564754009,70.2902140364222));
#11302=CARTESIAN_POINT('Origin',(31.2,1.56475400903133E-5,67.2902140364222));
#11303=CARTESIAN_POINT('Origin',(31.2,3.20001564754009,70.2902140364222));
#11304=CARTESIAN_POINT('',(102.3,1.56475400858724E-5,70.2902140364222));
#11305=CARTESIAN_POINT('',(102.3,3.20001564754009,70.2902140364222));
#11306=CARTESIAN_POINT('',(54.25,1.56475400858724E-5,70.2902140364222));
#11307=CARTESIAN_POINT('Origin',(102.3,3.20001564754009,70.2902140364222));
#11308=CARTESIAN_POINT('',(102.3,1.56475400903133E-5,68.9999843524599));
#11309=CARTESIAN_POINT('',(102.3,3.20001564754009,68.9999843524599));
#11310=CARTESIAN_POINT('',(102.3,1.56475400903133E-5,68.7499843524599));
#11311=CARTESIAN_POINT('Origin',(102.3,3.20001564754009,68.9999843524599));
#11312=CARTESIAN_POINT('',(106.9,1.56475400903133E-5,68.9999843524599));
#11313=CARTESIAN_POINT('',(106.9,3.20001564754009,68.9999843524599));
#11314=CARTESIAN_POINT('',(104.6,1.56475400903133E-5,68.9999843524599));
#11315=CARTESIAN_POINT('Origin',(106.9,3.20001564754009,68.9999843524599));
#11316=CARTESIAN_POINT('',(106.9,1.56475400858724E-5,70.2902140364222));
#11317=CARTESIAN_POINT('',(106.9,3.20001564754009,70.2902140364222));
#11318=CARTESIAN_POINT('',(106.9,1.56475400903133E-5,69.7499843524599));
#11319=CARTESIAN_POINT('Origin',(106.9,3.20001564754009,70.2902140364222));
#11320=CARTESIAN_POINT('',(129.45,1.56475400858724E-5,70.2902140364222));
#11321=CARTESIAN_POINT('',(129.45,3.20001564754009,70.2902140364222));
#11322=CARTESIAN_POINT('',(54.25,1.56475400858724E-5,70.2902140364222));
#11323=CARTESIAN_POINT('Origin',(129.45,3.20001564754009,67.2902140364222));
#11324=CARTESIAN_POINT('',(132.45,1.56475400903133E-5,67.2902140364222));
#11325=CARTESIAN_POINT('',(132.45,3.20001564754009,67.2902140364222));
#11326=CARTESIAN_POINT('Origin',(129.45,1.56475400903133E-5,67.2902140364222));
#11327=CARTESIAN_POINT('Origin',(28.2,3.20001564754008,19.5402140364222));
#11328=CARTESIAN_POINT('',(28.2,1.56475400725498E-5,19.5402140364222));
#11329=CARTESIAN_POINT('',(28.2,3.20001564754008,19.5402140364222));
#11330=CARTESIAN_POINT('',(28.2,1.56475400814315E-5,29.995099194441));
#11331=CARTESIAN_POINT('Origin',(31.2,3.20001564754008,19.5402140364222));
#11332=CARTESIAN_POINT('',(31.2,1.56475400725498E-5,16.5402140364221));
#11333=CARTESIAN_POINT('',(31.2,3.20001564754008,16.5402140364222));
#11334=CARTESIAN_POINT('Origin',(31.2,1.56475400725498E-5,19.5402140364222));
#11335=CARTESIAN_POINT('Origin',(102.300002548099,3.20001564754008,16.5402140364222));
#11336=CARTESIAN_POINT('',(102.300002548099,1.56475400725498E-5,16.5402140364221));
#11337=CARTESIAN_POINT('',(102.300002548099,3.20001564754008,16.5402140364222));
#11338=CARTESIAN_POINT('',(106.375,1.56475400725498E-5,16.5402140364221));
#11339=CARTESIAN_POINT('Origin',(102.300002548099,3.20001564754008,17.7499843524599));
#11340=CARTESIAN_POINT('',(102.300002548099,1.56475400725498E-5,17.7499843524599));
#11341=CARTESIAN_POINT('',(102.300002548099,3.20001564754008,17.7499843524599));
#11342=CARTESIAN_POINT('',(102.300002548099,1.56475400725498E-5,16.9999807612801));
#11343=CARTESIAN_POINT('Origin',(106.9,3.20001564754008,17.7499843524599));
#11344=CARTESIAN_POINT('',(106.9,1.56475400725498E-5,17.7499843524599));
#11345=CARTESIAN_POINT('',(106.9,3.20001564754008,17.7499843524599));
#11346=CARTESIAN_POINT('',(104.600000637025,1.56475400725498E-5,17.7499843524599));
#11347=CARTESIAN_POINT('Origin',(106.9,3.20001564754008,16.5402140364222));
#11348=CARTESIAN_POINT('',(106.9,1.56475400725498E-5,16.5402140364222));
#11349=CARTESIAN_POINT('',(106.9,3.20001564754008,16.5402140364222));
#11350=CARTESIAN_POINT('',(106.9,1.56475400725498E-5,16.9999807612801));
#11351=CARTESIAN_POINT('Origin',(129.45,3.20001564754008,16.5402140364222));
#11352=CARTESIAN_POINT('',(129.45,1.56475400725498E-5,16.5402140364221));
#11353=CARTESIAN_POINT('',(129.45,3.20001564754008,16.5402140364222));
#11354=CARTESIAN_POINT('',(106.375,1.56475400725498E-5,16.5402140364221));
#11355=CARTESIAN_POINT('Origin',(129.45,3.20001564754008,19.5402140364222));
#11356=CARTESIAN_POINT('',(132.45,1.56475400725498E-5,19.5402140364222));
#11357=CARTESIAN_POINT('',(132.45,3.20001564754008,19.5402140364222));
#11358=CARTESIAN_POINT('Origin',(129.45,1.56475400725498E-5,19.5402140364222));
#11359=CARTESIAN_POINT('Origin',(29.3,1.56475400725498E-5,17.8999843524599));
#11360=CARTESIAN_POINT('',(29.3,1.56475400725498E-5,15.8999843524599));
#11361=CARTESIAN_POINT('',(27.3,1.56475400725498E-5,17.8999843524599));
#11362=CARTESIAN_POINT('Origin',(29.3,1.56475400725498E-5,17.8999843524599));
#11363=CARTESIAN_POINT('',(27.3,4.00001564754007,17.8999843524599));
#11364=CARTESIAN_POINT('',(27.3,1.56475400725498E-5,17.8999843524599));
#11365=CARTESIAN_POINT('',(29.3,4.00001564754007,15.8999843524599));
#11366=CARTESIAN_POINT('Origin',(29.3,4.00001564754007,17.8999843524599));
#11367=CARTESIAN_POINT('',(29.3,1.56475400725498E-5,15.8999843524599));
#11368=CARTESIAN_POINT('Origin',(27.3,1.56475400725498E-5,17.8999843524599));
#11369=CARTESIAN_POINT('',(27.3,1.56475400903133E-5,68.9999843524599));
#11370=CARTESIAN_POINT('',(27.3,1.56475400725498E-5,17.8999843524599));
#11371=CARTESIAN_POINT('',(27.3,4.00001564754008,68.9999843524599));
#11372=CARTESIAN_POINT('',(27.3,1.56475400903133E-5,68.9999843524599));
#11373=CARTESIAN_POINT('',(27.3,4.00001564754008,30.6749843524599));
#11374=CARTESIAN_POINT('Origin',(29.3,1.56475400903133E-5,68.9999843524599));
#11375=CARTESIAN_POINT('',(29.3,1.56475400858724E-5,70.9999843524599));
#11376=CARTESIAN_POINT('Origin',(29.3,1.56475400903133E-5,68.9999843524599));
#11377=CARTESIAN_POINT('',(29.3,4.00001564754008,70.9999843524599));
#11378=CARTESIAN_POINT('',(29.3,1.56475400858724E-5,70.9999843524599));
#11379=CARTESIAN_POINT('Origin',(29.3,4.00001564754008,68.9999843524599));
#11380=CARTESIAN_POINT('Origin',(29.3,1.56475400858724E-5,70.9999843524599));
#11381=CARTESIAN_POINT('',(131.3,1.56475400858724E-5,70.9999843524599));
#11382=CARTESIAN_POINT('',(29.3,1.56475400858724E-5,70.9999843524599));
#11383=CARTESIAN_POINT('',(131.3,4.00001564754008,70.9999843524599));
#11384=CARTESIAN_POINT('',(131.3,1.56475400858724E-5,70.9999843524599));
#11385=CARTESIAN_POINT('',(54.8,4.00001564754008,70.9999843524599));
#11386=CARTESIAN_POINT('Origin',(131.3,1.56475400903133E-5,68.9999843524599));
#11387=CARTESIAN_POINT('',(133.3,1.56475400903133E-5,68.9999843524599));
#11388=CARTESIAN_POINT('Origin',(131.3,1.56475400903133E-5,68.9999843524599));
#11389=CARTESIAN_POINT('',(133.3,4.00001564754008,68.9999843524599));
#11390=CARTESIAN_POINT('',(133.3,1.56475400903133E-5,68.9999843524599));
#11391=CARTESIAN_POINT('Origin',(131.3,4.00001564754008,68.9999843524599));
#11392=CARTESIAN_POINT('Origin',(131.3,1.56475400725498E-5,17.8999843524599));
#11393=CARTESIAN_POINT('',(133.3,1.56475400725498E-5,17.8999843524599));
#11394=CARTESIAN_POINT('',(131.3,1.56475400725498E-5,15.8999843524599));
#11395=CARTESIAN_POINT('Origin',(131.3,1.56475400725498E-5,17.8999843524599));
#11396=CARTESIAN_POINT('',(131.3,4.00001564754007,15.8999843524599));
#11397=CARTESIAN_POINT('',(131.3,1.56475400725498E-5,15.8999843524599));
#11398=CARTESIAN_POINT('',(133.3,4.00001564754007,17.8999843524599));
#11399=CARTESIAN_POINT('Origin',(131.3,4.00001564754007,17.8999843524599));
#11400=CARTESIAN_POINT('',(133.3,1.56475400725498E-5,17.8999843524599));
#11401=CARTESIAN_POINT('Origin',(131.3,1.56475400725498E-5,15.8999843524599));
#11402=CARTESIAN_POINT('',(131.3,1.56475400725498E-5,15.8999843524599));
#11403=CARTESIAN_POINT('',(105.8,4.00001564754007,15.8999843524599));
#11404=CARTESIAN_POINT('Origin',(125.000005438924,2.00001569224355,31.6999812455678));
#11405=CARTESIAN_POINT('',(133.3,3.00001569224355,31.6999812455678));
#11406=CARTESIAN_POINT('',(133.3,2.43590554044696,30.7999812232161));
#11407=CARTESIAN_POINT('Origin',(133.3,2.00001569224355,31.6999812455678));
#11408=CARTESIAN_POINT('',(132.45,3.00001569224355,31.6999812455678));
#11409=CARTESIAN_POINT('',(125.000005438924,3.00001569224355,31.6999812455678));
#11410=CARTESIAN_POINT('',(132.45,2.43590554044696,30.7999812232161));
#11411=CARTESIAN_POINT('Origin',(132.45,2.00001569224355,31.6999812455678));
#11412=CARTESIAN_POINT('',(125.000005438924,2.43590554044696,30.7999812232161));
#11413=CARTESIAN_POINT('Origin',(125.000005438924,-1.99998435245994,30.7999812232161));
#11414=CARTESIAN_POINT('',(133.3,1.56475400769907E-5,30.7999812232161));
#11415=CARTESIAN_POINT('',(133.3,-0.999984352459928,30.7999812232161));
#11416=CARTESIAN_POINT('',(132.45,1.56475400769907E-5,30.7999812232161));
#11417=CARTESIAN_POINT('',(132.45,-0.999984352459928,30.7999812232161));
#11418=CARTESIAN_POINT('',(114.800002719462,1.56475400769907E-5,30.7999812232161));
#11419=CARTESIAN_POINT('Origin',(125.000005438924,2.00001569224356,66.4999812455678));
#11420=CARTESIAN_POINT('',(133.3,1.56475400858724E-5,66.4999812455678));
#11421=CARTESIAN_POINT('',(133.3,3.00001569224356,66.4999812455678));
#11422=CARTESIAN_POINT('',(133.3,1.00001566989182,66.4999812455678));
#11423=CARTESIAN_POINT('',(132.45,1.56475400858724E-5,66.4999812455678));
#11424=CARTESIAN_POINT('',(114.800002719462,1.56475400903133E-5,66.4999812455678));
#11425=CARTESIAN_POINT('',(132.45,3.00001569224356,66.4999812455678));
#11426=CARTESIAN_POINT('',(132.45,2.60001566989182,66.4999812455678));
#11427=CARTESIAN_POINT('',(125.000005438924,3.00001569224356,66.4999812455678));
#11428=CARTESIAN_POINT('Origin',(132.45,3.20001564754009,67.2902140364222));
#11429=CARTESIAN_POINT('',(132.45,3.00001569224355,54.395097640995));
#11430=CARTESIAN_POINT('',(132.45,1.56475400814315E-5,56.870099194441));
#11431=CARTESIAN_POINT('',(132.45,1.56475400814315E-5,56.870099194441));
#11432=CARTESIAN_POINT('Origin',(133.3,3.00001569224355,41.4999812455678));
#11433=CARTESIAN_POINT('',(133.3,3.00001569224355,55.2499827990139));
#11434=CARTESIAN_POINT('Origin',(133.3,1.56475400903133E-5,68.9999843524599));
#11435=CARTESIAN_POINT('',(133.3,1.56475400903133E-5,68.9999843524599));
#11436=CARTESIAN_POINT('',(133.3,4.00001564754008,56.2249843524599));
#11437=CARTESIAN_POINT('',(133.3,1.56475400903133E-5,68.9999843524599));
#11438=CARTESIAN_POINT('Origin',(80.3,4.00001564754008,43.4499843524599));
#11439=CARTESIAN_POINT('Origin',(104.6,1.56475400903133E-5,69.2499843524599));
#11440=CARTESIAN_POINT('Origin',(143.000005438924,-2.24998435245992,41.599981223216));
#11441=CARTESIAN_POINT('',(137.000005438924,1.56475400858724E-5,41.599981223216));
#11442=CARTESIAN_POINT('',(111.750008043232,1.56475400858724E-5,41.599981223216));
#11443=CARTESIAN_POINT('',(137.000005438924,1.37501564754009,41.599981223216));
#11444=CARTESIAN_POINT('Origin',(135.,1.56475400725498E-5,10.9999843524599));
#11445=CARTESIAN_POINT('',(26.,1.56475400725498E-5,10.9999843524599));
#11446=CARTESIAN_POINT('Origin',(137.000005438924,5.00001564754008,38.7999812232161));
#11447=CARTESIAN_POINT('',(137.000005438924,1.56475400814315E-5,59.649982787838));
#11448=CARTESIAN_POINT('Origin',(139.,1.56475401080769E-5,149.99998435246));
#11449=CARTESIAN_POINT('',(139.00000564754,1.56475400814315E-5,22.9999809698963));
#11450=CARTESIAN_POINT('',(139.,1.56475400814315E-5,25.999981223216));
#11451=CARTESIAN_POINT('',(139.,1.56475400947542E-5,115.24998435246));
#11452=CARTESIAN_POINT('',(139.,1.56475400725498E-5,14.9999843524599));
#11453=CARTESIAN_POINT('',(139.,1.56475400814315E-5,25.999981223216));
#11454=CARTESIAN_POINT('Origin',(138.,2.50001564754008,26.9999812232161));
#11455=CARTESIAN_POINT('',(110.250001879575,1.56475400814315E-5,54.7499793436425));
#11456=CARTESIAN_POINT('Origin',(80.5000106475401,1.56475400947542E-5,80.4999843524599));
#11457=CARTESIAN_POINT('Origin',(130.,1.56475400947542E-5,81.4999843599105));
#11458=CARTESIAN_POINT('',(130.,4.00001564754009,81.4999843599105));
#11459=CARTESIAN_POINT('',(32.,4.00001564754009,81.4999843599105));
#11460=CARTESIAN_POINT('',(105.250000990927,4.00001564754009,81.4999843599105));
#11461=CARTESIAN_POINT('',(130.,4.5000156475401,81.4999843599105));
#11462=CARTESIAN_POINT('',(130.,1.56475400947542E-5,81.4999843599105));
#11463=CARTESIAN_POINT('',(32.,4.5000156475401,81.4999843599105));
#11464=CARTESIAN_POINT('',(130.,4.5000156475401,81.4999843599105));
#11465=CARTESIAN_POINT('',(32.,1.56475400947542E-5,81.4999843599105));
#11466=CARTESIAN_POINT('Origin',(32.,1.56475400947542E-5,81.4999843599105));
#11467=CARTESIAN_POINT('',(32.,4.00001564754011,140.499984359911));
#11468=CARTESIAN_POINT('',(32.,4.00001564754009,95.4999837005341));
#11469=CARTESIAN_POINT('',(32.,4.50001564754011,140.499984359911));
#11470=CARTESIAN_POINT('',(32.,4.5000156475401,81.4999843599105));
#11471=CARTESIAN_POINT('',(32.,1.56475401080769E-5,140.499984359911));
#11472=CARTESIAN_POINT('Origin',(32.,1.56475401080769E-5,140.499984359911));
#11473=CARTESIAN_POINT('',(130.,4.00001564754011,140.499984359911));
#11474=CARTESIAN_POINT('',(56.2500009909272,4.00001564754011,140.499984359911));
#11475=CARTESIAN_POINT('',(130.,4.50001564754011,140.499984359911));
#11476=CARTESIAN_POINT('',(32.,4.50001564754011,140.499984359911));
#11477=CARTESIAN_POINT('',(130.,1.56475401080769E-5,140.499984359911));
#11478=CARTESIAN_POINT('Origin',(130.,1.56475401080769E-5,140.499984359911));
#11479=CARTESIAN_POINT('',(130.,4.0000156475401,124.999983700534));
#11480=CARTESIAN_POINT('',(130.,4.50001564754011,140.499984359911));
#11481=CARTESIAN_POINT('Origin',(81.,4.5000156475401,110.999984359911));
#11482=CARTESIAN_POINT('',(127.,4.5000156475401,136.99998435246));
#11483=CARTESIAN_POINT('',(38.4999999999999,4.5000156475401,136.99998435246));
#11484=CARTESIAN_POINT('',(104.,4.5000156475401,136.99998435246));
#11485=CARTESIAN_POINT('',(127.,4.5000156475401,82.9999843524599));
#11486=CARTESIAN_POINT('',(127.,4.50001564754009,96.9999843561852));
#11487=CARTESIAN_POINT('',(38.4999999999999,4.5000156475401,82.9999843524599));
#11488=CARTESIAN_POINT('',(59.75,4.5000156475401,82.9999843524599));
#11489=CARTESIAN_POINT('',(38.4999999999999,4.50001564754011,123.999984356185));
#11490=CARTESIAN_POINT('Origin',(38.4999999999999,4.00001564754009,82.9999843524599));
#11491=CARTESIAN_POINT('',(127.,6.0000156475401,82.9999843524599));
#11492=CARTESIAN_POINT('',(127.,4.00001564754009,82.9999843524599));
#11493=CARTESIAN_POINT('',(38.4999999999999,6.0000156475401,82.9999843524599));
#11494=CARTESIAN_POINT('',(33.2331370153098,6.0000156475401,82.9999843524599));
#11495=CARTESIAN_POINT('',(38.4999999999999,4.00001564754009,82.9999843524599));
#11496=CARTESIAN_POINT('Origin',(127.,4.00001564754009,82.9999843524599));
#11497=CARTESIAN_POINT('',(127.,6.0000156475401,136.99998435246));
#11498=CARTESIAN_POINT('',(127.,4.0000156475401,136.99998435246));
#11499=CARTESIAN_POINT('',(127.,6.00001564754011,140.499984359911));
#11500=CARTESIAN_POINT('Origin',(26.7500039637089,5.2500156475401,91.7499823855066));
#11501=CARTESIAN_POINT('',(27.5000039637089,6.0000156475401,139.3786640089));
#11502=CARTESIAN_POINT('',(27.5000039637089,6.00001564754009,79.6213020734152));
#11503=CARTESIAN_POINT('',(27.5000039637089,6.00001564754009,91.7499823855066));
#11504=CARTESIAN_POINT('',(26.0000039637089,4.50001564754009,78.9999817298555));
#11505=CARTESIAN_POINT('',(27.5000039637089,6.00001564754009,79.6213020734152));
#11506=CARTESIAN_POINT('',(26.0000039637089,4.50001564754011,139.99998435246));
#11507=CARTESIAN_POINT('',(26.0000039637089,4.50001564754009,91.7499823855066));
#11508=CARTESIAN_POINT('',(27.5000039637089,6.0000156475401,139.3786640089));
#11509=CARTESIAN_POINT('Origin',(33.7803332263096,5.25001564754009,72.2803126390346));
#11510=CARTESIAN_POINT('',(31.6213243072686,6.00001564754009,75.4999817298555));
#11511=CARTESIAN_POINT('',(34.3106633121996,6.00001564754009,72.8106427249245));
#11512=CARTESIAN_POINT('',(31.0000039637089,4.50001564754009,73.9999817298555));
#11513=CARTESIAN_POINT('',(31.6213243072686,6.00001564754009,75.4999817298555));
#11514=CARTESIAN_POINT('',(33.2500031404197,4.50001564754009,71.7499825531447));
#11515=CARTESIAN_POINT('Origin',(80.7500033825636,5.25001564754009,74.7499817298555));
#11516=CARTESIAN_POINT('',(73.378684439713,6.00001564754009,75.4999817298555));
#11517=CARTESIAN_POINT('',(80.7500033825636,6.00001564754009,75.4999817298555));
#11518=CARTESIAN_POINT('',(74.0000047832727,4.50001564754009,73.9999817298555));
#11519=CARTESIAN_POINT('',(73.378684439713,6.00001564754009,75.4999817298555));
#11520=CARTESIAN_POINT('',(80.7500033825636,4.50001564754009,73.9999817298555));
#11521=CARTESIAN_POINT('Origin',(85.7196743248538,5.2500156475401,86.7803114432164));
#11522=CARTESIAN_POINT('',(80.3786845440212,6.0000156475401,82.4999818341637));
#11523=CARTESIAN_POINT('',(85.1893442389639,6.0000156475401,87.3106415291063));
#11524=CARTESIAN_POINT('',(81.0000047832727,4.5000156475401,80.9999818341637));
#11525=CARTESIAN_POINT('',(80.3786845440212,6.0000156475401,82.4999818341637));
#11526=CARTESIAN_POINT('',(86.2500044107437,4.5000156475401,86.2499813573265));
#11527=CARTESIAN_POINT('Origin',(100.750003680587,5.2500156475401,81.7499818341637));
#11528=CARTESIAN_POINT('',(122.500005379319,6.0000156475401,82.4999818341637));
#11529=CARTESIAN_POINT('',(100.750003680587,6.0000156475401,82.4999818341637));
#11530=CARTESIAN_POINT('',(121.000005379319,4.5000156475401,80.9999818341637));
#11531=CARTESIAN_POINT('',(122.500005379319,6.0000156475401,82.4999818341637));
#11532=CARTESIAN_POINT('',(100.750003680587,4.5000156475401,80.9999818341637));
#11533=CARTESIAN_POINT('Origin',(121.750005379319,5.2500156475401,91.7499823855066));
#11534=CARTESIAN_POINT('',(122.500005379319,6.00001564754009,75.4999817298555));
#11535=CARTESIAN_POINT('',(122.500005379319,6.00001564754009,91.7499823855066));
#11536=CARTESIAN_POINT('',(121.000005379319,4.50001564754009,73.9999817298555));
#11537=CARTESIAN_POINT('',(122.500005379319,6.00001564754009,75.4999817298555));
#11538=CARTESIAN_POINT('',(121.000005379319,4.50001564754009,91.7499823855066));
#11539=CARTESIAN_POINT('Origin',(107.750000990927,5.25001564754009,74.7499817298555));
#11540=CARTESIAN_POINT('',(132.37867965644,6.00001564754009,75.4999817298555));
#11541=CARTESIAN_POINT('',(107.750000990927,6.00001564754009,75.4999817298555));
#11542=CARTESIAN_POINT('',(133.,4.50001564754009,73.9999817298555));
#11543=CARTESIAN_POINT('',(132.37867965644,6.00001564754009,75.4999817298555));
#11544=CARTESIAN_POINT('',(107.750000990927,4.50001564754009,73.9999817298555));
#11545=CARTESIAN_POINT('Origin',(128.719670737399,5.25001564754009,70.7803126390345));
#11546=CARTESIAN_POINT('',(133.5,6.00001564754009,76.6213020734153));
#11547=CARTESIAN_POINT('',(128.189340651509,6.00001564754009,71.3106427249244));
#11548=CARTESIAN_POINT('',(135.,4.50001564754009,75.9999817298555));
#11549=CARTESIAN_POINT('',(133.5,6.00001564754009,76.6213020734153));
#11550=CARTESIAN_POINT('',(129.250000823289,4.50001564754009,70.2499825531445));
#11551=CARTESIAN_POINT('Origin',(134.25,5.25001564754011,127.249983696809));
#11552=CARTESIAN_POINT('',(133.5,6.00001564754011,142.3786640089));
#11553=CARTESIAN_POINT('',(133.5,6.0000156475401,127.249983696809));
#11554=CARTESIAN_POINT('',(135.,4.50001564754011,142.99998435246));
#11555=CARTESIAN_POINT('',(133.5,6.00001564754011,142.3786640089));
#11556=CARTESIAN_POINT('',(135.,4.50001564754011,127.249983696809));
#11557=CARTESIAN_POINT('Origin',(128.719670737399,5.25001564754011,148.219653443281));
#11558=CARTESIAN_POINT('',(133.,4.50001564754011,144.99998435246));
#11559=CARTESIAN_POINT('',(129.250000823289,4.50001564754011,148.749983529171));
#11560=CARTESIAN_POINT('',(132.37867965644,6.00001564754011,143.49998435246));
#11561=CARTESIAN_POINT('',(128.189340651509,6.0000156475401,147.689323357391));
#11562=CARTESIAN_POINT('',(132.37867965644,6.00001564754011,143.49998435246));
#11563=CARTESIAN_POINT('Origin',(97.7500009909272,5.25001564754011,144.24998435246));
#11564=CARTESIAN_POINT('',(115.,4.50001564754011,144.99998435246));
#11565=CARTESIAN_POINT('',(97.7500009909272,4.50001564754011,144.99998435246));
#11566=CARTESIAN_POINT('',(116.5,6.00001564754011,143.49998435246));
#11567=CARTESIAN_POINT('',(97.7500009909272,6.00001564754011,143.49998435246));
#11568=CARTESIAN_POINT('',(116.5,6.00001564754011,143.49998435246));
#11569=CARTESIAN_POINT('Origin',(115.75,5.25001564754011,126.249982899597));
#11570=CARTESIAN_POINT('',(115.,4.50001564754011,142.999982758036));
#11571=CARTESIAN_POINT('',(115.,4.50001564754011,126.249982899597));
#11572=CARTESIAN_POINT('',(116.5,6.00001564754011,141.499982758036));
#11573=CARTESIAN_POINT('',(116.5,6.0000156475401,126.249982899597));
#11574=CARTESIAN_POINT('',(116.5,6.00001564754011,141.499982758036));
#11575=CARTESIAN_POINT('Origin',(68.2500031962991,5.25001564754011,142.249982758036));
#11576=CARTESIAN_POINT('',(56.0000044107437,4.50001564754011,142.999982758036));
#11577=CARTESIAN_POINT('',(68.2500031962991,4.50001564754011,142.999982758036));
#11578=CARTESIAN_POINT('',(54.5000044107437,6.00001564754011,141.499982758036));
#11579=CARTESIAN_POINT('',(68.2500031962991,6.00001564754011,141.499982758036));
#11580=CARTESIAN_POINT('',(54.5000044107437,6.00001564754011,141.499982758036));
#11581=CARTESIAN_POINT('Origin',(55.2500044107437,5.25001564754011,127.249983696809));
#11582=CARTESIAN_POINT('',(56.0000044107437,4.50001564754011,144.99998435246));
#11583=CARTESIAN_POINT('',(56.0000044107437,4.50001564754011,127.249983696809));
#11584=CARTESIAN_POINT('',(54.5000044107437,6.00001564754011,143.49998435246));
#11585=CARTESIAN_POINT('',(54.5000044107437,6.0000156475401,127.249983696809));
#11586=CARTESIAN_POINT('',(54.5000044107437,6.00001564754011,143.49998435246));
#11587=CARTESIAN_POINT('Origin',(53.2500029727817,5.25001564754011,144.24998435246));
#11588=CARTESIAN_POINT('',(31.0000039637089,4.50001564754011,144.99998435246));
#11589=CARTESIAN_POINT('',(53.2500029727817,4.50001564754011,144.99998435246));
#11590=CARTESIAN_POINT('',(31.6213243072686,6.00001564754011,143.49998435246));
#11591=CARTESIAN_POINT('',(53.2500029727817,6.00001564754011,143.49998435246));
#11592=CARTESIAN_POINT('',(31.6213243072686,6.00001564754011,143.49998435246));
#11593=CARTESIAN_POINT('Origin',(33.7803332263096,5.25001564754011,146.719653443281));
#11594=CARTESIAN_POINT('',(33.2500031404197,4.50001564754011,147.249983529171));
#11595=CARTESIAN_POINT('',(34.3106633121996,6.00001564754011,146.189323357391));
#11596=CARTESIAN_POINT('Origin',(134.,4.00001564754011,143.99998435246));
#11597=CARTESIAN_POINT('',(133.,4.00001564754011,144.99998435246));
#11598=CARTESIAN_POINT('',(133.,4.00001564754011,144.99998435246));
#11599=CARTESIAN_POINT('',(135.,4.00001564754011,142.99998435246));
#11600=CARTESIAN_POINT('',(129.250000823289,4.00001564754011,148.749983529171));
#11601=CARTESIAN_POINT('',(135.,4.00001564754011,142.99998435246));
#11602=CARTESIAN_POINT('Origin',(115.,4.00001564754011,144.99998435246));
#11603=CARTESIAN_POINT('',(115.,4.00001564754011,144.99998435246));
#11604=CARTESIAN_POINT('',(115.,4.00001564754011,144.99998435246));
#11605=CARTESIAN_POINT('',(135.,4.00001564754011,144.99998435246));
#11606=CARTESIAN_POINT('Origin',(115.,4.00001564754011,142.999982758036));
#11607=CARTESIAN_POINT('',(115.,4.00001564754011,142.999982758036));
#11608=CARTESIAN_POINT('',(115.,4.00001564754011,142.999982758036));
#11609=CARTESIAN_POINT('',(115.,4.00001564754011,142.999982758036));
#11610=CARTESIAN_POINT('Origin',(56.0000044107437,4.00001564754011,142.999982758036));
#11611=CARTESIAN_POINT('',(56.0000044107437,4.00001564754011,142.999982758036));
#11612=CARTESIAN_POINT('',(56.0000044107437,4.00001564754011,142.999982758036));
#11613=CARTESIAN_POINT('',(56.0000044107437,4.00001564754011,142.999982758036));
#11614=CARTESIAN_POINT('Origin',(56.0000044107437,4.00001564754011,144.99998435246));
#11615=CARTESIAN_POINT('',(56.0000044107437,4.00001564754011,144.99998435246));
#11616=CARTESIAN_POINT('',(56.0000044107437,4.00001564754011,144.99998435246));
#11617=CARTESIAN_POINT('',(56.0000044107437,4.00001564754011,144.99998435246));
#11618=CARTESIAN_POINT('Origin',(26.0000039637089,4.00001564754011,144.99998435246));
#11619=CARTESIAN_POINT('',(31.0000039637089,4.00001564754011,144.99998435246));
#11620=CARTESIAN_POINT('',(31.0000039637089,4.00001564754011,144.99998435246));
#11621=CARTESIAN_POINT('',(135.,4.00001564754011,144.99998435246));
#11622=CARTESIAN_POINT('Origin',(28.5000039637089,4.00001564754011,142.49998435246));
#11623=CARTESIAN_POINT('',(26.0000039637089,4.00001564754011,139.99998435246));
#11624=CARTESIAN_POINT('',(26.0000039637089,4.00001564754011,139.99998435246));
#11625=CARTESIAN_POINT('',(33.2500031404197,4.00001564754011,147.249983529171));
#11626=CARTESIAN_POINT('Origin',(26.0000039637089,4.00001564754008,73.9999817298555));
#11627=CARTESIAN_POINT('',(26.0000039637089,4.00001564754008,78.9999817298555));
#11628=CARTESIAN_POINT('',(26.0000039637089,4.00001564754008,78.9999817298555));
#11629=CARTESIAN_POINT('',(26.0000039637089,4.00001564754011,144.99998435246));
#11630=CARTESIAN_POINT('Origin',(80.5000019818544,6.0000156475401,109.499983041158));
#11631=CARTESIAN_POINT('',(38.4999999999999,6.0000156475401,136.99998435246));
#11632=CARTESIAN_POINT('',(38.4999999999999,6.0000156475401,82.9999843524599));
#11633=CARTESIAN_POINT('',(38.4999999999999,6.0000156475401,136.99998435246));
#11634=CARTESIAN_POINT('Origin',(134.,4.00001564754008,74.9999817298556));
#11635=CARTESIAN_POINT('',(135.,4.00001564754008,75.9999817298555));
#11636=CARTESIAN_POINT('',(135.,4.00001564754008,75.9999817298555));
#11637=CARTESIAN_POINT('',(133.,4.00001564754008,73.9999817298555));
#11638=CARTESIAN_POINT('',(129.250000823289,4.00001564754008,70.2499825531446));
#11639=CARTESIAN_POINT('',(133.,4.00001564754008,73.9999817298555));
#11640=CARTESIAN_POINT('Origin',(80.5000019818544,4.00001564754009,109.499983041158));
#11641=CARTESIAN_POINT('',(135.,4.00001564754008,73.9999817298555));
#11642=CARTESIAN_POINT('',(31.0000039637089,4.00001564754008,73.9999817298555));
#11643=CARTESIAN_POINT('',(33.2500031404197,4.00001564754008,71.7499825531447));
#11644=CARTESIAN_POINT('',(74.0000047832727,4.00001564754008,73.9999817298555));
#11645=CARTESIAN_POINT('',(26.0000039637089,4.00001564754008,73.9999817298555));
#11646=CARTESIAN_POINT('',(81.0000047832727,4.00001564754009,80.9999818341637));
#11647=CARTESIAN_POINT('',(86.2500044107437,4.00001564754009,86.2499813573265));
#11648=CARTESIAN_POINT('',(121.000005379319,4.00001564754009,80.9999818341637));
#11649=CARTESIAN_POINT('',(121.000005379319,4.00001564754009,80.9999818341637));
#11650=CARTESIAN_POINT('',(121.000005379319,4.00001564754008,73.9999817298555));
#11651=CARTESIAN_POINT('',(121.000005379319,4.00001564754008,73.9999817298555));
#11652=CARTESIAN_POINT('',(26.0000039637089,4.00001564754008,73.9999817298555));
#11653=CARTESIAN_POINT('Origin',(135.,4.00001564754011,144.99998435246));
#11654=CARTESIAN_POINT('Origin',(28.5000039637089,4.00001564754008,76.4999817298555));
#11655=CARTESIAN_POINT('',(31.0000039637089,4.00001564754008,73.9999817298555));
#11656=CARTESIAN_POINT('Origin',(81.0000047832727,4.00001564754008,73.9999817298555));
#11657=CARTESIAN_POINT('',(74.0000047832727,4.00001564754008,73.9999817298555));
#11658=CARTESIAN_POINT('Origin',(77.5000047832727,4.00001564754008,77.4999817298556));
#11659=CARTESIAN_POINT('',(81.0000047832727,4.00001564754009,80.9999818341637));
#11660=CARTESIAN_POINT('Origin',(127.,4.0000156475401,136.99998435246));
#11661=CARTESIAN_POINT('',(38.4999999999999,4.0000156475401,136.99998435246));
#11662=CARTESIAN_POINT('Origin',(38.4999999999999,4.0000156475401,136.99998435246));
#11663=CARTESIAN_POINT('Origin',(121.000005379319,4.00001564754009,80.9999818341637));
#11664=CARTESIAN_POINT('',(121.000005379319,4.00001564754009,80.9999818341637));
#11665=CARTESIAN_POINT('Origin',(121.000005379319,4.00001564754008,73.9999817298555));
#11666=CARTESIAN_POINT('',(121.000005379319,4.00001564754008,73.9999817298555));
#11667=CARTESIAN_POINT('Origin',(135.,4.00001564754008,73.9999817298555));
#11668=CARTESIAN_POINT('Origin',(80.5000106475401,1.56475400947542E-5,80.4999843524599));
#11669=CARTESIAN_POINT('',(134.000005573034,1.56475400858724E-5,49.9999813722277));
#11670=CARTESIAN_POINT('',(134.000005573034,1.56475400858724E-5,41.599981223216));
#11671=CARTESIAN_POINT('',(134.000005573034,1.56475400858724E-5,48.2499826239252));
#11672=CARTESIAN_POINT('',(139.00000564754,1.56475400858724E-5,49.9999813722277));
#11673=CARTESIAN_POINT('',(109.75000282377,1.56475400858724E-5,49.9999813722277));
#11674=CARTESIAN_POINT('',(139.,1.56475400858724E-5,46.7999812232161));
#11675=CARTESIAN_POINT('',(139.,1.56475400947542E-5,115.24998435246));
#11676=CARTESIAN_POINT('',(137.000005438924,1.56475400858724E-5,44.7999812232161));
#11677=CARTESIAN_POINT('',(132.300003444196,1.56475400858724E-5,40.0999846674122));
#11678=CARTESIAN_POINT('',(137.000005438924,1.56475400858724E-5,41.599981223216));
#11679=CARTESIAN_POINT('',(137.000005438924,1.56475400814315E-5,59.649982787838));
#11680=CARTESIAN_POINT('',(111.750008043232,1.56475400858724E-5,41.599981223216));
#11681=CARTESIAN_POINT('Origin',(80.5000106475401,1.56475400947542E-5,80.4999843524599));
#11682=CARTESIAN_POINT('',(139.00000564754,1.56475400814315E-5,22.9999809698963));
#11683=CARTESIAN_POINT('',(134.000005573034,1.56475400814315E-5,22.9999809698963));
#11684=CARTESIAN_POINT('',(107.250002786517,1.56475400814315E-5,22.9999809698963));
#11685=CARTESIAN_POINT('',(134.000005573034,1.56475400769907E-5,30.7999812232161));
#11686=CARTESIAN_POINT('',(134.000005573034,1.56475400858724E-5,48.2499826239252));
#11687=CARTESIAN_POINT('',(137.000005438924,1.56475400769907E-5,30.7999812232161));
#11688=CARTESIAN_POINT('',(111.750008043232,1.56475400769907E-5,30.7999812232161));
#11689=CARTESIAN_POINT('',(137.000005438924,1.56475400814315E-5,27.9999812232161));
#11690=CARTESIAN_POINT('',(137.000005438924,1.56475400814315E-5,59.649982787838));
#11691=CARTESIAN_POINT('',(139.,1.56475400814315E-5,25.999981223216));
#11692=CARTESIAN_POINT('',(110.250001879575,1.56475400814315E-5,54.7499793436425));
#11693=CARTESIAN_POINT('',(139.,1.56475400947542E-5,115.24998435246));
#11694=CARTESIAN_POINT('Origin',(143.000005438924,2.00001564754008,30.7999812232161));
#11695=CARTESIAN_POINT('',(134.000005573034,-1.99998435245994,30.7999812232161));
#11696=CARTESIAN_POINT('',(134.000005573034,-0.999984352459933,30.7999812232161));
#11697=CARTESIAN_POINT('',(136.000005438924,-1.99998435245994,30.7999812232161));
#11698=CARTESIAN_POINT('',(125.000005438924,-1.99998435245994,30.7999812232161));
#11699=CARTESIAN_POINT('',(136.000005438924,-0.999984352459924,30.7999812232161));
#11700=CARTESIAN_POINT('',(136.000005438924,3.00001569224355,30.7999812232161));
#11701=CARTESIAN_POINT('',(137.000005438924,-0.999984352459924,30.7999812232161));
#11702=CARTESIAN_POINT('',(139.750005524606,-0.999984352459924,30.7999812232161));
#11703=CARTESIAN_POINT('',(137.000005438924,3.50001564754008,30.7999812232161));
#11704=CARTESIAN_POINT('Origin',(137.000005438924,5.00001564754008,38.7999812232161));
#11705=CARTESIAN_POINT('',(137.000005438924,-1.99998435245992,31.7999812232161));
#11706=CARTESIAN_POINT('Origin',(137.000005438924,-0.999984352459924,31.7999812232161));
#11707=CARTESIAN_POINT('',(137.000005438924,-1.99998435245992,40.599981223216));
#11708=CARTESIAN_POINT('',(137.000005438924,-1.99998435245992,33.649981197139));
#11709=CARTESIAN_POINT('',(137.000005438924,-0.999984352459915,41.599981223216));
#11710=CARTESIAN_POINT('Origin',(137.000005438924,-0.999984352459915,40.599981223216));
#11711=CARTESIAN_POINT('',(137.000005438924,1.37501564754009,41.599981223216));
#11712=CARTESIAN_POINT('',(137.000005438924,-1.99998435245992,44.7999812232161));
#11713=CARTESIAN_POINT('',(137.000005438924,1.56475400858724E-5,44.7999812232161));
#11714=CARTESIAN_POINT('',(137.000005438924,-4.99998435245991,44.7999812232161));
#11715=CARTESIAN_POINT('',(137.000005438924,1.56475400858724E-5,44.7999812232161));
#11716=CARTESIAN_POINT('',(137.000005438924,-4.99998435245992,27.9999812232161));
#11717=CARTESIAN_POINT('',(137.000005438924,-4.99998435245992,33.649981197139));
#11718=CARTESIAN_POINT('',(137.000005438924,-1.99998435245992,27.9999812232161));
#11719=CARTESIAN_POINT('',(137.000005438924,1.56475400814315E-5,27.9999812232161));
#11720=CARTESIAN_POINT('',(137.000005438924,1.56475400814315E-5,27.9999812232161));
#11721=CARTESIAN_POINT('Origin',(138.,2.50001564754009,45.7999812232161));
#11722=CARTESIAN_POINT('',(139.00000564754,-1.99998435245992,46.7999812232161));
#11723=CARTESIAN_POINT('',(139.,1.56475400858724E-5,46.7999812232161));
#11724=CARTESIAN_POINT('',(139.00000564754,-4.99998435245991,46.7999812232161));
#11725=CARTESIAN_POINT('',(139.,1.56475400858724E-5,46.7999812232161));
#11726=CARTESIAN_POINT('',(135.800001389533,-4.99998435245991,43.5999826127494));
#11727=CARTESIAN_POINT('Origin',(139.,1.56475401080769E-5,149.99998435246));
#11728=CARTESIAN_POINT('',(139.00000564754,-2.99998435245991,49.9999813722277));
#11729=CARTESIAN_POINT('',(139.00000564754,1.56475400858724E-5,49.9999813722277));
#11730=CARTESIAN_POINT('',(139.00000564754,-4.99998435245991,47.9999813722277));
#11731=CARTESIAN_POINT('',(139.,22.2500163925982,75.2499821172857));
#11732=CARTESIAN_POINT('',(139.00000564754,-4.99998435245992,22.9999809698963));
#11733=CARTESIAN_POINT('Origin',(134.000005573034,1.56475400725498E-5,15.9999808953905));
#11734=CARTESIAN_POINT('',(134.000005573034,-2.99998435245992,22.9999809698963));
#11735=CARTESIAN_POINT('',(134.000005573034,1.56475400814315E-5,22.9999809698963));
#11736=CARTESIAN_POINT('',(134.000005573034,-4.99998435245992,24.9999809698963));
#11737=CARTESIAN_POINT('',(134.000005573034,-0.999984333833472,20.9999809512699));
#11738=CARTESIAN_POINT('',(134.000005573034,-4.99998435245991,47.9999813722277));
#11739=CARTESIAN_POINT('',(134.000005573034,-4.99998435245992,26.2499810332262));
#11740=CARTESIAN_POINT('',(134.000005573034,-2.99998435245991,49.9999813722277));
#11741=CARTESIAN_POINT('',(134.000005573034,-11.2499844716692,41.7499812530184));
#11742=CARTESIAN_POINT('',(134.000005573034,1.56475400858724E-5,49.9999813722277));
#11743=CARTESIAN_POINT('',(134.000005573034,-0.999984352459915,41.599981223216));
#11744=CARTESIAN_POINT('',(134.000005573034,-1.12498435245991,41.599981223216));
#11745=CARTESIAN_POINT('',(134.000005573034,-1.43587420066331,41.4999812455678));
#11746=CARTESIAN_POINT('Origin',(134.000005573034,-0.999984352459915,40.599981223216));
#11747=CARTESIAN_POINT('',(134.000005573034,-1.99998435245993,41.4999812455678));
#11748=CARTESIAN_POINT('',(134.000005573034,1.00001566989182,41.4999812455678));
#11749=CARTESIAN_POINT('',(134.000005573034,-1.99998435245992,26.2499810332262));
#11750=CARTESIAN_POINT('Origin',(136.000005438924,0.500015669891813,36.1499812343919));
#11751=CARTESIAN_POINT('',(136.000005438924,-1.99998435245994,31.7999812232161));
#11752=CARTESIAN_POINT('Origin',(136.000005438924,-0.999984352459924,31.7999812232161));
#11753=CARTESIAN_POINT('',(136.000005438924,-1.99998435245994,30.7999812232161));
#11754=CARTESIAN_POINT('Origin',(125.000005438924,2.00001569224356,41.4999812455678));
#11755=CARTESIAN_POINT('',(136.000005438924,-1.43587420066331,41.4999812455678));
#11756=CARTESIAN_POINT('',(139.750005524606,-1.43587420066331,41.4999812455678));
#11757=CARTESIAN_POINT('',(136.000005438924,-1.99998435245993,41.4999812455678));
#11758=CARTESIAN_POINT('',(136.000005438924,-1.99998435245993,41.4999812455678));
#11759=CARTESIAN_POINT('',(125.000005438924,-1.99998435245993,41.4999812455678));
#11760=CARTESIAN_POINT('Origin',(136.000005438924,0.500015669891813,36.1499812343919));
#11761=CARTESIAN_POINT('',(136.000005438924,-1.99998435245993,40.599981223216));
#11762=CARTESIAN_POINT('Origin',(136.000005438924,-0.999984352459915,40.599981223216));
#11763=CARTESIAN_POINT('',(136.000005438924,-1.99998435245994,30.7999812232161));
#11764=CARTESIAN_POINT('Origin',(139.750005524606,-0.999984352459915,40.599981223216));
#11765=CARTESIAN_POINT('',(139.750005524606,-0.999984352459915,41.599981223216));
#11766=CARTESIAN_POINT('',(139.750005524606,-1.99998435245992,40.599981223216));
#11767=CARTESIAN_POINT('Origin',(136.500005610287,-1.99998435245992,36.499981171062));
#11768=CARTESIAN_POINT('',(139.750005524606,-1.99998435245992,31.7999812232161));
#11769=CARTESIAN_POINT('Origin',(139.750005524606,-0.999984352459924,31.7999812232161));
#11770=CARTESIAN_POINT('Origin',(139.,1.56475401080769E-5,149.99998435246));
#11771=CARTESIAN_POINT('',(139.00000564754,-1.99998435245992,25.999981223216));
#11772=CARTESIAN_POINT('',(139.,1.56475400814315E-5,25.999981223216));
#11773=CARTESIAN_POINT('',(139.00000564754,-4.99998435245992,25.999981223216));
#11774=CARTESIAN_POINT('',(139.,1.56475400814315E-5,25.999981223216));
#11775=CARTESIAN_POINT('',(139.00000564754,-4.99998435245992,24.9999809698963));
#11776=CARTESIAN_POINT('',(139.00000564754,-4.99998435245992,22.9999809698963));
#11777=CARTESIAN_POINT('',(139.00000564754,-2.99998435245992,22.9999809698963));
#11778=CARTESIAN_POINT('',(139.,-34.4999851981008,54.4999818155371));
#11779=CARTESIAN_POINT('',(139.00000564754,1.56475400814315E-5,22.9999809698963));
#11780=CARTESIAN_POINT('Origin',(143.000005438924,-2.24998435245992,41.599981223216));
#11781=CARTESIAN_POINT('Origin',(139.00000564754,1.56475400858724E-5,49.9999813722277));
#11782=CARTESIAN_POINT('',(137.750005628914,-2.99998435245991,49.9999813722277));
#11783=CARTESIAN_POINT('Origin',(137.750005628914,-3.99998435245992,48.9999813722277));
#11784=CARTESIAN_POINT('',(137.750005628914,-4.99998435245991,47.9999813722277));
#11785=CARTESIAN_POINT('Origin',(136.500005610287,-4.99998435245992,36.499981171062));
#11786=CARTESIAN_POINT('',(135.250005591661,-4.99998435245992,24.9999809698963));
#11787=CARTESIAN_POINT('',(134.750002775341,-4.99998435245992,30.2499784478749));
#11788=CARTESIAN_POINT('Origin',(135.250005591661,-3.99998435245992,23.9999809698963));
#11789=CARTESIAN_POINT('',(135.250005591661,-2.99998435245992,22.9999809698963));
#11790=CARTESIAN_POINT('Origin',(134.000005573034,1.56475400814315E-5,22.9999809698963));
#11791=CARTESIAN_POINT('Origin',(138.,2.50001564754008,26.9999812232161));
#11792=CARTESIAN_POINT('Origin',(35.3783275523618,-11.9999843524599,144.033637316979));
#11793=CARTESIAN_POINT('',(38.0000041723251,-9.99998435245989,147.054698670268));
#11794=CARTESIAN_POINT('',(35.8961189963107,-9.99998447166918,147.999982236495));
#11795=CARTESIAN_POINT('Origin',(35.3783275523618,-9.99998447166918,144.033637316979));
#11796=CARTESIAN_POINT('',(38.0000041723251,-2.49998435245989,147.054698670268));
#11797=CARTESIAN_POINT('',(38.0000041723251,-11.9999843524599,147.054698670268));
#11798=CARTESIAN_POINT('',(38.0000041723251,-2.49998435245989,141.012575963689));
#11799=CARTESIAN_POINT('Origin',(35.3783275523618,-2.49998435245989,144.033637316979));
#11800=CARTESIAN_POINT('',(38.0000041723251,-9.9999843524599,141.012575963689));
#11801=CARTESIAN_POINT('',(38.0000041723251,-11.9999843524599,141.012575963689));
#11802=CARTESIAN_POINT('',(34.860536108413,-9.99998447166918,147.999982236495));
#11803=CARTESIAN_POINT('Origin',(35.3783275523618,-9.99998447166918,144.033637316979));
#11804=CARTESIAN_POINT('',(34.860536108413,-2.49998435245989,147.999982236495));
#11805=CARTESIAN_POINT('',(34.860536108413,-11.9999843524599,147.999982236495));
#11806=CARTESIAN_POINT('',(34.860536108413,-1.99998435245989,147.999982236495));
#11807=CARTESIAN_POINT('',(34.860536108413,-11.9999843524599,147.999982236495));
#11808=CARTESIAN_POINT('',(35.8961189963107,-1.99998435245989,147.999982236495));
#11809=CARTESIAN_POINT('Origin',(35.3783275523618,-1.99998435245989,144.033637316979));
#11810=CARTESIAN_POINT('',(35.8961189963107,-2.49998435245989,147.999982236495));
#11811=CARTESIAN_POINT('',(35.8961189963107,-11.9999843524599,147.999982236495));
#11812=CARTESIAN_POINT('',(35.8961189963107,-11.9999843524599,147.999982236495));
#11813=CARTESIAN_POINT('Origin',(34.860536108413,-11.9999843524599,147.999982236495));
#11814=CARTESIAN_POINT('',(98.2500049993396,-2.49998435245989,147.999982236495));
#11815=CARTESIAN_POINT('',(40.0000041723251,-1.99998435245989,147.999982236495));
#11816=CARTESIAN_POINT('Origin',(35.3783275523618,-11.9999843524599,144.033637316979));
#11817=CARTESIAN_POINT('',(33.3783275523619,-1.99998435245989,144.033637316979));
#11818=CARTESIAN_POINT('Origin',(35.3783275523618,-1.99998435245989,144.033637316979));
#11819=CARTESIAN_POINT('',(33.3783275523619,-9.9999843524599,144.033637316979));
#11820=CARTESIAN_POINT('',(33.3783275523619,-11.9999843524599,144.033637316979));
#11821=CARTESIAN_POINT('',(37.3783276119665,-9.99998441206454,144.033637316979));
#11822=CARTESIAN_POINT('Origin',(35.3783275523618,-9.99998447166918,144.033637316979));
#11823=CARTESIAN_POINT('Origin',(35.3783275523618,-9.99998447166918,144.033637316979));
#11824=CARTESIAN_POINT('Origin',(35.3783275523618,-1.99998435245989,144.016809776737));
#11825=CARTESIAN_POINT('Origin',(117.000005319715,1.56475401080769E-5,147.999982236495));
#11826=CARTESIAN_POINT('',(24.0000040382147,-9.99998435245989,147.999982236495));
#11827=CARTESIAN_POINT('',(117.000005319715,-9.99998435245989,147.999982236495));
#11828=CARTESIAN_POINT('',(24.0000040382147,1.56475401080769E-5,147.999982236495));
#11829=CARTESIAN_POINT('',(24.0000040382147,1.56475401080769E-5,147.999982236495));
#11830=CARTESIAN_POINT('',(30.0000040233135,1.56475401080769E-5,147.999982236495));
#11831=CARTESIAN_POINT('',(98.7500049993396,1.56475401080769E-5,147.999982236495));
#11832=CARTESIAN_POINT('',(30.0000040233135,-2.49998435245989,147.999982236495));
#11833=CARTESIAN_POINT('',(30.0000040233135,1.56475401080769E-5,147.999982236495));
#11834=CARTESIAN_POINT('',(98.2500049993396,-2.49998435245989,147.999982236495));
#11835=CARTESIAN_POINT('Origin',(50.5000040382147,-9.99998447166919,85.4999828325415));
#11836=CARTESIAN_POINT('',(38.0000041723251,-9.9999843524599,138.99998435246));
#11837=CARTESIAN_POINT('',(38.0000041723251,-9.9999843524599,144.499983294477));
#11838=CARTESIAN_POINT('',(60.,-9.9999843524599,138.99998435246));
#11839=CARTESIAN_POINT('',(98.5000050440431,-9.9999843524599,138.99998435246));
#11840=CARTESIAN_POINT('',(60.0000044703484,-9.99998435246004,126.999982519617));
#11841=CARTESIAN_POINT('',(60.,-9.99998435245991,81.4999832944775));
#11842=CARTESIAN_POINT('',(49.0000043064356,-9.99998435246004,126.999982519617));
#11843=CARTESIAN_POINT('',(83.0000048130751,-9.9999843524599,126.999982519617));
#11844=CARTESIAN_POINT('',(49.0000043064356,-9.99998435246004,120.99998243021));
#11845=CARTESIAN_POINT('',(49.0000043064356,-9.9999843524599,114.499982333353));
#11846=CARTESIAN_POINT('',(60.0000044703484,-9.9999843524599,120.99998243021));
#11847=CARTESIAN_POINT('',(88.5000048950315,-9.9999843524599,120.99998243021));
#11848=CARTESIAN_POINT('',(60.0000044703484,-9.9999843524599,112.999982311001));
#11849=CARTESIAN_POINT('',(60.,-9.99998435245991,81.4999832944775));
#11850=CARTESIAN_POINT('',(49.0000043064356,-9.99998435246005,112.999982311001));
#11851=CARTESIAN_POINT('',(83.0000048130751,-9.9999843524599,112.999982311001));
#11852=CARTESIAN_POINT('',(49.0000043064356,-9.99998435246004,109.505026837155));
#11853=CARTESIAN_POINT('',(49.0000043064356,-9.9999843524599,108.752504536825));
#11854=CARTESIAN_POINT('',(60.0000044703484,-9.99998435246004,109.505026837155));
#11855=CARTESIAN_POINT('',(88.5000048950315,-9.9999843524599,109.505026837155));
#11856=CARTESIAN_POINT('',(60.,-9.99998435245991,54.9999843524599));
#11857=CARTESIAN_POINT('',(60.,-9.99998435245991,81.4999832944775));
#11858=CARTESIAN_POINT('',(111.793222768698,-9.99998435245991,54.9999843524599));
#11859=CARTESIAN_POINT('',(114.396614044206,-9.99998435245991,54.9999843524599));
#11860=CARTESIAN_POINT('',(111.793222768698,-9.99998435245991,104.999982191792));
#11861=CARTESIAN_POINT('',(111.793222768698,-9.9999843524599,124.499983294477));
#11862=CARTESIAN_POINT('',(115.000005289912,-9.99998435245991,104.999982191792));
#11863=CARTESIAN_POINT('',(82.7500046640635,-9.99998447166919,104.999982191792));
#11864=CARTESIAN_POINT('',(115.000005289912,-9.9999843524599,127.532046549548));
#11865=CARTESIAN_POINT('',(115.000005289912,-9.99998447166918,106.516014691045));
#11866=CARTESIAN_POINT('',(111.793222768698,-9.9999843524599,127.532046549548));
#11867=CARTESIAN_POINT('',(81.1466134034565,-9.99998447166918,127.532046549548));
#11868=CARTESIAN_POINT('',(111.793222768698,-9.9999843524599,138.99998435246));
#11869=CARTESIAN_POINT('',(111.793222768698,-9.9999843524599,124.499983294477));
#11870=CARTESIAN_POINT('',(122.000005364418,-9.9999843524599,138.99998435246));
#11871=CARTESIAN_POINT('',(98.5000050440431,-9.9999843524599,138.99998435246));
#11872=CARTESIAN_POINT('',(122.000005364418,-9.9999843524599,141.79953546006));
#11873=CARTESIAN_POINT('',(122.000005364418,-9.9999843524599,144.499983294477));
#11874=CARTESIAN_POINT('',(122.000005364418,-9.99998435245989,146.196855347331));
#11875=CARTESIAN_POINT('Origin',(125.341546094718,-9.99998447166918,143.998195403695));
#11876=CARTESIAN_POINT('',(122.000005364418,-9.99998435245989,147.999982236495));
#11877=CARTESIAN_POINT('',(122.000005364418,-9.9999843524599,144.499983294477));
#11878=CARTESIAN_POINT('',(137.000005319715,-9.99998435245989,147.999982236495));
#11879=CARTESIAN_POINT('',(117.000005319715,-9.99998435245989,147.999982236495));
#11880=CARTESIAN_POINT('',(137.000005319715,-9.99998435245993,12.99998435246));
#11881=CARTESIAN_POINT('',(137.000005319715,-9.99998447166919,96.7499825345183));
#11882=CARTESIAN_POINT('',(24.0000040382147,-9.99998435245993,12.99998435246));
#11883=CARTESIAN_POINT('',(126.000002659857,-9.99998435245993,12.9999843524599));
#11884=CARTESIAN_POINT('',(24.0000040382147,-9.9999843524599,96.7499825345183));
#11885=CARTESIAN_POINT('',(121.323937371668,-9.99998447166919,77.9641608335271));
#11886=CARTESIAN_POINT('Origin',(125.323937371668,-9.99998447166919,77.9641608335271));
#11887=CARTESIAN_POINT('',(31.3182629682501,-9.99998447166919,77.9953209421486));
#11888=CARTESIAN_POINT('Origin',(35.3182629682502,-9.99998447166919,77.9953209421486));
#11889=CARTESIAN_POINT('',(45.8621214454147,-9.99998435245992,29.8513811677399));
#11890=CARTESIAN_POINT('Origin',(42.3621214454148,-9.99998435245992,29.8513811677399));
#11891=CARTESIAN_POINT('',(46.1444361088289,-9.99998435245991,55.2597008750073));
#11892=CARTESIAN_POINT('Origin',(42.6444361088289,-9.99998435245991,55.2597008750073));
#11893=CARTESIAN_POINT('',(124.94307560204,-9.99998435245992,36.9279649872928));
#11894=CARTESIAN_POINT('Origin',(114.94307560204,-9.99998435245992,36.9279649872928));
#11895=CARTESIAN_POINT('',(104.177353382111,-9.99998435245992,21.8928901837969));
#11896=CARTESIAN_POINT('',(104.664393663406,-9.99998435245992,22.1036677049303));
#11897=CARTESIAN_POINT('Ctrl Pts',(104.177353382111,-9.99998435245992,21.8928901837969));
#11898=CARTESIAN_POINT('Ctrl Pts',(104.248969207842,-9.99998435245992,21.9543612083734));
#11899=CARTESIAN_POINT('Ctrl Pts',(104.389677415752,-9.99998435245992,22.0751372745323));
#11900=CARTESIAN_POINT('Ctrl Pts',(104.573922993302,-9.99998435245992,22.0942719477499));
#11901=CARTESIAN_POINT('Ctrl Pts',(104.664393663406,-9.99998435245992,22.1036677049303));
#11902=CARTESIAN_POINT('',(105.11664390564,-9.99998435245992,21.9154004739428));
#11903=CARTESIAN_POINT('Ctrl Pts',(104.664393663406,-9.99998435245992,22.1036677049303));
#11904=CARTESIAN_POINT('Ctrl Pts',(104.751297806977,-9.99998435245992,22.0963387333822));
#11905=CARTESIAN_POINT('Ctrl Pts',(104.922362790983,-9.99998435245992,22.0819121439339));
#11906=CARTESIAN_POINT('Ctrl Pts',(105.052579613063,-9.99998435245992,21.9703077785597));
#11907=CARTESIAN_POINT('Ctrl Pts',(105.11664390564,-9.99998435245992,21.9154004739428));
#11908=CARTESIAN_POINT('',(105.294680595398,-9.99998435245992,21.4242677377367));
#11909=CARTESIAN_POINT('Ctrl Pts',(105.11664390564,-9.99998435245992,21.9154004739428));
#11910=CARTESIAN_POINT('Ctrl Pts',(105.168544553849,-9.99998435245992,21.8458461887513));
#11911=CARTESIAN_POINT('Ctrl Pts',(105.277049276139,-9.99998435245992,21.7004343555828));
#11912=CARTESIAN_POINT('Ctrl Pts',(105.288636068859,-9.99998435245992,21.5189456473257));
#11913=CARTESIAN_POINT('Ctrl Pts',(105.294680595398,-9.99998435245992,21.4242677377367));
#11914=CARTESIAN_POINT('',(105.188267230988,-9.99998435245992,21.0027126954699));
#11915=CARTESIAN_POINT('Ctrl Pts',(105.294680595398,-9.99998435245992,21.4242677377367));
#11916=CARTESIAN_POINT('Ctrl Pts',(105.288995624557,-9.99998435245992,21.3569853505326));
#11917=CARTESIAN_POINT('Ctrl Pts',(105.27664699292,-9.99998435245992,21.2108376501254));
#11918=CARTESIAN_POINT('Ctrl Pts',(105.219243650946,-9.99998435245992,21.0756588752082));
#11919=CARTESIAN_POINT('Ctrl Pts',(105.188267230988,-9.99998435245992,21.0027126954699));
#11920=CARTESIAN_POINT('',(104.795361757278,-9.99998435245992,20.4501889632845));
#11921=CARTESIAN_POINT('Ctrl Pts',(105.188267230988,-9.99998435245992,21.0027126954699));
#11922=CARTESIAN_POINT('Ctrl Pts',(105.140352129629,-9.99998435245992,20.9160013230515));
#11923=CARTESIAN_POINT('Ctrl Pts',(105.030460597427,-9.99998435245992,20.7171319623652));
#11924=CARTESIAN_POINT('Ctrl Pts',(104.880139552684,-9.99998435245992,20.5464499186628));
#11925=CARTESIAN_POINT('Ctrl Pts',(104.795361757278,-9.99998435245992,20.4501889632845));
#11926=CARTESIAN_POINT('',(104.030014276505,-9.99998435245992,19.6930269883776));
#11927=CARTESIAN_POINT('Ctrl Pts',(104.795361757278,-9.99998435245992,20.4501889632845));
#11928=CARTESIAN_POINT('Ctrl Pts',(104.705405248195,-9.99998435245992,20.3573335494686));
#11929=CARTESIAN_POINT('Ctrl Pts',(104.455668178143,-9.99998435245992,20.0995485462355));
#11930=CARTESIAN_POINT('Ctrl Pts',(104.196090689412,-9.99998435245992,19.8516385783073));
#11931=CARTESIAN_POINT('Ctrl Pts',(104.030014276505,-9.99998435245992,19.6930269883776));
#11932=CARTESIAN_POINT('',(102.920873165131,-9.99998435245992,18.5838858770037));
#11933=CARTESIAN_POINT('Ctrl Pts',(104.030014276505,-9.99998435245992,19.6930269883776));
#11934=CARTESIAN_POINT('Ctrl Pts',(103.800592978099,-9.99998435245992,19.4756333245208));
#11935=CARTESIAN_POINT('Ctrl Pts',(103.420886010409,-9.99998435245992,19.1158328636581));
#11936=CARTESIAN_POINT('Ctrl Pts',(103.062657710539,-9.99998435245992,18.7347257252127));
#11937=CARTESIAN_POINT('Ctrl Pts',(102.920873165131,-9.99998435245992,18.5838858770037));
#11938=CARTESIAN_POINT('',(102.415416240692,-9.99998435245992,17.8410486863756));
#11939=CARTESIAN_POINT('Ctrl Pts',(102.920873165131,-9.99998435245992,18.5838858770037));
#11940=CARTESIAN_POINT('Ctrl Pts',(102.824300117048,-9.99998435245992,18.467386324776));
#11941=CARTESIAN_POINT('Ctrl Pts',(102.632295502427,-9.99998435245992,18.235764230693));
#11942=CARTESIAN_POINT('Ctrl Pts',(102.487422233861,-9.99998435245992,17.9720980295));
#11943=CARTESIAN_POINT('Ctrl Pts',(102.415416240692,-9.99998435245992,17.8410486863756));
#11944=CARTESIAN_POINT('',(102.155525684357,-9.99998435245992,16.9999842332506));
#11945=CARTESIAN_POINT('Ctrl Pts',(102.415416240692,-9.99998435245992,17.8410486863756));
#11946=CARTESIAN_POINT('Ctrl Pts',(102.353949538936,-9.99998435245992,17.7063193171073));
#11947=CARTESIAN_POINT('Ctrl Pts',(102.231143350482,-9.99998435245992,17.437139422306));
#11948=CARTESIAN_POINT('Ctrl Pts',(102.180714159848,-9.99998435245992,17.1456019616153));
#11949=CARTESIAN_POINT('Ctrl Pts',(102.155525684357,-9.99998435245992,16.9999842332506));
#11950=CARTESIAN_POINT('',(105.802183151245,-9.99998435245992,16.9999842332506));
#11951=CARTESIAN_POINT('',(110.489429868758,-9.99998435245992,16.9999842332506));
#11952=CARTESIAN_POINT('',(106.023192405701,-9.99998435245992,18.0722896741533));
#11953=CARTESIAN_POINT('',(115.081298896712,-9.99998435245992,62.0209329041161));
#11954=CARTESIAN_POINT('',(103.944065570831,-9.99998435245992,18.0722896741533));
#11955=CARTESIAN_POINT('',(110.99181715399,-9.99998435245992,18.0722896741533));
#11956=CARTESIAN_POINT('',(104.28581237793,-9.99998435245992,18.467241971364));
#11957=CARTESIAN_POINT('Ctrl Pts',(103.944065570831,-9.99998435245992,18.0722896741533));
#11958=CARTESIAN_POINT('Ctrl Pts',(103.999012059471,-9.99998435245992,18.1406982114504));
#11959=CARTESIAN_POINT('Ctrl Pts',(104.108107005341,-9.99998435245992,18.2765217346338));
#11960=CARTESIAN_POINT('Ctrl Pts',(104.226866830455,-9.99998435245992,18.4039793439896));
#11961=CARTESIAN_POINT('Ctrl Pts',(104.28581237793,-9.99998435245992,18.467241971364));
#11962=CARTESIAN_POINT('',(105.012278556824,-9.99998435245992,19.1630129502916));
#11963=CARTESIAN_POINT('Ctrl Pts',(104.28581237793,-9.99998435245992,18.467241971364));
#11964=CARTESIAN_POINT('Ctrl Pts',(104.375625067898,-9.99998435245992,18.5566734139164));
#11965=CARTESIAN_POINT('Ctrl Pts',(104.613254975337,-9.99998435245992,18.7932946021175));
#11966=CARTESIAN_POINT('Ctrl Pts',(104.859254830069,-9.99998435245992,19.0212276470863));
#11967=CARTESIAN_POINT('Ctrl Pts',(105.012278556824,-9.99998435245992,19.1630129502916));
#11968=CARTESIAN_POINT('',(105.802183151245,-9.99998435245992,19.9508707212114));
#11969=CARTESIAN_POINT('Ctrl Pts',(105.012278556824,-9.99998435245992,19.1630129502916));
#11970=CARTESIAN_POINT('Ctrl Pts',(105.1717210088,-9.99998435245992,19.3113934965713));
#11971=CARTESIAN_POINT('Ctrl Pts',(105.44415828305,-9.99998435245992,19.5649294343287));
#11972=CARTESIAN_POINT('Ctrl Pts',(105.697223142164,-9.99998435245992,19.8377266226459));
#11973=CARTESIAN_POINT('Ctrl Pts',(105.802183151245,-9.99998435245992,19.9508707212114));
#11974=CARTESIAN_POINT('',(106.285129785538,-9.99998435245992,20.7018940137529));
#11975=CARTESIAN_POINT('Ctrl Pts',(105.802183151245,-9.99998435245992,19.9508707212114));
#11976=CARTESIAN_POINT('Ctrl Pts',(105.904043932802,-9.99998435245992,20.0753332850899));
#11977=CARTESIAN_POINT('Ctrl Pts',(106.093912791664,-9.99998435245992,20.3073319465308));
#11978=CARTESIAN_POINT('Ctrl Pts',(106.22456830026,-9.99998435245992,20.5769298861338));
#11979=CARTESIAN_POINT('Ctrl Pts',(106.285129785538,-9.99998435245992,20.7018940137529));
#11980=CARTESIAN_POINT('',(106.432470083237,-9.99998435245992,21.4160828279162));
#11981=CARTESIAN_POINT('Ctrl Pts',(106.285129785538,-9.99998435245992,20.7018940137529));
#11982=CARTESIAN_POINT('Ctrl Pts',(106.328097894264,-9.99998435245992,20.819844449544));
#11983=CARTESIAN_POINT('Ctrl Pts',(106.412219044399,-9.99998435245992,21.0507628355678));
#11984=CARTESIAN_POINT('Ctrl Pts',(106.425817541084,-9.99998435245992,21.2960738413311));
#11985=CARTESIAN_POINT('Ctrl Pts',(106.432470083237,-9.99998435245992,21.4160828279162));
#11986=CARTESIAN_POINT('',(105.953615903854,-9.99998435245993,22.5702433274889));
#11987=CARTESIAN_POINT('Ctrl Pts',(106.432470083237,-9.99998435245992,21.4160828279162));
#11988=CARTESIAN_POINT('Ctrl Pts',(106.413873498786,-9.99998435245992,21.6378362786603));
#11989=CARTESIAN_POINT('Ctrl Pts',(106.377286495586,-9.99998435245992,22.0741150067886));
#11990=CARTESIAN_POINT('Ctrl Pts',(106.093270931237,-9.99998435245992,22.4067039750651));
#11991=CARTESIAN_POINT('Ctrl Pts',(105.953615903854,-9.99998435245993,22.5702433274889));
#11992=CARTESIAN_POINT('',(104.635744094849,-9.99998435245993,23.0245409892702));
#11993=CARTESIAN_POINT('Ctrl Pts',(105.953615903854,-9.99998435245993,22.5702433274889));
#11994=CARTESIAN_POINT('Ctrl Pts',(105.770732017879,-9.99998435245993,22.7025899474647));
#11995=CARTESIAN_POINT('Ctrl Pts',(105.378924994283,-9.99998435245993,22.9861268757126));
#11996=CARTESIAN_POINT('Ctrl Pts',(104.894209035272,-9.99998435245993,23.0111812519847));
#11997=CARTESIAN_POINT('Ctrl Pts',(104.635744094849,-9.99998435245993,23.0245409892702));
#11998=CARTESIAN_POINT('',(103.360846042633,-9.99998435245993,22.5804756568575));
#11999=CARTESIAN_POINT('Ctrl Pts',(104.635744094849,-9.99998435245993,23.0245409892702));
#12000=CARTESIAN_POINT('Ctrl Pts',(104.394420031196,-9.99998435245993,23.0087023040108));
#12001=CARTESIAN_POINT('Ctrl Pts',(103.927723065343,-9.99998435245993,22.9780718470154));
#12002=CARTESIAN_POINT('Ctrl Pts',(103.545449831494,-9.99998435245993,22.7099530570683));
#12003=CARTESIAN_POINT('Ctrl Pts',(103.360846042633,-9.99998435245993,22.5804756568575));
#12004=CARTESIAN_POINT('',(102.712142467499,-9.99998435245992,21.3014851497316));
#12005=CARTESIAN_POINT('Ctrl Pts',(103.360846042633,-9.99998435245993,22.5804756568575));
#12006=CARTESIAN_POINT('Ctrl Pts',(103.205282396481,-9.99998435245992,22.4085191468058));
#12007=CARTESIAN_POINT('Ctrl Pts',(102.873873350238,-9.99998435245992,22.042187138003));
#12008=CARTESIAN_POINT('Ctrl Pts',(102.768208278233,-9.99998435245992,21.5582577387492));
#12009=CARTESIAN_POINT('Ctrl Pts',(102.712142467499,-9.99998435245992,21.3014851497316));
#12010=CARTESIAN_POINT('',(103.862210512161,-9.99998435245992,21.1295883344317));
#12011=CARTESIAN_POINT('',(103.649799728832,-9.99998435245992,21.1613366621582));
#12012=CARTESIAN_POINT('Ctrl Pts',(103.862210512161,-9.99998435245992,21.1295883344317));
#12013=CARTESIAN_POINT('Ctrl Pts',(103.894245996263,-9.99998435245992,21.2905485894573));
#12014=CARTESIAN_POINT('Ctrl Pts',(103.949267171564,-9.99998435245992,21.5669989898934));
#12015=CARTESIAN_POINT('Ctrl Pts',(104.110144949859,-9.99998435245992,21.7968622995406));
#12016=CARTESIAN_POINT('Ctrl Pts',(104.177353382111,-9.99998435245992,21.8928901837969));
#12017=CARTESIAN_POINT('',(53.3055931515992,-9.99998435245992,20.9999851869249));
#12018=CARTESIAN_POINT('',(53.6712140031159,-9.99998435245993,22.7407769845629));
#12019=CARTESIAN_POINT('',(63.4928815464092,-9.99998435245991,69.5036413769119));
#12020=CARTESIAN_POINT('',(54.7298771329224,-9.99998435245993,23.6793844388628));
#12021=CARTESIAN_POINT('',(92.8258946507999,-9.99998435245991,57.4551956621699));
#12022=CARTESIAN_POINT('',(55.5266022868454,-9.99998435245992,20.9999851869249));
#12023=CARTESIAN_POINT('',(45.9402843302908,-9.99998435245992,53.2389235901579));
#12024=CARTESIAN_POINT('',(57.092769164592,-9.99998435245992,20.9999851869249));
#12025=CARTESIAN_POINT('',(86.6548455227166,-9.99998435245992,20.9999851869249));
#12026=CARTESIAN_POINT('',(55.8540249057114,-9.99998435245993,24.6889345334673));
#12027=CARTESIAN_POINT('',(46.6913816942389,-9.99998435245992,51.9750563017376));
#12028=CARTESIAN_POINT('',(58.1841743178666,-9.99998435245992,26.795347182622));
#12029=CARTESIAN_POINT('',(93.983040627746,-9.99998435245992,59.1568706227789));
#12030=CARTESIAN_POINT('',(56.1487031169236,-9.99998435245992,26.795347182622));
#12031=CARTESIAN_POINT('',(87.0832220185548,-9.99998435245992,26.795347182622));
#12032=CARTESIAN_POINT('',(54.1077763028443,-9.99998435245993,24.8362736390734));
#12033=CARTESIAN_POINT('',(91.7578098335986,-9.99998435245992,60.9763175127645));
#12034=CARTESIAN_POINT('',(54.9809003062546,-9.99998435245992,28.9999853061342));
#12035=CARTESIAN_POINT('',(64.0029756085085,-9.99998435245991,72.0240231866294));
#12036=CARTESIAN_POINT('',(53.4147340245545,-9.99998435245992,28.9999853061342));
#12037=CARTESIAN_POINT('',(85.5989112425596,-9.99998435245992,28.9999853061342));
#12038=CARTESIAN_POINT('',(51.739426869899,-9.99998435245992,20.9999851869249));
#12039=CARTESIAN_POINT('',(62.2558824465209,-9.99998435245991,71.2186245766296));
#12040=CARTESIAN_POINT('',(84.7612576652318,-9.99998435245992,20.9999851869249));
#12041=CARTESIAN_POINT('',(62.871760148555,-9.99998435245992,22.1186761544848));
#12042=CARTESIAN_POINT('',(63.8158261962235,-9.99998435245992,21.1909811185503));
#12043=CARTESIAN_POINT('Ctrl Pts',(62.871760148555,-9.99998435245992,22.1186761544848));
#12044=CARTESIAN_POINT('Ctrl Pts',(62.9903155625129,-9.99998435245992,21.9292079891152));
#12045=CARTESIAN_POINT('Ctrl Pts',(63.2308302103432,-9.99998435245992,21.5448318771555));
#12046=CARTESIAN_POINT('Ctrl Pts',(63.6189963945251,-9.99998435245992,21.3100389861736));
#12047=CARTESIAN_POINT('Ctrl Pts',(63.8158261962235,-9.99998435245992,21.1909811185503));
#12048=CARTESIAN_POINT('',(65.2673936076462,-9.99998435245992,20.8635596917772));
#12049=CARTESIAN_POINT('Ctrl Pts',(63.8158261962235,-9.99998435245992,21.1909811185503));
#12050=CARTESIAN_POINT('Ctrl Pts',(64.0391607101319,-9.99998435245992,21.0955173333556));
#12051=CARTESIAN_POINT('Ctrl Pts',(64.5025473742294,-9.99998435245992,20.8974438507158));
#12052=CARTESIAN_POINT('Ctrl Pts',(65.0063858566282,-9.99998435245992,20.8751228370649));
#12053=CARTESIAN_POINT('Ctrl Pts',(65.2673936076462,-9.99998435245992,20.8635596917772));
#12054=CARTESIAN_POINT('',(67.6794004626572,-9.99998435245992,21.8894807981157));
#12055=CARTESIAN_POINT('Ctrl Pts',(65.2673936076462,-9.99998435245992,20.8635596917772));
#12056=CARTESIAN_POINT('Ctrl Pts',(65.7411028031906,-9.99998435245992,20.9010889293599));
#12057=CARTESIAN_POINT('Ctrl Pts',(66.6616421740586,-9.99998435245992,20.9740179353377));
#12058=CARTESIAN_POINT('Ctrl Pts',(67.346816549407,-9.99998435245992,21.5903250705243));
#12059=CARTESIAN_POINT('Ctrl Pts',(67.6794004626572,-9.99998435245992,21.8894807981157));
#12060=CARTESIAN_POINT('',(68.5798096843064,-9.99998435245993,24.3233136819506));
#12061=CARTESIAN_POINT('Ctrl Pts',(67.6794004626572,-9.99998435245992,21.8894807981157));
#12062=CARTESIAN_POINT('Ctrl Pts',(67.9420141082159,-9.99998435245992,22.2493408367365));
#12063=CARTESIAN_POINT('Ctrl Pts',(68.4717605726733,-9.99998435245993,22.9752535468443));
#12064=CARTESIAN_POINT('Ctrl Pts',(68.5435890617191,-9.99998435245993,23.8714119805797));
#12065=CARTESIAN_POINT('Ctrl Pts',(68.5798096843064,-9.99998435245993,24.3233136819506));
#12066=CARTESIAN_POINT('',(67.8594827838242,-9.99998435245992,26.2250880883837));
#12067=CARTESIAN_POINT('Ctrl Pts',(68.5798096843064,-9.99998435245993,24.3233136819506));
#12068=CARTESIAN_POINT('Ctrl Pts',(68.5559252433235,-9.99998435245993,24.6950774038643));
#12069=CARTESIAN_POINT('Ctrl Pts',(68.5103225952651,-9.99998435245992,25.4048871994319));
#12070=CARTESIAN_POINT('Ctrl Pts',(68.0694485332156,-9.99998435245992,25.9604851995116));
#12071=CARTESIAN_POINT('Ctrl Pts',(67.8594827838242,-9.99998435245992,26.2250880883837));
#12072=CARTESIAN_POINT('',(65.8567524142563,-9.99998435245992,26.9317726777697));
#12073=CARTESIAN_POINT('Ctrl Pts',(67.8594827838242,-9.99998435245992,26.2250880883837));
#12074=CARTESIAN_POINT('Ctrl Pts',(67.5832810118939,-9.99998435245992,26.4309589602252));
#12075=CARTESIAN_POINT('Ctrl Pts',(66.9913866706846,-9.99998435245992,26.8721357246292));
#12076=CARTESIAN_POINT('Ctrl Pts',(66.2514205165223,-9.99998435245992,26.9110287217437));
#12077=CARTESIAN_POINT('Ctrl Pts',(65.8567524142563,-9.99998435245992,26.9317726777697));
#12078=CARTESIAN_POINT('',(63.4693050570786,-9.99998435245992,25.974064319005));
#12079=CARTESIAN_POINT('Ctrl Pts',(65.8567524142563,-9.99998435245992,26.9317726777697));
#12080=CARTESIAN_POINT('Ctrl Pts',(65.3927955845255,-9.99998435245992,26.8972462463567));
#12081=CARTESIAN_POINT('Ctrl Pts',(64.4937388521374,-9.99998435245992,26.8303408391764));
#12082=CARTESIAN_POINT('Ctrl Pts',(63.80339704658,-9.99998435245992,26.2533162604846));
#12083=CARTESIAN_POINT('Ctrl Pts',(63.4693050570786,-9.99998435245992,25.974064319005));
#12084=CARTESIAN_POINT('',(62.560709733516,-9.99998435245993,23.4065334485674));
#12085=CARTESIAN_POINT('Ctrl Pts',(63.4693050570786,-9.99998435245992,25.974064319005));
#12086=CARTESIAN_POINT('Ctrl Pts',(63.204515543957,-9.99998435245992,25.6142687883252));
#12087=CARTESIAN_POINT('Ctrl Pts',(62.6440759970916,-9.99998435245993,24.8527445051267));
#12088=CARTESIAN_POINT('Ctrl Pts',(62.5895002236673,-9.99998435245993,23.905981587357));
#12089=CARTESIAN_POINT('Ctrl Pts',(62.560709733516,-9.99998435245993,23.4065334485674));
#12090=CARTESIAN_POINT('Ctrl Pts',(62.560709733516,-9.99998435245993,23.4065334485674));
#12091=CARTESIAN_POINT('Ctrl Pts',(62.5734403176038,-9.99998435245993,23.1814213443442));
#12092=CARTESIAN_POINT('Ctrl Pts',(62.5987898349366,-9.99998435245993,22.7331714330724));
#12093=CARTESIAN_POINT('Ctrl Pts',(62.7810376114753,-9.99998435245992,22.3229055813334));
#12094=CARTESIAN_POINT('Ctrl Pts',(62.871760148555,-9.99998435245992,22.1186761544848));
#12095=CARTESIAN_POINT('',(78.1023192591965,-9.99998435245992,26.795347182622));
#12096=CARTESIAN_POINT('',(76.5306949801743,-9.99998435245992,26.795347182622));
#12097=CARTESIAN_POINT('',(97.1582562197,-9.99998435245992,26.795347182622));
#12098=CARTESIAN_POINT('',(74.7353339381516,-9.99998435245993,22.9099445031786));
#12099=CARTESIAN_POINT('',(95.1025196869647,-9.99998435245991,66.9872728114746));
#12100=CARTESIAN_POINT('',(74.5388817973435,-9.99998435245992,26.795347182622));
#12101=CARTESIAN_POINT('',(72.5944489021836,-9.99998435245991,65.2520662072912));
#12102=CARTESIAN_POINT('',(73.1145978160203,-9.99998435245992,26.795347182622));
#12103=CARTESIAN_POINT('',(95.4133725631982,-9.99998435245992,26.795347182622));
#12104=CARTESIAN_POINT('',(71.3083219714463,-9.99998435245993,22.9099445031786));
#12105=CARTESIAN_POINT('',(92.0836253506474,-9.99998435245991,67.5988106352702));
#12106=CARTESIAN_POINT('',(70.9045028872788,-9.99998435245992,26.795347182622));
#12107=CARTESIAN_POINT('',(67.0769585635791,-9.99998435245992,63.6226085827371));
#12108=CARTESIAN_POINT('',(69.5129609294236,-9.99998435245992,26.795347182622));
#12109=CARTESIAN_POINT('',(93.6043686140329,-9.99998435245992,26.795347182622));
#12110=CARTESIAN_POINT('',(70.2387452311814,-9.99998435245992,20.9999851869249));
#12111=CARTESIAN_POINT('',(65.0547201117956,-9.99998435245992,62.39424252876));
#12112=CARTESIAN_POINT('',(71.690313834697,-9.99998435245992,20.9999851869249));
#12113=CARTESIAN_POINT('',(93.9822674263269,-9.99998435245992,20.9999851869249));
#12114=CARTESIAN_POINT('',(73.4583902545273,-9.99998435245993,24.6889345334673));
#12115=CARTESIAN_POINT('',(93.3187676389966,-9.99998435245991,66.126015732454));
#12116=CARTESIAN_POINT('',(73.742156047374,-9.99998435245992,20.9999851869249));
#12117=CARTESIAN_POINT('',(70.471968189359,-9.99998435245992,63.5123586512386));
#12118=CARTESIAN_POINT('',(75.2155542559922,-9.99998435245992,20.9999851869249));
#12119=CARTESIAN_POINT('',(95.7394302356988,-9.99998435245992,20.9999851869249));
#12120=CARTESIAN_POINT('',(97.4510765491012,-9.99998435245991,65.6391922955461));
#12121=CARTESIAN_POINT('',(87.2182798571885,-9.99998435245992,25.6411854909563));
#12122=CARTESIAN_POINT('',(87.8813123889267,-9.99998435245992,25.8130817102099));
#12123=CARTESIAN_POINT('Ctrl Pts',(87.2182798571885,-9.99998435245992,25.6411854909563));
#12124=CARTESIAN_POINT('Ctrl Pts',(87.312070677351,-9.99998435245992,25.6912118455006));
#12125=CARTESIAN_POINT('Ctrl Pts',(87.5185750206323,-9.99998435245992,25.8013575876322));
#12126=CARTESIAN_POINT('Ctrl Pts',(87.7532324440027,-9.99998435245992,25.8089420072035));
#12127=CARTESIAN_POINT('Ctrl Pts',(87.8813123889267,-9.99998435245992,25.8130817102099));
#12128=CARTESIAN_POINT('',(88.4815836139023,-9.99998435245992,25.6439141915941));
#12129=CARTESIAN_POINT('Ctrl Pts',(87.8813123889267,-9.99998435245992,25.8130817102099));
#12130=CARTESIAN_POINT('Ctrl Pts',(88.0009961385916,-9.99998435245992,25.8097654657679));
#12131=CARTESIAN_POINT('Ctrl Pts',(88.2163665317756,-9.99998435245992,25.803797898146));
#12132=CARTESIAN_POINT('Ctrl Pts',(88.3999981507937,-9.99998435245992,25.6930972462374));
#12133=CARTESIAN_POINT('Ctrl Pts',(88.4815836139023,-9.99998435245992,25.6439141915941));
#12134=CARTESIAN_POINT('',(88.6834907718003,-9.99998435245992,25.2237229035998));
#12135=CARTESIAN_POINT('Ctrl Pts',(88.4815836139023,-9.99998435245992,25.6439141915941));
#12136=CARTESIAN_POINT('Ctrl Pts',(88.5404693044232,-9.99998435245992,25.5847111334403));
#12137=CARTESIAN_POINT('Ctrl Pts',(88.6566263805279,-9.99998435245992,25.467928022454));
#12138=CARTESIAN_POINT('Ctrl Pts',(88.6746193276552,-9.99998435245992,25.3043669073999));
#12139=CARTESIAN_POINT('Ctrl Pts',(88.6834907718003,-9.99998435245992,25.2237229035998));
#12140=CARTESIAN_POINT('',(88.585267085582,-9.99998435245993,24.6998481439257));
#12141=CARTESIAN_POINT('Ctrl Pts',(88.6834907718003,-9.99998435245992,25.2237229035998));
#12142=CARTESIAN_POINT('Ctrl Pts',(88.6775591404916,-9.99998435245992,25.1469243267368));
#12143=CARTESIAN_POINT('Ctrl Pts',(88.6638111109243,-9.99998435245993,24.9689245404204));
#12144=CARTESIAN_POINT('Ctrl Pts',(88.6137367202911,-9.99998435245993,24.797379518001));
#12145=CARTESIAN_POINT('Ctrl Pts',(88.585267085582,-9.99998435245993,24.6998481439257));
#12146=CARTESIAN_POINT('',(87.0900440402329,-9.99998435245993,24.4761113809252));
#12147=CARTESIAN_POINT('Ctrl Pts',(88.585267085582,-9.99998435245993,24.6998481439257));
#12148=CARTESIAN_POINT('Ctrl Pts',(88.3985137390799,-9.99998435245993,24.6556563619803));
#12149=CARTESIAN_POINT('Ctrl Pts',(87.9068866073055,-9.99998435245993,24.5393217451569));
#12150=CARTESIAN_POINT('Ctrl Pts',(87.4027039255703,-9.99998435245993,24.5003061842196));
#12151=CARTESIAN_POINT('Ctrl Pts',(87.0900440402329,-9.99998435245993,24.4761113809252));
#12152=CARTESIAN_POINT('',(85.2482938952744,-9.99998435245993,23.8758377717638));
#12153=CARTESIAN_POINT('Ctrl Pts',(87.0900440402329,-9.99998435245993,24.4761113809252));
#12154=CARTESIAN_POINT('Ctrl Pts',(86.7034161301897,-9.99998435245993,24.4428973476082));
#12155=CARTESIAN_POINT('Ctrl Pts',(86.0385853665571,-9.99998435245993,24.3857837493402));
#12156=CARTESIAN_POINT('Ctrl Pts',(85.4814365303439,-9.99998435245993,24.0262761268206));
#12157=CARTESIAN_POINT('Ctrl Pts',(85.2482938952744,-9.99998435245993,23.8758377717638));
#12158=CARTESIAN_POINT('',(84.7326064296067,-9.99998435245993,22.5497798608446));
#12159=CARTESIAN_POINT('Ctrl Pts',(85.2482938952744,-9.99998435245993,23.8758377717638));
#12160=CARTESIAN_POINT('Ctrl Pts',(85.0979551986397,-9.99998435245993,23.6911138919098));
#12161=CARTESIAN_POINT('Ctrl Pts',(84.7842638139268,-9.99998435245993,23.305675605174));
#12162=CARTESIAN_POINT('Ctrl Pts',(84.750295303799,-9.99998435245993,22.808618841949));
#12163=CARTESIAN_POINT('Ctrl Pts',(84.7326064296067,-9.99998435245993,22.5497798608446));
#12164=CARTESIAN_POINT('',(85.201911944896,-9.99998435245992,21.3355927156115));
#12165=CARTESIAN_POINT('Ctrl Pts',(84.7326064296067,-9.99998435245993,22.5497798608446));
#12166=CARTESIAN_POINT('Ctrl Pts',(84.7496635122236,-9.99998435245992,22.3162219840182));
#12167=CARTESIAN_POINT('Ctrl Pts',(84.7827679856647,-9.99998435245992,21.8629316585851));
#12168=CARTESIAN_POINT('Ctrl Pts',(85.0650673505776,-9.99998435245992,21.5077614469751));
#12169=CARTESIAN_POINT('Ctrl Pts',(85.201911944896,-9.99998435245992,21.3355927156115));
#12170=CARTESIAN_POINT('',(86.3915443606675,-9.99998435245992,20.8635596917772));
#12171=CARTESIAN_POINT('Ctrl Pts',(85.201911944896,-9.99998435245992,21.3355927156115));
#12172=CARTESIAN_POINT('Ctrl Pts',(85.3713636049861,-9.99998435245992,21.197935063018));
#12173=CARTESIAN_POINT('Ctrl Pts',(85.7179560189873,-9.99998435245992,20.9163733592688));
#12174=CARTESIAN_POINT('Ctrl Pts',(86.1637185249532,-9.99998435245992,20.8814227057115));
#12175=CARTESIAN_POINT('Ctrl Pts',(86.3915443606675,-9.99998435245992,20.8635596917772));
#12176=CARTESIAN_POINT('',(87.2919511981308,-9.99998435245992,21.0681979344988));
#12177=CARTESIAN_POINT('Ctrl Pts',(86.3915443606675,-9.99998435245992,20.8635596917772));
#12178=CARTESIAN_POINT('Ctrl Pts',(86.5438254476723,-9.99998435245992,20.8727939841886));
#12179=CARTESIAN_POINT('Ctrl Pts',(86.8550538828346,-9.99998435245992,20.8916668096561));
#12180=CARTESIAN_POINT('Ctrl Pts',(87.144253949257,-9.99998435245992,21.0085199264932));
#12181=CARTESIAN_POINT('Ctrl Pts',(87.2919511981308,-9.99998435245992,21.0681979344988));
#12182=CARTESIAN_POINT('',(88.0832195468247,-9.99998435245992,21.6548280404711));
#12183=CARTESIAN_POINT('Ctrl Pts',(87.2919511981308,-9.99998435245992,21.0681979344988));
#12184=CARTESIAN_POINT('Ctrl Pts',(87.4374180854664,-9.99998435245992,21.1444999069658));
#12185=CARTESIAN_POINT('Ctrl Pts',(87.7316513361058,-9.99998435245992,21.298834531157));
#12186=CARTESIAN_POINT('Ctrl Pts',(87.9651573126472,-9.99998435245992,21.5352797201711));
#12187=CARTESIAN_POINT('Ctrl Pts',(88.0832195468247,-9.99998435245992,21.6548280404711));
#12188=CARTESIAN_POINT('',(88.1978178210557,-9.99998435245992,20.9999851869249));
#12189=CARTESIAN_POINT('Ctrl Pts',(88.0832195468247,-9.99998435245992,21.6548280404711));
#12190=CARTESIAN_POINT('Ctrl Pts',(88.0933449631561,-9.99998435245992,21.5433314266557));
#12191=CARTESIAN_POINT('Ctrl Pts',(88.1134559785819,-9.99998435245992,21.3218778047045));
#12192=CARTESIAN_POINT('Ctrl Pts',(88.169827844401,-9.99998435245992,21.1067842632936));
#12193=CARTESIAN_POINT('Ctrl Pts',(88.1978178210557,-9.99998435245992,20.9999851869249));
#12194=CARTESIAN_POINT('',(89.7203302569687,-9.99998435245992,20.9999851869249));
#12195=CARTESIAN_POINT('',(102.979539679363,-9.99998435245992,20.9999851869249));
#12196=CARTESIAN_POINT('',(89.5893573947251,-9.99998435245992,21.8239955590868));
#12197=CARTESIAN_POINT('Ctrl Pts',(89.7203302569687,-9.99998435245992,20.9999851869249));
#12198=CARTESIAN_POINT('Ctrl Pts',(89.6821729408011,-9.99998435245992,21.1433046967684));
#12199=CARTESIAN_POINT('Ctrl Pts',(89.6102099991744,-9.99998435245992,21.4135986942684));
#12200=CARTESIAN_POINT('Ctrl Pts',(89.5960222797215,-9.99998435245992,21.6928249941083));
#12201=CARTESIAN_POINT('Ctrl Pts',(89.5893573947251,-9.99998435245992,21.8239955590868));
#12202=CARTESIAN_POINT('',(89.818553943187,-9.99998435245993,23.2755653546953));
#12203=CARTESIAN_POINT('Ctrl Pts',(89.5893573947251,-9.99998435245992,21.8239955590868));
#12204=CARTESIAN_POINT('Ctrl Pts',(89.6050521425034,-9.99998435245992,22.01458383427));
#12205=CARTESIAN_POINT('Ctrl Pts',(89.6453357283652,-9.99998435245993,22.5037652633727));
#12206=CARTESIAN_POINT('Ctrl Pts',(89.7528983937511,-9.99998435245993,22.9830270722601));
#12207=CARTESIAN_POINT('Ctrl Pts',(89.818553943187,-9.99998435245993,23.2755653546953));
#12208=CARTESIAN_POINT('',(90.1432466693223,-9.99998435245993,24.825360028615));
#12209=CARTESIAN_POINT('Ctrl Pts',(89.818553943187,-9.99998435245993,23.2755653546953));
#12210=CARTESIAN_POINT('Ctrl Pts',(89.8943342909823,-9.99998435245993,23.6134189795482));
#12211=CARTESIAN_POINT('Ctrl Pts',(90.0098693016588,-9.99998435245993,24.1285119197378));
#12212=CARTESIAN_POINT('Ctrl Pts',(90.1091016282132,-9.99998435245993,24.6469646400928));
#12213=CARTESIAN_POINT('Ctrl Pts',(90.1432466693223,-9.99998435245993,24.825360028615));
#12214=CARTESIAN_POINT('',(90.1896333880723,-9.99998435245992,25.3819768117571));
#12215=CARTESIAN_POINT('Ctrl Pts',(90.1432466693223,-9.99998435245993,24.825360028615));
#12216=CARTESIAN_POINT('Ctrl Pts',(90.1567718808423,-9.99998435245993,24.9206995462879));
#12217=CARTESIAN_POINT('Ctrl Pts',(90.1829681556529,-9.99998435245992,25.1053576717126));
#12218=CARTESIAN_POINT('Ctrl Pts',(90.1874604689592,-9.99998435245992,25.2917967582182));
#12219=CARTESIAN_POINT('Ctrl Pts',(90.1896333880723,-9.99998435245992,25.3819768117571));
#12220=CARTESIAN_POINT('',(89.6548462100327,-9.99998435245992,26.4815680669451));
#12221=CARTESIAN_POINT('Ctrl Pts',(90.1896333880723,-9.99998435245992,25.3819768117571));
#12222=CARTESIAN_POINT('Ctrl Pts',(90.1655159378485,-9.99998435245992,25.5916605200975));
#12223=CARTESIAN_POINT('Ctrl Pts',(90.116233600785,-9.99998435245992,26.0201346371911));
#12224=CARTESIAN_POINT('Ctrl Pts',(89.8108058398057,-9.99998435245992,26.3255928749227));
#12225=CARTESIAN_POINT('Ctrl Pts',(89.6548462100327,-9.99998435245992,26.4815680669451));
#12226=CARTESIAN_POINT('',(88.0013656802475,-9.99998435245992,26.9317726777697));
#12227=CARTESIAN_POINT('Ctrl Pts',(89.6548462100327,-9.99998435245992,26.4815680669451));
#12228=CARTESIAN_POINT('Ctrl Pts',(89.4333205181103,-9.99998435245992,26.6123478427943));
#12229=CARTESIAN_POINT('Ctrl Pts',(88.9263386523758,-9.99998435245992,26.9116493557926));
#12230=CARTESIAN_POINT('Ctrl Pts',(88.3345642804237,-9.99998435245992,26.9245237495137));
#12231=CARTESIAN_POINT('Ctrl Pts',(88.0013656802475,-9.99998435245992,26.9317726777697));
#12232=CARTESIAN_POINT('',(86.27421380952,-9.99998435245992,26.4952103780413));
#12233=CARTESIAN_POINT('Ctrl Pts',(88.0013656802475,-9.99998435245992,26.9317726777697));
#12234=CARTESIAN_POINT('Ctrl Pts',(87.6715956809137,-9.99998435245992,26.9204620207324));
#12235=CARTESIAN_POINT('Ctrl Pts',(87.0627258584578,-9.99998435245992,26.8995786239525));
#12236=CARTESIAN_POINT('Ctrl Pts',(86.5220528820425,-9.99998435245992,26.6223083103547));
#12237=CARTESIAN_POINT('Ctrl Pts',(86.27421380952,-9.99998435245992,26.4952103780413));
#12238=CARTESIAN_POINT('',(85.3601646609604,-9.99998435245992,25.283750741353));
#12239=CARTESIAN_POINT('Ctrl Pts',(86.27421380952,-9.99998435245992,26.4952103780413));
#12240=CARTESIAN_POINT('Ctrl Pts',(86.0726235980611,-9.99998435245992,26.3341703828875));
#12241=CARTESIAN_POINT('Ctrl Pts',(85.6648630954818,-9.99998435245992,26.008431603787));
#12242=CARTESIAN_POINT('Ctrl Pts',(85.4624885150395,-9.99998435245992,25.5271131299327));
#12243=CARTESIAN_POINT('Ctrl Pts',(85.3601646609604,-9.99998435245992,25.283750741353));
#12244=CARTESIAN_POINT('',(86.8881321139634,-9.99998435245992,25.1527814553881));
#12245=CARTESIAN_POINT('',(97.9275517501004,-9.99998435245993,24.2065408110792));
#12246=CARTESIAN_POINT('Ctrl Pts',(86.8881321139634,-9.99998435245992,25.1527814553881));
#12247=CARTESIAN_POINT('Ctrl Pts',(86.9225763690319,-9.99998435245992,25.2514364489431));
#12248=CARTESIAN_POINT('Ctrl Pts',(86.9896614533294,-9.99998435245992,25.4435810764238));
#12249=CARTESIAN_POINT('Ctrl Pts',(87.143451820873,-9.99998435245992,25.5765085005779));
#12250=CARTESIAN_POINT('Ctrl Pts',(87.2182798571885,-9.99998435245992,25.6411854909563));
#12251=CARTESIAN_POINT('',(102.16780424118,-9.99998435245992,21.3465051339769));
#12252=CARTESIAN_POINT('',(100.899045467377,-9.99998435245992,21.3465051339769));
#12253=CARTESIAN_POINT('',(109.266715086997,-9.99998435245992,21.3465051339769));
#12254=CARTESIAN_POINT('',(99.8185539245605,-9.99998435245992,19.5129446672106));
#12255=CARTESIAN_POINT('',(121.654913592338,-9.99998435245991,56.5685663341552));
#12256=CARTESIAN_POINT('',(99.5095503330231,-9.99998435245992,18.9583747075701));
#12257=CARTESIAN_POINT('Ctrl Pts',(99.8185539245605,-9.99998435245992,19.5129446672106));
#12258=CARTESIAN_POINT('Ctrl Pts',(99.7830975613355,-9.99998435245992,19.4511292609671));
#12259=CARTESIAN_POINT('Ctrl Pts',(99.6778036067333,-9.99998435245992,19.2675574564535));
#12260=CARTESIAN_POINT('Ctrl Pts',(99.576645060655,-9.99998435245992,19.0816681916573));
#12261=CARTESIAN_POINT('Ctrl Pts',(99.5095503330231,-9.99998435245992,18.9583747075701));
#12262=CARTESIAN_POINT('',(99.2251026630402,-9.99998435245992,18.4283606694841));
#12263=CARTESIAN_POINT('Ctrl Pts',(99.5095503330231,-9.99998435245992,18.9583747075701));
#12264=CARTESIAN_POINT('Ctrl Pts',(99.4432438747593,-9.99998435245992,18.8378147112145));
#12265=CARTESIAN_POINT('Ctrl Pts',(99.3466098109072,-9.99998435245992,18.6621123333331));
#12266=CARTESIAN_POINT('Ctrl Pts',(99.2541273353914,-9.99998435245992,18.4841974294927));
#12267=CARTESIAN_POINT('Ctrl Pts',(99.2251026630402,-9.99998435245992,18.4283606694841));
#12268=CARTESIAN_POINT('',(99.0736699104309,-9.99998435245992,19.4515530751848));
#12269=CARTESIAN_POINT('Ctrl Pts',(99.2251026630402,-9.99998435245992,18.4283606694841));
#12270=CARTESIAN_POINT('Ctrl Pts',(99.2090214403191,-9.99998435245992,18.5560098158448));
#12271=CARTESIAN_POINT('Ctrl Pts',(99.1659198990867,-9.99998435245992,18.8981402023551));
#12272=CARTESIAN_POINT('Ctrl Pts',(99.1092169436278,-9.99998435245992,19.2383044228138));
#12273=CARTESIAN_POINT('Ctrl Pts',(99.0736699104309,-9.99998435245992,19.4515530751848));
#12274=CARTESIAN_POINT('',(98.7667125463486,-9.99998435245992,21.3465051339769));
#12275=CARTESIAN_POINT('',(92.2376421505831,-9.99998435245992,61.6526741208066));
#12276=CARTESIAN_POINT('',(97.6125514507294,-9.99998435245992,21.3465051339769));
#12277=CARTESIAN_POINT('',(107.594818659127,-9.99998435245992,21.3465051339769));
#12278=CARTESIAN_POINT('',(98.4843111038208,-9.99998435245992,16.9999842332506));
#12279=CARTESIAN_POINT('',(89.8515721479571,-9.99998435245992,60.0421004508507));
#12280=CARTESIAN_POINT('',(99.4952255487442,-9.99998435245992,16.9999842332506));
#12281=CARTESIAN_POINT('',(107.994886822999,-9.99998435245992,16.9999842332506));
#12282=CARTESIAN_POINT('',(122.866053155166,-9.99998435245991,55.0088896196756));
#12283=CARTESIAN_POINT('',(79.2319226451218,-9.99998435245992,20.9999851869249));
#12284=CARTESIAN_POINT('',(79.4338321872056,-9.99998435245992,21.9549648450518));
#12285=CARTESIAN_POINT('',(88.8940168867529,-9.99998435245991,66.6991797888085));
#12286=CARTESIAN_POINT('',(81.2619352526963,-9.99998435245992,20.8635596917772));
#12287=CARTESIAN_POINT('Ctrl Pts',(79.4338321872056,-9.99998435245992,21.9549648450518));
#12288=CARTESIAN_POINT('Ctrl Pts',(79.6563115151358,-9.99998435245992,21.6366384295013));
#12289=CARTESIAN_POINT('Ctrl Pts',(80.1019891840129,-9.99998435245992,20.9989568249028));
#12290=CARTESIAN_POINT('Ctrl Pts',(80.8748709323806,-9.99998435245992,20.9087405848557));
#12291=CARTESIAN_POINT('Ctrl Pts',(81.2619352526963,-9.99998435245992,20.8635596917772));
#12292=CARTESIAN_POINT('',(82.2633004374802,-9.99998435245992,21.0900263475084));
#12293=CARTESIAN_POINT('Ctrl Pts',(81.2619352526963,-9.99998435245992,20.8635596917772));
#12294=CARTESIAN_POINT('Ctrl Pts',(81.4348076766989,-9.99998435245992,20.8730812413863));
#12295=CARTESIAN_POINT('Ctrl Pts',(81.7813368588418,-9.99998435245992,20.8921675405331));
#12296=CARTESIAN_POINT('Ctrl Pts',(82.1024036770594,-9.99998435245992,21.0239739682955));
#12297=CARTESIAN_POINT('Ctrl Pts',(82.2633004374802,-9.99998435245992,21.0900263475084));
#12298=CARTESIAN_POINT('',(83.1746244616807,-9.99998435245992,21.7830686257982));
#12299=CARTESIAN_POINT('Ctrl Pts',(82.2633004374802,-9.99998435245992,21.0900263475084));
#12300=CARTESIAN_POINT('Ctrl Pts',(82.4237813795371,-9.99998435245992,21.1789458934555));
#12301=CARTESIAN_POINT('Ctrl Pts',(82.7608785086123,-9.99998435245992,21.3657252285793));
#12302=CARTESIAN_POINT('Ctrl Pts',(83.0323773554915,-9.99998435245992,21.6395847074631));
#12303=CARTESIAN_POINT('Ctrl Pts',(83.1746244616807,-9.99998435245992,21.7830686257982));
#12304=CARTESIAN_POINT('',(83.8676667399704,-9.99998435245993,22.9945282624865));
#12305=CARTESIAN_POINT('Ctrl Pts',(83.1746244616807,-9.99998435245992,21.7830686257982));
#12306=CARTESIAN_POINT('Ctrl Pts',(83.3140421467196,-9.99998435245992,21.9563612910451));
#12307=CARTESIAN_POINT('Ctrl Pts',(83.6090700346677,-9.99998435245992,22.3230735127437));
#12308=CARTESIAN_POINT('Ctrl Pts',(83.778370502923,-9.99998435245993,22.7626676808542));
#12309=CARTESIAN_POINT('Ctrl Pts',(83.8676667399704,-9.99998435245993,22.9945282624865));
#12310=CARTESIAN_POINT('',(84.1268754191697,-9.99998435245993,24.53068062531));
#12311=CARTESIAN_POINT('Ctrl Pts',(83.8676667399704,-9.99998435245993,22.9945282624865));
#12312=CARTESIAN_POINT('Ctrl Pts',(83.9432692565125,-9.99998435245993,23.244865275244));
#12313=CARTESIAN_POINT('Ctrl Pts',(84.094599989681,-9.99998435245993,23.7459555221369));
#12314=CARTESIAN_POINT('Ctrl Pts',(84.116110986769,-9.99998435245993,24.2689607826922));
#12315=CARTESIAN_POINT('Ctrl Pts',(84.1268754191697,-9.99998435245993,24.53068062531));
#12316=CARTESIAN_POINT('',(83.5757160373032,-9.99998435245992,26.3178567575121));
#12317=CARTESIAN_POINT('Ctrl Pts',(84.1268754191697,-9.99998435245993,24.53068062531));
#12318=CARTESIAN_POINT('Ctrl Pts',(84.1141530369468,-9.99998435245993,24.8860527230505));
#12319=CARTESIAN_POINT('Ctrl Pts',(84.0909402900633,-9.99998435245992,25.5344503587948));
#12320=CARTESIAN_POINT('Ctrl Pts',(83.7360837317339,-9.99998435245992,26.0740152122208));
#12321=CARTESIAN_POINT('Ctrl Pts',(83.5757160373032,-9.99998435245992,26.3178567575121));
#12322=CARTESIAN_POINT('',(82.1077752299607,-9.99998435245992,26.9317726777697));
#12323=CARTESIAN_POINT('Ctrl Pts',(83.5757160373032,-9.99998435245992,26.3178567575121));
#12324=CARTESIAN_POINT('Ctrl Pts',(83.3724075325924,-9.99998435245992,26.4968703564823));
#12325=CARTESIAN_POINT('Ctrl Pts',(82.9531829497489,-9.99998435245992,26.8659985513816));
#12326=CARTESIAN_POINT('Ctrl Pts',(82.3951715981907,-9.99998435245992,26.9094127624236));
#12327=CARTESIAN_POINT('Ctrl Pts',(82.1077752299607,-9.99998435245992,26.9317726777697));
#12328=CARTESIAN_POINT('',(81.2919497676194,-9.99998435245992,26.7926184819841));
#12329=CARTESIAN_POINT('Ctrl Pts',(82.1077752299607,-9.99998435245992,26.9317726777697));
#12330=CARTESIAN_POINT('Ctrl Pts',(81.9650068607564,-9.99998435245992,26.9266085716421));
#12331=CARTESIAN_POINT('Ctrl Pts',(81.6867815175974,-9.99998435245992,26.9165448214747));
#12332=CARTESIAN_POINT('Ctrl Pts',(81.4212342737748,-9.99998435245992,26.8331971730382));
#12333=CARTESIAN_POINT('Ctrl Pts',(81.2919497676194,-9.99998435245992,26.7926184819841));
#12334=CARTESIAN_POINT('',(80.4870391078293,-9.99998435245992,26.3260416673327));
#12335=CARTESIAN_POINT('Ctrl Pts',(81.2919497676194,-9.99998435245992,26.7926184819841));
#12336=CARTESIAN_POINT('Ctrl Pts',(81.1601934721529,-9.99998435245992,26.7347024830892));
#12337=CARTESIAN_POINT('Ctrl Pts',(80.8747040425605,-9.99998435245992,26.6092101456622));
#12338=CARTESIAN_POINT('Ctrl Pts',(80.6227264570913,-9.99998435245992,26.425154010949));
#12339=CARTESIAN_POINT('Ctrl Pts',(80.4870391078293,-9.99998435245992,26.3260416673327));
#12340=CARTESIAN_POINT('',(81.0491132922471,-9.99998435245992,28.9999853061342));
#12341=CARTESIAN_POINT('',(89.6209571518592,-9.99998435245991,69.7786369443598));
#12342=CARTESIAN_POINT('',(79.4774890132248,-9.99998435245992,28.9999853061342));
#12343=CARTESIAN_POINT('',(98.6316532362252,-9.99998435245992,28.9999853061342));
#12344=CARTESIAN_POINT('',(77.8076386637986,-9.99998435245992,20.9999851869249));
#12345=CARTESIAN_POINT('',(87.7439681786117,-9.99998435245991,68.6034349992505));
#12346=CARTESIAN_POINT('',(97.7598929870874,-9.99998435245992,20.9999851869249));
#12347=CARTESIAN_POINT('',(90.806274432689,-9.99998435245992,20.9999851869249));
#12348=CARTESIAN_POINT('',(92.3724413104355,-9.99998435245992,20.9999851869249));
#12349=CARTESIAN_POINT('',(104.294681595638,-9.99998435245992,20.9999851869249));
#12350=CARTESIAN_POINT('',(92.7544307895005,-9.99998435245993,22.8171746419573));
#12351=CARTESIAN_POINT('',(101.746162153684,-9.99998435245991,65.5923826332208));
#12352=CARTESIAN_POINT('',(93.2182789035141,-9.99998435245993,24.4351832555437));
#12353=CARTESIAN_POINT('Ctrl Pts',(92.7544307895005,-9.99998435245993,22.8171746419573));
#12354=CARTESIAN_POINT('Ctrl Pts',(92.8217201965224,-9.99998435245993,23.1394713959076));
#12355=CARTESIAN_POINT('Ctrl Pts',(92.9367704893321,-9.99998435245993,23.6905289479764));
#12356=CARTESIAN_POINT('Ctrl Pts',(93.1356980185043,-9.99998435245993,24.2167378782574));
#12357=CARTESIAN_POINT('Ctrl Pts',(93.2182789035141,-9.99998435245993,24.4351832555437));
#12358=CARTESIAN_POINT('',(93.8703966327012,-9.99998435245992,25.251008717885));
#12359=CARTESIAN_POINT('Ctrl Pts',(93.2182789035141,-9.99998435245993,24.4351832555437));
#12360=CARTESIAN_POINT('Ctrl Pts',(93.3025561723463,-9.99998435245993,24.5955815834672));
#12361=CARTESIAN_POINT('Ctrl Pts',(93.4675610852511,-9.99998435245993,24.9096225163995));
#12362=CARTESIAN_POINT('Ctrl Pts',(93.7380577798673,-9.99998435245992,25.1388571002736));
#12363=CARTESIAN_POINT('Ctrl Pts',(93.8703966327012,-9.99998435245992,25.251008717885));
#12364=CARTESIAN_POINT('',(94.6916771121323,-9.99998435245992,25.5566017316485));
#12365=CARTESIAN_POINT('Ctrl Pts',(93.8703966327012,-9.99998435245992,25.251008717885));
#12366=CARTESIAN_POINT('Ctrl Pts',(94.0038741233232,-9.99998435245992,25.3400195005378));
#12367=CARTESIAN_POINT('Ctrl Pts',(94.2542109841388,-9.99998435245992,25.506959108139));
#12368=CARTESIAN_POINT('Ctrl Pts',(94.5524545061218,-9.99998435245992,25.5408030789713));
#12369=CARTESIAN_POINT('Ctrl Pts',(94.6916771121323,-9.99998435245992,25.5566017316485));
#12370=CARTESIAN_POINT('',(95.1446104235947,-9.99998435245992,25.480204074254));
#12371=CARTESIAN_POINT('Ctrl Pts',(94.6916771121323,-9.99998435245992,25.5566017316485));
#12372=CARTESIAN_POINT('Ctrl Pts',(94.7700149894099,-9.99998435245992,25.5536182217348));
#12373=CARTESIAN_POINT('Ctrl Pts',(94.9243237788666,-9.99998435245992,25.5477413481316));
#12374=CARTESIAN_POINT('Ctrl Pts',(95.0719362919973,-9.99998435245992,25.5024851014836));
#12375=CARTESIAN_POINT('Ctrl Pts',(95.1446104235947,-9.99998435245992,25.480204074254));
#12376=CARTESIAN_POINT('',(95.7448816485703,-9.99998435245992,26.7626051591539));
#12377=CARTESIAN_POINT('',(113.100706269307,-9.99998435245992,63.8410580266389));
#12378=CARTESIAN_POINT('',(95.0190973468125,-9.99998435245992,26.9317726777697));
#12379=CARTESIAN_POINT('Ctrl Pts',(95.7448816485703,-9.99998435245992,26.7626051591539));
#12380=CARTESIAN_POINT('Ctrl Pts',(95.6214126169141,-9.99998435245992,26.8118966821832));
#12381=CARTESIAN_POINT('Ctrl Pts',(95.3878453046033,-9.99998435245992,26.9051418336129));
#12382=CARTESIAN_POINT('Ctrl Pts',(95.137231128543,-9.99998435245992,26.9232410987753));
#12383=CARTESIAN_POINT('Ctrl Pts',(95.0190973468125,-9.99998435245992,26.9317726777697));
#12384=CARTESIAN_POINT('',(93.2455635257065,-9.99998435245992,25.6711988137865));
#12385=CARTESIAN_POINT('Ctrl Pts',(95.0190973468125,-9.99998435245992,26.9317726777697));
#12386=CARTESIAN_POINT('Ctrl Pts',(94.6927138055754,-9.99998435245992,26.8561602191896));
#12387=CARTESIAN_POINT('Ctrl Pts',(93.9394036138238,-9.99998435245992,26.6816427314026));
#12388=CARTESIAN_POINT('Ctrl Pts',(93.4965460524372,-9.99998435245992,26.0367063304408));
#12389=CARTESIAN_POINT('Ctrl Pts',(93.2455635257065,-9.99998435245992,25.6711988137865));
#12390=CARTESIAN_POINT('',(93.4802150912583,-9.99998435245992,26.795347182622));
#12391=CARTESIAN_POINT('',(102.033907761368,-9.99998435245991,67.7736361619152));
#12392=CARTESIAN_POINT('',(92.017736453563,-9.99998435245992,26.795347182622));
#12393=CARTESIAN_POINT('',(104.874490546063,-9.99998435245992,26.795347182622));
#12394=CARTESIAN_POINT('',(100.370000782807,-9.99998435245991,66.7507023136015));
#12395=CARTESIAN_POINT('',(57.8949523158371,-9.99998435245992,20.9999851869249));
#12396=CARTESIAN_POINT('',(59.4611191935837,-9.99998435245992,20.9999851869249));
#12397=CARTESIAN_POINT('',(87.8390205372125,-9.99998435245992,20.9999851869249));
#12398=CARTESIAN_POINT('',(59.8431110568345,-9.99998435245993,22.8171746419573));
#12399=CARTESIAN_POINT('',(69.5312736994126,-9.99998435245991,68.9051379899506));
#12400=CARTESIAN_POINT('',(60.3069579787552,-9.99998435245993,24.4351832555437));
#12401=CARTESIAN_POINT('Ctrl Pts',(59.8431110568345,-9.99998435245993,22.8171746419573));
#12402=CARTESIAN_POINT('Ctrl Pts',(59.9103999604745,-9.99998435245993,23.139471421199));
#12403=CARTESIAN_POINT('Ctrl Pts',(60.0254494061202,-9.99998435245993,23.6905290812185));
#12404=CARTESIAN_POINT('Ctrl Pts',(60.2243770376088,-9.99998435245993,24.2167378918065));
#12405=CARTESIAN_POINT('Ctrl Pts',(60.3069579787552,-9.99998435245993,24.4351832555437));
#12406=CARTESIAN_POINT('',(60.9590721316636,-9.99998435245992,25.251008717885));
#12407=CARTESIAN_POINT('Ctrl Pts',(60.3069579787552,-9.99998435245993,24.4351832555437));
#12408=CARTESIAN_POINT('Ctrl Pts',(60.3912368738651,-9.99998435245993,24.5955812046894));
#12409=CARTESIAN_POINT('Ctrl Pts',(60.5562438825148,-9.99998435245993,24.9096193247616));
#12410=CARTESIAN_POINT('Ctrl Pts',(60.826736288319,-9.99998435245992,25.1388565703052));
#12411=CARTESIAN_POINT('Ctrl Pts',(60.9590721316636,-9.99998435245992,25.251008717885));
#12412=CARTESIAN_POINT('',(61.7803549952805,-9.99998435245992,25.5566017316485));
#12413=CARTESIAN_POINT('Ctrl Pts',(60.9590721316636,-9.99998435245992,25.251008717885));
#12414=CARTESIAN_POINT('Ctrl Pts',(61.0925496260433,-9.99998435245992,25.3400195110962));
#12415=CARTESIAN_POINT('Ctrl Pts',(61.3428871548172,-9.99998435245992,25.5069595792346));
#12416=CARTESIAN_POINT('Ctrl Pts',(61.641131558061,-9.99998435245992,25.5408031964173));
#12417=CARTESIAN_POINT('Ctrl Pts',(61.7803549952805,-9.99998435245992,25.5566017316485));
#12418=CARTESIAN_POINT('',(62.2332883067429,-9.99998435245992,25.480204074254));
#12419=CARTESIAN_POINT('Ctrl Pts',(61.7803549952805,-9.99998435245992,25.5566017316485));
#12420=CARTESIAN_POINT('Ctrl Pts',(61.8586928725581,-9.99998435245992,25.5536182217348));
#12421=CARTESIAN_POINT('Ctrl Pts',(62.0130016620148,-9.99998435245992,25.5477413481316));
#12422=CARTESIAN_POINT('Ctrl Pts',(62.1606141751456,-9.99998435245992,25.5024851014836));
#12423=CARTESIAN_POINT('Ctrl Pts',(62.2332883067429,-9.99998435245992,25.480204074254));
#12424=CARTESIAN_POINT('',(62.8335607238114,-9.99998435245992,26.7626051591539));
#12425=CARTESIAN_POINT('',(83.1469047136461,-9.99998435245991,70.1593257643207));
#12426=CARTESIAN_POINT('',(62.1077764220536,-9.99998435245992,26.9317726777697));
#12427=CARTESIAN_POINT('Ctrl Pts',(62.8335607238114,-9.99998435245992,26.7626051591539));
#12428=CARTESIAN_POINT('Ctrl Pts',(62.7100916921552,-9.99998435245992,26.8118966821832));
#12429=CARTESIAN_POINT('Ctrl Pts',(62.4765243798443,-9.99998435245992,26.9051418336129));
#12430=CARTESIAN_POINT('Ctrl Pts',(62.2259102037841,-9.99998435245992,26.9232410987753));
#12431=CARTESIAN_POINT('Ctrl Pts',(62.1077764220536,-9.99998435245992,26.9317726777697));
#12432=CARTESIAN_POINT('',(60.3342426009476,-9.99998435245992,25.6711988137865));
#12433=CARTESIAN_POINT('Ctrl Pts',(62.1077764220536,-9.99998435245992,26.9317726777697));
#12434=CARTESIAN_POINT('Ctrl Pts',(61.7813928808165,-9.99998435245992,26.8561602191896));
#12435=CARTESIAN_POINT('Ctrl Pts',(61.028082689065,-9.99998435245992,26.6816427314026));
#12436=CARTESIAN_POINT('Ctrl Pts',(60.5852251276783,-9.99998435245992,26.0367063304408));
#12437=CARTESIAN_POINT('Ctrl Pts',(60.3342426009476,-9.99998435245992,25.6711988137865));
#12438=CARTESIAN_POINT('',(60.5688953585923,-9.99998435245992,26.795347182622));
#12439=CARTESIAN_POINT('',(69.8096941500303,-9.99998435245991,71.0651396726074));
#12440=CARTESIAN_POINT('',(59.1064119525254,-9.99998435245992,26.795347182622));
#12441=CARTESIAN_POINT('',(88.4188294876367,-9.99998435245992,26.795347182622));
#12442=CARTESIAN_POINT('',(68.1476257420747,-9.99998435245991,70.046566789215));
#12443=CARTESIAN_POINT('',(51.3738060183823,-9.99998435245992,18.7898902581835));
#12444=CARTESIAN_POINT('',(51.3738060183823,-9.99998435245992,19.7830681489611));
#12445=CARTESIAN_POINT('',(51.3738060183823,-9.99998435245992,63.6432307200337));
#12446=CARTESIAN_POINT('',(45.,-9.99998435245992,19.7830681489611));
#12447=CARTESIAN_POINT('',(82.5934541644529,-9.99998435245992,19.7830681489611));
#12448=CARTESIAN_POINT('',(45.,-9.99998435245992,18.7898902581835));
#12449=CARTESIAN_POINT('',(45.,-9.99998435245992,63.6432307200337));
#12450=CARTESIAN_POINT('',(82.5934541644529,-9.99998435245992,18.7898902581835));
#12451=CARTESIAN_POINT('Origin',(38.0000041723251,-11.9999845312738,180.99998435246));
#12452=CARTESIAN_POINT('',(38.0000041723251,-2.4999843524599,138.999982698431));
#12453=CARTESIAN_POINT('',(38.0000041723251,-2.49998435245989,162.749983566424));
#12454=CARTESIAN_POINT('',(38.0000041723251,-8.99998448657035,138.99998435246));
#12455=CARTESIAN_POINT('Origin',(125.341546094718,-11.9999843524599,143.998195403695));
#12456=CARTESIAN_POINT('',(121.341546094718,-1.99998435245989,143.998195403695));
#12457=CARTESIAN_POINT('Origin',(125.341546094718,-1.99998435245989,143.998195403695));
#12458=CARTESIAN_POINT('',(121.341546094718,-2.49998435245989,143.998195403695));
#12459=CARTESIAN_POINT('',(121.341546094718,-11.9999843524599,143.998195403695));
#12460=CARTESIAN_POINT('',(122.000005364418,-2.49998435245989,146.196855347331));
#12461=CARTESIAN_POINT('Origin',(125.341546094718,-2.49998435245989,143.998195403695));
#12462=CARTESIAN_POINT('',(122.000005364418,-11.9999843524599,146.196855347331));
#12463=CARTESIAN_POINT('',(122.000005364418,-2.49998435245989,141.79953546006));
#12464=CARTESIAN_POINT('',(122.000005364418,-11.9999843524599,141.79953546006));
#12465=CARTESIAN_POINT('Origin',(125.341546094718,-2.49998435245989,143.998195403695));
#12466=CARTESIAN_POINT('Origin',(125.341546094718,-11.9999843524599,143.998195403695));
#12467=CARTESIAN_POINT('',(123.341546094718,-1.99998435245989,143.998195403695));
#12468=CARTESIAN_POINT('Origin',(125.341546094718,-1.99998435245989,143.998195403695));
#12469=CARTESIAN_POINT('',(123.341546094718,-9.99998447166918,143.998195403695));
#12470=CARTESIAN_POINT('',(123.341546094718,-11.9999843524599,143.998195403695));
#12471=CARTESIAN_POINT('',(127.341546094718,-9.99998447166918,143.998195403695));
#12472=CARTESIAN_POINT('Origin',(125.341546094718,-9.99998447166918,143.998195403695));
#12473=CARTESIAN_POINT('Origin',(125.341546094718,-9.99998447166918,143.998195403695));
#12474=CARTESIAN_POINT('Origin',(125.341546094718,-1.99998435245989,143.998195403695));
#12475=CARTESIAN_POINT('Origin',(80.5000047758222,-2.49998435245989,144.499982780387));
#12476=CARTESIAN_POINT('',(122.000005364418,-2.4999843524599,138.999982698431));
#12477=CARTESIAN_POINT('',(122.000005364418,-2.4999843524599,130.749984354323));
#12478=CARTESIAN_POINT('',(61.2000043213368,-2.4999843524599,138.999982698431));
#12479=CARTESIAN_POINT('',(80.2500047720969,-2.4999843524599,138.99998435246));
#12480=CARTESIAN_POINT('',(61.2000043213368,-2.49998435245989,140.99998435246));
#12481=CARTESIAN_POINT('',(61.2000043213368,-2.49998435245989,142.749983566424));
#12482=CARTESIAN_POINT('',(120.000005364418,-2.49998435245989,140.99998435246));
#12483=CARTESIAN_POINT('',(80.2500047720969,-2.49998435245989,140.99998435246));
#12484=CARTESIAN_POINT('',(120.000005364418,-2.49998435245989,147.999982236495));
#12485=CARTESIAN_POINT('',(120.000005364418,-2.49998435245989,162.749983566424));
#12486=CARTESIAN_POINT('',(122.000005990267,-2.49998435245989,149.999982862344));
#12487=CARTESIAN_POINT('',(109.750005353242,-2.4999843524599,137.749982225319));
#12488=CARTESIAN_POINT('',(131.000005528331,-2.49998435245989,149.999982862344));
#12489=CARTESIAN_POINT('',(98.2500049993396,-2.49998435245989,149.999982236495));
#12490=CARTESIAN_POINT('',(131.000005528331,-2.49998435245989,147.999982236495));
#12491=CARTESIAN_POINT('',(131.000005528331,-2.49998435245989,141.749982739409));
#12492=CARTESIAN_POINT('',(122.000005364418,-2.49998435245989,147.999982236495));
#12493=CARTESIAN_POINT('',(98.2500049993396,-2.49998435245989,147.999982236495));
#12494=CARTESIAN_POINT('',(122.000005364418,-2.4999843524599,130.749984354323));
#12495=CARTESIAN_POINT('Origin',(122.000005364418,1.56475401169587E-5,180.99998435246));
#12496=CARTESIAN_POINT('',(122.000005364418,-2.99998439716338,138.99998435246));
#12497=CARTESIAN_POINT('Origin',(54.5000043883919,-1.49998435245998,111.252504574078));
#12498=CARTESIAN_POINT('',(60.0000044703483,-1.49998435246005,109.505026837155));
#12499=CARTESIAN_POINT('',(49.0000043064355,-1.49998435246005,109.505026837155));
#12500=CARTESIAN_POINT('',(49.0000043064355,-1.49998435246005,109.505026837155));
#12501=CARTESIAN_POINT('',(49.0000043064355,-1.49998435246005,112.999982311001));
#12502=CARTESIAN_POINT('',(49.0000043064355,-1.49998435246005,112.999982311001));
#12503=CARTESIAN_POINT('',(60.0000044703483,-1.49998435245991,112.999982311001));
#12504=CARTESIAN_POINT('',(60.0000044703483,-1.49998435245991,112.999982311001));
#12505=CARTESIAN_POINT('',(60.0000044703483,-1.49998435246005,109.505026837155));
#12506=CARTESIAN_POINT('Origin',(54.5000043883919,-1.49998435246011,123.999982474914));
#12507=CARTESIAN_POINT('',(60.0000044703483,-1.49998435246004,126.999982519617));
#12508=CARTESIAN_POINT('',(60.0000044703483,-1.4999843524599,120.99998243021));
#12509=CARTESIAN_POINT('',(60.0000044703483,-1.49998435246004,126.999982519617));
#12510=CARTESIAN_POINT('',(49.0000043064355,-1.49998435246004,120.99998243021));
#12511=CARTESIAN_POINT('',(60.0000044703483,-1.4999843524599,120.99998243021));
#12512=CARTESIAN_POINT('',(49.0000043064355,-1.49998435246004,126.999982519617));
#12513=CARTESIAN_POINT('',(49.0000043064355,-1.49998435246004,120.99998243021));
#12514=CARTESIAN_POINT('',(49.0000043064355,-1.49998435246004,126.999982519617));
#12515=CARTESIAN_POINT('Origin',(115.000005289912,-9.99998435245991,104.999982191792));
#12516=CARTESIAN_POINT('',(111.793222768698,-1.4999843524599,104.999982191792));
#12517=CARTESIAN_POINT('',(111.793222768698,-9.99998435245991,104.999982191792));
#12518=CARTESIAN_POINT('',(115.000005289912,-1.4999843524599,104.999982191792));
#12519=CARTESIAN_POINT('',(115.000005289912,-1.4999843524599,104.999982191792));
#12520=CARTESIAN_POINT('',(115.000005289912,-9.99998435245991,104.999982191792));
#12521=CARTESIAN_POINT('Origin',(115.000005289912,-9.9999843524599,127.532046549548));
#12522=CARTESIAN_POINT('',(115.000005289912,-1.4999843524599,127.532046549548));
#12523=CARTESIAN_POINT('',(115.000005289912,-1.4999843524599,127.532046549548));
#12524=CARTESIAN_POINT('',(115.000005289912,-9.9999843524599,127.532046549548));
#12525=CARTESIAN_POINT('Origin',(111.793222768698,-9.9999843524599,127.532046549548));
#12526=CARTESIAN_POINT('',(111.793222768698,-1.4999843524599,127.532046549548));
#12527=CARTESIAN_POINT('',(111.793222768698,-1.4999843524599,127.532046549548));
#12528=CARTESIAN_POINT('',(111.793222768698,-9.9999843524599,127.532046549548));
#12529=CARTESIAN_POINT('Origin',(113.396614029305,-1.49998435245991,116.26601437067));
#12530=CARTESIAN_POINT('',(111.793222768698,-1.4999843524599,104.999982191792));
#12531=CARTESIAN_POINT('Origin',(125.323937371668,-11.9999843524599,77.9641608335271));
#12532=CARTESIAN_POINT('',(121.323937371668,-1.99998435245992,77.9641608335271));
#12533=CARTESIAN_POINT('Origin',(125.323937371668,-1.99998435245992,77.9641608335271));
#12534=CARTESIAN_POINT('',(121.323937371668,-11.9999843524599,77.9641608335271));
#12535=CARTESIAN_POINT('Origin',(125.323937371668,-11.9999843524599,77.9641608335271));
#12536=CARTESIAN_POINT('',(123.323937371668,-1.99998435245992,77.9641608335271));
#12537=CARTESIAN_POINT('Origin',(125.323937371668,-1.99998435245992,77.9641608335271));
#12538=CARTESIAN_POINT('',(123.323937371668,-9.99998447166919,77.9641608335271));
#12539=CARTESIAN_POINT('',(123.323937371668,-11.9999843524599,77.9641608335271));
#12540=CARTESIAN_POINT('',(127.323937371668,-9.99998447166919,77.9641608335271));
#12541=CARTESIAN_POINT('Origin',(125.323937371668,-9.99998447166919,77.9641608335271));
#12542=CARTESIAN_POINT('Origin',(125.323937371668,-9.99998447166919,77.9641608335271));
#12543=CARTESIAN_POINT('Origin',(125.323937371668,-1.99998435245992,77.9641608335271));
#12544=CARTESIAN_POINT('Origin',(114.94307560204,1.00001564754007,36.9279649872928));
#12545=CARTESIAN_POINT('',(124.94307560204,1.00001564754007,36.9279649872928));
#12546=CARTESIAN_POINT('Origin',(114.94307560204,1.00001564754007,36.9279649872928));
#12547=CARTESIAN_POINT('',(123.44307560204,1.00001564754007,36.9279649872928));
#12548=CARTESIAN_POINT('Origin',(114.94307560204,1.00001564754007,36.9279649872928));
#12549=CARTESIAN_POINT('Origin',(42.3621214454148,1.00001564754008,29.8513811677399));
#12550=CARTESIAN_POINT('',(45.8621214454147,1.00001564754008,29.8513811677399));
#12551=CARTESIAN_POINT('Origin',(42.3621214454148,1.00001564754008,29.8513811677399));
#12552=CARTESIAN_POINT('Origin',(42.6444361088289,1.00001564754008,55.2597008750073));
#12553=CARTESIAN_POINT('',(46.1444361088289,1.00001564754008,55.2597008750073));
#12554=CARTESIAN_POINT('Origin',(42.6444361088289,1.00001564754008,55.2597008750073));
#12555=CARTESIAN_POINT('Origin',(35.3182629682502,-11.9999843524599,77.9953209421486));
#12556=CARTESIAN_POINT('',(31.3182629682501,-1.99998435245992,77.9953209421486));
#12557=CARTESIAN_POINT('Origin',(35.3182629682502,-1.99998435245992,77.9953209421486));
#12558=CARTESIAN_POINT('',(31.3182629682501,-11.9999843524599,77.9953209421486));
#12559=CARTESIAN_POINT('Origin',(35.3182629682502,-11.9999843524599,77.9953209421486));
#12560=CARTESIAN_POINT('',(33.3182629682502,-1.99998435245992,77.9953209421486));
#12561=CARTESIAN_POINT('Origin',(35.3182629682502,-1.99998435245992,77.9953209421486));
#12562=CARTESIAN_POINT('',(33.3182629682502,-9.99998447166919,77.9953209421486));
#12563=CARTESIAN_POINT('',(33.3182629682502,-11.9999843524599,77.9953209421486));
#12564=CARTESIAN_POINT('',(37.3182629682502,-9.99998447166919,77.9953209421486));
#12565=CARTESIAN_POINT('Origin',(35.3182629682502,-9.99998447166919,77.9953209421486));
#12566=CARTESIAN_POINT('Origin',(35.3182629682502,-9.99998447166919,77.9953209421486));
#12567=CARTESIAN_POINT('Origin',(35.3182629682502,-1.99998435245992,77.9953209421486));
#12568=CARTESIAN_POINT('Origin',(131.000005528331,1.56475400991951E-5,138.999982698431));
#12569=CARTESIAN_POINT('',(131.000005528331,1.56475401080769E-5,147.999982236495));
#12570=CARTESIAN_POINT('',(131.000005528331,1.56475401080769E-5,147.999982236495));
#12571=CARTESIAN_POINT('',(131.000005528331,1.56475401080769E-5,149.999982862344));
#12572=CARTESIAN_POINT('',(131.000005528331,1.56475401080769E-5,149.999982236495));
#12573=CARTESIAN_POINT('',(131.000005528331,1.56475400903133E-5,99.2499835273081));
#12574=CARTESIAN_POINT('Origin',(137.000005319715,-23.9999843524599,107.999982236495));
#12575=CARTESIAN_POINT('',(137.000005319715,1.56475401080769E-5,147.999982236495));
#12576=CARTESIAN_POINT('',(137.000005319715,-11.9999843524599,147.999982236495));
#12577=CARTESIAN_POINT('',(137.000005319715,1.5647540103636E-5,124.999982489815));
#12578=CARTESIAN_POINT('',(137.000005319715,1.56475400903133E-5,69.9999843561852));
#12579=CARTESIAN_POINT('',(137.000005319715,-7.99998447166919,124.999982489815));
#12580=CARTESIAN_POINT('',(137.000005319715,-15.9999844120645,124.999982489815));
#12581=CARTESIAN_POINT('',(137.000005319715,-7.9999844716692,71.9999817000532));
#12582=CARTESIAN_POINT('',(137.000005319715,-7.99998447166919,89.9999819682741));
#12583=CARTESIAN_POINT('',(137.000005319715,1.56475400858724E-5,71.9999817000532));
#12584=CARTESIAN_POINT('',(137.000005319715,-11.9999843524599,71.9999817000532));
#12585=CARTESIAN_POINT('',(137.000005319715,1.56475400814315E-5,50.2499813722277));
#12586=CARTESIAN_POINT('',(137.000005319715,1.56475400903133E-5,69.9999843561852));
#12587=CARTESIAN_POINT('',(137.000005319715,-3.10353774305319,50.2499813722277));
#12588=CARTESIAN_POINT('',(137.000005319715,-11.9999843524599,50.2499813722277));
#12589=CARTESIAN_POINT('',(137.000005319715,-4.99998435245991,48.3535347628209));
#12590=CARTESIAN_POINT('',(137.000005319715,6.07323916831027,59.4267582835911));
#12591=CARTESIAN_POINT('',(137.000005319715,-4.99998435245992,24.6464275793031));
#12592=CARTESIAN_POINT('',(137.000005319715,-4.99998435245991,64.2499828642065));
#12593=CARTESIAN_POINT('',(137.000005319715,-3.1035377430532,22.7499809698963));
#12594=CARTESIAN_POINT('',(137.000005319715,-30.6767613644062,50.3232045912493));
#12595=CARTESIAN_POINT('',(137.000005319715,1.56475400814315E-5,22.7499809698963));
#12596=CARTESIAN_POINT('',(137.000005319715,-13.4999843524599,22.7499809698963));
#12597=CARTESIAN_POINT('',(137.000005319715,1.56475400725498E-5,12.99998435246));
#12598=CARTESIAN_POINT('',(137.000005319715,1.56475400903133E-5,69.9999843561852));
#12599=CARTESIAN_POINT('',(137.000005319715,-11.9999843524599,12.9999843524599));
#12600=CARTESIAN_POINT('Origin',(80.5000046789646,1.56475400814315E-5,59.4999843561852));
#12601=CARTESIAN_POINT('',(24.0000040382147,1.56475400858724E-5,71.9999817000532));
#12602=CARTESIAN_POINT('',(22.0000040382147,1.56475400903133E-5,69.9999817000532));
#12603=CARTESIAN_POINT('',(34.5000048624349,1.56475400947542E-5,82.4999825242737));
#12604=CARTESIAN_POINT('',(24.0000040382147,1.56475400814315E-5,59.9963505830137));
#12605=CARTESIAN_POINT('',(24.0000040382147,1.56475400858724E-5,72.4999835943633));
#12606=CARTESIAN_POINT('',(22.0000040382147,1.56475400903133E-5,61.9963505830137));
#12607=CARTESIAN_POINT('',(37.7490957551096,1.56475400858724E-5,46.2472588661192));
#12608=CARTESIAN_POINT('',(22.0000040382147,1.56475400991951E-5,107.99998435991));
#12609=CARTESIAN_POINT('Origin',(30.0000040233135,1.56475401080769E-5,149.999982862344));
#12610=CARTESIAN_POINT('',(30.0000040233135,1.56475401080769E-5,149.999982862344));
#12611=CARTESIAN_POINT('',(30.0000040233135,1.56475400991951E-5,104.749983609264));
#12612=CARTESIAN_POINT('',(30.0000040233135,-2.49998435245989,149.999982862344));
#12613=CARTESIAN_POINT('',(30.0000040233135,1.56475401080769E-5,149.999982236495));
#12614=CARTESIAN_POINT('',(30.0000040233135,-2.49998435245989,147.249982821366));
#12615=CARTESIAN_POINT('Origin',(80.5000046789646,1.56475400814315E-5,59.4999843561852));
#12616=CARTESIAN_POINT('',(24.0000040382147,1.5647540103636E-5,124.999982489815));
#12617=CARTESIAN_POINT('',(24.0000040382147,1.56475400947542E-5,83.7499843580479));
#12618=CARTESIAN_POINT('',(22.0000040382147,1.5647540103636E-5,126.999982489815));
#12619=CARTESIAN_POINT('',(54.0000037318095,1.56475400903133E-5,94.9999827962199));
#12620=CARTESIAN_POINT('',(22.0000040382147,1.56475401080769E-5,149.999984359911));
#12621=CARTESIAN_POINT('',(22.0000040382147,1.56475400991951E-5,107.99998435991));
#12622=CARTESIAN_POINT('',(117.000005319715,1.56475401080769E-5,149.999982236495));
#12623=CARTESIAN_POINT('Origin',(80.5000047758222,-2.49998435245989,144.499982780387));
#12624=CARTESIAN_POINT('',(38.0000041723251,-2.49998435245989,147.999982236495));
#12625=CARTESIAN_POINT('',(38.0000041723251,-2.49998435245989,162.749983566424));
#12626=CARTESIAN_POINT('',(98.2500049993396,-2.49998435245989,147.999982236495));
#12627=CARTESIAN_POINT('',(38.0000035464764,-2.49998435245989,149.999982862344));
#12628=CARTESIAN_POINT('',(98.2500049993396,-2.49998435245989,149.999982236495));
#12629=CARTESIAN_POINT('',(40.0000041723251,-2.49998435245989,147.999982236495));
#12630=CARTESIAN_POINT('',(50.5000041872263,-2.4999843524599,137.499982221594));
#12631=CARTESIAN_POINT('',(40.0000041723251,-2.49998435245989,140.99998435246));
#12632=CARTESIAN_POINT('',(40.0000041723251,-2.49998435245989,162.749983566424));
#12633=CARTESIAN_POINT('',(50.0000043213367,-2.49998435245989,140.99998435246));
#12634=CARTESIAN_POINT('',(80.2500047720969,-2.49998435245989,140.99998435246));
#12635=CARTESIAN_POINT('',(50.0000043213367,-2.4999843524599,138.999982698431));
#12636=CARTESIAN_POINT('',(50.0000043213367,-2.49998435245989,142.749983566424));
#12637=CARTESIAN_POINT('',(80.2500047720969,-2.4999843524599,138.99998435246));
#12638=CARTESIAN_POINT('Origin',(111.793222768698,-11.9999843524599,140.99998435246));
#12639=CARTESIAN_POINT('',(111.793222768698,-11.9999843524599,138.99998435246));
#12640=CARTESIAN_POINT('',(111.793222768698,-9.4999843524599,138.99998435246));
#12641=CARTESIAN_POINT('',(111.793222768698,-11.9999843524599,54.9999843524599));
#12642=CARTESIAN_POINT('',(111.793222768698,-11.9999843524599,54.9999843524599));
#12643=CARTESIAN_POINT('',(111.793222768698,-11.9999843524599,124.499983294477));
#12644=CARTESIAN_POINT('Origin',(61.2000043213368,-7.99998447166918,140.99998435246));
#12645=CARTESIAN_POINT('',(50.0000043213367,-7.99998447166919,138.99998435246));
#12646=CARTESIAN_POINT('',(61.2000043213368,-7.99998447166919,138.99998435246));
#12647=CARTESIAN_POINT('',(60.6000021606684,-7.99998447166919,138.99998435246));
#12648=CARTESIAN_POINT('',(50.0000043213367,-7.99998447166918,140.99998435246));
#12649=CARTESIAN_POINT('',(50.0000043213367,-7.99998447166918,140.99998435246));
#12650=CARTESIAN_POINT('',(61.2000043213368,-7.99998447166918,140.99998435246));
#12651=CARTESIAN_POINT('',(86.4966135450175,-7.99998447166918,140.99998435246));
#12652=CARTESIAN_POINT('',(61.2000043213368,-7.99998447166918,140.99998435246));
#12653=CARTESIAN_POINT('Origin',(61.2000043213368,-1.99998447166919,140.99998435246));
#12654=CARTESIAN_POINT('',(61.2000043213368,-4.49998441206454,138.99998435246));
#12655=CARTESIAN_POINT('',(61.2000043213368,-4.49998441206453,140.99998435246));
#12656=CARTESIAN_POINT('Origin',(60.,-11.9999843524599,54.9999843524599));
#12657=CARTESIAN_POINT('',(60.0000044703483,-2.49998435245991,112.999982311001));
#12658=CARTESIAN_POINT('',(60.0000044703484,-9.9999843524599,112.999982311001));
#12659=CARTESIAN_POINT('',(60.0000044703483,-2.4999843524599,120.99998243021));
#12660=CARTESIAN_POINT('',(60.0000044703484,-9.9999843524599,120.99998243021));
#12661=CARTESIAN_POINT('',(60.0000044703484,-9.9999843524599,120.99998243021));
#12662=CARTESIAN_POINT('',(60.0000044703483,-2.4999843524599,126.999982519617));
#12663=CARTESIAN_POINT('',(60.0000044703484,-9.99998435246004,126.999982519617));
#12664=CARTESIAN_POINT('',(60.0000044703484,-9.99998435246004,126.999982519617));
#12665=CARTESIAN_POINT('',(60.,-11.9999843524599,138.99998435246));
#12666=CARTESIAN_POINT('',(60.,-9.4999843524599,138.99998435246));
#12667=CARTESIAN_POINT('',(60.,-11.9999843524599,54.9999843524599));
#12668=CARTESIAN_POINT('',(60.,-11.9999843524599,81.4999832944775));
#12669=CARTESIAN_POINT('',(60.,-11.9999843524599,54.9999843524599));
#12670=CARTESIAN_POINT('',(60.0000044703483,-2.4999843524599,109.505026837155));
#12671=CARTESIAN_POINT('',(60.0000044703484,-9.99998435246004,109.505026837155));
#12672=CARTESIAN_POINT('',(60.0000044703484,-9.99998435246004,109.505026837155));
#12673=CARTESIAN_POINT('',(60.0000044703484,-9.9999843524599,112.999982311001));
#12674=CARTESIAN_POINT('Origin',(51.3738060183823,-11.9999843524599,19.2864792035723));
#12675=CARTESIAN_POINT('',(51.3738060183823,-11.9999843524599,18.7898902581835));
#12676=CARTESIAN_POINT('',(51.3738060183823,-11.9999843524599,18.7898902581835));
#12677=CARTESIAN_POINT('',(51.3738060183823,-11.9999843524599,19.7830681489611));
#12678=CARTESIAN_POINT('',(51.3738060183823,-11.9999843524599,63.6432307200337));
#12679=CARTESIAN_POINT('',(51.3738060183823,-11.9999843524599,19.7830681489611));
#12680=CARTESIAN_POINT('Origin',(48.1869030091912,-11.9999843524599,19.7830681489611));
#12681=CARTESIAN_POINT('',(45.,-11.9999843524599,19.7830681489611));
#12682=CARTESIAN_POINT('',(82.5934541644529,-11.9999843524599,19.7830681489611));
#12683=CARTESIAN_POINT('',(45.,-11.9999843524599,19.7830681489611));
#12684=CARTESIAN_POINT('Origin',(45.,-11.9999843524599,19.2864792035723));
#12685=CARTESIAN_POINT('',(45.,-11.9999843524599,18.7898902581835));
#12686=CARTESIAN_POINT('',(45.,-11.9999843524599,63.6432307200337));
#12687=CARTESIAN_POINT('',(45.,-11.9999843524599,18.7898902581835));
#12688=CARTESIAN_POINT('Origin',(48.1869030091912,-11.9999843524599,18.7898902581835));
#12689=CARTESIAN_POINT('',(82.5934541644529,-11.9999843524599,18.7898902581835));
#12690=CARTESIAN_POINT('Origin',(58.6780357547104,-11.9999843524599,20.9999851869249));
#12691=CARTESIAN_POINT('',(57.8949523158371,-11.9999843524599,20.9999851869249));
#12692=CARTESIAN_POINT('',(57.8949523158371,-11.9999843524599,20.9999851869249));
#12693=CARTESIAN_POINT('',(59.4611191935837,-11.9999843524599,20.9999851869249));
#12694=CARTESIAN_POINT('',(87.8390205372125,-11.9999843524599,20.9999851869249));
#12695=CARTESIAN_POINT('',(59.4611191935837,-11.9999843524599,20.9999851869249));
#12696=CARTESIAN_POINT('Origin',(59.6521151252091,-11.9999843524599,21.9085799144411));
#12697=CARTESIAN_POINT('',(59.8431110568345,-11.9999843524599,22.8171746419573));
#12698=CARTESIAN_POINT('',(69.5312736994126,-11.9999843524599,68.9051379899506));
#12699=CARTESIAN_POINT('',(59.8431110568345,-11.9999843524599,22.8171746419573));
#12700=CARTESIAN_POINT('Ctrl Pts',(60.3069579787552,-9.99998435245993,24.4351832555437));
#12701=CARTESIAN_POINT('Ctrl Pts',(60.3069579787552,-11.9999843524599,24.4351832555437));
#12702=CARTESIAN_POINT('Ctrl Pts',(60.2243770376088,-9.99998435245993,24.2167378918065));
#12703=CARTESIAN_POINT('Ctrl Pts',(60.2243770376088,-11.9999843524599,24.2167378918065));
#12704=CARTESIAN_POINT('Ctrl Pts',(60.0254494061202,-9.99998435245993,23.6905290812185));
#12705=CARTESIAN_POINT('Ctrl Pts',(60.0254494061202,-11.9999843524599,23.6905290812185));
#12706=CARTESIAN_POINT('Ctrl Pts',(59.9103999604745,-9.99998435245993,23.139471421199));
#12707=CARTESIAN_POINT('Ctrl Pts',(59.9103999604745,-11.9999843524599,23.139471421199));
#12708=CARTESIAN_POINT('Ctrl Pts',(59.8431110568345,-9.99998435245993,22.8171746419573));
#12709=CARTESIAN_POINT('Ctrl Pts',(59.8431110568345,-11.9999843524599,22.8171746419573));
#12710=CARTESIAN_POINT('',(60.3069579787552,-11.9999843524599,24.4351832555437));
#12711=CARTESIAN_POINT('Ctrl Pts',(60.3069579787552,-11.9999843524599,24.4351832555437));
#12712=CARTESIAN_POINT('Ctrl Pts',(60.2243770376088,-11.9999843524599,24.2167378918065));
#12713=CARTESIAN_POINT('Ctrl Pts',(60.0254494061202,-11.9999843524599,23.6905290812185));
#12714=CARTESIAN_POINT('Ctrl Pts',(59.9103999604745,-11.9999843524599,23.139471421199));
#12715=CARTESIAN_POINT('Ctrl Pts',(59.8431110568345,-11.9999843524599,22.8171746419573));
#12716=CARTESIAN_POINT('',(60.3069579787552,-11.9999843524599,24.4351832555437));
#12717=CARTESIAN_POINT('Ctrl Pts',(60.9590721316636,-9.99998435245992,25.251008717885));
#12718=CARTESIAN_POINT('Ctrl Pts',(60.9590721316636,-11.9999843524599,25.251008717885));
#12719=CARTESIAN_POINT('Ctrl Pts',(60.826736288319,-9.99998435245992,25.1388565703052));
#12720=CARTESIAN_POINT('Ctrl Pts',(60.826736288319,-11.9999843524599,25.1388565703052));
#12721=CARTESIAN_POINT('Ctrl Pts',(60.5562438825148,-9.99998435245993,24.9096193247616));
#12722=CARTESIAN_POINT('Ctrl Pts',(60.5562438825148,-11.9999843524599,24.9096193247616));
#12723=CARTESIAN_POINT('Ctrl Pts',(60.3912368738651,-9.99998435245993,24.5955812046894));
#12724=CARTESIAN_POINT('Ctrl Pts',(60.3912368738651,-11.9999843524599,24.5955812046894));
#12725=CARTESIAN_POINT('Ctrl Pts',(60.3069579787552,-9.99998435245993,24.4351832555437));
#12726=CARTESIAN_POINT('Ctrl Pts',(60.3069579787552,-11.9999843524599,24.4351832555437));
#12727=CARTESIAN_POINT('',(60.9590721316636,-11.9999843524599,25.251008717885));
#12728=CARTESIAN_POINT('Ctrl Pts',(60.9590721316636,-11.9999843524599,25.251008717885));
#12729=CARTESIAN_POINT('Ctrl Pts',(60.826736288319,-11.9999843524599,25.1388565703052));
#12730=CARTESIAN_POINT('Ctrl Pts',(60.5562438825148,-11.9999843524599,24.9096193247616));
#12731=CARTESIAN_POINT('Ctrl Pts',(60.3912368738651,-11.9999843524599,24.5955812046894));
#12732=CARTESIAN_POINT('Ctrl Pts',(60.3069579787552,-11.9999843524599,24.4351832555437));
#12733=CARTESIAN_POINT('',(60.9590721316636,-11.9999843524599,25.251008717885));
#12734=CARTESIAN_POINT('Ctrl Pts',(61.7803549952805,-9.99998435245992,25.5566017316485));
#12735=CARTESIAN_POINT('Ctrl Pts',(61.7803549952805,-11.9999843524599,25.5566017316485));
#12736=CARTESIAN_POINT('Ctrl Pts',(61.641131558061,-9.99998435245992,25.5408031964173));
#12737=CARTESIAN_POINT('Ctrl Pts',(61.641131558061,-11.9999843524599,25.5408031964173));
#12738=CARTESIAN_POINT('Ctrl Pts',(61.3428871548172,-9.99998435245992,25.5069595792346));
#12739=CARTESIAN_POINT('Ctrl Pts',(61.3428871548172,-11.9999843524599,25.5069595792346));
#12740=CARTESIAN_POINT('Ctrl Pts',(61.0925496260433,-9.99998435245992,25.3400195110962));
#12741=CARTESIAN_POINT('Ctrl Pts',(61.0925496260433,-11.9999843524599,25.3400195110962));
#12742=CARTESIAN_POINT('Ctrl Pts',(60.9590721316636,-9.99998435245992,25.251008717885));
#12743=CARTESIAN_POINT('Ctrl Pts',(60.9590721316636,-11.9999843524599,25.251008717885));
#12744=CARTESIAN_POINT('',(61.7803549952805,-11.9999843524599,25.5566017316485));
#12745=CARTESIAN_POINT('Ctrl Pts',(61.7803549952805,-11.9999843524599,25.5566017316485));
#12746=CARTESIAN_POINT('Ctrl Pts',(61.641131558061,-11.9999843524599,25.5408031964173));
#12747=CARTESIAN_POINT('Ctrl Pts',(61.3428871548172,-11.9999843524599,25.5069595792346));
#12748=CARTESIAN_POINT('Ctrl Pts',(61.0925496260433,-11.9999843524599,25.3400195110962));
#12749=CARTESIAN_POINT('Ctrl Pts',(60.9590721316636,-11.9999843524599,25.251008717885));
#12750=CARTESIAN_POINT('',(61.7803549952805,-11.9999843524599,25.5566017316485));
#12751=CARTESIAN_POINT('Ctrl Pts',(62.2332883067429,-9.99998435245992,25.480204074254));
#12752=CARTESIAN_POINT('Ctrl Pts',(62.2332883067429,-11.9999843524599,25.480204074254));
#12753=CARTESIAN_POINT('Ctrl Pts',(62.1606141751456,-9.99998435245992,25.5024851014836));
#12754=CARTESIAN_POINT('Ctrl Pts',(62.1606141751456,-11.9999843524599,25.5024851014836));
#12755=CARTESIAN_POINT('Ctrl Pts',(62.0130016620148,-9.99998435245992,25.5477413481316));
#12756=CARTESIAN_POINT('Ctrl Pts',(62.0130016620148,-11.9999843524599,25.5477413481316));
#12757=CARTESIAN_POINT('Ctrl Pts',(61.8586928725581,-9.99998435245992,25.5536182217348));
#12758=CARTESIAN_POINT('Ctrl Pts',(61.8586928725581,-11.9999843524599,25.5536182217348));
#12759=CARTESIAN_POINT('Ctrl Pts',(61.7803549952805,-9.99998435245992,25.5566017316485));
#12760=CARTESIAN_POINT('Ctrl Pts',(61.7803549952805,-11.9999843524599,25.5566017316485));
#12761=CARTESIAN_POINT('',(62.2332883067429,-11.9999843524599,25.480204074254));
#12762=CARTESIAN_POINT('Ctrl Pts',(62.2332883067429,-11.9999843524599,25.480204074254));
#12763=CARTESIAN_POINT('Ctrl Pts',(62.1606141751456,-11.9999843524599,25.5024851014836));
#12764=CARTESIAN_POINT('Ctrl Pts',(62.0130016620148,-11.9999843524599,25.5477413481316));
#12765=CARTESIAN_POINT('Ctrl Pts',(61.8586928725581,-11.9999843524599,25.5536182217348));
#12766=CARTESIAN_POINT('Ctrl Pts',(61.7803549952805,-11.9999843524599,25.5566017316485));
#12767=CARTESIAN_POINT('',(62.2332883067429,-11.9999843524599,25.480204074254));
#12768=CARTESIAN_POINT('Origin',(62.5334245152771,-11.9999843524599,26.121404616704));
#12769=CARTESIAN_POINT('',(62.8335607238114,-11.9999843524599,26.7626051591539));
#12770=CARTESIAN_POINT('',(83.1469047136461,-11.9999843524599,70.1593257643207));
#12771=CARTESIAN_POINT('',(62.8335607238114,-11.9999843524599,26.7626051591539));
#12772=CARTESIAN_POINT('Ctrl Pts',(62.1077764220536,-9.99998435245992,26.9317726777697));
#12773=CARTESIAN_POINT('Ctrl Pts',(62.1077764220536,-11.9999843524599,26.9317726777697));
#12774=CARTESIAN_POINT('Ctrl Pts',(62.2259102037841,-9.99998435245992,26.9232410987753));
#12775=CARTESIAN_POINT('Ctrl Pts',(62.2259102037841,-11.9999843524599,26.9232410987753));
#12776=CARTESIAN_POINT('Ctrl Pts',(62.4765243798443,-9.99998435245992,26.9051418336129));
#12777=CARTESIAN_POINT('Ctrl Pts',(62.4765243798443,-11.9999843524599,26.9051418336129));
#12778=CARTESIAN_POINT('Ctrl Pts',(62.7100916921552,-9.99998435245992,26.8118966821832));
#12779=CARTESIAN_POINT('Ctrl Pts',(62.7100916921552,-11.9999843524599,26.8118966821832));
#12780=CARTESIAN_POINT('Ctrl Pts',(62.8335607238114,-9.99998435245992,26.7626051591539));
#12781=CARTESIAN_POINT('Ctrl Pts',(62.8335607238114,-11.9999843524599,26.7626051591539));
#12782=CARTESIAN_POINT('',(62.1077764220536,-11.9999843524599,26.9317726777697));
#12783=CARTESIAN_POINT('Ctrl Pts',(62.1077764220536,-11.9999843524599,26.9317726777697));
#12784=CARTESIAN_POINT('Ctrl Pts',(62.2259102037841,-11.9999843524599,26.9232410987753));
#12785=CARTESIAN_POINT('Ctrl Pts',(62.4765243798443,-11.9999843524599,26.9051418336129));
#12786=CARTESIAN_POINT('Ctrl Pts',(62.7100916921552,-11.9999843524599,26.8118966821832));
#12787=CARTESIAN_POINT('Ctrl Pts',(62.8335607238114,-11.9999843524599,26.7626051591539));
#12788=CARTESIAN_POINT('',(62.1077764220536,-11.9999843524599,26.9317726777697));
#12789=CARTESIAN_POINT('Ctrl Pts',(60.3342426009476,-9.99998435245992,25.6711988137865));
#12790=CARTESIAN_POINT('Ctrl Pts',(60.3342426009476,-11.9999843524599,25.6711988137865));
#12791=CARTESIAN_POINT('Ctrl Pts',(60.5852251276783,-9.99998435245992,26.0367063304408));
#12792=CARTESIAN_POINT('Ctrl Pts',(60.5852251276783,-11.9999843524599,26.0367063304408));
#12793=CARTESIAN_POINT('Ctrl Pts',(61.028082689065,-9.99998435245992,26.6816427314026));
#12794=CARTESIAN_POINT('Ctrl Pts',(61.028082689065,-11.9999843524599,26.6816427314026));
#12795=CARTESIAN_POINT('Ctrl Pts',(61.7813928808165,-9.99998435245992,26.8561602191896));
#12796=CARTESIAN_POINT('Ctrl Pts',(61.7813928808165,-11.9999843524599,26.8561602191896));
#12797=CARTESIAN_POINT('Ctrl Pts',(62.1077764220536,-9.99998435245992,26.9317726777697));
#12798=CARTESIAN_POINT('Ctrl Pts',(62.1077764220536,-11.9999843524599,26.9317726777697));
#12799=CARTESIAN_POINT('',(60.3342426009476,-11.9999843524599,25.6711988137865));
#12800=CARTESIAN_POINT('Ctrl Pts',(60.3342426009476,-11.9999843524599,25.6711988137865));
#12801=CARTESIAN_POINT('Ctrl Pts',(60.5852251276783,-11.9999843524599,26.0367063304408));
#12802=CARTESIAN_POINT('Ctrl Pts',(61.028082689065,-11.9999843524599,26.6816427314026));
#12803=CARTESIAN_POINT('Ctrl Pts',(61.7813928808165,-11.9999843524599,26.8561602191896));
#12804=CARTESIAN_POINT('Ctrl Pts',(62.1077764220536,-11.9999843524599,26.9317726777697));
#12805=CARTESIAN_POINT('',(60.3342426009476,-11.9999843524599,25.6711988137865));
#12806=CARTESIAN_POINT('Origin',(60.4515689797699,-11.9999843524599,26.2332729982042));
#12807=CARTESIAN_POINT('',(60.5688953585923,-11.9999843524599,26.795347182622));
#12808=CARTESIAN_POINT('',(69.8096941500303,-11.9999843524599,71.0651396726074));
#12809=CARTESIAN_POINT('',(60.5688953585923,-11.9999843524599,26.795347182622));
#12810=CARTESIAN_POINT('Origin',(59.8376536555588,-11.9999843524599,26.795347182622));
#12811=CARTESIAN_POINT('',(59.1064119525254,-11.9999843524599,26.795347182622));
#12812=CARTESIAN_POINT('',(88.4188294876367,-11.9999843524599,26.795347182622));
#12813=CARTESIAN_POINT('',(59.1064119525254,-11.9999843524599,26.795347182622));
#12814=CARTESIAN_POINT('Origin',(58.5006821341813,-11.9999843524599,23.8976661847735));
#12815=CARTESIAN_POINT('',(68.1476257420747,-11.9999843524599,70.046566789215));
#12816=CARTESIAN_POINT('Origin',(91.5893578715622,-11.9999843524599,20.9999851869249));
#12817=CARTESIAN_POINT('',(90.806274432689,-11.9999843524599,20.9999851869249));
#12818=CARTESIAN_POINT('',(90.806274432689,-11.9999843524599,20.9999851869249));
#12819=CARTESIAN_POINT('',(92.3724413104355,-11.9999843524599,20.9999851869249));
#12820=CARTESIAN_POINT('',(104.294681595638,-11.9999843524599,20.9999851869249));
#12821=CARTESIAN_POINT('',(92.3724413104355,-11.9999843524599,20.9999851869249));
#12822=CARTESIAN_POINT('Origin',(92.563436049968,-11.9999843524599,21.9085799144411));
#12823=CARTESIAN_POINT('',(92.7544307895005,-11.9999843524599,22.8171746419573));
#12824=CARTESIAN_POINT('',(101.746162153684,-11.9999843524599,65.5923826332208));
#12825=CARTESIAN_POINT('',(92.7544307895005,-11.9999843524599,22.8171746419573));
#12826=CARTESIAN_POINT('Ctrl Pts',(93.2182789035141,-9.99998435245993,24.4351832555437));
#12827=CARTESIAN_POINT('Ctrl Pts',(93.2182789035141,-11.9999843524599,24.4351832555437));
#12828=CARTESIAN_POINT('Ctrl Pts',(93.1356980185043,-9.99998435245993,24.2167378782574));
#12829=CARTESIAN_POINT('Ctrl Pts',(93.1356980185043,-11.9999843524599,24.2167378782574));
#12830=CARTESIAN_POINT('Ctrl Pts',(92.9367704893321,-9.99998435245993,23.6905289479764));
#12831=CARTESIAN_POINT('Ctrl Pts',(92.9367704893321,-11.9999843524599,23.6905289479764));
#12832=CARTESIAN_POINT('Ctrl Pts',(92.8217201965224,-9.99998435245993,23.1394713959076));
#12833=CARTESIAN_POINT('Ctrl Pts',(92.8217201965224,-11.9999843524599,23.1394713959076));
#12834=CARTESIAN_POINT('Ctrl Pts',(92.7544307895005,-9.99998435245993,22.8171746419573));
#12835=CARTESIAN_POINT('Ctrl Pts',(92.7544307895005,-11.9999843524599,22.8171746419573));
#12836=CARTESIAN_POINT('',(93.2182789035141,-11.9999843524599,24.4351832555437));
#12837=CARTESIAN_POINT('Ctrl Pts',(93.2182789035141,-11.9999843524599,24.4351832555437));
#12838=CARTESIAN_POINT('Ctrl Pts',(93.1356980185043,-11.9999843524599,24.2167378782574));
#12839=CARTESIAN_POINT('Ctrl Pts',(92.9367704893321,-11.9999843524599,23.6905289479764));
#12840=CARTESIAN_POINT('Ctrl Pts',(92.8217201965224,-11.9999843524599,23.1394713959076));
#12841=CARTESIAN_POINT('Ctrl Pts',(92.7544307895005,-11.9999843524599,22.8171746419573));
#12842=CARTESIAN_POINT('',(93.2182789035141,-11.9999843524599,24.4351832555437));
#12843=CARTESIAN_POINT('Ctrl Pts',(93.8703966327012,-9.99998435245992,25.251008717885));
#12844=CARTESIAN_POINT('Ctrl Pts',(93.8703966327012,-11.9999843524599,25.251008717885));
#12845=CARTESIAN_POINT('Ctrl Pts',(93.7380577798673,-9.99998435245992,25.1388571002736));
#12846=CARTESIAN_POINT('Ctrl Pts',(93.7380577798673,-11.9999843524599,25.1388571002736));
#12847=CARTESIAN_POINT('Ctrl Pts',(93.4675610852511,-9.99998435245993,24.9096225163995));
#12848=CARTESIAN_POINT('Ctrl Pts',(93.4675610852511,-11.9999843524599,24.9096225163995));
#12849=CARTESIAN_POINT('Ctrl Pts',(93.3025561723463,-9.99998435245993,24.5955815834672));
#12850=CARTESIAN_POINT('Ctrl Pts',(93.3025561723463,-11.9999843524599,24.5955815834672));
#12851=CARTESIAN_POINT('Ctrl Pts',(93.2182789035141,-9.99998435245993,24.4351832555437));
#12852=CARTESIAN_POINT('Ctrl Pts',(93.2182789035141,-11.9999843524599,24.4351832555437));
#12853=CARTESIAN_POINT('',(93.8703966327012,-11.9999843524599,25.251008717885));
#12854=CARTESIAN_POINT('Ctrl Pts',(93.8703966327012,-11.9999843524599,25.251008717885));
#12855=CARTESIAN_POINT('Ctrl Pts',(93.7380577798673,-11.9999843524599,25.1388571002736));
#12856=CARTESIAN_POINT('Ctrl Pts',(93.4675610852511,-11.9999843524599,24.9096225163995));
#12857=CARTESIAN_POINT('Ctrl Pts',(93.3025561723463,-11.9999843524599,24.5955815834672));
#12858=CARTESIAN_POINT('Ctrl Pts',(93.2182789035141,-11.9999843524599,24.4351832555437));
#12859=CARTESIAN_POINT('',(93.8703966327012,-11.9999843524599,25.251008717885));
#12860=CARTESIAN_POINT('Ctrl Pts',(94.6916771121323,-9.99998435245992,25.5566017316485));
#12861=CARTESIAN_POINT('Ctrl Pts',(94.6916771121323,-11.9999843524599,25.5566017316485));
#12862=CARTESIAN_POINT('Ctrl Pts',(94.5524545061218,-9.99998435245992,25.5408030789713));
#12863=CARTESIAN_POINT('Ctrl Pts',(94.5524545061218,-11.9999843524599,25.5408030789713));
#12864=CARTESIAN_POINT('Ctrl Pts',(94.2542109841388,-9.99998435245992,25.506959108139));
#12865=CARTESIAN_POINT('Ctrl Pts',(94.2542109841388,-11.9999843524599,25.506959108139));
#12866=CARTESIAN_POINT('Ctrl Pts',(94.0038741233232,-9.99998435245992,25.3400195005378));
#12867=CARTESIAN_POINT('Ctrl Pts',(94.0038741233232,-11.9999843524599,25.3400195005378));
#12868=CARTESIAN_POINT('Ctrl Pts',(93.8703966327012,-9.99998435245992,25.251008717885));
#12869=CARTESIAN_POINT('Ctrl Pts',(93.8703966327012,-11.9999843524599,25.251008717885));
#12870=CARTESIAN_POINT('',(94.6916771121323,-11.9999843524599,25.5566017316485));
#12871=CARTESIAN_POINT('Ctrl Pts',(94.6916771121323,-11.9999843524599,25.5566017316485));
#12872=CARTESIAN_POINT('Ctrl Pts',(94.5524545061218,-11.9999843524599,25.5408030789713));
#12873=CARTESIAN_POINT('Ctrl Pts',(94.2542109841388,-11.9999843524599,25.506959108139));
#12874=CARTESIAN_POINT('Ctrl Pts',(94.0038741233232,-11.9999843524599,25.3400195005378));
#12875=CARTESIAN_POINT('Ctrl Pts',(93.8703966327012,-11.9999843524599,25.251008717885));
#12876=CARTESIAN_POINT('',(94.6916771121323,-11.9999843524599,25.5566017316485));
#12877=CARTESIAN_POINT('Ctrl Pts',(95.1446104235947,-9.99998435245992,25.480204074254));
#12878=CARTESIAN_POINT('Ctrl Pts',(95.1446104235947,-11.9999843524599,25.480204074254));
#12879=CARTESIAN_POINT('Ctrl Pts',(95.0719362919973,-9.99998435245992,25.5024851014836));
#12880=CARTESIAN_POINT('Ctrl Pts',(95.0719362919973,-11.9999843524599,25.5024851014836));
#12881=CARTESIAN_POINT('Ctrl Pts',(94.9243237788666,-9.99998435245992,25.5477413481316));
#12882=CARTESIAN_POINT('Ctrl Pts',(94.9243237788666,-11.9999843524599,25.5477413481316));
#12883=CARTESIAN_POINT('Ctrl Pts',(94.7700149894099,-9.99998435245992,25.5536182217348));
#12884=CARTESIAN_POINT('Ctrl Pts',(94.7700149894099,-11.9999843524599,25.5536182217348));
#12885=CARTESIAN_POINT('Ctrl Pts',(94.6916771121323,-9.99998435245992,25.5566017316485));
#12886=CARTESIAN_POINT('Ctrl Pts',(94.6916771121323,-11.9999843524599,25.5566017316485));
#12887=CARTESIAN_POINT('',(95.1446104235947,-11.9999843524599,25.480204074254));
#12888=CARTESIAN_POINT('Ctrl Pts',(95.1446104235947,-11.9999843524599,25.480204074254));
#12889=CARTESIAN_POINT('Ctrl Pts',(95.0719362919973,-11.9999843524599,25.5024851014836));
#12890=CARTESIAN_POINT('Ctrl Pts',(94.9243237788666,-11.9999843524599,25.5477413481316));
#12891=CARTESIAN_POINT('Ctrl Pts',(94.7700149894099,-11.9999843524599,25.5536182217348));
#12892=CARTESIAN_POINT('Ctrl Pts',(94.6916771121323,-11.9999843524599,25.5566017316485));
#12893=CARTESIAN_POINT('',(95.1446104235947,-11.9999843524599,25.480204074254));
#12894=CARTESIAN_POINT('Origin',(95.4447460360825,-11.9999843524599,26.121404616704));
#12895=CARTESIAN_POINT('',(95.7448816485703,-11.9999843524599,26.7626051591539));
#12896=CARTESIAN_POINT('',(113.100706269307,-11.9999843524599,63.8410580266389));
#12897=CARTESIAN_POINT('',(95.7448816485703,-11.9999843524599,26.7626051591539));
#12898=CARTESIAN_POINT('Ctrl Pts',(95.0190973468125,-9.99998435245992,26.9317726777697));
#12899=CARTESIAN_POINT('Ctrl Pts',(95.0190973468125,-11.9999843524599,26.9317726777697));
#12900=CARTESIAN_POINT('Ctrl Pts',(95.137231128543,-9.99998435245992,26.9232410987753));
#12901=CARTESIAN_POINT('Ctrl Pts',(95.137231128543,-11.9999843524599,26.9232410987753));
#12902=CARTESIAN_POINT('Ctrl Pts',(95.3878453046033,-9.99998435245992,26.9051418336129));
#12903=CARTESIAN_POINT('Ctrl Pts',(95.3878453046033,-11.9999843524599,26.9051418336129));
#12904=CARTESIAN_POINT('Ctrl Pts',(95.6214126169141,-9.99998435245992,26.8118966821832));
#12905=CARTESIAN_POINT('Ctrl Pts',(95.6214126169141,-11.9999843524599,26.8118966821832));
#12906=CARTESIAN_POINT('Ctrl Pts',(95.7448816485703,-9.99998435245992,26.7626051591539));
#12907=CARTESIAN_POINT('Ctrl Pts',(95.7448816485703,-11.9999843524599,26.7626051591539));
#12908=CARTESIAN_POINT('',(95.0190973468125,-11.9999843524599,26.9317726777697));
#12909=CARTESIAN_POINT('Ctrl Pts',(95.0190973468125,-11.9999843524599,26.9317726777697));
#12910=CARTESIAN_POINT('Ctrl Pts',(95.137231128543,-11.9999843524599,26.9232410987753));
#12911=CARTESIAN_POINT('Ctrl Pts',(95.3878453046033,-11.9999843524599,26.9051418336129));
#12912=CARTESIAN_POINT('Ctrl Pts',(95.6214126169141,-11.9999843524599,26.8118966821832));
#12913=CARTESIAN_POINT('Ctrl Pts',(95.7448816485703,-11.9999843524599,26.7626051591539));
#12914=CARTESIAN_POINT('',(95.0190973468125,-11.9999843524599,26.9317726777697));
#12915=CARTESIAN_POINT('Ctrl Pts',(93.2455635257065,-9.99998435245992,25.6711988137865));
#12916=CARTESIAN_POINT('Ctrl Pts',(93.2455635257065,-11.9999843524599,25.6711988137865));
#12917=CARTESIAN_POINT('Ctrl Pts',(93.4965460524372,-9.99998435245992,26.0367063304408));
#12918=CARTESIAN_POINT('Ctrl Pts',(93.4965460524372,-11.9999843524599,26.0367063304408));
#12919=CARTESIAN_POINT('Ctrl Pts',(93.9394036138238,-9.99998435245992,26.6816427314026));
#12920=CARTESIAN_POINT('Ctrl Pts',(93.9394036138238,-11.9999843524599,26.6816427314026));
#12921=CARTESIAN_POINT('Ctrl Pts',(94.6927138055754,-9.99998435245992,26.8561602191896));
#12922=CARTESIAN_POINT('Ctrl Pts',(94.6927138055754,-11.9999843524599,26.8561602191896));
#12923=CARTESIAN_POINT('Ctrl Pts',(95.0190973468125,-9.99998435245992,26.9317726777697));
#12924=CARTESIAN_POINT('Ctrl Pts',(95.0190973468125,-11.9999843524599,26.9317726777697));
#12925=CARTESIAN_POINT('',(93.2455635257065,-11.9999843524599,25.6711988137865));
#12926=CARTESIAN_POINT('Ctrl Pts',(93.2455635257065,-11.9999843524599,25.6711988137865));
#12927=CARTESIAN_POINT('Ctrl Pts',(93.4965460524372,-11.9999843524599,26.0367063304408));
#12928=CARTESIAN_POINT('Ctrl Pts',(93.9394036138238,-11.9999843524599,26.6816427314026));
#12929=CARTESIAN_POINT('Ctrl Pts',(94.6927138055754,-11.9999843524599,26.8561602191896));
#12930=CARTESIAN_POINT('Ctrl Pts',(95.0190973468125,-11.9999843524599,26.9317726777697));
#12931=CARTESIAN_POINT('',(93.2455635257065,-11.9999843524599,25.6711988137865));
#12932=CARTESIAN_POINT('Origin',(93.3628893084824,-11.9999843524599,26.2332729982042));
#12933=CARTESIAN_POINT('',(93.4802150912583,-11.9999843524599,26.795347182622));
#12934=CARTESIAN_POINT('',(102.033907761368,-11.9999843524599,67.7736361619152));
#12935=CARTESIAN_POINT('',(93.4802150912583,-11.9999843524599,26.795347182622));
#12936=CARTESIAN_POINT('Origin',(92.7489757724106,-11.9999843524599,26.795347182622));
#12937=CARTESIAN_POINT('',(92.017736453563,-11.9999843524599,26.795347182622));
#12938=CARTESIAN_POINT('',(104.874490546063,-11.9999843524599,26.795347182622));
#12939=CARTESIAN_POINT('',(92.017736453563,-11.9999843524599,26.795347182622));
#12940=CARTESIAN_POINT('Origin',(91.412005443126,-11.9999843524599,23.8976661847735));
#12941=CARTESIAN_POINT('',(100.370000782807,-11.9999843524599,66.7507023136015));
#12942=CARTESIAN_POINT('Origin',(79.3328774161637,-11.9999843524599,21.4774750159884));
#12943=CARTESIAN_POINT('',(79.2319226451218,-11.9999843524599,20.9999851869249));
#12944=CARTESIAN_POINT('',(79.2319226451218,-11.9999843524599,20.9999851869249));
#12945=CARTESIAN_POINT('',(79.4338321872056,-11.9999843524599,21.9549648450518));
#12946=CARTESIAN_POINT('',(88.8940168867529,-11.9999843524599,66.6991797888085));
#12947=CARTESIAN_POINT('',(79.4338321872056,-11.9999843524599,21.9549648450518));
#12948=CARTESIAN_POINT('Ctrl Pts',(81.2619352526963,-9.99998435245993,20.8635596917772));
#12949=CARTESIAN_POINT('Ctrl Pts',(81.2619352526963,-11.9999843524599,20.8635596917772));
#12950=CARTESIAN_POINT('Ctrl Pts',(80.8748709323806,-9.99998435245993,20.9087405848557));
#12951=CARTESIAN_POINT('Ctrl Pts',(80.8748709323806,-11.9999843524599,20.9087405848557));
#12952=CARTESIAN_POINT('Ctrl Pts',(80.1019891840129,-9.99998435245993,20.9989568249028));
#12953=CARTESIAN_POINT('Ctrl Pts',(80.1019891840129,-11.9999843524599,20.9989568249028));
#12954=CARTESIAN_POINT('Ctrl Pts',(79.6563115151358,-9.99998435245993,21.6366384295013));
#12955=CARTESIAN_POINT('Ctrl Pts',(79.6563115151358,-11.9999843524599,21.6366384295013));
#12956=CARTESIAN_POINT('Ctrl Pts',(79.4338321872056,-9.99998435245993,21.9549648450518));
#12957=CARTESIAN_POINT('Ctrl Pts',(79.4338321872056,-11.9999843524599,21.9549648450518));
#12958=CARTESIAN_POINT('',(81.2619352526963,-11.9999843524599,20.8635596917772));
#12959=CARTESIAN_POINT('Ctrl Pts',(81.2619352526963,-11.9999843524599,20.8635596917772));
#12960=CARTESIAN_POINT('Ctrl Pts',(80.8748709323806,-11.9999843524599,20.9087405848557));
#12961=CARTESIAN_POINT('Ctrl Pts',(80.1019891840129,-11.9999843524599,20.9989568249028));
#12962=CARTESIAN_POINT('Ctrl Pts',(79.6563115151358,-11.9999843524599,21.6366384295013));
#12963=CARTESIAN_POINT('Ctrl Pts',(79.4338321872056,-11.9999843524599,21.9549648450518));
#12964=CARTESIAN_POINT('',(81.2619352526963,-11.9999843524599,20.8635596917772));
#12965=CARTESIAN_POINT('Ctrl Pts',(82.2633004374802,-9.99998435245993,21.0900263475084));
#12966=CARTESIAN_POINT('Ctrl Pts',(82.2633004374802,-11.9999843524599,21.0900263475084));
#12967=CARTESIAN_POINT('Ctrl Pts',(82.1024036770594,-9.99998435245993,21.0239739682955));
#12968=CARTESIAN_POINT('Ctrl Pts',(82.1024036770594,-11.9999843524599,21.0239739682955));
#12969=CARTESIAN_POINT('Ctrl Pts',(81.7813368588418,-9.99998435245993,20.8921675405331));
#12970=CARTESIAN_POINT('Ctrl Pts',(81.7813368588418,-11.9999843524599,20.8921675405331));
#12971=CARTESIAN_POINT('Ctrl Pts',(81.4348076766989,-9.99998435245993,20.8730812413863));
#12972=CARTESIAN_POINT('Ctrl Pts',(81.4348076766989,-11.9999843524599,20.8730812413863));
#12973=CARTESIAN_POINT('Ctrl Pts',(81.2619352526963,-9.99998435245993,20.8635596917772));
#12974=CARTESIAN_POINT('Ctrl Pts',(81.2619352526963,-11.9999843524599,20.8635596917772));
#12975=CARTESIAN_POINT('',(82.2633004374802,-11.9999843524599,21.0900263475084));
#12976=CARTESIAN_POINT('Ctrl Pts',(82.2633004374802,-11.9999843524599,21.0900263475084));
#12977=CARTESIAN_POINT('Ctrl Pts',(82.1024036770594,-11.9999843524599,21.0239739682955));
#12978=CARTESIAN_POINT('Ctrl Pts',(81.7813368588418,-11.9999843524599,20.8921675405331));
#12979=CARTESIAN_POINT('Ctrl Pts',(81.4348076766989,-11.9999843524599,20.8730812413863));
#12980=CARTESIAN_POINT('Ctrl Pts',(81.2619352526963,-11.9999843524599,20.8635596917772));
#12981=CARTESIAN_POINT('',(82.2633004374802,-11.9999843524599,21.0900263475084));
#12982=CARTESIAN_POINT('Ctrl Pts',(83.1746244616807,-9.99998435245993,21.7830686257982));
#12983=CARTESIAN_POINT('Ctrl Pts',(83.1746244616807,-11.9999843524599,21.7830686257982));
#12984=CARTESIAN_POINT('Ctrl Pts',(83.0323773554915,-9.99998435245993,21.6395847074631));
#12985=CARTESIAN_POINT('Ctrl Pts',(83.0323773554915,-11.9999843524599,21.6395847074631));
#12986=CARTESIAN_POINT('Ctrl Pts',(82.7608785086123,-9.99998435245993,21.3657252285793));
#12987=CARTESIAN_POINT('Ctrl Pts',(82.7608785086123,-11.9999843524599,21.3657252285793));
#12988=CARTESIAN_POINT('Ctrl Pts',(82.4237813795371,-9.99998435245993,21.1789458934555));
#12989=CARTESIAN_POINT('Ctrl Pts',(82.4237813795371,-11.9999843524599,21.1789458934555));
#12990=CARTESIAN_POINT('Ctrl Pts',(82.2633004374802,-9.99998435245993,21.0900263475084));
#12991=CARTESIAN_POINT('Ctrl Pts',(82.2633004374802,-11.9999843524599,21.0900263475084));
#12992=CARTESIAN_POINT('',(83.1746244616807,-11.9999843524599,21.7830686257982));
#12993=CARTESIAN_POINT('Ctrl Pts',(83.1746244616807,-11.9999843524599,21.7830686257982));
#12994=CARTESIAN_POINT('Ctrl Pts',(83.0323773554915,-11.9999843524599,21.6395847074631));
#12995=CARTESIAN_POINT('Ctrl Pts',(82.7608785086123,-11.9999843524599,21.3657252285793));
#12996=CARTESIAN_POINT('Ctrl Pts',(82.4237813795371,-11.9999843524599,21.1789458934555));
#12997=CARTESIAN_POINT('Ctrl Pts',(82.2633004374802,-11.9999843524599,21.0900263475084));
#12998=CARTESIAN_POINT('',(83.1746244616807,-11.9999843524599,21.7830686257982));
#12999=CARTESIAN_POINT('Ctrl Pts',(83.8676667399704,-9.99998435245993,22.9945282624865));
#13000=CARTESIAN_POINT('Ctrl Pts',(83.8676667399704,-11.9999843524599,22.9945282624865));
#13001=CARTESIAN_POINT('Ctrl Pts',(83.778370502923,-9.99998435245993,22.7626676808542));
#13002=CARTESIAN_POINT('Ctrl Pts',(83.778370502923,-11.9999843524599,22.7626676808542));
#13003=CARTESIAN_POINT('Ctrl Pts',(83.6090700346677,-9.99998435245993,22.3230735127437));
#13004=CARTESIAN_POINT('Ctrl Pts',(83.6090700346677,-11.9999843524599,22.3230735127437));
#13005=CARTESIAN_POINT('Ctrl Pts',(83.3140421467196,-9.99998435245993,21.9563612910451));
#13006=CARTESIAN_POINT('Ctrl Pts',(83.3140421467196,-11.9999843524599,21.9563612910451));
#13007=CARTESIAN_POINT('Ctrl Pts',(83.1746244616807,-9.99998435245993,21.7830686257982));
#13008=CARTESIAN_POINT('Ctrl Pts',(83.1746244616807,-11.9999843524599,21.7830686257982));
#13009=CARTESIAN_POINT('',(83.8676667399704,-11.9999843524599,22.9945282624865));
#13010=CARTESIAN_POINT('Ctrl Pts',(83.8676667399704,-11.9999843524599,22.9945282624865));
#13011=CARTESIAN_POINT('Ctrl Pts',(83.778370502923,-11.9999843524599,22.7626676808542));
#13012=CARTESIAN_POINT('Ctrl Pts',(83.6090700346677,-11.9999843524599,22.3230735127437));
#13013=CARTESIAN_POINT('Ctrl Pts',(83.3140421467196,-11.9999843524599,21.9563612910451));
#13014=CARTESIAN_POINT('Ctrl Pts',(83.1746244616807,-11.9999843524599,21.7830686257982));
#13015=CARTESIAN_POINT('',(83.8676667399704,-11.9999843524599,22.9945282624865));
#13016=CARTESIAN_POINT('Ctrl Pts',(84.1268754191697,-9.99998435245993,24.53068062531));
#13017=CARTESIAN_POINT('Ctrl Pts',(84.1268754191697,-11.9999843524599,24.53068062531));
#13018=CARTESIAN_POINT('Ctrl Pts',(84.116110986769,-9.99998435245993,24.2689607826922));
#13019=CARTESIAN_POINT('Ctrl Pts',(84.116110986769,-11.9999843524599,24.2689607826922));
#13020=CARTESIAN_POINT('Ctrl Pts',(84.094599989681,-9.99998435245993,23.7459555221369));
#13021=CARTESIAN_POINT('Ctrl Pts',(84.094599989681,-11.9999843524599,23.7459555221369));
#13022=CARTESIAN_POINT('Ctrl Pts',(83.9432692565125,-9.99998435245993,23.244865275244));
#13023=CARTESIAN_POINT('Ctrl Pts',(83.9432692565125,-11.9999843524599,23.244865275244));
#13024=CARTESIAN_POINT('Ctrl Pts',(83.8676667399704,-9.99998435245993,22.9945282624865));
#13025=CARTESIAN_POINT('Ctrl Pts',(83.8676667399704,-11.9999843524599,22.9945282624865));
#13026=CARTESIAN_POINT('',(84.1268754191697,-11.9999843524599,24.53068062531));
#13027=CARTESIAN_POINT('Ctrl Pts',(84.1268754191697,-11.9999843524599,24.53068062531));
#13028=CARTESIAN_POINT('Ctrl Pts',(84.116110986769,-11.9999843524599,24.2689607826922));
#13029=CARTESIAN_POINT('Ctrl Pts',(84.094599989681,-11.9999843524599,23.7459555221369));
#13030=CARTESIAN_POINT('Ctrl Pts',(83.9432692565125,-11.9999843524599,23.244865275244));
#13031=CARTESIAN_POINT('Ctrl Pts',(83.8676667399704,-11.9999843524599,22.9945282624865));
#13032=CARTESIAN_POINT('',(84.1268754191697,-11.9999843524599,24.53068062531));
#13033=CARTESIAN_POINT('Ctrl Pts',(83.5757160373032,-9.99998435245992,26.3178567575121));
#13034=CARTESIAN_POINT('Ctrl Pts',(83.5757160373032,-11.9999843524599,26.3178567575121));
#13035=CARTESIAN_POINT('Ctrl Pts',(83.7360837317339,-9.99998435245992,26.0740152122208));
#13036=CARTESIAN_POINT('Ctrl Pts',(83.7360837317339,-11.9999843524599,26.0740152122208));
#13037=CARTESIAN_POINT('Ctrl Pts',(84.0909402900633,-9.99998435245992,25.5344503587948));
#13038=CARTESIAN_POINT('Ctrl Pts',(84.0909402900633,-11.9999843524599,25.5344503587948));
#13039=CARTESIAN_POINT('Ctrl Pts',(84.1141530369468,-9.99998435245993,24.8860527230505));
#13040=CARTESIAN_POINT('Ctrl Pts',(84.1141530369468,-11.9999843524599,24.8860527230505));
#13041=CARTESIAN_POINT('Ctrl Pts',(84.1268754191697,-9.99998435245993,24.53068062531));
#13042=CARTESIAN_POINT('Ctrl Pts',(84.1268754191697,-11.9999843524599,24.53068062531));
#13043=CARTESIAN_POINT('',(83.5757160373032,-11.9999843524599,26.3178567575121));
#13044=CARTESIAN_POINT('Ctrl Pts',(83.5757160373032,-11.9999843524599,26.3178567575121));
#13045=CARTESIAN_POINT('Ctrl Pts',(83.7360837317339,-11.9999843524599,26.0740152122208));
#13046=CARTESIAN_POINT('Ctrl Pts',(84.0909402900633,-11.9999843524599,25.5344503587948));
#13047=CARTESIAN_POINT('Ctrl Pts',(84.1141530369468,-11.9999843524599,24.8860527230505));
#13048=CARTESIAN_POINT('Ctrl Pts',(84.1268754191697,-11.9999843524599,24.53068062531));
#13049=CARTESIAN_POINT('',(83.5757160373032,-11.9999843524599,26.3178567575121));
#13050=CARTESIAN_POINT('Ctrl Pts',(82.1077752299607,-9.99998435245992,26.9317726777697));
#13051=CARTESIAN_POINT('Ctrl Pts',(82.1077752299607,-11.9999843524599,26.9317726777697));
#13052=CARTESIAN_POINT('Ctrl Pts',(82.3951715981907,-9.99998435245992,26.9094127624236));
#13053=CARTESIAN_POINT('Ctrl Pts',(82.3951715981907,-11.9999843524599,26.9094127624236));
#13054=CARTESIAN_POINT('Ctrl Pts',(82.9531829497489,-9.99998435245992,26.8659985513816));
#13055=CARTESIAN_POINT('Ctrl Pts',(82.9531829497489,-11.9999843524599,26.8659985513816));
#13056=CARTESIAN_POINT('Ctrl Pts',(83.3724075325924,-9.99998435245992,26.4968703564823));
#13057=CARTESIAN_POINT('Ctrl Pts',(83.3724075325924,-11.9999843524599,26.4968703564823));
#13058=CARTESIAN_POINT('Ctrl Pts',(83.5757160373032,-9.99998435245992,26.3178567575121));
#13059=CARTESIAN_POINT('Ctrl Pts',(83.5757160373032,-11.9999843524599,26.3178567575121));
#13060=CARTESIAN_POINT('',(82.1077752299607,-11.9999843524599,26.9317726777697));
#13061=CARTESIAN_POINT('Ctrl Pts',(82.1077752299607,-11.9999843524599,26.9317726777697));
#13062=CARTESIAN_POINT('Ctrl Pts',(82.3951715981907,-11.9999843524599,26.9094127624236));
#13063=CARTESIAN_POINT('Ctrl Pts',(82.9531829497489,-11.9999843524599,26.8659985513816));
#13064=CARTESIAN_POINT('Ctrl Pts',(83.3724075325924,-11.9999843524599,26.4968703564823));
#13065=CARTESIAN_POINT('Ctrl Pts',(83.5757160373032,-11.9999843524599,26.3178567575121));
#13066=CARTESIAN_POINT('',(82.1077752299607,-11.9999843524599,26.9317726777697));
#13067=CARTESIAN_POINT('Ctrl Pts',(81.2919497676194,-9.99998435245992,26.7926184819841));
#13068=CARTESIAN_POINT('Ctrl Pts',(81.2919497676194,-11.9999843524599,26.7926184819841));
#13069=CARTESIAN_POINT('Ctrl Pts',(81.4212342737748,-9.99998435245992,26.8331971730382));
#13070=CARTESIAN_POINT('Ctrl Pts',(81.4212342737748,-11.9999843524599,26.8331971730382));
#13071=CARTESIAN_POINT('Ctrl Pts',(81.6867815175974,-9.99998435245992,26.9165448214747));
#13072=CARTESIAN_POINT('Ctrl Pts',(81.6867815175974,-11.9999843524599,26.9165448214747));
#13073=CARTESIAN_POINT('Ctrl Pts',(81.9650068607564,-9.99998435245992,26.9266085716421));
#13074=CARTESIAN_POINT('Ctrl Pts',(81.9650068607564,-11.9999843524599,26.9266085716421));
#13075=CARTESIAN_POINT('Ctrl Pts',(82.1077752299607,-9.99998435245992,26.9317726777697));
#13076=CARTESIAN_POINT('Ctrl Pts',(82.1077752299607,-11.9999843524599,26.9317726777697));
#13077=CARTESIAN_POINT('',(81.2919497676194,-11.9999843524599,26.7926184819841));
#13078=CARTESIAN_POINT('Ctrl Pts',(81.2919497676194,-11.9999843524599,26.7926184819841));
#13079=CARTESIAN_POINT('Ctrl Pts',(81.4212342737748,-11.9999843524599,26.8331971730382));
#13080=CARTESIAN_POINT('Ctrl Pts',(81.6867815175974,-11.9999843524599,26.9165448214747));
#13081=CARTESIAN_POINT('Ctrl Pts',(81.9650068607564,-11.9999843524599,26.9266085716421));
#13082=CARTESIAN_POINT('Ctrl Pts',(82.1077752299607,-11.9999843524599,26.9317726777697));
#13083=CARTESIAN_POINT('',(81.2919497676194,-11.9999843524599,26.7926184819841));
#13084=CARTESIAN_POINT('Ctrl Pts',(80.4870391078293,-9.99998435245992,26.3260416673327));
#13085=CARTESIAN_POINT('Ctrl Pts',(80.4870391078293,-11.9999843524599,26.3260416673327));
#13086=CARTESIAN_POINT('Ctrl Pts',(80.6227264570913,-9.99998435245992,26.425154010949));
#13087=CARTESIAN_POINT('Ctrl Pts',(80.6227264570913,-11.9999843524599,26.425154010949));
#13088=CARTESIAN_POINT('Ctrl Pts',(80.8747040425605,-9.99998435245992,26.6092101456622));
#13089=CARTESIAN_POINT('Ctrl Pts',(80.8747040425605,-11.9999843524599,26.6092101456622));
#13090=CARTESIAN_POINT('Ctrl Pts',(81.1601934721529,-9.99998435245992,26.7347024830892));
#13091=CARTESIAN_POINT('Ctrl Pts',(81.1601934721529,-11.9999843524599,26.7347024830892));
#13092=CARTESIAN_POINT('Ctrl Pts',(81.2919497676194,-9.99998435245992,26.7926184819841));
#13093=CARTESIAN_POINT('Ctrl Pts',(81.2919497676194,-11.9999843524599,26.7926184819841));
#13094=CARTESIAN_POINT('',(80.4870391078293,-11.9999843524599,26.3260416673327));
#13095=CARTESIAN_POINT('Ctrl Pts',(80.4870391078293,-11.9999843524599,26.3260416673327));
#13096=CARTESIAN_POINT('Ctrl Pts',(80.6227264570913,-11.9999843524599,26.425154010949));
#13097=CARTESIAN_POINT('Ctrl Pts',(80.8747040425605,-11.9999843524599,26.6092101456622));
#13098=CARTESIAN_POINT('Ctrl Pts',(81.1601934721529,-11.9999843524599,26.7347024830892));
#13099=CARTESIAN_POINT('Ctrl Pts',(81.2919497676194,-11.9999843524599,26.7926184819841));
#13100=CARTESIAN_POINT('',(80.4870391078293,-11.9999843524599,26.3260416673327));
#13101=CARTESIAN_POINT('Origin',(80.7680762000382,-11.9999843524599,27.6630134867334));
#13102=CARTESIAN_POINT('',(81.0491132922471,-11.9999843524599,28.9999853061342));
#13103=CARTESIAN_POINT('',(89.6209571518592,-11.9999843524599,69.7786369443598));
#13104=CARTESIAN_POINT('',(81.0491132922471,-11.9999843524599,28.9999853061342));
#13105=CARTESIAN_POINT('Origin',(80.2633011527359,-11.9999843524599,28.9999853061342));
#13106=CARTESIAN_POINT('',(79.4774890132248,-11.9999843524599,28.9999853061342));
#13107=CARTESIAN_POINT('',(98.6316532362252,-11.9999843524599,28.9999853061342));
#13108=CARTESIAN_POINT('',(79.4774890132248,-11.9999843524599,28.9999853061342));
#13109=CARTESIAN_POINT('Origin',(78.6425638385117,-11.9999843524599,24.9999852465296));
#13110=CARTESIAN_POINT('',(77.8076386637986,-11.9999843524599,20.9999851869249));
#13111=CARTESIAN_POINT('',(87.7439681786117,-11.9999843524599,68.6034349992505));
#13112=CARTESIAN_POINT('',(77.8076386637986,-11.9999843524599,20.9999851869249));
#13113=CARTESIAN_POINT('Origin',(78.5197806544602,-11.9999843524599,20.9999851869249));
#13114=CARTESIAN_POINT('',(97.7598929870874,-11.9999843524599,20.9999851869249));
#13115=CARTESIAN_POINT('Origin',(101.533424854279,-11.9999843524599,21.3465051339769));
#13116=CARTESIAN_POINT('',(102.16780424118,-11.9999843524599,21.3465051339769));
#13117=CARTESIAN_POINT('',(102.16780424118,-11.9999843524599,21.3465051339769));
#13118=CARTESIAN_POINT('',(100.899045467377,-11.9999843524599,21.3465051339769));
#13119=CARTESIAN_POINT('',(109.266715086997,-11.9999843524599,21.3465051339769));
#13120=CARTESIAN_POINT('',(100.899045467377,-11.9999843524599,21.3465051339769));
#13121=CARTESIAN_POINT('Origin',(100.358799695969,-11.9999843524599,20.4297249005938));
#13122=CARTESIAN_POINT('',(99.8185539245605,-11.9999843524599,19.5129446672106));
#13123=CARTESIAN_POINT('',(121.654913592338,-11.9999843524599,56.5685663341552));
#13124=CARTESIAN_POINT('',(99.8185539245605,-11.9999843524599,19.5129446672106));
#13125=CARTESIAN_POINT('Ctrl Pts',(99.5095503330231,-9.99998435245993,18.9583747075701));
#13126=CARTESIAN_POINT('Ctrl Pts',(99.5095503330231,-11.9999843524599,18.9583747075701));
#13127=CARTESIAN_POINT('Ctrl Pts',(99.576645060655,-9.99998435245993,19.0816681916573));
#13128=CARTESIAN_POINT('Ctrl Pts',(99.576645060655,-11.9999843524599,19.0816681916573));
#13129=CARTESIAN_POINT('Ctrl Pts',(99.6778036067333,-9.99998435245993,19.2675574564535));
#13130=CARTESIAN_POINT('Ctrl Pts',(99.6778036067333,-11.9999843524599,19.2675574564535));
#13131=CARTESIAN_POINT('Ctrl Pts',(99.7830975613355,-9.99998435245993,19.4511292609671));
#13132=CARTESIAN_POINT('Ctrl Pts',(99.7830975613355,-11.9999843524599,19.4511292609671));
#13133=CARTESIAN_POINT('Ctrl Pts',(99.8185539245605,-9.99998435245993,19.5129446672106));
#13134=CARTESIAN_POINT('Ctrl Pts',(99.8185539245605,-11.9999843524599,19.5129446672106));
#13135=CARTESIAN_POINT('',(99.5095503330231,-11.9999843524599,18.9583747075701));
#13136=CARTESIAN_POINT('Ctrl Pts',(99.5095503330231,-11.9999843524599,18.9583747075701));
#13137=CARTESIAN_POINT('Ctrl Pts',(99.576645060655,-11.9999843524599,19.0816681916573));
#13138=CARTESIAN_POINT('Ctrl Pts',(99.6778036067333,-11.9999843524599,19.2675574564535));
#13139=CARTESIAN_POINT('Ctrl Pts',(99.7830975613355,-11.9999843524599,19.4511292609671));
#13140=CARTESIAN_POINT('Ctrl Pts',(99.8185539245605,-11.9999843524599,19.5129446672106));
#13141=CARTESIAN_POINT('',(99.5095503330231,-11.9999843524599,18.9583747075701));
#13142=CARTESIAN_POINT('Ctrl Pts',(99.2251026630402,-9.99998435245993,18.4283606694841));
#13143=CARTESIAN_POINT('Ctrl Pts',(99.2251026630402,-11.9999843524599,18.4283606694841));
#13144=CARTESIAN_POINT('Ctrl Pts',(99.2541273353914,-9.99998435245993,18.4841974294927));
#13145=CARTESIAN_POINT('Ctrl Pts',(99.2541273353914,-11.9999843524599,18.4841974294927));
#13146=CARTESIAN_POINT('Ctrl Pts',(99.3466098109072,-9.99998435245993,18.6621123333331));
#13147=CARTESIAN_POINT('Ctrl Pts',(99.3466098109072,-11.9999843524599,18.6621123333331));
#13148=CARTESIAN_POINT('Ctrl Pts',(99.4432438747593,-9.99998435245993,18.8378147112145));
#13149=CARTESIAN_POINT('Ctrl Pts',(99.4432438747593,-11.9999843524599,18.8378147112145));
#13150=CARTESIAN_POINT('Ctrl Pts',(99.5095503330231,-9.99998435245993,18.9583747075701));
#13151=CARTESIAN_POINT('Ctrl Pts',(99.5095503330231,-11.9999843524599,18.9583747075701));
#13152=CARTESIAN_POINT('',(99.2251026630402,-11.9999843524599,18.4283606694841));
#13153=CARTESIAN_POINT('Ctrl Pts',(99.2251026630402,-11.9999843524599,18.4283606694841));
#13154=CARTESIAN_POINT('Ctrl Pts',(99.2541273353914,-11.9999843524599,18.4841974294927));
#13155=CARTESIAN_POINT('Ctrl Pts',(99.3466098109072,-11.9999843524599,18.6621123333331));
#13156=CARTESIAN_POINT('Ctrl Pts',(99.4432438747593,-11.9999843524599,18.8378147112145));
#13157=CARTESIAN_POINT('Ctrl Pts',(99.5095503330231,-11.9999843524599,18.9583747075701));
#13158=CARTESIAN_POINT('',(99.2251026630402,-11.9999843524599,18.4283606694841));
#13159=CARTESIAN_POINT('Ctrl Pts',(99.0736699104309,-9.99998435245993,19.4515530751848));
#13160=CARTESIAN_POINT('Ctrl Pts',(99.0736699104309,-11.9999843524599,19.4515530751848));
#13161=CARTESIAN_POINT('Ctrl Pts',(99.1092169436278,-9.99998435245993,19.2383044228138));
#13162=CARTESIAN_POINT('Ctrl Pts',(99.1092169436278,-11.9999843524599,19.2383044228138));
#13163=CARTESIAN_POINT('Ctrl Pts',(99.1659198990867,-9.99998435245993,18.8981402023551));
#13164=CARTESIAN_POINT('Ctrl Pts',(99.1659198990867,-11.9999843524599,18.8981402023551));
#13165=CARTESIAN_POINT('Ctrl Pts',(99.2090214403191,-9.99998435245993,18.5560098158448));
#13166=CARTESIAN_POINT('Ctrl Pts',(99.2090214403191,-11.9999843524599,18.5560098158448));
#13167=CARTESIAN_POINT('Ctrl Pts',(99.2251026630402,-9.99998435245993,18.4283606694841));
#13168=CARTESIAN_POINT('Ctrl Pts',(99.2251026630402,-11.9999843524599,18.4283606694841));
#13169=CARTESIAN_POINT('',(99.0736699104309,-11.9999843524599,19.4515530751848));
#13170=CARTESIAN_POINT('Ctrl Pts',(99.0736699104309,-11.9999843524599,19.4515530751848));
#13171=CARTESIAN_POINT('Ctrl Pts',(99.1092169436278,-11.9999843524599,19.2383044228138));
#13172=CARTESIAN_POINT('Ctrl Pts',(99.1659198990867,-11.9999843524599,18.8981402023551));
#13173=CARTESIAN_POINT('Ctrl Pts',(99.2090214403191,-11.9999843524599,18.5560098158448));
#13174=CARTESIAN_POINT('Ctrl Pts',(99.2251026630402,-11.9999843524599,18.4283606694841));
#13175=CARTESIAN_POINT('',(99.0736699104309,-11.9999843524599,19.4515530751848));
#13176=CARTESIAN_POINT('Origin',(98.9201912283897,-11.9999843524599,20.3990291045809));
#13177=CARTESIAN_POINT('',(98.7667125463486,-11.9999843524599,21.3465051339769));
#13178=CARTESIAN_POINT('',(92.2376421505831,-11.9999843524599,61.6526741208066));
#13179=CARTESIAN_POINT('',(98.7667125463486,-11.9999843524599,21.3465051339769));
#13180=CARTESIAN_POINT('Origin',(98.189631998539,-11.9999843524599,21.3465051339769));
#13181=CARTESIAN_POINT('',(97.6125514507294,-11.9999843524599,21.3465051339769));
#13182=CARTESIAN_POINT('',(107.594818659127,-11.9999843524599,21.3465051339769));
#13183=CARTESIAN_POINT('',(97.6125514507294,-11.9999843524599,21.3465051339769));
#13184=CARTESIAN_POINT('Origin',(98.0484312772751,-11.9999843524599,19.1732446836138));
#13185=CARTESIAN_POINT('',(98.4843111038208,-11.9999843524599,16.9999842332506));
#13186=CARTESIAN_POINT('',(89.8515721479571,-11.9999843524599,60.0421004508507));
#13187=CARTESIAN_POINT('',(98.4843111038208,-11.9999843524599,16.9999842332506));
#13188=CARTESIAN_POINT('Origin',(98.9897683262825,-11.9999843524599,16.9999842332506));
#13189=CARTESIAN_POINT('',(99.4952255487442,-11.9999843524599,16.9999842332506));
#13190=CARTESIAN_POINT('',(107.994886822999,-11.9999843524599,16.9999842332506));
#13191=CARTESIAN_POINT('',(99.4952255487442,-11.9999843524599,16.9999842332506));
#13192=CARTESIAN_POINT('Origin',(100.831514894962,-11.9999843524599,19.1732446836138));
#13193=CARTESIAN_POINT('',(122.866053155166,-11.9999843524599,55.0088896196756));
#13194=CARTESIAN_POINT('Ctrl Pts',(87.8813123889267,-9.99998435245992,25.8130817102099));
#13195=CARTESIAN_POINT('Ctrl Pts',(87.8813123889267,-11.9999843524599,25.8130817102099));
#13196=CARTESIAN_POINT('Ctrl Pts',(87.7532324440027,-9.99998435245992,25.8089420072035));
#13197=CARTESIAN_POINT('Ctrl Pts',(87.7532324440027,-11.9999843524599,25.8089420072035));
#13198=CARTESIAN_POINT('Ctrl Pts',(87.5185750206323,-9.99998435245992,25.8013575876322));
#13199=CARTESIAN_POINT('Ctrl Pts',(87.5185750206323,-11.9999843524599,25.8013575876322));
#13200=CARTESIAN_POINT('Ctrl Pts',(87.312070677351,-9.99998435245992,25.6912118455006));
#13201=CARTESIAN_POINT('Ctrl Pts',(87.312070677351,-11.9999843524599,25.6912118455006));
#13202=CARTESIAN_POINT('Ctrl Pts',(87.2182798571885,-9.99998435245992,25.6411854909563));
#13203=CARTESIAN_POINT('Ctrl Pts',(87.2182798571885,-11.9999843524599,25.6411854909563));
#13204=CARTESIAN_POINT('',(87.2182798571885,-11.9999843524599,25.6411854909563));
#13205=CARTESIAN_POINT('',(87.2182798571885,-11.9999843524599,25.6411854909563));
#13206=CARTESIAN_POINT('',(87.8813123889267,-11.9999843524599,25.8130817102099));
#13207=CARTESIAN_POINT('Ctrl Pts',(87.8813123889267,-11.9999843524599,25.8130817102099));
#13208=CARTESIAN_POINT('Ctrl Pts',(87.7532324440027,-11.9999843524599,25.8089420072035));
#13209=CARTESIAN_POINT('Ctrl Pts',(87.5185750206323,-11.9999843524599,25.8013575876322));
#13210=CARTESIAN_POINT('Ctrl Pts',(87.312070677351,-11.9999843524599,25.6912118455006));
#13211=CARTESIAN_POINT('Ctrl Pts',(87.2182798571885,-11.9999843524599,25.6411854909563));
#13212=CARTESIAN_POINT('',(87.8813123889267,-11.9999843524599,25.8130817102099));
#13213=CARTESIAN_POINT('Ctrl Pts',(88.4815836139023,-9.99998435245992,25.6439141915941));
#13214=CARTESIAN_POINT('Ctrl Pts',(88.4815836139023,-11.9999843524599,25.6439141915941));
#13215=CARTESIAN_POINT('Ctrl Pts',(88.3999981507937,-9.99998435245992,25.6930972462374));
#13216=CARTESIAN_POINT('Ctrl Pts',(88.3999981507937,-11.9999843524599,25.6930972462374));
#13217=CARTESIAN_POINT('Ctrl Pts',(88.2163665317756,-9.99998435245992,25.803797898146));
#13218=CARTESIAN_POINT('Ctrl Pts',(88.2163665317756,-11.9999843524599,25.803797898146));
#13219=CARTESIAN_POINT('Ctrl Pts',(88.0009961385916,-9.99998435245992,25.8097654657679));
#13220=CARTESIAN_POINT('Ctrl Pts',(88.0009961385916,-11.9999843524599,25.8097654657679));
#13221=CARTESIAN_POINT('Ctrl Pts',(87.8813123889267,-9.99998435245992,25.8130817102099));
#13222=CARTESIAN_POINT('Ctrl Pts',(87.8813123889267,-11.9999843524599,25.8130817102099));
#13223=CARTESIAN_POINT('',(88.4815836139023,-11.9999843524599,25.6439141915941));
#13224=CARTESIAN_POINT('Ctrl Pts',(88.4815836139023,-11.9999843524599,25.6439141915941));
#13225=CARTESIAN_POINT('Ctrl Pts',(88.3999981507937,-11.9999843524599,25.6930972462374));
#13226=CARTESIAN_POINT('Ctrl Pts',(88.2163665317756,-11.9999843524599,25.803797898146));
#13227=CARTESIAN_POINT('Ctrl Pts',(88.0009961385916,-11.9999843524599,25.8097654657679));
#13228=CARTESIAN_POINT('Ctrl Pts',(87.8813123889267,-11.9999843524599,25.8130817102099));
#13229=CARTESIAN_POINT('',(88.4815836139023,-11.9999843524599,25.6439141915941));
#13230=CARTESIAN_POINT('Ctrl Pts',(88.6834907718003,-9.99998435245992,25.2237229035998));
#13231=CARTESIAN_POINT('Ctrl Pts',(88.6834907718003,-11.9999843524599,25.2237229035998));
#13232=CARTESIAN_POINT('Ctrl Pts',(88.6746193276552,-9.99998435245992,25.3043669073999));
#13233=CARTESIAN_POINT('Ctrl Pts',(88.6746193276552,-11.9999843524599,25.3043669073999));
#13234=CARTESIAN_POINT('Ctrl Pts',(88.6566263805279,-9.99998435245992,25.467928022454));
#13235=CARTESIAN_POINT('Ctrl Pts',(88.6566263805279,-11.9999843524599,25.467928022454));
#13236=CARTESIAN_POINT('Ctrl Pts',(88.5404693044232,-9.99998435245992,25.5847111334403));
#13237=CARTESIAN_POINT('Ctrl Pts',(88.5404693044232,-11.9999843524599,25.5847111334403));
#13238=CARTESIAN_POINT('Ctrl Pts',(88.4815836139023,-9.99998435245992,25.6439141915941));
#13239=CARTESIAN_POINT('Ctrl Pts',(88.4815836139023,-11.9999843524599,25.6439141915941));
#13240=CARTESIAN_POINT('',(88.6834907718003,-11.9999843524599,25.2237229035998));
#13241=CARTESIAN_POINT('Ctrl Pts',(88.6834907718003,-11.9999843524599,25.2237229035998));
#13242=CARTESIAN_POINT('Ctrl Pts',(88.6746193276552,-11.9999843524599,25.3043669073999));
#13243=CARTESIAN_POINT('Ctrl Pts',(88.6566263805279,-11.9999843524599,25.467928022454));
#13244=CARTESIAN_POINT('Ctrl Pts',(88.5404693044232,-11.9999843524599,25.5847111334403));
#13245=CARTESIAN_POINT('Ctrl Pts',(88.4815836139023,-11.9999843524599,25.6439141915941));
#13246=CARTESIAN_POINT('',(88.6834907718003,-11.9999843524599,25.2237229035998));
#13247=CARTESIAN_POINT('Ctrl Pts',(88.585267085582,-9.99998435245993,24.6998481439257));
#13248=CARTESIAN_POINT('Ctrl Pts',(88.585267085582,-11.9999843524599,24.6998481439257));
#13249=CARTESIAN_POINT('Ctrl Pts',(88.6137367202911,-9.99998435245993,24.797379518001));
#13250=CARTESIAN_POINT('Ctrl Pts',(88.6137367202911,-11.9999843524599,24.797379518001));
#13251=CARTESIAN_POINT('Ctrl Pts',(88.6638111109243,-9.99998435245993,24.9689245404204));
#13252=CARTESIAN_POINT('Ctrl Pts',(88.6638111109243,-11.9999843524599,24.9689245404204));
#13253=CARTESIAN_POINT('Ctrl Pts',(88.6775591404916,-9.99998435245992,25.1469243267368));
#13254=CARTESIAN_POINT('Ctrl Pts',(88.6775591404916,-11.9999843524599,25.1469243267368));
#13255=CARTESIAN_POINT('Ctrl Pts',(88.6834907718003,-9.99998435245992,25.2237229035998));
#13256=CARTESIAN_POINT('Ctrl Pts',(88.6834907718003,-11.9999843524599,25.2237229035998));
#13257=CARTESIAN_POINT('',(88.585267085582,-11.9999843524599,24.6998481439257));
#13258=CARTESIAN_POINT('Ctrl Pts',(88.585267085582,-11.9999843524599,24.6998481439257));
#13259=CARTESIAN_POINT('Ctrl Pts',(88.6137367202911,-11.9999843524599,24.797379518001));
#13260=CARTESIAN_POINT('Ctrl Pts',(88.6638111109243,-11.9999843524599,24.9689245404204));
#13261=CARTESIAN_POINT('Ctrl Pts',(88.6775591404916,-11.9999843524599,25.1469243267368));
#13262=CARTESIAN_POINT('Ctrl Pts',(88.6834907718003,-11.9999843524599,25.2237229035998));
#13263=CARTESIAN_POINT('',(88.585267085582,-11.9999843524599,24.6998481439257));
#13264=CARTESIAN_POINT('Ctrl Pts',(87.0900440402329,-9.99998435245993,24.4761113809252));
#13265=CARTESIAN_POINT('Ctrl Pts',(87.0900440402329,-11.9999843524599,24.4761113809252));
#13266=CARTESIAN_POINT('Ctrl Pts',(87.4027039255703,-9.99998435245993,24.5003061842196));
#13267=CARTESIAN_POINT('Ctrl Pts',(87.4027039255703,-11.9999843524599,24.5003061842196));
#13268=CARTESIAN_POINT('Ctrl Pts',(87.9068866073055,-9.99998435245993,24.5393217451569));
#13269=CARTESIAN_POINT('Ctrl Pts',(87.9068866073055,-11.9999843524599,24.5393217451569));
#13270=CARTESIAN_POINT('Ctrl Pts',(88.3985137390799,-9.99998435245993,24.6556563619803));
#13271=CARTESIAN_POINT('Ctrl Pts',(88.3985137390799,-11.9999843524599,24.6556563619803));
#13272=CARTESIAN_POINT('Ctrl Pts',(88.585267085582,-9.99998435245993,24.6998481439257));
#13273=CARTESIAN_POINT('Ctrl Pts',(88.585267085582,-11.9999843524599,24.6998481439257));
#13274=CARTESIAN_POINT('',(87.0900440402329,-11.9999843524599,24.4761113809252));
#13275=CARTESIAN_POINT('Ctrl Pts',(87.0900440402329,-11.9999843524599,24.4761113809252));
#13276=CARTESIAN_POINT('Ctrl Pts',(87.4027039255703,-11.9999843524599,24.5003061842196));
#13277=CARTESIAN_POINT('Ctrl Pts',(87.9068866073055,-11.9999843524599,24.5393217451569));
#13278=CARTESIAN_POINT('Ctrl Pts',(88.3985137390799,-11.9999843524599,24.6556563619803));
#13279=CARTESIAN_POINT('Ctrl Pts',(88.585267085582,-11.9999843524599,24.6998481439257));
#13280=CARTESIAN_POINT('',(87.0900440402329,-11.9999843524599,24.4761113809252));
#13281=CARTESIAN_POINT('Ctrl Pts',(85.2482938952744,-9.99998435245993,23.8758377717638));
#13282=CARTESIAN_POINT('Ctrl Pts',(85.2482938952744,-11.9999843524599,23.8758377717638));
#13283=CARTESIAN_POINT('Ctrl Pts',(85.4814365303439,-9.99998435245993,24.0262761268206));
#13284=CARTESIAN_POINT('Ctrl Pts',(85.4814365303439,-11.9999843524599,24.0262761268206));
#13285=CARTESIAN_POINT('Ctrl Pts',(86.0385853665571,-9.99998435245993,24.3857837493402));
#13286=CARTESIAN_POINT('Ctrl Pts',(86.0385853665571,-11.9999843524599,24.3857837493402));
#13287=CARTESIAN_POINT('Ctrl Pts',(86.7034161301897,-9.99998435245993,24.4428973476082));
#13288=CARTESIAN_POINT('Ctrl Pts',(86.7034161301897,-11.9999843524599,24.4428973476082));
#13289=CARTESIAN_POINT('Ctrl Pts',(87.0900440402329,-9.99998435245993,24.4761113809252));
#13290=CARTESIAN_POINT('Ctrl Pts',(87.0900440402329,-11.9999843524599,24.4761113809252));
#13291=CARTESIAN_POINT('',(85.2482938952744,-11.9999843524599,23.8758377717638));
#13292=CARTESIAN_POINT('Ctrl Pts',(85.2482938952744,-11.9999843524599,23.8758377717638));
#13293=CARTESIAN_POINT('Ctrl Pts',(85.4814365303439,-11.9999843524599,24.0262761268206));
#13294=CARTESIAN_POINT('Ctrl Pts',(86.0385853665571,-11.9999843524599,24.3857837493402));
#13295=CARTESIAN_POINT('Ctrl Pts',(86.7034161301897,-11.9999843524599,24.4428973476082));
#13296=CARTESIAN_POINT('Ctrl Pts',(87.0900440402329,-11.9999843524599,24.4761113809252));
#13297=CARTESIAN_POINT('',(85.2482938952744,-11.9999843524599,23.8758377717638));
#13298=CARTESIAN_POINT('Ctrl Pts',(84.7326064296067,-9.99998435245993,22.5497798608446));
#13299=CARTESIAN_POINT('Ctrl Pts',(84.7326064296067,-11.9999843524599,22.5497798608446));
#13300=CARTESIAN_POINT('Ctrl Pts',(84.750295303799,-9.99998435245993,22.808618841949));
#13301=CARTESIAN_POINT('Ctrl Pts',(84.750295303799,-11.9999843524599,22.808618841949));
#13302=CARTESIAN_POINT('Ctrl Pts',(84.7842638139268,-9.99998435245993,23.305675605174));
#13303=CARTESIAN_POINT('Ctrl Pts',(84.7842638139268,-11.9999843524599,23.305675605174));
#13304=CARTESIAN_POINT('Ctrl Pts',(85.0979551986397,-9.99998435245993,23.6911138919098));
#13305=CARTESIAN_POINT('Ctrl Pts',(85.0979551986397,-11.9999843524599,23.6911138919098));
#13306=CARTESIAN_POINT('Ctrl Pts',(85.2482938952744,-9.99998435245993,23.8758377717638));
#13307=CARTESIAN_POINT('Ctrl Pts',(85.2482938952744,-11.9999843524599,23.8758377717638));
#13308=CARTESIAN_POINT('',(84.7326064296067,-11.9999843524599,22.5497798608446));
#13309=CARTESIAN_POINT('Ctrl Pts',(84.7326064296067,-11.9999843524599,22.5497798608446));
#13310=CARTESIAN_POINT('Ctrl Pts',(84.750295303799,-11.9999843524599,22.808618841949));
#13311=CARTESIAN_POINT('Ctrl Pts',(84.7842638139268,-11.9999843524599,23.305675605174));
#13312=CARTESIAN_POINT('Ctrl Pts',(85.0979551986397,-11.9999843524599,23.6911138919098));
#13313=CARTESIAN_POINT('Ctrl Pts',(85.2482938952744,-11.9999843524599,23.8758377717638));
#13314=CARTESIAN_POINT('',(84.7326064296067,-11.9999843524599,22.5497798608446));
#13315=CARTESIAN_POINT('Ctrl Pts',(85.201911944896,-9.99998435245993,21.3355927156115));
#13316=CARTESIAN_POINT('Ctrl Pts',(85.201911944896,-11.9999843524599,21.3355927156115));
#13317=CARTESIAN_POINT('Ctrl Pts',(85.0650673505776,-9.99998435245993,21.5077614469751));
#13318=CARTESIAN_POINT('Ctrl Pts',(85.0650673505776,-11.9999843524599,21.5077614469751));
#13319=CARTESIAN_POINT('Ctrl Pts',(84.7827679856647,-9.99998435245993,21.8629316585851));
#13320=CARTESIAN_POINT('Ctrl Pts',(84.7827679856647,-11.9999843524599,21.8629316585851));
#13321=CARTESIAN_POINT('Ctrl Pts',(84.7496635122236,-9.99998435245993,22.3162219840182));
#13322=CARTESIAN_POINT('Ctrl Pts',(84.7496635122236,-11.9999843524599,22.3162219840182));
#13323=CARTESIAN_POINT('Ctrl Pts',(84.7326064296067,-9.99998435245993,22.5497798608446));
#13324=CARTESIAN_POINT('Ctrl Pts',(84.7326064296067,-11.9999843524599,22.5497798608446));
#13325=CARTESIAN_POINT('',(85.201911944896,-11.9999843524599,21.3355927156115));
#13326=CARTESIAN_POINT('Ctrl Pts',(85.201911944896,-11.9999843524599,21.3355927156115));
#13327=CARTESIAN_POINT('Ctrl Pts',(85.0650673505776,-11.9999843524599,21.5077614469751));
#13328=CARTESIAN_POINT('Ctrl Pts',(84.7827679856647,-11.9999843524599,21.8629316585851));
#13329=CARTESIAN_POINT('Ctrl Pts',(84.7496635122236,-11.9999843524599,22.3162219840182));
#13330=CARTESIAN_POINT('Ctrl Pts',(84.7326064296067,-11.9999843524599,22.5497798608446));
#13331=CARTESIAN_POINT('',(85.201911944896,-11.9999843524599,21.3355927156115));
#13332=CARTESIAN_POINT('Ctrl Pts',(86.3915443606675,-9.99998435245993,20.8635596917772));
#13333=CARTESIAN_POINT('Ctrl Pts',(86.3915443606675,-11.9999843524599,20.8635596917772));
#13334=CARTESIAN_POINT('Ctrl Pts',(86.1637185249532,-9.99998435245993,20.8814227057115));
#13335=CARTESIAN_POINT('Ctrl Pts',(86.1637185249532,-11.9999843524599,20.8814227057115));
#13336=CARTESIAN_POINT('Ctrl Pts',(85.7179560189873,-9.99998435245993,20.9163733592688));
#13337=CARTESIAN_POINT('Ctrl Pts',(85.7179560189873,-11.9999843524599,20.9163733592688));
#13338=CARTESIAN_POINT('Ctrl Pts',(85.3713636049861,-9.99998435245993,21.197935063018));
#13339=CARTESIAN_POINT('Ctrl Pts',(85.3713636049861,-11.9999843524599,21.197935063018));
#13340=CARTESIAN_POINT('Ctrl Pts',(85.201911944896,-9.99998435245993,21.3355927156115));
#13341=CARTESIAN_POINT('Ctrl Pts',(85.201911944896,-11.9999843524599,21.3355927156115));
#13342=CARTESIAN_POINT('',(86.3915443606675,-11.9999843524599,20.8635596917772));
#13343=CARTESIAN_POINT('Ctrl Pts',(86.3915443606675,-11.9999843524599,20.8635596917772));
#13344=CARTESIAN_POINT('Ctrl Pts',(86.1637185249532,-11.9999843524599,20.8814227057115));
#13345=CARTESIAN_POINT('Ctrl Pts',(85.7179560189873,-11.9999843524599,20.9163733592688));
#13346=CARTESIAN_POINT('Ctrl Pts',(85.3713636049861,-11.9999843524599,21.197935063018));
#13347=CARTESIAN_POINT('Ctrl Pts',(85.201911944896,-11.9999843524599,21.3355927156115));
#13348=CARTESIAN_POINT('',(86.3915443606675,-11.9999843524599,20.8635596917772));
#13349=CARTESIAN_POINT('Ctrl Pts',(87.2919511981308,-9.99998435245993,21.0681979344988));
#13350=CARTESIAN_POINT('Ctrl Pts',(87.2919511981308,-11.9999843524599,21.0681979344988));
#13351=CARTESIAN_POINT('Ctrl Pts',(87.144253949257,-9.99998435245993,21.0085199264932));
#13352=CARTESIAN_POINT('Ctrl Pts',(87.144253949257,-11.9999843524599,21.0085199264932));
#13353=CARTESIAN_POINT('Ctrl Pts',(86.8550538828346,-9.99998435245993,20.8916668096561));
#13354=CARTESIAN_POINT('Ctrl Pts',(86.8550538828346,-11.9999843524599,20.8916668096561));
#13355=CARTESIAN_POINT('Ctrl Pts',(86.5438254476723,-9.99998435245993,20.8727939841886));
#13356=CARTESIAN_POINT('Ctrl Pts',(86.5438254476723,-11.9999843524599,20.8727939841886));
#13357=CARTESIAN_POINT('Ctrl Pts',(86.3915443606675,-9.99998435245993,20.8635596917772));
#13358=CARTESIAN_POINT('Ctrl Pts',(86.3915443606675,-11.9999843524599,20.8635596917772));
#13359=CARTESIAN_POINT('',(87.2919511981308,-11.9999843524599,21.0681979344988));
#13360=CARTESIAN_POINT('Ctrl Pts',(87.2919511981308,-11.9999843524599,21.0681979344988));
#13361=CARTESIAN_POINT('Ctrl Pts',(87.144253949257,-11.9999843524599,21.0085199264932));
#13362=CARTESIAN_POINT('Ctrl Pts',(86.8550538828346,-11.9999843524599,20.8916668096561));
#13363=CARTESIAN_POINT('Ctrl Pts',(86.5438254476723,-11.9999843524599,20.8727939841886));
#13364=CARTESIAN_POINT('Ctrl Pts',(86.3915443606675,-11.9999843524599,20.8635596917772));
#13365=CARTESIAN_POINT('',(87.2919511981308,-11.9999843524599,21.0681979344988));
#13366=CARTESIAN_POINT('Ctrl Pts',(88.0832195468247,-9.99998435245993,21.6548280404711));
#13367=CARTESIAN_POINT('Ctrl Pts',(88.0832195468247,-11.9999843524599,21.6548280404711));
#13368=CARTESIAN_POINT('Ctrl Pts',(87.9651573126472,-9.99998435245993,21.5352797201711));
#13369=CARTESIAN_POINT('Ctrl Pts',(87.9651573126472,-11.9999843524599,21.5352797201711));
#13370=CARTESIAN_POINT('Ctrl Pts',(87.7316513361058,-9.99998435245993,21.298834531157));
#13371=CARTESIAN_POINT('Ctrl Pts',(87.7316513361058,-11.9999843524599,21.298834531157));
#13372=CARTESIAN_POINT('Ctrl Pts',(87.4374180854664,-9.99998435245993,21.1444999069658));
#13373=CARTESIAN_POINT('Ctrl Pts',(87.4374180854664,-11.9999843524599,21.1444999069658));
#13374=CARTESIAN_POINT('Ctrl Pts',(87.2919511981308,-9.99998435245993,21.0681979344988));
#13375=CARTESIAN_POINT('Ctrl Pts',(87.2919511981308,-11.9999843524599,21.0681979344988));
#13376=CARTESIAN_POINT('',(88.0832195468247,-11.9999843524599,21.6548280404711));
#13377=CARTESIAN_POINT('Ctrl Pts',(88.0832195468247,-11.9999843524599,21.6548280404711));
#13378=CARTESIAN_POINT('Ctrl Pts',(87.9651573126472,-11.9999843524599,21.5352797201711));
#13379=CARTESIAN_POINT('Ctrl Pts',(87.7316513361058,-11.9999843524599,21.298834531157));
#13380=CARTESIAN_POINT('Ctrl Pts',(87.4374180854664,-11.9999843524599,21.1444999069658));
#13381=CARTESIAN_POINT('Ctrl Pts',(87.2919511981308,-11.9999843524599,21.0681979344988));
#13382=CARTESIAN_POINT('',(88.0832195468247,-11.9999843524599,21.6548280404711));
#13383=CARTESIAN_POINT('Ctrl Pts',(88.1978178210557,-9.99998435245993,20.9999851869249));
#13384=CARTESIAN_POINT('Ctrl Pts',(88.1978178210557,-11.9999843524599,20.9999851869249));
#13385=CARTESIAN_POINT('Ctrl Pts',(88.169827844401,-9.99998435245993,21.1067842632936));
#13386=CARTESIAN_POINT('Ctrl Pts',(88.169827844401,-11.9999843524599,21.1067842632936));
#13387=CARTESIAN_POINT('Ctrl Pts',(88.1134559785819,-9.99998435245993,21.3218778047045));
#13388=CARTESIAN_POINT('Ctrl Pts',(88.1134559785819,-11.9999843524599,21.3218778047045));
#13389=CARTESIAN_POINT('Ctrl Pts',(88.0933449631561,-9.99998435245993,21.5433314266557));
#13390=CARTESIAN_POINT('Ctrl Pts',(88.0933449631561,-11.9999843524599,21.5433314266557));
#13391=CARTESIAN_POINT('Ctrl Pts',(88.0832195468247,-9.99998435245993,21.6548280404711));
#13392=CARTESIAN_POINT('Ctrl Pts',(88.0832195468247,-11.9999843524599,21.6548280404711));
#13393=CARTESIAN_POINT('',(88.1978178210557,-11.9999843524599,20.9999851869249));
#13394=CARTESIAN_POINT('Ctrl Pts',(88.1978178210557,-11.9999843524599,20.9999851869249));
#13395=CARTESIAN_POINT('Ctrl Pts',(88.169827844401,-11.9999843524599,21.1067842632936));
#13396=CARTESIAN_POINT('Ctrl Pts',(88.1134559785819,-11.9999843524599,21.3218778047045));
#13397=CARTESIAN_POINT('Ctrl Pts',(88.0933449631561,-11.9999843524599,21.5433314266557));
#13398=CARTESIAN_POINT('Ctrl Pts',(88.0832195468247,-11.9999843524599,21.6548280404711));
#13399=CARTESIAN_POINT('',(88.1978178210557,-11.9999843524599,20.9999851869249));
#13400=CARTESIAN_POINT('Origin',(88.9590740390122,-11.9999843524599,20.9999851869249));
#13401=CARTESIAN_POINT('',(89.7203302569687,-11.9999843524599,20.9999851869249));
#13402=CARTESIAN_POINT('',(102.979539679363,-11.9999843524599,20.9999851869249));
#13403=CARTESIAN_POINT('',(89.7203302569687,-11.9999843524599,20.9999851869249));
#13404=CARTESIAN_POINT('Ctrl Pts',(89.5893573947251,-9.99998435245993,21.8239955590868));
#13405=CARTESIAN_POINT('Ctrl Pts',(89.5893573947251,-11.9999843524599,21.8239955590868));
#13406=CARTESIAN_POINT('Ctrl Pts',(89.5960222797215,-9.99998435245993,21.6928249941083));
#13407=CARTESIAN_POINT('Ctrl Pts',(89.5960222797215,-11.9999843524599,21.6928249941083));
#13408=CARTESIAN_POINT('Ctrl Pts',(89.6102099991744,-9.99998435245993,21.4135986942684));
#13409=CARTESIAN_POINT('Ctrl Pts',(89.6102099991744,-11.9999843524599,21.4135986942684));
#13410=CARTESIAN_POINT('Ctrl Pts',(89.6821729408011,-9.99998435245993,21.1433046967684));
#13411=CARTESIAN_POINT('Ctrl Pts',(89.6821729408011,-11.9999843524599,21.1433046967684));
#13412=CARTESIAN_POINT('Ctrl Pts',(89.7203302569687,-9.99998435245993,20.9999851869249));
#13413=CARTESIAN_POINT('Ctrl Pts',(89.7203302569687,-11.9999843524599,20.9999851869249));
#13414=CARTESIAN_POINT('',(89.5893573947251,-11.9999843524599,21.8239955590868));
#13415=CARTESIAN_POINT('Ctrl Pts',(89.5893573947251,-11.9999843524599,21.8239955590868));
#13416=CARTESIAN_POINT('Ctrl Pts',(89.5960222797215,-11.9999843524599,21.6928249941083));
#13417=CARTESIAN_POINT('Ctrl Pts',(89.6102099991744,-11.9999843524599,21.4135986942684));
#13418=CARTESIAN_POINT('Ctrl Pts',(89.6821729408011,-11.9999843524599,21.1433046967684));
#13419=CARTESIAN_POINT('Ctrl Pts',(89.7203302569687,-11.9999843524599,20.9999851869249));
#13420=CARTESIAN_POINT('',(89.5893573947251,-11.9999843524599,21.8239955590868));
#13421=CARTESIAN_POINT('Ctrl Pts',(89.818553943187,-9.99998435245993,23.2755653546953));
#13422=CARTESIAN_POINT('Ctrl Pts',(89.818553943187,-11.9999843524599,23.2755653546953));
#13423=CARTESIAN_POINT('Ctrl Pts',(89.7528983937511,-9.99998435245993,22.9830270722601));
#13424=CARTESIAN_POINT('Ctrl Pts',(89.7528983937511,-11.9999843524599,22.9830270722601));
#13425=CARTESIAN_POINT('Ctrl Pts',(89.6453357283652,-9.99998435245993,22.5037652633727));
#13426=CARTESIAN_POINT('Ctrl Pts',(89.6453357283652,-11.9999843524599,22.5037652633727));
#13427=CARTESIAN_POINT('Ctrl Pts',(89.6050521425034,-9.99998435245993,22.01458383427));
#13428=CARTESIAN_POINT('Ctrl Pts',(89.6050521425034,-11.9999843524599,22.01458383427));
#13429=CARTESIAN_POINT('Ctrl Pts',(89.5893573947251,-9.99998435245993,21.8239955590868));
#13430=CARTESIAN_POINT('Ctrl Pts',(89.5893573947251,-11.9999843524599,21.8239955590868));
#13431=CARTESIAN_POINT('',(89.818553943187,-11.9999843524599,23.2755653546953));
#13432=CARTESIAN_POINT('Ctrl Pts',(89.818553943187,-11.9999843524599,23.2755653546953));
#13433=CARTESIAN_POINT('Ctrl Pts',(89.7528983937511,-11.9999843524599,22.9830270722601));
#13434=CARTESIAN_POINT('Ctrl Pts',(89.6453357283652,-11.9999843524599,22.5037652633727));
#13435=CARTESIAN_POINT('Ctrl Pts',(89.6050521425034,-11.9999843524599,22.01458383427));
#13436=CARTESIAN_POINT('Ctrl Pts',(89.5893573947251,-11.9999843524599,21.8239955590868));
#13437=CARTESIAN_POINT('',(89.818553943187,-11.9999843524599,23.2755653546953));
#13438=CARTESIAN_POINT('Ctrl Pts',(90.1432466693223,-9.99998435245993,24.825360028615));
#13439=CARTESIAN_POINT('Ctrl Pts',(90.1432466693223,-11.9999843524599,24.825360028615));
#13440=CARTESIAN_POINT('Ctrl Pts',(90.1091016282132,-9.99998435245993,24.6469646400928));
#13441=CARTESIAN_POINT('Ctrl Pts',(90.1091016282132,-11.9999843524599,24.6469646400928));
#13442=CARTESIAN_POINT('Ctrl Pts',(90.0098693016588,-9.99998435245993,24.1285119197378));
#13443=CARTESIAN_POINT('Ctrl Pts',(90.0098693016588,-11.9999843524599,24.1285119197378));
#13444=CARTESIAN_POINT('Ctrl Pts',(89.8943342909823,-9.99998435245993,23.6134189795482));
#13445=CARTESIAN_POINT('Ctrl Pts',(89.8943342909823,-11.9999843524599,23.6134189795482));
#13446=CARTESIAN_POINT('Ctrl Pts',(89.818553943187,-9.99998435245993,23.2755653546953));
#13447=CARTESIAN_POINT('Ctrl Pts',(89.818553943187,-11.9999843524599,23.2755653546953));
#13448=CARTESIAN_POINT('',(90.1432466693223,-11.9999843524599,24.825360028615));
#13449=CARTESIAN_POINT('Ctrl Pts',(90.1432466693223,-11.9999843524599,24.825360028615));
#13450=CARTESIAN_POINT('Ctrl Pts',(90.1091016282132,-11.9999843524599,24.6469646400928));
#13451=CARTESIAN_POINT('Ctrl Pts',(90.0098693016588,-11.9999843524599,24.1285119197378));
#13452=CARTESIAN_POINT('Ctrl Pts',(89.8943342909823,-11.9999843524599,23.6134189795482));
#13453=CARTESIAN_POINT('Ctrl Pts',(89.818553943187,-11.9999843524599,23.2755653546953));
#13454=CARTESIAN_POINT('',(90.1432466693223,-11.9999843524599,24.825360028615));
#13455=CARTESIAN_POINT('Ctrl Pts',(90.1896333880723,-9.99998435245992,25.3819768117571));
#13456=CARTESIAN_POINT('Ctrl Pts',(90.1896333880723,-11.9999843524599,25.3819768117571));
#13457=CARTESIAN_POINT('Ctrl Pts',(90.1874604689592,-9.99998435245992,25.2917967582182));
#13458=CARTESIAN_POINT('Ctrl Pts',(90.1874604689592,-11.9999843524599,25.2917967582182));
#13459=CARTESIAN_POINT('Ctrl Pts',(90.1829681556529,-9.99998435245992,25.1053576717126));
#13460=CARTESIAN_POINT('Ctrl Pts',(90.1829681556529,-11.9999843524599,25.1053576717126));
#13461=CARTESIAN_POINT('Ctrl Pts',(90.1567718808423,-9.99998435245993,24.9206995462879));
#13462=CARTESIAN_POINT('Ctrl Pts',(90.1567718808423,-11.9999843524599,24.9206995462879));
#13463=CARTESIAN_POINT('Ctrl Pts',(90.1432466693223,-9.99998435245993,24.825360028615));
#13464=CARTESIAN_POINT('Ctrl Pts',(90.1432466693223,-11.9999843524599,24.825360028615));
#13465=CARTESIAN_POINT('',(90.1896333880723,-11.9999843524599,25.3819768117571));
#13466=CARTESIAN_POINT('Ctrl Pts',(90.1896333880723,-11.9999843524599,25.3819768117571));
#13467=CARTESIAN_POINT('Ctrl Pts',(90.1874604689592,-11.9999843524599,25.2917967582182));
#13468=CARTESIAN_POINT('Ctrl Pts',(90.1829681556529,-11.9999843524599,25.1053576717126));
#13469=CARTESIAN_POINT('Ctrl Pts',(90.1567718808423,-11.9999843524599,24.9206995462879));
#13470=CARTESIAN_POINT('Ctrl Pts',(90.1432466693223,-11.9999843524599,24.825360028615));
#13471=CARTESIAN_POINT('',(90.1896333880723,-11.9999843524599,25.3819768117571));
#13472=CARTESIAN_POINT('Ctrl Pts',(89.6548462100327,-9.99998435245992,26.4815680669451));
#13473=CARTESIAN_POINT('Ctrl Pts',(89.6548462100327,-11.9999843524599,26.4815680669451));
#13474=CARTESIAN_POINT('Ctrl Pts',(89.8108058398057,-9.99998435245992,26.3255928749227));
#13475=CARTESIAN_POINT('Ctrl Pts',(89.8108058398057,-11.9999843524599,26.3255928749227));
#13476=CARTESIAN_POINT('Ctrl Pts',(90.116233600785,-9.99998435245992,26.0201346371911));
#13477=CARTESIAN_POINT('Ctrl Pts',(90.116233600785,-11.9999843524599,26.0201346371911));
#13478=CARTESIAN_POINT('Ctrl Pts',(90.1655159378485,-9.99998435245992,25.5916605200975));
#13479=CARTESIAN_POINT('Ctrl Pts',(90.1655159378485,-11.9999843524599,25.5916605200975));
#13480=CARTESIAN_POINT('Ctrl Pts',(90.1896333880723,-9.99998435245992,25.3819768117571));
#13481=CARTESIAN_POINT('Ctrl Pts',(90.1896333880723,-11.9999843524599,25.3819768117571));
#13482=CARTESIAN_POINT('',(89.6548462100327,-11.9999843524599,26.4815680669451));
#13483=CARTESIAN_POINT('Ctrl Pts',(89.6548462100327,-11.9999843524599,26.4815680669451));
#13484=CARTESIAN_POINT('Ctrl Pts',(89.8108058398057,-11.9999843524599,26.3255928749227));
#13485=CARTESIAN_POINT('Ctrl Pts',(90.116233600785,-11.9999843524599,26.0201346371911));
#13486=CARTESIAN_POINT('Ctrl Pts',(90.1655159378485,-11.9999843524599,25.5916605200975));
#13487=CARTESIAN_POINT('Ctrl Pts',(90.1896333880723,-11.9999843524599,25.3819768117571));
#13488=CARTESIAN_POINT('',(89.6548462100327,-11.9999843524599,26.4815680669451));
#13489=CARTESIAN_POINT('Ctrl Pts',(88.0013656802475,-9.99998435245992,26.9317726777697));
#13490=CARTESIAN_POINT('Ctrl Pts',(88.0013656802475,-11.9999843524599,26.9317726777697));
#13491=CARTESIAN_POINT('Ctrl Pts',(88.3345642804237,-9.99998435245992,26.9245237495137));
#13492=CARTESIAN_POINT('Ctrl Pts',(88.3345642804237,-11.9999843524599,26.9245237495137));
#13493=CARTESIAN_POINT('Ctrl Pts',(88.9263386523758,-9.99998435245992,26.9116493557926));
#13494=CARTESIAN_POINT('Ctrl Pts',(88.9263386523758,-11.9999843524599,26.9116493557926));
#13495=CARTESIAN_POINT('Ctrl Pts',(89.4333205181103,-9.99998435245992,26.6123478427943));
#13496=CARTESIAN_POINT('Ctrl Pts',(89.4333205181103,-11.9999843524599,26.6123478427943));
#13497=CARTESIAN_POINT('Ctrl Pts',(89.6548462100327,-9.99998435245992,26.4815680669451));
#13498=CARTESIAN_POINT('Ctrl Pts',(89.6548462100327,-11.9999843524599,26.4815680669451));
#13499=CARTESIAN_POINT('',(88.0013656802475,-11.9999843524599,26.9317726777697));
#13500=CARTESIAN_POINT('Ctrl Pts',(88.0013656802475,-11.9999843524599,26.9317726777697));
#13501=CARTESIAN_POINT('Ctrl Pts',(88.3345642804237,-11.9999843524599,26.9245237495137));
#13502=CARTESIAN_POINT('Ctrl Pts',(88.9263386523758,-11.9999843524599,26.9116493557926));
#13503=CARTESIAN_POINT('Ctrl Pts',(89.4333205181103,-11.9999843524599,26.6123478427943));
#13504=CARTESIAN_POINT('Ctrl Pts',(89.6548462100327,-11.9999843524599,26.4815680669451));
#13505=CARTESIAN_POINT('',(88.0013656802475,-11.9999843524599,26.9317726777697));
#13506=CARTESIAN_POINT('Ctrl Pts',(86.27421380952,-9.99998435245992,26.4952103780413));
#13507=CARTESIAN_POINT('Ctrl Pts',(86.27421380952,-11.9999843524599,26.4952103780413));
#13508=CARTESIAN_POINT('Ctrl Pts',(86.5220528820425,-9.99998435245992,26.6223083103547));
#13509=CARTESIAN_POINT('Ctrl Pts',(86.5220528820425,-11.9999843524599,26.6223083103547));
#13510=CARTESIAN_POINT('Ctrl Pts',(87.0627258584578,-9.99998435245992,26.8995786239525));
#13511=CARTESIAN_POINT('Ctrl Pts',(87.0627258584578,-11.9999843524599,26.8995786239525));
#13512=CARTESIAN_POINT('Ctrl Pts',(87.6715956809137,-9.99998435245992,26.9204620207324));
#13513=CARTESIAN_POINT('Ctrl Pts',(87.6715956809137,-11.9999843524599,26.9204620207324));
#13514=CARTESIAN_POINT('Ctrl Pts',(88.0013656802475,-9.99998435245992,26.9317726777697));
#13515=CARTESIAN_POINT('Ctrl Pts',(88.0013656802475,-11.9999843524599,26.9317726777697));
#13516=CARTESIAN_POINT('',(86.27421380952,-11.9999843524599,26.4952103780413));
#13517=CARTESIAN_POINT('Ctrl Pts',(86.27421380952,-11.9999843524599,26.4952103780413));
#13518=CARTESIAN_POINT('Ctrl Pts',(86.5220528820425,-11.9999843524599,26.6223083103547));
#13519=CARTESIAN_POINT('Ctrl Pts',(87.0627258584578,-11.9999843524599,26.8995786239525));
#13520=CARTESIAN_POINT('Ctrl Pts',(87.6715956809137,-11.9999843524599,26.9204620207324));
#13521=CARTESIAN_POINT('Ctrl Pts',(88.0013656802475,-11.9999843524599,26.9317726777697));
#13522=CARTESIAN_POINT('',(86.27421380952,-11.9999843524599,26.4952103780413));
#13523=CARTESIAN_POINT('Ctrl Pts',(85.3601646609604,-9.99998435245992,25.283750741353));
#13524=CARTESIAN_POINT('Ctrl Pts',(85.3601646609604,-11.9999843524599,25.283750741353));
#13525=CARTESIAN_POINT('Ctrl Pts',(85.4624885150395,-9.99998435245992,25.5271131299327));
#13526=CARTESIAN_POINT('Ctrl Pts',(85.4624885150395,-11.9999843524599,25.5271131299327));
#13527=CARTESIAN_POINT('Ctrl Pts',(85.6648630954818,-9.99998435245992,26.008431603787));
#13528=CARTESIAN_POINT('Ctrl Pts',(85.6648630954818,-11.9999843524599,26.008431603787));
#13529=CARTESIAN_POINT('Ctrl Pts',(86.0726235980611,-9.99998435245992,26.3341703828875));
#13530=CARTESIAN_POINT('Ctrl Pts',(86.0726235980611,-11.9999843524599,26.3341703828875));
#13531=CARTESIAN_POINT('Ctrl Pts',(86.27421380952,-9.99998435245992,26.4952103780413));
#13532=CARTESIAN_POINT('Ctrl Pts',(86.27421380952,-11.9999843524599,26.4952103780413));
#13533=CARTESIAN_POINT('',(85.3601646609604,-11.9999843524599,25.283750741353));
#13534=CARTESIAN_POINT('Ctrl Pts',(85.3601646609604,-11.9999843524599,25.283750741353));
#13535=CARTESIAN_POINT('Ctrl Pts',(85.4624885150395,-11.9999843524599,25.5271131299327));
#13536=CARTESIAN_POINT('Ctrl Pts',(85.6648630954818,-11.9999843524599,26.008431603787));
#13537=CARTESIAN_POINT('Ctrl Pts',(86.0726235980611,-11.9999843524599,26.3341703828875));
#13538=CARTESIAN_POINT('Ctrl Pts',(86.27421380952,-11.9999843524599,26.4952103780413));
#13539=CARTESIAN_POINT('',(85.3601646609604,-11.9999843524599,25.283750741353));
#13540=CARTESIAN_POINT('Origin',(86.1241483874619,-11.9999843524599,25.2182660983706));
#13541=CARTESIAN_POINT('',(86.8881321139634,-11.9999843524599,25.1527814553881));
#13542=CARTESIAN_POINT('',(97.9275517501004,-11.9999843524599,24.2065408110792));
#13543=CARTESIAN_POINT('',(86.8881321139634,-11.9999843524599,25.1527814553881));
#13544=CARTESIAN_POINT('Ctrl Pts',(87.2182798571885,-9.99998435245992,25.6411854909563));
#13545=CARTESIAN_POINT('Ctrl Pts',(87.2182798571885,-11.9999843524599,25.6411854909563));
#13546=CARTESIAN_POINT('Ctrl Pts',(87.143451820873,-9.99998435245992,25.5765085005779));
#13547=CARTESIAN_POINT('Ctrl Pts',(87.143451820873,-11.9999843524599,25.5765085005779));
#13548=CARTESIAN_POINT('Ctrl Pts',(86.9896614533294,-9.99998435245992,25.4435810764238));
#13549=CARTESIAN_POINT('Ctrl Pts',(86.9896614533294,-11.9999843524599,25.4435810764238));
#13550=CARTESIAN_POINT('Ctrl Pts',(86.9225763690319,-9.99998435245992,25.2514364489431));
#13551=CARTESIAN_POINT('Ctrl Pts',(86.9225763690319,-11.9999843524599,25.2514364489431));
#13552=CARTESIAN_POINT('Ctrl Pts',(86.8881321139634,-9.99998435245992,25.1527814553881));
#13553=CARTESIAN_POINT('Ctrl Pts',(86.8881321139634,-11.9999843524599,25.1527814553881));
#13554=CARTESIAN_POINT('Ctrl Pts',(87.2182798571885,-11.9999843524599,25.6411854909563));
#13555=CARTESIAN_POINT('Ctrl Pts',(87.143451820873,-11.9999843524599,25.5765085005779));
#13556=CARTESIAN_POINT('Ctrl Pts',(86.9896614533294,-11.9999843524599,25.4435810764238));
#13557=CARTESIAN_POINT('Ctrl Pts',(86.9225763690319,-11.9999843524599,25.2514364489431));
#13558=CARTESIAN_POINT('Ctrl Pts',(86.8881321139634,-11.9999843524599,25.1527814553881));
#13559=CARTESIAN_POINT('Origin',(77.3165071196854,-11.9999843524599,26.795347182622));
#13560=CARTESIAN_POINT('',(78.1023192591965,-11.9999843524599,26.795347182622));
#13561=CARTESIAN_POINT('',(78.1023192591965,-11.9999843524599,26.795347182622));
#13562=CARTESIAN_POINT('',(76.5306949801743,-11.9999843524599,26.795347182622));
#13563=CARTESIAN_POINT('',(97.1582562197,-11.9999843524599,26.795347182622));
#13564=CARTESIAN_POINT('',(76.5306949801743,-11.9999843524599,26.795347182622));
#13565=CARTESIAN_POINT('Origin',(75.633014459163,-11.9999843524599,24.8526458429003));
#13566=CARTESIAN_POINT('',(74.7353339381516,-11.9999843524599,22.9099445031786));
#13567=CARTESIAN_POINT('',(95.1025196869647,-11.9999843524599,66.9872728114746));
#13568=CARTESIAN_POINT('',(74.7353339381516,-11.9999843524599,22.9099445031786));
#13569=CARTESIAN_POINT('Origin',(74.6371078677475,-11.9999843524599,24.8526458429003));
#13570=CARTESIAN_POINT('',(74.5388817973435,-11.9999843524599,26.795347182622));
#13571=CARTESIAN_POINT('',(72.5944489021836,-11.9999843524599,65.2520662072912));
#13572=CARTESIAN_POINT('',(74.5388817973435,-11.9999843524599,26.795347182622));
#13573=CARTESIAN_POINT('Origin',(73.8267398066819,-11.9999843524599,26.795347182622));
#13574=CARTESIAN_POINT('',(73.1145978160203,-11.9999843524599,26.795347182622));
#13575=CARTESIAN_POINT('',(95.4133725631982,-11.9999843524599,26.795347182622));
#13576=CARTESIAN_POINT('',(73.1145978160203,-11.9999843524599,26.795347182622));
#13577=CARTESIAN_POINT('Origin',(72.2114598937333,-11.9999843524599,24.8526458429003));
#13578=CARTESIAN_POINT('',(71.3083219714463,-11.9999843524599,22.9099445031786));
#13579=CARTESIAN_POINT('',(92.0836253506474,-11.9999843524599,67.5988106352702));
#13580=CARTESIAN_POINT('',(71.3083219714463,-11.9999843524599,22.9099445031786));
#13581=CARTESIAN_POINT('Origin',(71.1064124293625,-11.9999843524599,24.8526458429003));
#13582=CARTESIAN_POINT('',(70.9045028872788,-11.9999843524599,26.795347182622));
#13583=CARTESIAN_POINT('',(67.0769585635791,-11.9999843524599,63.6226085827371));
#13584=CARTESIAN_POINT('',(70.9045028872788,-11.9999843524599,26.795347182622));
#13585=CARTESIAN_POINT('Origin',(70.2087319083512,-11.9999843524599,26.795347182622));
#13586=CARTESIAN_POINT('',(69.5129609294236,-11.9999843524599,26.795347182622));
#13587=CARTESIAN_POINT('',(93.6043686140329,-11.9999843524599,26.795347182622));
#13588=CARTESIAN_POINT('',(69.5129609294236,-11.9999843524599,26.795347182622));
#13589=CARTESIAN_POINT('Origin',(69.8758530803025,-11.9999843524599,23.8976661847735));
#13590=CARTESIAN_POINT('',(70.2387452311814,-11.9999843524599,20.9999851869249));
#13591=CARTESIAN_POINT('',(65.0547201117956,-11.9999843524599,62.39424252876));
#13592=CARTESIAN_POINT('',(70.2387452311814,-11.9999843524599,20.9999851869249));
#13593=CARTESIAN_POINT('Origin',(70.9645295329392,-11.9999843524599,20.9999851869249));
#13594=CARTESIAN_POINT('',(71.690313834697,-11.9999843524599,20.9999851869249));
#13595=CARTESIAN_POINT('',(93.9822674263269,-11.9999843524599,20.9999851869249));
#13596=CARTESIAN_POINT('',(71.690313834697,-11.9999843524599,20.9999851869249));
#13597=CARTESIAN_POINT('Origin',(72.5743520446122,-11.9999843524599,22.8444598601961));
#13598=CARTESIAN_POINT('',(73.4583902545273,-11.9999843524599,24.6889345334673));
#13599=CARTESIAN_POINT('',(93.3187676389966,-11.9999843524599,66.126015732454));
#13600=CARTESIAN_POINT('',(73.4583902545273,-11.9999843524599,24.6889345334673));
#13601=CARTESIAN_POINT('Origin',(73.6002731509507,-11.9999843524599,22.8444598601961));
#13602=CARTESIAN_POINT('',(73.742156047374,-11.9999843524599,20.9999851869249));
#13603=CARTESIAN_POINT('',(70.471968189359,-11.9999843524599,63.5123586512386));
#13604=CARTESIAN_POINT('',(73.742156047374,-11.9999843524599,20.9999851869249));
#13605=CARTESIAN_POINT('Origin',(74.4788551516831,-11.9999843524599,20.9999851869249));
#13606=CARTESIAN_POINT('',(75.2155542559922,-11.9999843524599,20.9999851869249));
#13607=CARTESIAN_POINT('',(95.7394302356988,-11.9999843524599,20.9999851869249));
#13608=CARTESIAN_POINT('',(75.2155542559922,-11.9999843524599,20.9999851869249));
#13609=CARTESIAN_POINT('Origin',(76.6589367575943,-11.9999843524599,23.8976661847735));
#13610=CARTESIAN_POINT('',(97.4510765491012,-11.9999843524599,65.6391922955461));
#13611=CARTESIAN_POINT('Ctrl Pts',(63.8158261962235,-9.99998435245993,21.1909811185503));
#13612=CARTESIAN_POINT('Ctrl Pts',(63.8158261962235,-11.9999843524599,21.1909811185503));
#13613=CARTESIAN_POINT('Ctrl Pts',(63.6189963945251,-9.99998435245993,21.3100389861736));
#13614=CARTESIAN_POINT('Ctrl Pts',(63.6189963945251,-11.9999843524599,21.3100389861736));
#13615=CARTESIAN_POINT('Ctrl Pts',(63.2308302103432,-9.99998435245993,21.5448318771555));
#13616=CARTESIAN_POINT('Ctrl Pts',(63.2308302103432,-11.9999843524599,21.5448318771555));
#13617=CARTESIAN_POINT('Ctrl Pts',(62.9903155625129,-9.99998435245993,21.9292079891152));
#13618=CARTESIAN_POINT('Ctrl Pts',(62.9903155625129,-11.9999843524599,21.9292079891152));
#13619=CARTESIAN_POINT('Ctrl Pts',(62.871760148555,-9.99998435245993,22.1186761544848));
#13620=CARTESIAN_POINT('Ctrl Pts',(62.871760148555,-11.9999843524599,22.1186761544848));
#13621=CARTESIAN_POINT('',(62.871760148555,-11.9999843524599,22.1186761544848));
#13622=CARTESIAN_POINT('',(62.871760148555,-11.9999843524599,22.1186761544848));
#13623=CARTESIAN_POINT('',(63.8158261962235,-11.9999843524599,21.1909811185503));
#13624=CARTESIAN_POINT('Ctrl Pts',(63.8158261962235,-11.9999843524599,21.1909811185503));
#13625=CARTESIAN_POINT('Ctrl Pts',(63.6189963945251,-11.9999843524599,21.3100389861736));
#13626=CARTESIAN_POINT('Ctrl Pts',(63.2308302103432,-11.9999843524599,21.5448318771555));
#13627=CARTESIAN_POINT('Ctrl Pts',(62.9903155625129,-11.9999843524599,21.9292079891152));
#13628=CARTESIAN_POINT('Ctrl Pts',(62.871760148555,-11.9999843524599,22.1186761544848));
#13629=CARTESIAN_POINT('',(63.8158261962235,-11.9999843524599,21.1909811185503));
#13630=CARTESIAN_POINT('Ctrl Pts',(65.2673936076462,-9.99998435245993,20.8635596917772));
#13631=CARTESIAN_POINT('Ctrl Pts',(65.2673936076462,-11.9999843524599,20.8635596917772));
#13632=CARTESIAN_POINT('Ctrl Pts',(65.0063858566282,-9.99998435245993,20.8751228370649));
#13633=CARTESIAN_POINT('Ctrl Pts',(65.0063858566282,-11.9999843524599,20.8751228370649));
#13634=CARTESIAN_POINT('Ctrl Pts',(64.5025473742294,-9.99998435245993,20.8974438507158));
#13635=CARTESIAN_POINT('Ctrl Pts',(64.5025473742294,-11.9999843524599,20.8974438507158));
#13636=CARTESIAN_POINT('Ctrl Pts',(64.0391607101319,-9.99998435245993,21.0955173333556));
#13637=CARTESIAN_POINT('Ctrl Pts',(64.0391607101319,-11.9999843524599,21.0955173333556));
#13638=CARTESIAN_POINT('Ctrl Pts',(63.8158261962235,-9.99998435245993,21.1909811185503));
#13639=CARTESIAN_POINT('Ctrl Pts',(63.8158261962235,-11.9999843524599,21.1909811185503));
#13640=CARTESIAN_POINT('',(65.2673936076462,-11.9999843524599,20.8635596917772));
#13641=CARTESIAN_POINT('Ctrl Pts',(65.2673936076462,-11.9999843524599,20.8635596917772));
#13642=CARTESIAN_POINT('Ctrl Pts',(65.0063858566282,-11.9999843524599,20.8751228370649));
#13643=CARTESIAN_POINT('Ctrl Pts',(64.5025473742294,-11.9999843524599,20.8974438507158));
#13644=CARTESIAN_POINT('Ctrl Pts',(64.0391607101319,-11.9999843524599,21.0955173333556));
#13645=CARTESIAN_POINT('Ctrl Pts',(63.8158261962235,-11.9999843524599,21.1909811185503));
#13646=CARTESIAN_POINT('',(65.2673936076462,-11.9999843524599,20.8635596917772));
#13647=CARTESIAN_POINT('Ctrl Pts',(67.6794004626572,-9.99998435245993,21.8894807981157));
#13648=CARTESIAN_POINT('Ctrl Pts',(67.6794004626572,-11.9999843524599,21.8894807981157));
#13649=CARTESIAN_POINT('Ctrl Pts',(67.346816549407,-9.99998435245993,21.5903250705243));
#13650=CARTESIAN_POINT('Ctrl Pts',(67.346816549407,-11.9999843524599,21.5903250705243));
#13651=CARTESIAN_POINT('Ctrl Pts',(66.6616421740586,-9.99998435245993,20.9740179353377));
#13652=CARTESIAN_POINT('Ctrl Pts',(66.6616421740586,-11.9999843524599,20.9740179353377));
#13653=CARTESIAN_POINT('Ctrl Pts',(65.7411028031906,-9.99998435245993,20.9010889293599));
#13654=CARTESIAN_POINT('Ctrl Pts',(65.7411028031906,-11.9999843524599,20.9010889293599));
#13655=CARTESIAN_POINT('Ctrl Pts',(65.2673936076462,-9.99998435245993,20.8635596917772));
#13656=CARTESIAN_POINT('Ctrl Pts',(65.2673936076462,-11.9999843524599,20.8635596917772));
#13657=CARTESIAN_POINT('',(67.6794004626572,-11.9999843524599,21.8894807981157));
#13658=CARTESIAN_POINT('Ctrl Pts',(67.6794004626572,-11.9999843524599,21.8894807981157));
#13659=CARTESIAN_POINT('Ctrl Pts',(67.346816549407,-11.9999843524599,21.5903250705243));
#13660=CARTESIAN_POINT('Ctrl Pts',(66.6616421740586,-11.9999843524599,20.9740179353377));
#13661=CARTESIAN_POINT('Ctrl Pts',(65.7411028031906,-11.9999843524599,20.9010889293599));
#13662=CARTESIAN_POINT('Ctrl Pts',(65.2673936076462,-11.9999843524599,20.8635596917772));
#13663=CARTESIAN_POINT('',(67.6794004626572,-11.9999843524599,21.8894807981157));
#13664=CARTESIAN_POINT('Ctrl Pts',(68.5798096843064,-9.99998435245993,24.3233136819506));
#13665=CARTESIAN_POINT('Ctrl Pts',(68.5798096843064,-11.9999843524599,24.3233136819506));
#13666=CARTESIAN_POINT('Ctrl Pts',(68.5435890617191,-9.99998435245993,23.8714119805797));
#13667=CARTESIAN_POINT('Ctrl Pts',(68.5435890617191,-11.9999843524599,23.8714119805797));
#13668=CARTESIAN_POINT('Ctrl Pts',(68.4717605726733,-9.99998435245993,22.9752535468443));
#13669=CARTESIAN_POINT('Ctrl Pts',(68.4717605726733,-11.9999843524599,22.9752535468443));
#13670=CARTESIAN_POINT('Ctrl Pts',(67.9420141082159,-9.99998435245993,22.2493408367365));
#13671=CARTESIAN_POINT('Ctrl Pts',(67.9420141082159,-11.9999843524599,22.2493408367365));
#13672=CARTESIAN_POINT('Ctrl Pts',(67.6794004626572,-9.99998435245993,21.8894807981157));
#13673=CARTESIAN_POINT('Ctrl Pts',(67.6794004626572,-11.9999843524599,21.8894807981157));
#13674=CARTESIAN_POINT('',(68.5798096843064,-11.9999843524599,24.3233136819506));
#13675=CARTESIAN_POINT('Ctrl Pts',(68.5798096843064,-11.9999843524599,24.3233136819506));
#13676=CARTESIAN_POINT('Ctrl Pts',(68.5435890617191,-11.9999843524599,23.8714119805797));
#13677=CARTESIAN_POINT('Ctrl Pts',(68.4717605726733,-11.9999843524599,22.9752535468443));
#13678=CARTESIAN_POINT('Ctrl Pts',(67.9420141082159,-11.9999843524599,22.2493408367365));
#13679=CARTESIAN_POINT('Ctrl Pts',(67.6794004626572,-11.9999843524599,21.8894807981157));
#13680=CARTESIAN_POINT('',(68.5798096843064,-11.9999843524599,24.3233136819506));
#13681=CARTESIAN_POINT('Ctrl Pts',(67.8594827838242,-9.99998435245992,26.2250880883837));
#13682=CARTESIAN_POINT('Ctrl Pts',(67.8594827838242,-11.9999843524599,26.2250880883837));
#13683=CARTESIAN_POINT('Ctrl Pts',(68.0694485332156,-9.99998435245992,25.9604851995116));
#13684=CARTESIAN_POINT('Ctrl Pts',(68.0694485332156,-11.9999843524599,25.9604851995116));
#13685=CARTESIAN_POINT('Ctrl Pts',(68.5103225952651,-9.99998435245992,25.4048871994319));
#13686=CARTESIAN_POINT('Ctrl Pts',(68.5103225952651,-11.9999843524599,25.4048871994319));
#13687=CARTESIAN_POINT('Ctrl Pts',(68.5559252433235,-9.99998435245993,24.6950774038643));
#13688=CARTESIAN_POINT('Ctrl Pts',(68.5559252433235,-11.9999843524599,24.6950774038643));
#13689=CARTESIAN_POINT('Ctrl Pts',(68.5798096843064,-9.99998435245993,24.3233136819506));
#13690=CARTESIAN_POINT('Ctrl Pts',(68.5798096843064,-11.9999843524599,24.3233136819506));
#13691=CARTESIAN_POINT('',(67.8594827838242,-11.9999843524599,26.2250880883837));
#13692=CARTESIAN_POINT('Ctrl Pts',(67.8594827838242,-11.9999843524599,26.2250880883837));
#13693=CARTESIAN_POINT('Ctrl Pts',(68.0694485332156,-11.9999843524599,25.9604851995116));
#13694=CARTESIAN_POINT('Ctrl Pts',(68.5103225952651,-11.9999843524599,25.4048871994319));
#13695=CARTESIAN_POINT('Ctrl Pts',(68.5559252433235,-11.9999843524599,24.6950774038643));
#13696=CARTESIAN_POINT('Ctrl Pts',(68.5798096843064,-11.9999843524599,24.3233136819506));
#13697=CARTESIAN_POINT('',(67.8594827838242,-11.9999843524599,26.2250880883837));
#13698=CARTESIAN_POINT('Ctrl Pts',(65.8567524142563,-9.99998435245992,26.9317726777697));
#13699=CARTESIAN_POINT('Ctrl Pts',(65.8567524142563,-11.9999843524599,26.9317726777697));
#13700=CARTESIAN_POINT('Ctrl Pts',(66.2514205165223,-9.99998435245992,26.9110287217437));
#13701=CARTESIAN_POINT('Ctrl Pts',(66.2514205165223,-11.9999843524599,26.9110287217437));
#13702=CARTESIAN_POINT('Ctrl Pts',(66.9913866706846,-9.99998435245992,26.8721357246292));
#13703=CARTESIAN_POINT('Ctrl Pts',(66.9913866706846,-11.9999843524599,26.8721357246292));
#13704=CARTESIAN_POINT('Ctrl Pts',(67.5832810118939,-9.99998435245992,26.4309589602252));
#13705=CARTESIAN_POINT('Ctrl Pts',(67.5832810118939,-11.9999843524599,26.4309589602252));
#13706=CARTESIAN_POINT('Ctrl Pts',(67.8594827838242,-9.99998435245992,26.2250880883837));
#13707=CARTESIAN_POINT('Ctrl Pts',(67.8594827838242,-11.9999843524599,26.2250880883837));
#13708=CARTESIAN_POINT('',(65.8567524142563,-11.9999843524599,26.9317726777697));
#13709=CARTESIAN_POINT('Ctrl Pts',(65.8567524142563,-11.9999843524599,26.9317726777697));
#13710=CARTESIAN_POINT('Ctrl Pts',(66.2514205165223,-11.9999843524599,26.9110287217437));
#13711=CARTESIAN_POINT('Ctrl Pts',(66.9913866706846,-11.9999843524599,26.8721357246292));
#13712=CARTESIAN_POINT('Ctrl Pts',(67.5832810118939,-11.9999843524599,26.4309589602252));
#13713=CARTESIAN_POINT('Ctrl Pts',(67.8594827838242,-11.9999843524599,26.2250880883837));
#13714=CARTESIAN_POINT('',(65.8567524142563,-11.9999843524599,26.9317726777697));
#13715=CARTESIAN_POINT('Ctrl Pts',(63.4693050570786,-9.99998435245992,25.974064319005));
#13716=CARTESIAN_POINT('Ctrl Pts',(63.4693050570786,-11.9999843524599,25.974064319005));
#13717=CARTESIAN_POINT('Ctrl Pts',(63.80339704658,-9.99998435245992,26.2533162604846));
#13718=CARTESIAN_POINT('Ctrl Pts',(63.80339704658,-11.9999843524599,26.2533162604846));
#13719=CARTESIAN_POINT('Ctrl Pts',(64.4937388521374,-9.99998435245992,26.8303408391764));
#13720=CARTESIAN_POINT('Ctrl Pts',(64.4937388521374,-11.9999843524599,26.8303408391764));
#13721=CARTESIAN_POINT('Ctrl Pts',(65.3927955845255,-9.99998435245992,26.8972462463567));
#13722=CARTESIAN_POINT('Ctrl Pts',(65.3927955845255,-11.9999843524599,26.8972462463567));
#13723=CARTESIAN_POINT('Ctrl Pts',(65.8567524142563,-9.99998435245992,26.9317726777697));
#13724=CARTESIAN_POINT('Ctrl Pts',(65.8567524142563,-11.9999843524599,26.9317726777697));
#13725=CARTESIAN_POINT('',(63.4693050570786,-11.9999843524599,25.974064319005));
#13726=CARTESIAN_POINT('Ctrl Pts',(63.4693050570786,-11.9999843524599,25.974064319005));
#13727=CARTESIAN_POINT('Ctrl Pts',(63.80339704658,-11.9999843524599,26.2533162604846));
#13728=CARTESIAN_POINT('Ctrl Pts',(64.4937388521374,-11.9999843524599,26.8303408391764));
#13729=CARTESIAN_POINT('Ctrl Pts',(65.3927955845255,-11.9999843524599,26.8972462463567));
#13730=CARTESIAN_POINT('Ctrl Pts',(65.8567524142563,-11.9999843524599,26.9317726777697));
#13731=CARTESIAN_POINT('',(63.4693050570786,-11.9999843524599,25.974064319005));
#13732=CARTESIAN_POINT('Ctrl Pts',(62.560709733516,-9.99998435245993,23.4065334485674));
#13733=CARTESIAN_POINT('Ctrl Pts',(62.560709733516,-11.9999843524599,23.4065334485674));
#13734=CARTESIAN_POINT('Ctrl Pts',(62.5895002236673,-9.99998435245993,23.905981587357));
#13735=CARTESIAN_POINT('Ctrl Pts',(62.5895002236673,-11.9999843524599,23.905981587357));
#13736=CARTESIAN_POINT('Ctrl Pts',(62.6440759970916,-9.99998435245993,24.8527445051267));
#13737=CARTESIAN_POINT('Ctrl Pts',(62.6440759970916,-11.9999843524599,24.8527445051267));
#13738=CARTESIAN_POINT('Ctrl Pts',(63.204515543957,-9.99998435245992,25.6142687883252));
#13739=CARTESIAN_POINT('Ctrl Pts',(63.204515543957,-11.9999843524599,25.6142687883252));
#13740=CARTESIAN_POINT('Ctrl Pts',(63.4693050570786,-9.99998435245992,25.974064319005));
#13741=CARTESIAN_POINT('Ctrl Pts',(63.4693050570786,-11.9999843524599,25.974064319005));
#13742=CARTESIAN_POINT('',(62.560709733516,-11.9999843524599,23.4065334485674));
#13743=CARTESIAN_POINT('Ctrl Pts',(62.560709733516,-11.9999843524599,23.4065334485674));
#13744=CARTESIAN_POINT('Ctrl Pts',(62.5895002236673,-11.9999843524599,23.905981587357));
#13745=CARTESIAN_POINT('Ctrl Pts',(62.6440759970916,-11.9999843524599,24.8527445051267));
#13746=CARTESIAN_POINT('Ctrl Pts',(63.204515543957,-11.9999843524599,25.6142687883252));
#13747=CARTESIAN_POINT('Ctrl Pts',(63.4693050570786,-11.9999843524599,25.974064319005));
#13748=CARTESIAN_POINT('',(62.560709733516,-11.9999843524599,23.4065334485674));
#13749=CARTESIAN_POINT('Ctrl Pts',(62.871760148555,-9.99998435245993,22.1186761544848));
#13750=CARTESIAN_POINT('Ctrl Pts',(62.871760148555,-11.9999843524599,22.1186761544848));
#13751=CARTESIAN_POINT('Ctrl Pts',(62.7810376114753,-9.99998435245993,22.3229055813334));
#13752=CARTESIAN_POINT('Ctrl Pts',(62.7810376114753,-11.9999843524599,22.3229055813334));
#13753=CARTESIAN_POINT('Ctrl Pts',(62.5987898349366,-9.99998435245993,22.7331714330724));
#13754=CARTESIAN_POINT('Ctrl Pts',(62.5987898349366,-11.9999843524599,22.7331714330724));
#13755=CARTESIAN_POINT('Ctrl Pts',(62.5734403176038,-9.99998435245993,23.1814213443442));
#13756=CARTESIAN_POINT('Ctrl Pts',(62.5734403176038,-11.9999843524599,23.1814213443442));
#13757=CARTESIAN_POINT('Ctrl Pts',(62.560709733516,-9.99998435245993,23.4065334485674));
#13758=CARTESIAN_POINT('Ctrl Pts',(62.560709733516,-11.9999843524599,23.4065334485674));
#13759=CARTESIAN_POINT('Ctrl Pts',(62.871760148555,-11.9999843524599,22.1186761544848));
#13760=CARTESIAN_POINT('Ctrl Pts',(62.7810376114753,-11.9999843524599,22.3229055813334));
#13761=CARTESIAN_POINT('Ctrl Pts',(62.5987898349366,-11.9999843524599,22.7331714330724));
#13762=CARTESIAN_POINT('Ctrl Pts',(62.5734403176038,-11.9999843524599,23.1814213443442));
#13763=CARTESIAN_POINT('Ctrl Pts',(62.560709733516,-11.9999843524599,23.4065334485674));
#13764=CARTESIAN_POINT('Origin',(53.4884035773575,-11.9999843524599,21.8703810857439));
#13765=CARTESIAN_POINT('',(53.3055931515992,-11.9999843524599,20.9999851869249));
#13766=CARTESIAN_POINT('',(53.3055931515992,-11.9999843524599,20.9999851869249));
#13767=CARTESIAN_POINT('',(53.6712140031159,-11.9999843524599,22.7407769845629));
#13768=CARTESIAN_POINT('',(63.4928815464092,-11.9999843524599,69.5036413769119));
#13769=CARTESIAN_POINT('',(53.6712140031159,-11.9999843524599,22.7407769845629));
#13770=CARTESIAN_POINT('Origin',(54.2005455680192,-11.9999843524599,23.2100807117128));
#13771=CARTESIAN_POINT('',(54.7298771329224,-11.9999843524599,23.6793844388628));
#13772=CARTESIAN_POINT('',(92.8258946507999,-11.9999843524599,57.4551956621699));
#13773=CARTESIAN_POINT('',(54.7298771329224,-11.9999843524599,23.6793844388628));
#13774=CARTESIAN_POINT('Origin',(55.1282397098839,-11.9999843524599,22.3396848128939));
#13775=CARTESIAN_POINT('',(55.5266022868454,-11.9999843524599,20.9999851869249));
#13776=CARTESIAN_POINT('',(45.9402843302908,-11.9999843524599,53.2389235901579));
#13777=CARTESIAN_POINT('',(55.5266022868454,-11.9999843524599,20.9999851869249));
#13778=CARTESIAN_POINT('Origin',(56.3096857257187,-11.9999843524599,20.9999851869249));
#13779=CARTESIAN_POINT('',(57.092769164592,-11.9999843524599,20.9999851869249));
#13780=CARTESIAN_POINT('',(86.6548455227166,-11.9999843524599,20.9999851869249));
#13781=CARTESIAN_POINT('',(57.092769164592,-11.9999843524599,20.9999851869249));
#13782=CARTESIAN_POINT('Origin',(56.4733970351517,-11.9999843524599,22.8444598601961));
#13783=CARTESIAN_POINT('',(55.8540249057114,-11.9999843524599,24.6889345334673));
#13784=CARTESIAN_POINT('',(46.6913816942389,-11.9999843524599,51.9750563017376));
#13785=CARTESIAN_POINT('',(55.8540249057114,-11.9999843524599,24.6889345334673));
#13786=CARTESIAN_POINT('Origin',(57.019099611789,-11.9999843524599,25.7421408580446));
#13787=CARTESIAN_POINT('',(58.1841743178666,-11.9999843524599,26.795347182622));
#13788=CARTESIAN_POINT('',(93.983040627746,-11.9999843524599,59.1568706227789));
#13789=CARTESIAN_POINT('',(58.1841743178666,-11.9999843524599,26.795347182622));
#13790=CARTESIAN_POINT('Origin',(57.1664387173951,-11.9999843524599,26.795347182622));
#13791=CARTESIAN_POINT('',(56.1487031169236,-11.9999843524599,26.795347182622));
#13792=CARTESIAN_POINT('',(87.0832220185548,-11.9999843524599,26.795347182622));
#13793=CARTESIAN_POINT('',(56.1487031169236,-11.9999843524599,26.795347182622));
#13794=CARTESIAN_POINT('Origin',(55.1282397098839,-11.9999843524599,25.8158104108477));
#13795=CARTESIAN_POINT('',(54.1077763028443,-11.9999843524599,24.8362736390734));
#13796=CARTESIAN_POINT('',(91.7578098335986,-11.9999843524599,60.9763175127645));
#13797=CARTESIAN_POINT('',(54.1077763028443,-11.9999843524599,24.8362736390734));
#13798=CARTESIAN_POINT('Origin',(54.5443383045495,-11.9999843524599,26.9181294726038));
#13799=CARTESIAN_POINT('',(54.9809003062546,-11.9999843524599,28.9999853061342));
#13800=CARTESIAN_POINT('',(64.0029756085085,-11.9999843524599,72.0240231866294));
#13801=CARTESIAN_POINT('',(54.9809003062546,-11.9999843524599,28.9999853061342));
#13802=CARTESIAN_POINT('Origin',(54.1978171654046,-11.9999843524599,28.9999853061342));
#13803=CARTESIAN_POINT('',(53.4147340245545,-11.9999843524599,28.9999853061342));
#13804=CARTESIAN_POINT('',(85.5989112425596,-11.9999843524599,28.9999853061342));
#13805=CARTESIAN_POINT('',(53.4147340245545,-11.9999843524599,28.9999853061342));
#13806=CARTESIAN_POINT('Origin',(52.5770804472268,-11.9999843524599,24.9999852465296));
#13807=CARTESIAN_POINT('',(51.739426869899,-11.9999843524599,20.9999851869249));
#13808=CARTESIAN_POINT('',(62.2558824465209,-11.9999843524599,71.2186245766296));
#13809=CARTESIAN_POINT('',(51.739426869899,-11.9999843524599,20.9999851869249));
#13810=CARTESIAN_POINT('Origin',(52.5225100107491,-11.9999843524599,20.9999851869249));
#13811=CARTESIAN_POINT('',(84.7612576652318,-11.9999843524599,20.9999851869249));
#13812=CARTESIAN_POINT('Ctrl Pts',(104.664393663406,-9.99998435245993,22.1036677049303));
#13813=CARTESIAN_POINT('Ctrl Pts',(104.664393663406,-11.9999843524599,22.1036677049303));
#13814=CARTESIAN_POINT('Ctrl Pts',(104.573922993302,-9.99998435245993,22.0942719477499));
#13815=CARTESIAN_POINT('Ctrl Pts',(104.573922993302,-11.9999843524599,22.0942719477499));
#13816=CARTESIAN_POINT('Ctrl Pts',(104.389677415752,-9.99998435245993,22.0751372745323));
#13817=CARTESIAN_POINT('Ctrl Pts',(104.389677415752,-11.9999843524599,22.0751372745323));
#13818=CARTESIAN_POINT('Ctrl Pts',(104.248969207842,-9.99998435245993,21.9543612083734));
#13819=CARTESIAN_POINT('Ctrl Pts',(104.248969207842,-11.9999843524599,21.9543612083734));
#13820=CARTESIAN_POINT('Ctrl Pts',(104.177353382111,-9.99998435245993,21.8928901837969));
#13821=CARTESIAN_POINT('Ctrl Pts',(104.177353382111,-11.9999843524599,21.8928901837969));
#13822=CARTESIAN_POINT('',(104.177353382111,-11.9999843524599,21.8928901837969));
#13823=CARTESIAN_POINT('',(104.177353382111,-11.9999843524599,21.8928901837969));
#13824=CARTESIAN_POINT('',(104.664393663406,-11.9999843524599,22.1036677049303));
#13825=CARTESIAN_POINT('Ctrl Pts',(104.664393663406,-11.9999843524599,22.1036677049303));
#13826=CARTESIAN_POINT('Ctrl Pts',(104.573922993302,-11.9999843524599,22.0942719477499));
#13827=CARTESIAN_POINT('Ctrl Pts',(104.389677415752,-11.9999843524599,22.0751372745323));
#13828=CARTESIAN_POINT('Ctrl Pts',(104.248969207842,-11.9999843524599,21.9543612083734));
#13829=CARTESIAN_POINT('Ctrl Pts',(104.177353382111,-11.9999843524599,21.8928901837969));
#13830=CARTESIAN_POINT('',(104.664393663406,-11.9999843524599,22.1036677049303));
#13831=CARTESIAN_POINT('Ctrl Pts',(105.11664390564,-9.99998435245993,21.9154004739428));
#13832=CARTESIAN_POINT('Ctrl Pts',(105.11664390564,-11.9999843524599,21.9154004739428));
#13833=CARTESIAN_POINT('Ctrl Pts',(105.052579613063,-9.99998435245993,21.9703077785597));
#13834=CARTESIAN_POINT('Ctrl Pts',(105.052579613063,-11.9999843524599,21.9703077785597));
#13835=CARTESIAN_POINT('Ctrl Pts',(104.922362790983,-9.99998435245993,22.0819121439339));
#13836=CARTESIAN_POINT('Ctrl Pts',(104.922362790983,-11.9999843524599,22.0819121439339));
#13837=CARTESIAN_POINT('Ctrl Pts',(104.751297806977,-9.99998435245993,22.0963387333822));
#13838=CARTESIAN_POINT('Ctrl Pts',(104.751297806977,-11.9999843524599,22.0963387333822));
#13839=CARTESIAN_POINT('Ctrl Pts',(104.664393663406,-9.99998435245993,22.1036677049303));
#13840=CARTESIAN_POINT('Ctrl Pts',(104.664393663406,-11.9999843524599,22.1036677049303));
#13841=CARTESIAN_POINT('',(105.11664390564,-11.9999843524599,21.9154004739428));
#13842=CARTESIAN_POINT('Ctrl Pts',(105.11664390564,-11.9999843524599,21.9154004739428));
#13843=CARTESIAN_POINT('Ctrl Pts',(105.052579613063,-11.9999843524599,21.9703077785597));
#13844=CARTESIAN_POINT('Ctrl Pts',(104.922362790983,-11.9999843524599,22.0819121439339));
#13845=CARTESIAN_POINT('Ctrl Pts',(104.751297806977,-11.9999843524599,22.0963387333822));
#13846=CARTESIAN_POINT('Ctrl Pts',(104.664393663406,-11.9999843524599,22.1036677049303));
#13847=CARTESIAN_POINT('',(105.11664390564,-11.9999843524599,21.9154004739428));
#13848=CARTESIAN_POINT('Ctrl Pts',(105.294680595398,-9.99998435245993,21.4242677377367));
#13849=CARTESIAN_POINT('Ctrl Pts',(105.294680595398,-11.9999843524599,21.4242677377367));
#13850=CARTESIAN_POINT('Ctrl Pts',(105.288636068859,-9.99998435245993,21.5189456473257));
#13851=CARTESIAN_POINT('Ctrl Pts',(105.288636068859,-11.9999843524599,21.5189456473257));
#13852=CARTESIAN_POINT('Ctrl Pts',(105.277049276139,-9.99998435245993,21.7004343555828));
#13853=CARTESIAN_POINT('Ctrl Pts',(105.277049276139,-11.9999843524599,21.7004343555828));
#13854=CARTESIAN_POINT('Ctrl Pts',(105.168544553849,-9.99998435245993,21.8458461887513));
#13855=CARTESIAN_POINT('Ctrl Pts',(105.168544553849,-11.9999843524599,21.8458461887513));
#13856=CARTESIAN_POINT('Ctrl Pts',(105.11664390564,-9.99998435245993,21.9154004739428));
#13857=CARTESIAN_POINT('Ctrl Pts',(105.11664390564,-11.9999843524599,21.9154004739428));
#13858=CARTESIAN_POINT('',(105.294680595398,-11.9999843524599,21.4242677377367));
#13859=CARTESIAN_POINT('Ctrl Pts',(105.294680595398,-11.9999843524599,21.4242677377367));
#13860=CARTESIAN_POINT('Ctrl Pts',(105.288636068859,-11.9999843524599,21.5189456473257));
#13861=CARTESIAN_POINT('Ctrl Pts',(105.277049276139,-11.9999843524599,21.7004343555828));
#13862=CARTESIAN_POINT('Ctrl Pts',(105.168544553849,-11.9999843524599,21.8458461887513));
#13863=CARTESIAN_POINT('Ctrl Pts',(105.11664390564,-11.9999843524599,21.9154004739428));
#13864=CARTESIAN_POINT('',(105.294680595398,-11.9999843524599,21.4242677377367));
#13865=CARTESIAN_POINT('Ctrl Pts',(105.188267230988,-9.99998435245993,21.0027126954699));
#13866=CARTESIAN_POINT('Ctrl Pts',(105.188267230988,-11.9999843524599,21.0027126954699));
#13867=CARTESIAN_POINT('Ctrl Pts',(105.219243650946,-9.99998435245993,21.0756588752082));
#13868=CARTESIAN_POINT('Ctrl Pts',(105.219243650946,-11.9999843524599,21.0756588752082));
#13869=CARTESIAN_POINT('Ctrl Pts',(105.27664699292,-9.99998435245993,21.2108376501254));
#13870=CARTESIAN_POINT('Ctrl Pts',(105.27664699292,-11.9999843524599,21.2108376501254));
#13871=CARTESIAN_POINT('Ctrl Pts',(105.288995624557,-9.99998435245993,21.3569853505326));
#13872=CARTESIAN_POINT('Ctrl Pts',(105.288995624557,-11.9999843524599,21.3569853505326));
#13873=CARTESIAN_POINT('Ctrl Pts',(105.294680595398,-9.99998435245993,21.4242677377367));
#13874=CARTESIAN_POINT('Ctrl Pts',(105.294680595398,-11.9999843524599,21.4242677377367));
#13875=CARTESIAN_POINT('',(105.188267230988,-11.9999843524599,21.0027126954699));
#13876=CARTESIAN_POINT('Ctrl Pts',(105.188267230988,-11.9999843524599,21.0027126954699));
#13877=CARTESIAN_POINT('Ctrl Pts',(105.219243650946,-11.9999843524599,21.0756588752082));
#13878=CARTESIAN_POINT('Ctrl Pts',(105.27664699292,-11.9999843524599,21.2108376501254));
#13879=CARTESIAN_POINT('Ctrl Pts',(105.288995624557,-11.9999843524599,21.3569853505326));
#13880=CARTESIAN_POINT('Ctrl Pts',(105.294680595398,-11.9999843524599,21.4242677377367));
#13881=CARTESIAN_POINT('',(105.188267230988,-11.9999843524599,21.0027126954699));
#13882=CARTESIAN_POINT('Ctrl Pts',(104.795361757278,-9.99998435245993,20.4501889632845));
#13883=CARTESIAN_POINT('Ctrl Pts',(104.795361757278,-11.9999843524599,20.4501889632845));
#13884=CARTESIAN_POINT('Ctrl Pts',(104.880139552684,-9.99998435245993,20.5464499186628));
#13885=CARTESIAN_POINT('Ctrl Pts',(104.880139552684,-11.9999843524599,20.5464499186628));
#13886=CARTESIAN_POINT('Ctrl Pts',(105.030460597427,-9.99998435245993,20.7171319623652));
#13887=CARTESIAN_POINT('Ctrl Pts',(105.030460597427,-11.9999843524599,20.7171319623652));
#13888=CARTESIAN_POINT('Ctrl Pts',(105.140352129629,-9.99998435245993,20.9160013230515));
#13889=CARTESIAN_POINT('Ctrl Pts',(105.140352129629,-11.9999843524599,20.9160013230515));
#13890=CARTESIAN_POINT('Ctrl Pts',(105.188267230988,-9.99998435245993,21.0027126954699));
#13891=CARTESIAN_POINT('Ctrl Pts',(105.188267230988,-11.9999843524599,21.0027126954699));
#13892=CARTESIAN_POINT('',(104.795361757278,-11.9999843524599,20.4501889632845));
#13893=CARTESIAN_POINT('Ctrl Pts',(104.795361757278,-11.9999843524599,20.4501889632845));
#13894=CARTESIAN_POINT('Ctrl Pts',(104.880139552684,-11.9999843524599,20.5464499186628));
#13895=CARTESIAN_POINT('Ctrl Pts',(105.030460597427,-11.9999843524599,20.7171319623652));
#13896=CARTESIAN_POINT('Ctrl Pts',(105.140352129629,-11.9999843524599,20.9160013230515));
#13897=CARTESIAN_POINT('Ctrl Pts',(105.188267230988,-11.9999843524599,21.0027126954699));
#13898=CARTESIAN_POINT('',(104.795361757278,-11.9999843524599,20.4501889632845));
#13899=CARTESIAN_POINT('Ctrl Pts',(104.030014276505,-9.99998435245993,19.6930269883776));
#13900=CARTESIAN_POINT('Ctrl Pts',(104.030014276505,-11.9999843524599,19.6930269883776));
#13901=CARTESIAN_POINT('Ctrl Pts',(104.196090689412,-9.99998435245993,19.8516385783073));
#13902=CARTESIAN_POINT('Ctrl Pts',(104.196090689412,-11.9999843524599,19.8516385783073));
#13903=CARTESIAN_POINT('Ctrl Pts',(104.455668178143,-9.99998435245993,20.0995485462355));
#13904=CARTESIAN_POINT('Ctrl Pts',(104.455668178143,-11.9999843524599,20.0995485462355));
#13905=CARTESIAN_POINT('Ctrl Pts',(104.705405248195,-9.99998435245993,20.3573335494686));
#13906=CARTESIAN_POINT('Ctrl Pts',(104.705405248195,-11.9999843524599,20.3573335494686));
#13907=CARTESIAN_POINT('Ctrl Pts',(104.795361757278,-9.99998435245993,20.4501889632845));
#13908=CARTESIAN_POINT('Ctrl Pts',(104.795361757278,-11.9999843524599,20.4501889632845));
#13909=CARTESIAN_POINT('',(104.030014276505,-11.9999843524599,19.6930269883776));
#13910=CARTESIAN_POINT('Ctrl Pts',(104.030014276505,-11.9999843524599,19.6930269883776));
#13911=CARTESIAN_POINT('Ctrl Pts',(104.196090689412,-11.9999843524599,19.8516385783073));
#13912=CARTESIAN_POINT('Ctrl Pts',(104.455668178143,-11.9999843524599,20.0995485462355));
#13913=CARTESIAN_POINT('Ctrl Pts',(104.705405248195,-11.9999843524599,20.3573335494686));
#13914=CARTESIAN_POINT('Ctrl Pts',(104.795361757278,-11.9999843524599,20.4501889632845));
#13915=CARTESIAN_POINT('',(104.030014276505,-11.9999843524599,19.6930269883776));
#13916=CARTESIAN_POINT('Ctrl Pts',(102.920873165131,-9.99998435245993,18.5838858770037));
#13917=CARTESIAN_POINT('Ctrl Pts',(102.920873165131,-11.9999843524599,18.5838858770037));
#13918=CARTESIAN_POINT('Ctrl Pts',(103.062657710539,-9.99998435245993,18.7347257252127));
#13919=CARTESIAN_POINT('Ctrl Pts',(103.062657710539,-11.9999843524599,18.7347257252127));
#13920=CARTESIAN_POINT('Ctrl Pts',(103.420886010409,-9.99998435245993,19.1158328636581));
#13921=CARTESIAN_POINT('Ctrl Pts',(103.420886010409,-11.9999843524599,19.1158328636581));
#13922=CARTESIAN_POINT('Ctrl Pts',(103.800592978099,-9.99998435245993,19.4756333245208));
#13923=CARTESIAN_POINT('Ctrl Pts',(103.800592978099,-11.9999843524599,19.4756333245208));
#13924=CARTESIAN_POINT('Ctrl Pts',(104.030014276505,-9.99998435245993,19.6930269883776));
#13925=CARTESIAN_POINT('Ctrl Pts',(104.030014276505,-11.9999843524599,19.6930269883776));
#13926=CARTESIAN_POINT('',(102.920873165131,-11.9999843524599,18.5838858770037));
#13927=CARTESIAN_POINT('Ctrl Pts',(102.920873165131,-11.9999843524599,18.5838858770037));
#13928=CARTESIAN_POINT('Ctrl Pts',(103.062657710539,-11.9999843524599,18.7347257252127));
#13929=CARTESIAN_POINT('Ctrl Pts',(103.420886010409,-11.9999843524599,19.1158328636581));
#13930=CARTESIAN_POINT('Ctrl Pts',(103.800592978099,-11.9999843524599,19.4756333245208));
#13931=CARTESIAN_POINT('Ctrl Pts',(104.030014276505,-11.9999843524599,19.6930269883776));
#13932=CARTESIAN_POINT('',(102.920873165131,-11.9999843524599,18.5838858770037));
#13933=CARTESIAN_POINT('Ctrl Pts',(102.415416240692,-9.99998435245993,17.8410486863756));
#13934=CARTESIAN_POINT('Ctrl Pts',(102.415416240692,-11.9999843524599,17.8410486863756));
#13935=CARTESIAN_POINT('Ctrl Pts',(102.487422233861,-9.99998435245993,17.9720980295));
#13936=CARTESIAN_POINT('Ctrl Pts',(102.487422233861,-11.9999843524599,17.9720980295));
#13937=CARTESIAN_POINT('Ctrl Pts',(102.632295502427,-9.99998435245993,18.235764230693));
#13938=CARTESIAN_POINT('Ctrl Pts',(102.632295502427,-11.9999843524599,18.235764230693));
#13939=CARTESIAN_POINT('Ctrl Pts',(102.824300117048,-9.99998435245993,18.467386324776));
#13940=CARTESIAN_POINT('Ctrl Pts',(102.824300117048,-11.9999843524599,18.467386324776));
#13941=CARTESIAN_POINT('Ctrl Pts',(102.920873165131,-9.99998435245993,18.5838858770037));
#13942=CARTESIAN_POINT('Ctrl Pts',(102.920873165131,-11.9999843524599,18.5838858770037));
#13943=CARTESIAN_POINT('',(102.415416240692,-11.9999843524599,17.8410486863756));
#13944=CARTESIAN_POINT('Ctrl Pts',(102.415416240692,-11.9999843524599,17.8410486863756));
#13945=CARTESIAN_POINT('Ctrl Pts',(102.487422233861,-11.9999843524599,17.9720980295));
#13946=CARTESIAN_POINT('Ctrl Pts',(102.632295502427,-11.9999843524599,18.235764230693));
#13947=CARTESIAN_POINT('Ctrl Pts',(102.824300117048,-11.9999843524599,18.467386324776));
#13948=CARTESIAN_POINT('Ctrl Pts',(102.920873165131,-11.9999843524599,18.5838858770037));
#13949=CARTESIAN_POINT('',(102.415416240692,-11.9999843524599,17.8410486863756));
#13950=CARTESIAN_POINT('Ctrl Pts',(102.155525684357,-9.99998435245993,16.9999842332506));
#13951=CARTESIAN_POINT('Ctrl Pts',(102.155525684357,-11.9999843524599,16.9999842332506));
#13952=CARTESIAN_POINT('Ctrl Pts',(102.180714159848,-9.99998435245993,17.1456019616153));
#13953=CARTESIAN_POINT('Ctrl Pts',(102.180714159848,-11.9999843524599,17.1456019616153));
#13954=CARTESIAN_POINT('Ctrl Pts',(102.231143350482,-9.99998435245993,17.437139422306));
#13955=CARTESIAN_POINT('Ctrl Pts',(102.231143350482,-11.9999843524599,17.437139422306));
#13956=CARTESIAN_POINT('Ctrl Pts',(102.353949538936,-9.99998435245993,17.7063193171073));
#13957=CARTESIAN_POINT('Ctrl Pts',(102.353949538936,-11.9999843524599,17.7063193171073));
#13958=CARTESIAN_POINT('Ctrl Pts',(102.415416240692,-9.99998435245993,17.8410486863756));
#13959=CARTESIAN_POINT('Ctrl Pts',(102.415416240692,-11.9999843524599,17.8410486863756));
#13960=CARTESIAN_POINT('',(102.155525684357,-11.9999843524599,16.9999842332506));
#13961=CARTESIAN_POINT('Ctrl Pts',(102.155525684357,-11.9999843524599,16.9999842332506));
#13962=CARTESIAN_POINT('Ctrl Pts',(102.180714159848,-11.9999843524599,17.1456019616153));
#13963=CARTESIAN_POINT('Ctrl Pts',(102.231143350482,-11.9999843524599,17.437139422306));
#13964=CARTESIAN_POINT('Ctrl Pts',(102.353949538936,-11.9999843524599,17.7063193171073));
#13965=CARTESIAN_POINT('Ctrl Pts',(102.415416240692,-11.9999843524599,17.8410486863756));
#13966=CARTESIAN_POINT('',(102.155525684357,-11.9999843524599,16.9999842332506));
#13967=CARTESIAN_POINT('Origin',(103.978854417801,-11.9999843524599,16.9999842332506));
#13968=CARTESIAN_POINT('',(105.802183151245,-11.9999843524599,16.9999842332506));
#13969=CARTESIAN_POINT('',(110.489429868758,-11.9999843524599,16.9999842332506));
#13970=CARTESIAN_POINT('',(105.802183151245,-11.9999843524599,16.9999842332506));
#13971=CARTESIAN_POINT('Origin',(105.912687778473,-11.9999843524599,17.536136953702));
#13972=CARTESIAN_POINT('',(106.023192405701,-11.9999843524599,18.0722896741533));
#13973=CARTESIAN_POINT('',(115.081298896712,-11.9999843524599,62.0209329041161));
#13974=CARTESIAN_POINT('',(106.023192405701,-11.9999843524599,18.0722896741533));
#13975=CARTESIAN_POINT('Origin',(104.983628988266,-11.9999843524599,18.0722896741533));
#13976=CARTESIAN_POINT('',(103.944065570831,-11.9999843524599,18.0722896741533));
#13977=CARTESIAN_POINT('',(110.99181715399,-11.9999843524599,18.0722896741533));
#13978=CARTESIAN_POINT('',(103.944065570831,-11.9999843524599,18.0722896741533));
#13979=CARTESIAN_POINT('Ctrl Pts',(104.28581237793,-9.99998435245993,18.467241971364));
#13980=CARTESIAN_POINT('Ctrl Pts',(104.28581237793,-11.9999843524599,18.467241971364));
#13981=CARTESIAN_POINT('Ctrl Pts',(104.226866830455,-9.99998435245993,18.4039793439896));
#13982=CARTESIAN_POINT('Ctrl Pts',(104.226866830455,-11.9999843524599,18.4039793439896));
#13983=CARTESIAN_POINT('Ctrl Pts',(104.108107005341,-9.99998435245993,18.2765217346338));
#13984=CARTESIAN_POINT('Ctrl Pts',(104.108107005341,-11.9999843524599,18.2765217346338));
#13985=CARTESIAN_POINT('Ctrl Pts',(103.999012059471,-9.99998435245993,18.1406982114504));
#13986=CARTESIAN_POINT('Ctrl Pts',(103.999012059471,-11.9999843524599,18.1406982114504));
#13987=CARTESIAN_POINT('Ctrl Pts',(103.944065570831,-9.99998435245993,18.0722896741533));
#13988=CARTESIAN_POINT('Ctrl Pts',(103.944065570831,-11.9999843524599,18.0722896741533));
#13989=CARTESIAN_POINT('',(104.28581237793,-11.9999843524599,18.467241971364));
#13990=CARTESIAN_POINT('Ctrl Pts',(104.28581237793,-11.9999843524599,18.467241971364));
#13991=CARTESIAN_POINT('Ctrl Pts',(104.226866830455,-11.9999843524599,18.4039793439896));
#13992=CARTESIAN_POINT('Ctrl Pts',(104.108107005341,-11.9999843524599,18.2765217346338));
#13993=CARTESIAN_POINT('Ctrl Pts',(103.999012059471,-11.9999843524599,18.1406982114504));
#13994=CARTESIAN_POINT('Ctrl Pts',(103.944065570831,-11.9999843524599,18.0722896741533));
#13995=CARTESIAN_POINT('',(104.28581237793,-11.9999843524599,18.467241971364));
#13996=CARTESIAN_POINT('Ctrl Pts',(105.012278556824,-9.99998435245993,19.1630129502916));
#13997=CARTESIAN_POINT('Ctrl Pts',(105.012278556824,-11.9999843524599,19.1630129502916));
#13998=CARTESIAN_POINT('Ctrl Pts',(104.859254830069,-9.99998435245993,19.0212276470863));
#13999=CARTESIAN_POINT('Ctrl Pts',(104.859254830069,-11.9999843524599,19.0212276470863));
#14000=CARTESIAN_POINT('Ctrl Pts',(104.613254975337,-9.99998435245993,18.7932946021175));
#14001=CARTESIAN_POINT('Ctrl Pts',(104.613254975337,-11.9999843524599,18.7932946021175));
#14002=CARTESIAN_POINT('Ctrl Pts',(104.375625067898,-9.99998435245993,18.5566734139164));
#14003=CARTESIAN_POINT('Ctrl Pts',(104.375625067898,-11.9999843524599,18.5566734139164));
#14004=CARTESIAN_POINT('Ctrl Pts',(104.28581237793,-9.99998435245993,18.467241971364));
#14005=CARTESIAN_POINT('Ctrl Pts',(104.28581237793,-11.9999843524599,18.467241971364));
#14006=CARTESIAN_POINT('',(105.012278556824,-11.9999843524599,19.1630129502916));
#14007=CARTESIAN_POINT('Ctrl Pts',(105.012278556824,-11.9999843524599,19.1630129502916));
#14008=CARTESIAN_POINT('Ctrl Pts',(104.859254830069,-11.9999843524599,19.0212276470863));
#14009=CARTESIAN_POINT('Ctrl Pts',(104.613254975337,-11.9999843524599,18.7932946021175));
#14010=CARTESIAN_POINT('Ctrl Pts',(104.375625067898,-11.9999843524599,18.5566734139164));
#14011=CARTESIAN_POINT('Ctrl Pts',(104.28581237793,-11.9999843524599,18.467241971364));
#14012=CARTESIAN_POINT('',(105.012278556824,-11.9999843524599,19.1630129502916));
#14013=CARTESIAN_POINT('Ctrl Pts',(105.802183151245,-9.99998435245993,19.9508707212114));
#14014=CARTESIAN_POINT('Ctrl Pts',(105.802183151245,-11.9999843524599,19.9508707212114));
#14015=CARTESIAN_POINT('Ctrl Pts',(105.697223142164,-9.99998435245993,19.8377266226459));
#14016=CARTESIAN_POINT('Ctrl Pts',(105.697223142164,-11.9999843524599,19.8377266226459));
#14017=CARTESIAN_POINT('Ctrl Pts',(105.44415828305,-9.99998435245993,19.5649294343287));
#14018=CARTESIAN_POINT('Ctrl Pts',(105.44415828305,-11.9999843524599,19.5649294343287));
#14019=CARTESIAN_POINT('Ctrl Pts',(105.1717210088,-9.99998435245993,19.3113934965713));
#14020=CARTESIAN_POINT('Ctrl Pts',(105.1717210088,-11.9999843524599,19.3113934965713));
#14021=CARTESIAN_POINT('Ctrl Pts',(105.012278556824,-9.99998435245993,19.1630129502916));
#14022=CARTESIAN_POINT('Ctrl Pts',(105.012278556824,-11.9999843524599,19.1630129502916));
#14023=CARTESIAN_POINT('',(105.802183151245,-11.9999843524599,19.9508707212114));
#14024=CARTESIAN_POINT('Ctrl Pts',(105.802183151245,-11.9999843524599,19.9508707212114));
#14025=CARTESIAN_POINT('Ctrl Pts',(105.697223142164,-11.9999843524599,19.8377266226459));
#14026=CARTESIAN_POINT('Ctrl Pts',(105.44415828305,-11.9999843524599,19.5649294343287));
#14027=CARTESIAN_POINT('Ctrl Pts',(105.1717210088,-11.9999843524599,19.3113934965713));
#14028=CARTESIAN_POINT('Ctrl Pts',(105.012278556824,-11.9999843524599,19.1630129502916));
#14029=CARTESIAN_POINT('',(105.802183151245,-11.9999843524599,19.9508707212114));
#14030=CARTESIAN_POINT('Ctrl Pts',(106.285129785538,-9.99998435245993,20.7018940137529));
#14031=CARTESIAN_POINT('Ctrl Pts',(106.285129785538,-11.9999843524599,20.7018940137529));
#14032=CARTESIAN_POINT('Ctrl Pts',(106.22456830026,-9.99998435245993,20.5769298861338));
#14033=CARTESIAN_POINT('Ctrl Pts',(106.22456830026,-11.9999843524599,20.5769298861338));
#14034=CARTESIAN_POINT('Ctrl Pts',(106.093912791664,-9.99998435245993,20.3073319465308));
#14035=CARTESIAN_POINT('Ctrl Pts',(106.093912791664,-11.9999843524599,20.3073319465308));
#14036=CARTESIAN_POINT('Ctrl Pts',(105.904043932802,-9.99998435245993,20.0753332850899));
#14037=CARTESIAN_POINT('Ctrl Pts',(105.904043932802,-11.9999843524599,20.0753332850899));
#14038=CARTESIAN_POINT('Ctrl Pts',(105.802183151245,-9.99998435245993,19.9508707212114));
#14039=CARTESIAN_POINT('Ctrl Pts',(105.802183151245,-11.9999843524599,19.9508707212114));
#14040=CARTESIAN_POINT('',(106.285129785538,-11.9999843524599,20.7018940137529));
#14041=CARTESIAN_POINT('Ctrl Pts',(106.285129785538,-11.9999843524599,20.7018940137529));
#14042=CARTESIAN_POINT('Ctrl Pts',(106.22456830026,-11.9999843524599,20.5769298861338));
#14043=CARTESIAN_POINT('Ctrl Pts',(106.093912791664,-11.9999843524599,20.3073319465308));
#14044=CARTESIAN_POINT('Ctrl Pts',(105.904043932802,-11.9999843524599,20.0753332850899));
#14045=CARTESIAN_POINT('Ctrl Pts',(105.802183151245,-11.9999843524599,19.9508707212114));
#14046=CARTESIAN_POINT('',(106.285129785538,-11.9999843524599,20.7018940137529));
#14047=CARTESIAN_POINT('Ctrl Pts',(106.432470083237,-9.99998435245993,21.4160828279162));
#14048=CARTESIAN_POINT('Ctrl Pts',(106.432470083237,-11.9999843524599,21.4160828279162));
#14049=CARTESIAN_POINT('Ctrl Pts',(106.425817541084,-9.99998435245993,21.2960738413311));
#14050=CARTESIAN_POINT('Ctrl Pts',(106.425817541084,-11.9999843524599,21.2960738413311));
#14051=CARTESIAN_POINT('Ctrl Pts',(106.412219044399,-9.99998435245993,21.0507628355678));
#14052=CARTESIAN_POINT('Ctrl Pts',(106.412219044399,-11.9999843524599,21.0507628355678));
#14053=CARTESIAN_POINT('Ctrl Pts',(106.328097894264,-9.99998435245993,20.819844449544));
#14054=CARTESIAN_POINT('Ctrl Pts',(106.328097894264,-11.9999843524599,20.819844449544));
#14055=CARTESIAN_POINT('Ctrl Pts',(106.285129785538,-9.99998435245993,20.7018940137529));
#14056=CARTESIAN_POINT('Ctrl Pts',(106.285129785538,-11.9999843524599,20.7018940137529));
#14057=CARTESIAN_POINT('',(106.432470083237,-11.9999843524599,21.4160828279162));
#14058=CARTESIAN_POINT('Ctrl Pts',(106.432470083237,-11.9999843524599,21.4160828279162));
#14059=CARTESIAN_POINT('Ctrl Pts',(106.425817541084,-11.9999843524599,21.2960738413311));
#14060=CARTESIAN_POINT('Ctrl Pts',(106.412219044399,-11.9999843524599,21.0507628355678));
#14061=CARTESIAN_POINT('Ctrl Pts',(106.328097894264,-11.9999843524599,20.819844449544));
#14062=CARTESIAN_POINT('Ctrl Pts',(106.285129785538,-11.9999843524599,20.7018940137529));
#14063=CARTESIAN_POINT('',(106.432470083237,-11.9999843524599,21.4160828279162));
#14064=CARTESIAN_POINT('Ctrl Pts',(105.953615903854,-9.99998435245993,22.5702433274889));
#14065=CARTESIAN_POINT('Ctrl Pts',(105.953615903854,-11.9999843524599,22.5702433274889));
#14066=CARTESIAN_POINT('Ctrl Pts',(106.093270931237,-9.99998435245993,22.4067039750651));
#14067=CARTESIAN_POINT('Ctrl Pts',(106.093270931237,-11.9999843524599,22.4067039750651));
#14068=CARTESIAN_POINT('Ctrl Pts',(106.377286495586,-9.99998435245993,22.0741150067886));
#14069=CARTESIAN_POINT('Ctrl Pts',(106.377286495586,-11.9999843524599,22.0741150067886));
#14070=CARTESIAN_POINT('Ctrl Pts',(106.413873498786,-9.99998435245993,21.6378362786603));
#14071=CARTESIAN_POINT('Ctrl Pts',(106.413873498786,-11.9999843524599,21.6378362786603));
#14072=CARTESIAN_POINT('Ctrl Pts',(106.432470083237,-9.99998435245993,21.4160828279162));
#14073=CARTESIAN_POINT('Ctrl Pts',(106.432470083237,-11.9999843524599,21.4160828279162));
#14074=CARTESIAN_POINT('',(105.953615903854,-11.9999843524599,22.5702433274889));
#14075=CARTESIAN_POINT('Ctrl Pts',(105.953615903854,-11.9999843524599,22.5702433274889));
#14076=CARTESIAN_POINT('Ctrl Pts',(106.093270931237,-11.9999843524599,22.4067039750651));
#14077=CARTESIAN_POINT('Ctrl Pts',(106.377286495586,-11.9999843524599,22.0741150067886));
#14078=CARTESIAN_POINT('Ctrl Pts',(106.413873498786,-11.9999843524599,21.6378362786603));
#14079=CARTESIAN_POINT('Ctrl Pts',(106.432470083237,-11.9999843524599,21.4160828279162));
#14080=CARTESIAN_POINT('',(105.953615903854,-11.9999843524599,22.5702433274889));
#14081=CARTESIAN_POINT('Ctrl Pts',(104.635744094849,-9.99998435245993,23.0245409892702));
#14082=CARTESIAN_POINT('Ctrl Pts',(104.635744094849,-11.9999843524599,23.0245409892702));
#14083=CARTESIAN_POINT('Ctrl Pts',(104.894209035272,-9.99998435245993,23.0111812519847));
#14084=CARTESIAN_POINT('Ctrl Pts',(104.894209035272,-11.9999843524599,23.0111812519847));
#14085=CARTESIAN_POINT('Ctrl Pts',(105.378924994283,-9.99998435245993,22.9861268757126));
#14086=CARTESIAN_POINT('Ctrl Pts',(105.378924994283,-11.9999843524599,22.9861268757126));
#14087=CARTESIAN_POINT('Ctrl Pts',(105.770732017879,-9.99998435245993,22.7025899474647));
#14088=CARTESIAN_POINT('Ctrl Pts',(105.770732017879,-11.9999843524599,22.7025899474647));
#14089=CARTESIAN_POINT('Ctrl Pts',(105.953615903854,-9.99998435245993,22.5702433274889));
#14090=CARTESIAN_POINT('Ctrl Pts',(105.953615903854,-11.9999843524599,22.5702433274889));
#14091=CARTESIAN_POINT('',(104.635744094849,-11.9999843524599,23.0245409892702));
#14092=CARTESIAN_POINT('Ctrl Pts',(104.635744094849,-11.9999843524599,23.0245409892702));
#14093=CARTESIAN_POINT('Ctrl Pts',(104.894209035272,-11.9999843524599,23.0111812519847));
#14094=CARTESIAN_POINT('Ctrl Pts',(105.378924994283,-11.9999843524599,22.9861268757126));
#14095=CARTESIAN_POINT('Ctrl Pts',(105.770732017879,-11.9999843524599,22.7025899474647));
#14096=CARTESIAN_POINT('Ctrl Pts',(105.953615903854,-11.9999843524599,22.5702433274889));
#14097=CARTESIAN_POINT('',(104.635744094849,-11.9999843524599,23.0245409892702));
#14098=CARTESIAN_POINT('Ctrl Pts',(103.360846042633,-9.99998435245993,22.5804756568575));
#14099=CARTESIAN_POINT('Ctrl Pts',(103.360846042633,-11.9999843524599,22.5804756568575));
#14100=CARTESIAN_POINT('Ctrl Pts',(103.545449831494,-9.99998435245993,22.7099530570683));
#14101=CARTESIAN_POINT('Ctrl Pts',(103.545449831494,-11.9999843524599,22.7099530570683));
#14102=CARTESIAN_POINT('Ctrl Pts',(103.927723065343,-9.99998435245993,22.9780718470154));
#14103=CARTESIAN_POINT('Ctrl Pts',(103.927723065343,-11.9999843524599,22.9780718470154));
#14104=CARTESIAN_POINT('Ctrl Pts',(104.394420031196,-9.99998435245993,23.0087023040108));
#14105=CARTESIAN_POINT('Ctrl Pts',(104.394420031196,-11.9999843524599,23.0087023040108));
#14106=CARTESIAN_POINT('Ctrl Pts',(104.635744094849,-9.99998435245993,23.0245409892702));
#14107=CARTESIAN_POINT('Ctrl Pts',(104.635744094849,-11.9999843524599,23.0245409892702));
#14108=CARTESIAN_POINT('',(103.360846042633,-11.9999843524599,22.5804756568575));
#14109=CARTESIAN_POINT('Ctrl Pts',(103.360846042633,-11.9999843524599,22.5804756568575));
#14110=CARTESIAN_POINT('Ctrl Pts',(103.545449831494,-11.9999843524599,22.7099530570683));
#14111=CARTESIAN_POINT('Ctrl Pts',(103.927723065343,-11.9999843524599,22.9780718470154));
#14112=CARTESIAN_POINT('Ctrl Pts',(104.394420031196,-11.9999843524599,23.0087023040108));
#14113=CARTESIAN_POINT('Ctrl Pts',(104.635744094849,-11.9999843524599,23.0245409892702));
#14114=CARTESIAN_POINT('',(103.360846042633,-11.9999843524599,22.5804756568575));
#14115=CARTESIAN_POINT('Ctrl Pts',(102.712142467499,-9.99998435245993,21.3014851497316));
#14116=CARTESIAN_POINT('Ctrl Pts',(102.712142467499,-11.9999843524599,21.3014851497316));
#14117=CARTESIAN_POINT('Ctrl Pts',(102.768208278233,-9.99998435245993,21.5582577387492));
#14118=CARTESIAN_POINT('Ctrl Pts',(102.768208278233,-11.9999843524599,21.5582577387492));
#14119=CARTESIAN_POINT('Ctrl Pts',(102.873873350238,-9.99998435245993,22.042187138003));
#14120=CARTESIAN_POINT('Ctrl Pts',(102.873873350238,-11.9999843524599,22.042187138003));
#14121=CARTESIAN_POINT('Ctrl Pts',(103.205282396481,-9.99998435245993,22.4085191468058));
#14122=CARTESIAN_POINT('Ctrl Pts',(103.205282396481,-11.9999843524599,22.4085191468058));
#14123=CARTESIAN_POINT('Ctrl Pts',(103.360846042633,-9.99998435245993,22.5804756568575));
#14124=CARTESIAN_POINT('Ctrl Pts',(103.360846042633,-11.9999843524599,22.5804756568575));
#14125=CARTESIAN_POINT('',(102.712142467499,-11.9999843524599,21.3014851497316));
#14126=CARTESIAN_POINT('Ctrl Pts',(102.712142467499,-11.9999843524599,21.3014851497316));
#14127=CARTESIAN_POINT('Ctrl Pts',(102.768208278233,-11.9999843524599,21.5582577387492));
#14128=CARTESIAN_POINT('Ctrl Pts',(102.873873350238,-11.9999843524599,22.042187138003));
#14129=CARTESIAN_POINT('Ctrl Pts',(103.205282396481,-11.9999843524599,22.4085191468058));
#14130=CARTESIAN_POINT('Ctrl Pts',(103.360846042633,-11.9999843524599,22.5804756568575));
#14131=CARTESIAN_POINT('',(102.712142467499,-11.9999843524599,21.3014851497316));
#14132=CARTESIAN_POINT('Origin',(103.28717648983,-11.9999843524599,21.2155367420817));
#14133=CARTESIAN_POINT('',(103.862210512161,-11.9999843524599,21.1295883344317));
#14134=CARTESIAN_POINT('',(103.649799728832,-11.9999843524599,21.1613366621582));
#14135=CARTESIAN_POINT('',(103.862210512161,-11.9999843524599,21.1295883344317));
#14136=CARTESIAN_POINT('Ctrl Pts',(104.177353382111,-9.99998435245993,21.8928901837969));
#14137=CARTESIAN_POINT('Ctrl Pts',(104.177353382111,-11.9999843524599,21.8928901837969));
#14138=CARTESIAN_POINT('Ctrl Pts',(104.110144949859,-9.99998435245993,21.7968622995406));
#14139=CARTESIAN_POINT('Ctrl Pts',(104.110144949859,-11.9999843524599,21.7968622995406));
#14140=CARTESIAN_POINT('Ctrl Pts',(103.949267171564,-9.99998435245993,21.5669989898934));
#14141=CARTESIAN_POINT('Ctrl Pts',(103.949267171564,-11.9999843524599,21.5669989898934));
#14142=CARTESIAN_POINT('Ctrl Pts',(103.894245996263,-9.99998435245993,21.2905485894573));
#14143=CARTESIAN_POINT('Ctrl Pts',(103.894245996263,-11.9999843524599,21.2905485894573));
#14144=CARTESIAN_POINT('Ctrl Pts',(103.862210512161,-9.99998435245993,21.1295883344317));
#14145=CARTESIAN_POINT('Ctrl Pts',(103.862210512161,-11.9999843524599,21.1295883344317));
#14146=CARTESIAN_POINT('Ctrl Pts',(104.177353382111,-11.9999843524599,21.8928901837969));
#14147=CARTESIAN_POINT('Ctrl Pts',(104.110144949859,-11.9999843524599,21.7968622995406));
#14148=CARTESIAN_POINT('Ctrl Pts',(103.949267171564,-11.9999843524599,21.5669989898934));
#14149=CARTESIAN_POINT('Ctrl Pts',(103.894245996263,-11.9999843524599,21.2905485894573));
#14150=CARTESIAN_POINT('Ctrl Pts',(103.862210512161,-11.9999843524599,21.1295883344317));
#14151=CARTESIAN_POINT('Origin',(114.94307560204,-9.99998435245992,36.9279649872928));
#14152=CARTESIAN_POINT('',(115.94307560204,-9.99998435245992,36.9279649872928));
#14153=CARTESIAN_POINT('Origin',(114.94307560204,-9.99998435245992,36.9279649872928));
#14154=CARTESIAN_POINT('',(115.94307560204,-11.9999843524599,36.9279649872928));
#14155=CARTESIAN_POINT('',(115.94307560204,-9.99998435245992,36.9279649872928));
#14156=CARTESIAN_POINT('Origin',(114.94307560204,-11.9999843524599,36.9279649872928));
#14157=CARTESIAN_POINT('Origin',(49.0000043064356,-9.99998435246004,126.999982519617));
#14158=CARTESIAN_POINT('',(49.0000043064356,-9.99998435246004,126.999982519617));
#14159=CARTESIAN_POINT('Origin',(49.0000043064356,-9.99998435246005,112.999982311001));
#14160=CARTESIAN_POINT('',(49.0000043064356,-9.99998435246005,112.999982311001));
#14161=CARTESIAN_POINT('Origin',(22.0000040382147,-9.99998435245993,12.9999843524599));
#14162=CARTESIAN_POINT('',(24.0000040382147,-11.9999843524599,12.9999843524599));
#14163=CARTESIAN_POINT('',(24.0000040382147,-9.99998435245993,10.9999843524599));
#14164=CARTESIAN_POINT('',(24.0000040382147,-11.9999843524599,12.9999843524599));
#14165=CARTESIAN_POINT('',(22.0000040382147,-9.99998435245993,12.9999843524599));
#14166=CARTESIAN_POINT('',(22.0000040382147,-9.99998435245993,12.9999843524599));
#14167=CARTESIAN_POINT('',(24.0000040382147,-9.99998435245993,10.9999843524599));
#14168=CARTESIAN_POINT('Origin',(126.000002659857,-10.9999843524599,11.9999843524599));
#14169=CARTESIAN_POINT('',(137.000005319715,-9.99998435245993,10.9999843524599));
#14170=CARTESIAN_POINT('',(126.000002659857,-9.99998435245993,10.9999843524599));
#14171=CARTESIAN_POINT('',(137.000005319715,-11.9999843524599,12.9999843524599));
#14172=CARTESIAN_POINT('',(137.000005319715,-9.99998435245993,10.9999843524599));
#14173=CARTESIAN_POINT('',(126.000002659857,-11.9999843524599,12.9999843524599));
#14174=CARTESIAN_POINT('Origin',(121.000005364418,1.56475401080769E-5,148.999982236495));
#14175=CARTESIAN_POINT('',(120.000005364418,-11.9999843524599,147.999982236495));
#14176=CARTESIAN_POINT('',(120.000005364418,1.56475401080769E-5,147.999982236495));
#14177=CARTESIAN_POINT('',(122.000005364418,-9.99998435245989,149.999982236495));
#14178=CARTESIAN_POINT('',(120.000005364418,-11.9999843524599,147.999982236495));
#14179=CARTESIAN_POINT('',(122.000005364418,1.56475401080769E-5,149.999982236495));
#14180=CARTESIAN_POINT('Origin',(22.0000040382147,1.56475400947542E-5,85.4999828325415));
#14181=CARTESIAN_POINT('',(22.0000040382147,-9.9999844716692,61.9963505830137));
#14182=CARTESIAN_POINT('',(22.0000040382147,1.56475400903133E-5,61.9963505830137));
#14183=CARTESIAN_POINT('',(22.0000040382147,-9.9999844716692,69.9999817000532));
#14184=CARTESIAN_POINT('',(22.0000040382147,-9.9999843524599,96.7499825345183));
#14185=CARTESIAN_POINT('',(22.0000040382147,1.56475400903133E-5,69.9999817000532));
#14186=CARTESIAN_POINT('Origin',(120.000005364418,1.56475401169587E-5,180.99998435246));
#14187=CARTESIAN_POINT('',(120.000005364418,-11.9999845312738,140.99998435246));
#14188=CARTESIAN_POINT('',(120.000005364418,1.56475401080769E-5,140.99998435246));
#14189=CARTESIAN_POINT('',(120.000005364418,-11.9999843524599,144.499983294477));
#14190=CARTESIAN_POINT('Origin',(23.0000040382147,1.56475400858724E-5,70.9999817000532));
#14191=CARTESIAN_POINT('',(24.0000040382147,-7.9999844716692,71.9999817000532));
#14192=CARTESIAN_POINT('',(22.0000040382147,-9.9999844716692,69.9999817000532));
#14193=CARTESIAN_POINT('',(24.0000040382147,1.56475400858724E-5,71.9999817000532));
#14194=CARTESIAN_POINT('Origin',(23.0000040382147,-8.9999844716692,72.7481667077776));
#14195=CARTESIAN_POINT('',(22.0000040382147,-9.99998447166922,22.9999843524599));
#14196=CARTESIAN_POINT('',(22.0000040382147,-9.9999844716692,72.7481667077776));
#14197=CARTESIAN_POINT('',(24.0000040382147,-7.99998447166921,59.9963505830137));
#14198=CARTESIAN_POINT('',(22.0000040382147,-9.9999844716692,61.9963505830137));
#14199=CARTESIAN_POINT('',(24.0000040382147,-7.99998447166921,24.9999843524599));
#14200=CARTESIAN_POINT('',(24.0000040382147,-7.9999844716692,72.7481667077776));
#14201=CARTESIAN_POINT('',(22.0000040382147,-9.99998447166922,22.9999843524599));
#14202=CARTESIAN_POINT('Origin',(111.793222768698,-11.9999843524599,54.9999843524599));
#14203=CARTESIAN_POINT('',(114.396614044206,-11.9999843524599,54.9999843524599));
#14204=CARTESIAN_POINT('Origin',(117.000005319715,-9.9999843524599,107.999982236495));
#14205=CARTESIAN_POINT('',(123.44307560204,-9.99998435245992,36.9279649872928));
#14206=CARTESIAN_POINT('Origin',(114.94307560204,-9.99998435245992,36.9279649872928));
#14207=CARTESIAN_POINT('Origin',(38.0000041723251,-11.9999845312738,180.99998435246));
#14208=CARTESIAN_POINT('',(38.0000041723251,-9.99998435245989,147.999982236495));
#14209=CARTESIAN_POINT('',(38.0000041723251,-9.9999843524599,144.499983294477));
#14210=CARTESIAN_POINT('',(38.0000041723251,-5.99998444186686,147.999982236495));
#14211=CARTESIAN_POINT('Origin',(117.000005319715,1.56475401080769E-5,147.999982236495));
#14212=CARTESIAN_POINT('',(117.000005319715,-9.99998435245989,147.999982236495));
#14213=CARTESIAN_POINT('Origin',(135.,1.56475400725498E-5,12.9999843524599));
#14214=CARTESIAN_POINT('',(24.0000040382147,1.56475400725498E-5,12.99998435246));
#14215=CARTESIAN_POINT('',(24.0000040382147,1.56475400725498E-5,12.9999843524599));
#14216=CARTESIAN_POINT('',(107.750002339482,1.56475400725498E-5,12.9999843524599));
#14217=CARTESIAN_POINT('Origin',(117.000005319715,1.56475401080769E-5,149.999982236495));
#14218=CARTESIAN_POINT('',(22.0000040382147,-9.99998435245989,149.999984359911));
#14219=CARTESIAN_POINT('',(22.0000040382147,1.56475401080769E-5,149.999984359911));
#14220=CARTESIAN_POINT('',(38.0000041723251,-9.99998435245989,149.999982236495));
#14221=CARTESIAN_POINT('',(117.000005319715,-9.99998435245989,149.999982236495));
#14222=CARTESIAN_POINT('',(38.0000041723251,-5.99998444186686,149.999982236495));
#14223=CARTESIAN_POINT('Origin',(50.5000040382147,-9.99998447166919,85.4999828325415));
#14224=CARTESIAN_POINT('Origin',(22.0000040978193,-9.99998441206456,85.4999828325415));
#14225=CARTESIAN_POINT('',(22.0000040382147,-9.99998447166919,126.999982489815));
#14226=CARTESIAN_POINT('',(22.0000040382147,-9.9999844716692,85.4999828325415));
#14227=CARTESIAN_POINT('',(22.0000040382147,-9.9999843524599,96.7499825345183));
#14228=CARTESIAN_POINT('',(24.0000040382147,-11.9999843524599,147.999982236495));
#14229=CARTESIAN_POINT('',(24.0000040382147,-11.9999843524599,85.4999828325415));
#14230=CARTESIAN_POINT('',(22.0000040382147,-9.99998435245989,149.999984359911));
#14231=CARTESIAN_POINT('',(22.0000040382147,-9.9999843524599,107.999983298203));
#14232=CARTESIAN_POINT('Origin',(24.0000040382147,-7.99998447166919,85.4999828325415));
#14233=CARTESIAN_POINT('',(24.0000040382147,-7.99998447166919,124.999982489815));
#14234=CARTESIAN_POINT('',(24.0000040382147,-7.99998447166919,85.4999828325415));
#14235=CARTESIAN_POINT('',(24.0000040382147,-7.99998447166919,124.999982489815));
#14236=CARTESIAN_POINT('Origin',(117.000005319715,-10.9999843524599,148.999982236495));
#14237=CARTESIAN_POINT('',(35.8961189963105,-11.9999843524599,147.999982236495));
#14238=CARTESIAN_POINT('',(34.8605361084132,-11.9999843524599,147.999982236495));
#14239=CARTESIAN_POINT('Ctrl Pts',(35.8961189963107,-11.9999843524599,147.999982236495));
#14240=CARTESIAN_POINT('Ctrl Pts',(35.3783275523618,-11.9663292719763,148.033637316979));
#14241=CARTESIAN_POINT('Ctrl Pts',(34.860536108413,-11.9999843524599,147.999982236495));
#14242=CARTESIAN_POINT('',(40.0000041723251,-11.9999843524599,147.999982236495));
#14243=CARTESIAN_POINT('',(117.000005319715,-11.9999843524599,147.999982236495));
#14244=CARTESIAN_POINT('',(38.0000041723251,-9.99998435245989,149.999982236495));
#14245=CARTESIAN_POINT('',(117.000005319715,-11.9999843524599,147.999982236495));
#14246=CARTESIAN_POINT('Origin',(35.3783275523618,-10.9999843524599,144.033637316979));
#14247=CARTESIAN_POINT('',(39.3783275523618,-11.9999843524599,144.033637316979));
#14248=CARTESIAN_POINT('Origin',(35.3783275523618,-11.9999843524599,144.033637316979));
#14249=CARTESIAN_POINT('',(38.3783275523618,-10.9999843524599,144.033637316979));
#14250=CARTESIAN_POINT('Origin',(35.3783275523618,-11.9999843524599,144.033637316979));
#14251=CARTESIAN_POINT('Origin',(125.341546094718,-10.9999843524599,143.998195403695));
#14252=CARTESIAN_POINT('',(129.341546094718,-11.9999843524599,143.998195403695));
#14253=CARTESIAN_POINT('Origin',(125.341546094718,-11.9999843524599,143.998195403695));
#14254=CARTESIAN_POINT('',(128.341546094718,-10.9999843524599,143.998195403695));
#14255=CARTESIAN_POINT('Origin',(125.323937371668,-10.9999843524599,77.9641608335271));
#14256=CARTESIAN_POINT('',(129.323937371668,-11.9999843524599,77.9641608335271));
#14257=CARTESIAN_POINT('Origin',(125.323937371668,-11.9999843524599,77.9641608335271));
#14258=CARTESIAN_POINT('',(128.323937371668,-10.9999843524599,77.9641608335271));
#14259=CARTESIAN_POINT('Origin',(24.0000040382147,-11.9999843524599,85.4999828325415));
#14260=CARTESIAN_POINT('',(137.000005319715,-11.9999843524599,147.999982236495));
#14261=CARTESIAN_POINT('',(137.000005319715,-11.9999843524599,107.999982236495));
#14262=CARTESIAN_POINT('',(117.000005319715,-11.9999843524599,147.999982236495));
#14263=CARTESIAN_POINT('',(40.0000041723251,-11.9999845312738,140.99998435246));
#14264=CARTESIAN_POINT('',(98.5000050440431,-11.9999843524599,140.99998435246));
#14265=CARTESIAN_POINT('',(40.0000041723251,-11.9999843524599,144.499983294477));
#14266=CARTESIAN_POINT('',(82.9483080763603,-11.9999843524599,138.99998435246));
#14267=CARTESIAN_POINT('',(39.3182629682502,-11.9999843524599,77.9953209421486));
#14268=CARTESIAN_POINT('Origin',(35.3182629682502,-11.9999843524599,77.9953209421486));
#14269=CARTESIAN_POINT('Origin',(35.3182629682502,-10.9999843524599,77.9953209421486));
#14270=CARTESIAN_POINT('',(38.3182629682502,-10.9999843524599,77.9953209421486));
#14271=CARTESIAN_POINT('Origin',(39.0000041723251,-5.99998444186686,148.999982236495));
#14272=CARTESIAN_POINT('',(40.0000041723251,-5.99998444186686,147.999982236495));
#14273=CARTESIAN_POINT('Origin',(117.000005319715,1.56475401080769E-5,147.999982236495));
#14274=CARTESIAN_POINT('',(122.000005364418,1.56475401080769E-5,147.999982236495));
#14275=CARTESIAN_POINT('',(98.7500049993396,1.56475401080769E-5,147.999982236495));
#14276=CARTESIAN_POINT('Origin',(122.000005364418,1.56475401169587E-5,180.99998435246));
#14277=CARTESIAN_POINT('Origin',(80.0000047683716,-5.99998444186686,140.99998435246));
#14278=CARTESIAN_POINT('',(40.0000041723251,-11.9999845312738,140.99998435246));
#14279=CARTESIAN_POINT('',(50.0000043213367,-6.99998445676802,140.99998435246));
#14280=CARTESIAN_POINT('Origin',(40.0000041723251,-11.9999845312738,180.99998435246));
#14281=CARTESIAN_POINT('Origin',(80.0000047683716,-5.99998444186687,138.99998435246));
#14282=CARTESIAN_POINT('',(50.0000043213367,-6.99998445676803,138.99998435246));
#14283=CARTESIAN_POINT('Origin',(50.0000043213367,-7.99998447166918,140.99998435246));
#14284=CARTESIAN_POINT('Origin',(42.3621214454148,-9.99998435245992,29.8513811677399));
#14285=CARTESIAN_POINT('',(45.8621214454147,-9.99998435245992,29.8513811677399));
#14286=CARTESIAN_POINT('Origin',(42.6444361088289,-9.99998435245991,55.2597008750073));
#14287=CARTESIAN_POINT('',(46.1444361088289,-9.99998435245991,55.2597008750073));
#14288=CARTESIAN_POINT('Origin',(114.94307560204,-9.99998435245992,36.9279649872928));
#14289=CARTESIAN_POINT('',(123.44307560204,-9.99998435245992,36.9279649872928));
#14290=CARTESIAN_POINT('Origin',(114.94307560204,-9.99998435245992,36.9279649872928));
#14291=CARTESIAN_POINT('',(124.94307560204,-9.99998435245992,36.9279649872928));
#14292=CARTESIAN_POINT('Origin',(60.0000044703484,-9.9999843524599,120.99998243021));
#14293=CARTESIAN_POINT('',(49.0000043064356,-9.99998435246004,120.99998243021));
#14294=CARTESIAN_POINT('Origin',(49.0000043064356,-9.99998435246004,120.99998243021));
#14295=CARTESIAN_POINT('Origin',(60.0000044703484,-9.99998435246004,109.505026837155));
#14296=CARTESIAN_POINT('',(49.0000043064356,-9.99998435246004,109.505026837155));
#14297=CARTESIAN_POINT('Origin',(49.0000043064356,-9.99998435246004,109.505026837155));
#14298=CARTESIAN_POINT('Origin',(135.,1.56475400725498E-5,10.9999843524599));
#14299=CARTESIAN_POINT('',(137.000005319715,1.56475400725498E-5,10.9999843524599));
#14300=CARTESIAN_POINT('',(137.000005319715,-11.9999843524599,10.9999843524599));
#14301=CARTESIAN_POINT('',(24.0000040382147,1.56475400725498E-5,10.9999843524599));
#14302=CARTESIAN_POINT('',(24.0000040382147,1.56475400725498E-5,10.9999843524599));
#14303=CARTESIAN_POINT('',(44.0000040382147,1.56475400725498E-5,10.9999843524599));
#14304=CARTESIAN_POINT('Origin',(23.0000040382147,1.56475400725498E-5,11.9999843524599));
#14305=CARTESIAN_POINT('',(22.0000040382147,1.56475400725498E-5,12.9999843524599));
#14306=CARTESIAN_POINT('',(22.0000040382147,1.56475400725498E-5,12.9999843524599));
#14307=CARTESIAN_POINT('',(25.5000041974706,1.56475400769907E-5,9.49998419320398));
#14308=CARTESIAN_POINT('Origin',(22.0000040382147,1.56475400947542E-5,85.4999828325415));
#14309=CARTESIAN_POINT('',(22.0000040382147,1.56475400814315E-5,22.9999843524599));
#14310=CARTESIAN_POINT('',(22.0000040382147,-3.99998441206456,22.9999843524599));
#14311=CARTESIAN_POINT('',(22.0000040382147,1.56475400991951E-5,107.99998435991));
#14312=CARTESIAN_POINT('Origin',(24.0000040382147,-9.9999844716692,85.4999828325415));
#14313=CARTESIAN_POINT('',(24.0000040382147,1.56475400814315E-5,24.9999843524599));
#14314=CARTESIAN_POINT('',(24.0000040382147,1.56475400858724E-5,72.4999835943633));
#14315=CARTESIAN_POINT('',(24.0000040382147,-3.99998441206456,24.9999843524599));
#14316=CARTESIAN_POINT('',(24.0000040382147,1.56475400814315E-5,59.9963505830137));
#14317=CARTESIAN_POINT('',(24.0000040382147,-3.99998441206454,124.999982489815));
#14318=CARTESIAN_POINT('Origin',(23.0000040382147,-3.99998441206456,23.9999843524599));
#14319=CARTESIAN_POINT('',(46.2500041993338,1.56475400858724E-5,47.2499845135786));
#14320=CARTESIAN_POINT('Origin',(23.0000040382147,1.56475400903133E-5,60.9963505830137));
#14321=CARTESIAN_POINT('Origin',(23.0000040382146,-3.99998441206454,125.999982489815));
#14322=CARTESIAN_POINT('',(22.0000040382147,-3.99998441206454,126.999982489815));
#14323=CARTESIAN_POINT('Origin',(22.0000040382147,1.56475400991951E-5,107.99998435991));
#14324=CARTESIAN_POINT('Origin',(117.000005319715,-10.9999843524599,148.999982236495));
#14325=CARTESIAN_POINT('',(139.000005319715,-9.99998435245989,149.999982236495));
#14326=CARTESIAN_POINT('',(137.000005319715,-11.9999843524599,147.999982236495));
#14327=CARTESIAN_POINT('',(117.000005319715,-9.99998435245989,149.999982236495));
#14328=CARTESIAN_POINT('Origin',(134.000005573034,-2.99998435245992,22.7499809698963));
#14329=CARTESIAN_POINT('',(139.000005319715,-3.1035377430532,22.7499809698963));
#14330=CARTESIAN_POINT('',(134.000005573034,-3.1035377430532,22.7499809698963));
#14331=CARTESIAN_POINT('',(139.000005319715,1.56475400814315E-5,22.7499809698963));
#14332=CARTESIAN_POINT('',(139.000005319715,-13.4999843524599,22.7499809698963));
#14333=CARTESIAN_POINT('',(107.250005125999,1.56475400814315E-5,22.7499809698963));
#14334=CARTESIAN_POINT('Origin',(80.5000046789646,1.56475400814315E-5,59.4999843561852));
#14335=CARTESIAN_POINT('',(139.000005319715,1.56475400903133E-5,69.9999817000532));
#14336=CARTESIAN_POINT('',(126.500004495494,1.56475400947542E-5,82.4999825242738));
#14337=CARTESIAN_POINT('',(139.000005319715,1.56475400814315E-5,50.2499813722277));
#14338=CARTESIAN_POINT('',(139.000005319715,1.56475400991951E-5,107.999982236495));
#14339=CARTESIAN_POINT('',(107.250005125999,1.56475400814315E-5,50.2499813722277));
#14340=CARTESIAN_POINT('Origin',(80.5000046789646,1.56475400814315E-5,59.4999843561852));
#14341=CARTESIAN_POINT('',(139.000005319715,1.56475400725498E-5,12.9999843524599));
#14342=CARTESIAN_POINT('',(139.000005319715,1.56475400725498E-5,10.9999843524599));
#14343=CARTESIAN_POINT('',(135.500005160458,1.56475400769907E-5,9.49998419320355));
#14344=CARTESIAN_POINT('Origin',(134.000005573034,-5.17676104775654,24.8232042745997));
#14345=CARTESIAN_POINT('',(139.000005319715,-4.99998435245992,24.6464275793031));
#14346=CARTESIAN_POINT('',(134.000005573034,-4.99998435245992,24.6464275793031));
#14347=CARTESIAN_POINT('',(139.000005319715,-30.6767613644062,50.3232045912493));
#14348=CARTESIAN_POINT('Origin',(134.000005573034,-4.99998435245991,47.9999813722277));
#14349=CARTESIAN_POINT('',(139.000005319715,-4.99998435245991,48.3535347628209));
#14350=CARTESIAN_POINT('',(134.000005573034,-4.99998435245991,48.3535347628209));
#14351=CARTESIAN_POINT('',(139.000005319715,-4.99998435245992,29.4999828623438));
#14352=CARTESIAN_POINT('Origin',(138.000005319715,-11.9999843524599,70.9999817000532));
#14353=CARTESIAN_POINT('',(139.000005319715,-9.99998435245991,69.9999817000532));
#14354=CARTESIAN_POINT('',(137.000005319715,-7.9999844716692,71.9999817000532));
#14355=CARTESIAN_POINT('',(139.000005319715,-11.9999843524599,69.9999817000532));
#14356=CARTESIAN_POINT('Origin',(138.000005319715,-15.9999844120645,125.999982489815));
#14357=CARTESIAN_POINT('',(139.000005319715,1.5647540103636E-5,126.999982489815));
#14358=CARTESIAN_POINT('',(107.000005626119,1.56475400903133E-5,94.9999827962202));
#14359=CARTESIAN_POINT('',(139.000005319715,-9.99998447166919,126.999982489815));
#14360=CARTESIAN_POINT('',(139.000005319715,-15.9999844120645,126.999982489815));
#14361=CARTESIAN_POINT('',(139.000005319715,-9.99998447166919,126.999982489815));
#14362=CARTESIAN_POINT('Origin',(138.000005319715,-8.99998447166919,89.9999819682741));
#14363=CARTESIAN_POINT('',(139.000005319715,-9.9999843524599,107.999982236495));
#14364=CARTESIAN_POINT('Origin',(139.000005319715,-23.9999843524599,107.999982236495));
#14365=CARTESIAN_POINT('',(139.000005319715,1.56475401080769E-5,149.999982236495));
#14366=CARTESIAN_POINT('',(139.000005319715,1.56475400991951E-5,107.999982236495));
#14367=CARTESIAN_POINT('',(139.000005319715,1.56475401080769E-5,149.999982236495));
#14368=CARTESIAN_POINT('',(139.000005319715,-9.9999843524599,107.999982236495));
#14369=CARTESIAN_POINT('Origin',(139.000005319715,-23.9999843524599,107.999982236495));
#14370=CARTESIAN_POINT('',(139.000005319715,-9.99998435245993,12.9999843524599));
#14371=CARTESIAN_POINT('',(139.000005319715,-9.9999843524599,107.999982236495));
#14372=CARTESIAN_POINT('',(139.000005319715,-11.9999843524599,12.9999843524599));
#14373=CARTESIAN_POINT('',(139.000005319715,-3.1035377430532,50.2499813722277));
#14374=CARTESIAN_POINT('',(139.000005319715,6.07323916831027,59.4267582835911));
#14375=CARTESIAN_POINT('',(139.000005319715,-11.9999843524599,50.2499813722277));
#14376=CARTESIAN_POINT('Origin',(80.5000046789646,1.56475400814315E-5,59.4999843561852));
#14377=CARTESIAN_POINT('',(117.000005319715,1.56475401080769E-5,149.999982236495));
#14378=CARTESIAN_POINT('Origin',(137.000005319715,-9.99998435245993,10.9999843524599));
#14379=CARTESIAN_POINT('',(137.000005319715,-11.9999843524599,12.9999843524599));
#14380=CARTESIAN_POINT('',(139.000005319715,-9.99998435245993,12.9999843524599));
#14381=CARTESIAN_POINT('Origin',(138.000005319715,-11.9999843524599,11.9999843524599));
#14382=CARTESIAN_POINT('Origin',(138.000005319715,-10.9999843524599,107.999982236495));
#14383=CARTESIAN_POINT('Origin',(134.000005573034,-3.17676104775653,50.1767580675243));
#14384=CARTESIAN_POINT('',(134.000005573034,-3.10353774305321,50.2499813722277));
#14385=CARTESIAN_POINT('Origin',(134.000005573034,1.56475400814315E-5,50.2499813722277));
#14386=CARTESIAN_POINT('Origin',(117.000005319715,1.56475401080769E-5,149.999982236495));
#14387=UNCERTAINTY_MEASURE_WITH_UNIT(LENGTH_MEASURE(0.01),#14391,
'DISTANCE_ACCURACY_VALUE',
'Maximum model space distance between geometric entities at asserted c
onnectivities');
#14388=UNCERTAINTY_MEASURE_WITH_UNIT(LENGTH_MEASURE(0.01),#14391,
'DISTANCE_ACCURACY_VALUE',
'Maximum model space distance between geometric entities at asserted c
onnectivities');
#14389=(
GEOMETRIC_REPRESENTATION_CONTEXT(3)
GLOBAL_UNCERTAINTY_ASSIGNED_CONTEXT((#14387))
GLOBAL_UNIT_ASSIGNED_CONTEXT((#14391,#14393,#14394))
REPRESENTATION_CONTEXT('','3D')
);
#14390=(
GEOMETRIC_REPRESENTATION_CONTEXT(3)
GLOBAL_UNCERTAINTY_ASSIGNED_CONTEXT((#14388))
GLOBAL_UNIT_ASSIGNED_CONTEXT((#14391,#14393,#14394))
REPRESENTATION_CONTEXT('','3D')
);
#14391=(
LENGTH_UNIT()
NAMED_UNIT(*)
SI_UNIT(.MILLI.,.METRE.)
);
#14392=(
LENGTH_UNIT()
NAMED_UNIT(*)
SI_UNIT($,.METRE.)
);
#14393=(
NAMED_UNIT(*)
PLANE_ANGLE_UNIT()
SI_UNIT($,.RADIAN.)
);
#14394=(
NAMED_UNIT(*)
SI_UNIT($,.STERADIAN.)
SOLID_ANGLE_UNIT()
);
#14395=SHAPE_DEFINITION_REPRESENTATION(#14396,#14397);
#14396=PRODUCT_DEFINITION_SHAPE('',$,#14399);
#14397=SHAPE_REPRESENTATION('',(#8364),#14389);
#14398=PRODUCT_DEFINITION_CONTEXT('part definition',#14403,'design');
#14399=PRODUCT_DEFINITION('Cyberdeck-zero','Cyberdeck-zero v14',#14400,
#14398);
#14400=PRODUCT_DEFINITION_FORMATION('',$,#14405);
#14401=PRODUCT_RELATED_PRODUCT_CATEGORY('Cyberdeck-zero v14',
'Cyberdeck-zero v14',(#14405));
#14402=APPLICATION_PROTOCOL_DEFINITION('international standard',
'automotive_design',2009,#14403);
#14403=APPLICATION_CONTEXT(
'Core Data for Automotive Mechanical Design Process');
#14404=PRODUCT_CONTEXT('part definition',#14403,'mechanical');
#14405=PRODUCT('Cyberdeck-zero','Cyberdeck-zero v14',$,(#14404));
#14406=PRESENTATION_STYLE_ASSIGNMENT((#14409));
#14407=PRESENTATION_STYLE_ASSIGNMENT((#14410));
#14408=PRESENTATION_STYLE_ASSIGNMENT((#14411));
#14409=SURFACE_STYLE_USAGE(.BOTH.,#14412);
#14410=SURFACE_STYLE_USAGE(.BOTH.,#14413);
#14411=SURFACE_STYLE_USAGE(.BOTH.,#14414);
#14412=SURFACE_SIDE_STYLE('',(#14415));
#14413=SURFACE_SIDE_STYLE('',(#14416));
#14414=SURFACE_SIDE_STYLE('',(#14417));
#14415=SURFACE_STYLE_FILL_AREA(#14418);
#14416=SURFACE_STYLE_FILL_AREA(#14419);
#14417=SURFACE_STYLE_FILL_AREA(#14420);
#14418=FILL_AREA_STYLE('Steel - Satin',(#14421));
#14419=FILL_AREA_STYLE('EPX 82 (with Carbon M2 M3 L1 3D Printers)',(#14422));
#14420=FILL_AREA_STYLE(
'EPX 150 - Air Baked (with Carbon M2 M3 L1 3D Printers)',(#14423));
#14421=FILL_AREA_STYLE_COLOUR('Steel - Satin',#14424);
#14422=FILL_AREA_STYLE_COLOUR(
'EPX 82 (with Carbon M2 M3 L1 3D Printers)',#14425);
#14423=FILL_AREA_STYLE_COLOUR(
'EPX 150 - Air Baked (with Carbon M2 M3 L1 3D Printers)',#14426);
#14424=COLOUR_RGB('Steel - Satin',0.627450980392157,0.627450980392157,0.627450980392157);
#14425=COLOUR_RGB('EPX 82 (with Carbon M2 M3 L1 3D Printers)',0.247058823529412,
0.247058823529412,0.247058823529412);
#14426=COLOUR_RGB(
'EPX 150 - Air Baked (with Carbon M2 M3 L1 3D Printers)',0.247058823529412,
0.247058823529412,0.247058823529412);
ENDSEC;
END-ISO-10303-21;
