ISO-10303-21;
HEADER;
/* Generated by software containing ST-Developer
 * from STEP Tools, Inc. (www.steptools.com) 
 */

FILE_DESCRIPTION(
/* description */ (''),
/* implementation_level */ '2;1');

FILE_NAME(
/* name */ 'OG-Marauder_Assembly.step',
/* time_stamp */ '2026-02-11T02:44:01-08:00',
/* author */ (''),
/* organization */ (''),
/* preprocessor_version */ 'ST-DEVELOPER v20.1',
/* originating_system */ 'Autodesk Translation Framework v14.21.0.0',
/* authorisation */ '');

FILE_SCHEMA (('AUTOMOTIVE_DESIGN { 1 0 10303 214 3 1 1 }'));
ENDSEC;

DATA;
#10=MECHANICAL_DESIGN_GEOMETRIC_PRESENTATION_REPRESENTATION('',(#110,#111,
#112,#113,#114,#115,#116),#18057);
#11=SHAPE_REPRESENTATION_RELATIONSHIP('SRR','None',#18067,#12);
#12=ADVANCED_BREP_SHAPE_REPRESENTATION('',(#117,#118,#119,#120,#121,#122,
#123),#18055);
#13=ITEM_DEFINED_TRANSFORMATION($,$,#11096,#11846);
#14=(
REPRESENTATION_RELATIONSHIP($,$,#18068,#18067)
REPRESENTATION_RELATIONSHIP_WITH_TRANSFORMATION(#13)
SHAPE_REPRESENTATION_RELATIONSHIP()
);
#15=CONTEXT_DEPENDENT_SHAPE_REPRESENTATION(#14,#18066);
#16=NEXT_ASSEMBLY_USAGE_OCCURRENCE('Component15:1','Component15:1',
'Component15:1',#18070,#18071,'Component15:1');
#17=B_SPLINE_SURFACE_WITH_KNOTS('',3,3,((#16977,#16978,#16979,#16980),(#16981,
#16982,#16983,#16984),(#16985,#16986,#16987,#16988),(#16989,#16990,#16991,
#16992)),.UNSPECIFIED.,.F.,.F.,.F.,(4,4),(4,4),(0.,1.),(-12.6414853806691,
-12.566370614039),.UNSPECIFIED.);
#18=B_SPLINE_SURFACE_WITH_KNOTS('',3,3,((#17001,#17002,#17003,#17004),(#17005,
#17006,#17007,#17008),(#17009,#17010,#17011,#17012),(#17013,#17014,#17015,
#17016)),.UNSPECIFIED.,.F.,.F.,.F.,(4,4),(4,4),(0.,1.),(-0.305349463905684,
0.199112215586041),.UNSPECIFIED.);
#19=B_SPLINE_SURFACE_WITH_KNOTS('',3,3,((#17037,#17038,#17039,#17040),(#17041,
#17042,#17043,#17044),(#17045,#17046,#17047,#17048),(#17049,#17050,#17051,
#17052)),.UNSPECIFIED.,.F.,.F.,.F.,(4,4),(4,4),(0.,1.),(-12.6414853806691,
-12.5663706140391),.UNSPECIFIED.);
#20=B_SPLINE_SURFACE_WITH_KNOTS('',3,3,((#17061,#17062,#17063,#17064),(#17065,
#17066,#17067,#17068),(#17069,#17070,#17071,#17072),(#17073,#17074,#17075,
#17076)),.UNSPECIFIED.,.F.,.F.,.F.,(4,4),(4,4),(0.,1.),(-0.411070830238476,
0.09339084925326),.UNSPECIFIED.);
#21=B_SPLINE_SURFACE_WITH_KNOTS('',3,3,((#17094,#17095,#17096,#17097),(#17098,
#17099,#17100,#17101),(#17102,#17103,#17104,#17105),(#17106,#17107,#17108,
#17109)),.UNSPECIFIED.,.F.,.F.,.F.,(4,4),(4,4),(0.,1.),(-12.6414853806691,
-12.5663706140391),.UNSPECIFIED.);
#22=B_SPLINE_SURFACE_WITH_KNOTS('',3,3,((#17118,#17119,#17120,#17121),(#17122,
#17123,#17124,#17125),(#17126,#17127,#17128,#17129),(#17130,#17131,#17132,
#17133)),.UNSPECIFIED.,.F.,.F.,.F.,(4,4),(4,4),(0.,1.),(-0.516792196571256,
-0.0123305170795212),.UNSPECIFIED.);
#23=B_SPLINE_SURFACE_WITH_KNOTS('',3,3,((#17151,#17152,#17153,#17154),(#17155,
#17156,#17157,#17158),(#17159,#17160,#17161,#17162),(#17163,#17164,#17165,
#17166)),.UNSPECIFIED.,.F.,.F.,.F.,(4,4),(4,4),(0.,1.),(-12.6414853806689,
-12.5663706140391),.UNSPECIFIED.);
#24=B_SPLINE_SURFACE_WITH_KNOTS('',3,3,((#17175,#17176,#17177,#17178),(#17179,
#17180,#17181,#17182),(#17183,#17184,#17185,#17186),(#17187,#17188,#17189,
#17190)),.UNSPECIFIED.,.F.,.F.,.F.,(4,4),(4,4),(0.,1.),(-0.622513562904038,
-0.118051883412302),.UNSPECIFIED.);
#25=CONICAL_SURFACE('',#11210,4.,0.785398163397448);
#26=CONICAL_SURFACE('',#11233,4.,0.785398163397447);
#27=CONICAL_SURFACE('',#11240,4.,0.785398163397447);
#28=CONICAL_SURFACE('',#11245,4.,0.785398163397447);
#29=CONICAL_SURFACE('',#11477,2.41052601911438,0.785398163397436);
#30=CONICAL_SURFACE('',#11481,2.41052601911438,0.78539816339744);
#31=CONICAL_SURFACE('',#11504,2.41052601911438,0.785398163397436);
#32=CONICAL_SURFACE('',#11507,2.41052601911438,0.785398163397442);
#33=CONICAL_SURFACE('',#11512,2.41052601911438,0.785398163397442);
#34=CONICAL_SURFACE('',#11515,2.41052601911438,0.78539816339744);
#35=CONICAL_SURFACE('',#11520,2.41052601911438,0.785398163397442);
#36=CONICAL_SURFACE('',#11523,2.41052601911438,0.785398163397442);
#37=CONICAL_SURFACE('',#11528,2.41052601911438,0.785398163397442);
#38=CONICAL_SURFACE('',#11531,2.41052601911438,0.785398163397442);
#39=CONICAL_SURFACE('',#11536,2.41052601911438,0.785398163397442);
#40=CONICAL_SURFACE('',#11539,2.41052601911438,0.785398163397446);
#41=CONICAL_SURFACE('',#11544,2.41052601911438,0.785398163397442);
#42=CONICAL_SURFACE('',#11547,2.41052601911438,0.785398163397446);
#43=CONICAL_SURFACE('',#11552,2.41052601911438,0.785398163397446);
#44=CONICAL_SURFACE('',#11555,2.41052601911438,0.785398163397446);
#45=CONICAL_SURFACE('',#11559,2.41052601911438,0.785398163397444);
#46=CONICAL_SURFACE('',#11562,2.41052601911438,0.785398163397446);
#47=CONICAL_SURFACE('',#11651,1.76865641489781,0.463647609000789);
#48=CONICAL_SURFACE('',#11655,1.76865641489781,0.463647609000789);
#49=CONICAL_SURFACE('',#11660,1.76865641489781,0.4636476090008);
#50=CONICAL_SURFACE('',#11683,1.76865641489784,0.463647609000812);
#51=CONICAL_SURFACE('',#11684,1.76865641489781,0.463647609000789);
#52=CONICAL_SURFACE('',#11687,1.76865641489784,0.463647609000812);
#53=CONICAL_SURFACE('',#11688,1.76865641489781,0.463647609000789);
#54=CONICAL_SURFACE('',#11691,1.76865641489784,0.463647609000812);
#55=CONICAL_SURFACE('',#11694,1.76865641489784,0.463647609000812);
#56=CONICAL_SURFACE('',#11696,1.76865641489784,0.463647609000811);
#57=B_SPLINE_CURVE_WITH_KNOTS('',3,(#15280,#15281,#15282,#15283,#15284,
#15285),.UNSPECIFIED.,.F.,.F.,(4,2,4),(0.557471334863814,0.569718368364753,
0.593098810268654),.UNSPECIFIED.);
#58=B_SPLINE_CURVE_WITH_KNOTS('',3,(#16884,#16885,#16886,#16887),
 .UNSPECIFIED.,.F.,.F.,(4,4),(-12.6414853806691,-12.5663706143591),
 .UNSPECIFIED.);
#59=B_SPLINE_CURVE_WITH_KNOTS('',3,(#16900,#16901,#16902,#16903),
 .UNSPECIFIED.,.F.,.F.,(4,4),(-12.6414853806691,-12.5663706143592),
 .UNSPECIFIED.);
#60=B_SPLINE_CURVE_WITH_KNOTS('',3,(#16913,#16914,#16915,#16916),
 .UNSPECIFIED.,.F.,.F.,(4,4),(-12.6414853806691,-12.5663706143592),
 .UNSPECIFIED.);
#61=B_SPLINE_CURVE_WITH_KNOTS('',3,(#16925,#16926,#16927,#16928),
 .UNSPECIFIED.,.F.,.F.,(4,4),(-12.6414853806689,-12.5663706143591),
 .UNSPECIFIED.);
#62=B_SPLINE_CURVE_WITH_KNOTS('',3,(#16995,#16996,#16997,#16998,#16999,
#17000),.UNSPECIFIED.,.F.,.F.,(4,2,4),(0.0170507302411726,0.0239954620717406,
0.0340993418485739),.UNSPECIFIED.);
#63=B_SPLINE_CURVE_WITH_KNOTS('',3,(#17018,#17019,#17020,#17021),
 .UNSPECIFIED.,.F.,.F.,(4,4),(0.,0.0170849267726888),.UNSPECIFIED.);
#64=B_SPLINE_CURVE_WITH_KNOTS('',3,(#17022,#17023,#17024,#17025,#17026,
#17027),.UNSPECIFIED.,.F.,.F.,(4,2,4),(0.017024939334163,0.252230839745865,
0.504461679491724),.UNSPECIFIED.);
#65=B_SPLINE_CURVE_WITH_KNOTS('',3,(#17055,#17056,#17057,#17058,#17059,
#17060),.UNSPECIFIED.,.F.,.F.,(4,2,4),(0.0170507302413606,0.0239954620718317,
0.0340993418482663),.UNSPECIFIED.);
#66=B_SPLINE_CURVE_WITH_KNOTS('',3,(#17078,#17079,#17080,#17081),
 .UNSPECIFIED.,.F.,.F.,(4,4),(0.,0.0170849267726949),.UNSPECIFIED.);
#67=B_SPLINE_CURVE_WITH_KNOTS('',3,(#17082,#17083,#17084,#17085,#17086,
#17087),.UNSPECIFIED.,.F.,.F.,(4,2,4),(0.0170249393341684,0.252230839745868,
0.504461679491738),.UNSPECIFIED.);
#68=B_SPLINE_CURVE_WITH_KNOTS('',3,(#17112,#17113,#17114,#17115,#17116,
#17117),.UNSPECIFIED.,.F.,.F.,(4,2,4),(0.0170507302415812,0.0239954620720678,
0.0340993418480964),.UNSPECIFIED.);
#69=B_SPLINE_CURVE_WITH_KNOTS('',3,(#17135,#17136,#17137,#17138),
 .UNSPECIFIED.,.F.,.F.,(4,4),(0.,0.0170849267727003),.UNSPECIFIED.);
#70=B_SPLINE_CURVE_WITH_KNOTS('',3,(#17139,#17140,#17141,#17142,#17143,
#17144),.UNSPECIFIED.,.F.,.F.,(4,2,4),(0.0170249393341797,0.252230839745874,
0.504461679491742),.UNSPECIFIED.);
#71=B_SPLINE_CURVE_WITH_KNOTS('',3,(#17169,#17170,#17171,#17172,#17173,
#17174),.UNSPECIFIED.,.F.,.F.,(4,2,4),(0.0170507302416555,0.0239954620723282,
0.0340993418491398),.UNSPECIFIED.);
#72=B_SPLINE_CURVE_WITH_KNOTS('',3,(#17192,#17193,#17194,#17195),
 .UNSPECIFIED.,.F.,.F.,(4,4),(0.,0.0170849267727018),.UNSPECIFIED.);
#73=B_SPLINE_CURVE_WITH_KNOTS('',3,(#17196,#17197,#17198,#17199,#17200,
#17201),.UNSPECIFIED.,.F.,.F.,(4,2,4),(0.0170249393341724,0.252230839745868,
0.504461679491737),.UNSPECIFIED.);
#74=(
BOUNDED_CURVE()
B_SPLINE_CURVE(2,(#15272,#15273,#15274),.UNSPECIFIED.,.F.,.F.)
B_SPLINE_CURVE_WITH_KNOTS((3,3),(0.162752512699969,0.177474268978426),
 .UNSPECIFIED.)
CURVE()
GEOMETRIC_REPRESENTATION_ITEM()
RATIONAL_B_SPLINE_CURVE((1.00243434017328,1.00132726904037,1.))
REPRESENTATION_ITEM('')
);
#75=ELLIPSE('',#11177,4.25015837097797,4.25);
#76=ELLIPSE('',#11178,4.25015837097797,4.25);
#77=ELLIPSE('',#11182,4.25015837097797,4.25);
#78=ELLIPSE('',#11183,4.25015837097797,4.25);
#79=ELLIPSE('',#11191,4.25015837097797,4.25);
#80=ELLIPSE('',#11192,4.25015837097797,4.25);
#81=ELLIPSE('',#11295,3.25012110721845,3.25);
#82=ELLIPSE('',#11297,3.25012110721845,3.25);
#83=ELLIPSE('',#11304,3.25012110721845,3.25);
#84=ELLIPSE('',#11306,3.25012110721845,3.25);
#85=ELLIPSE('',#11355,2.21183496129776,1.26865641489782);
#86=ELLIPSE('',#11356,1.54874351317648,1.26865641489782);
#87=ELLIPSE('',#11358,2.21183496129776,1.26865641489782);
#88=ELLIPSE('',#11359,1.54874351317648,1.26865641489782);
#89=ELLIPSE('',#11361,2.21183496129776,1.26865641489782);
#90=ELLIPSE('',#11362,1.54874351317648,1.26865641489782);
#91=ELLIPSE('',#11364,2.21183496129776,1.26865641489782);
#92=ELLIPSE('',#11365,1.54874351317647,1.26865641489782);
#93=ELLIPSE('',#11367,2.21183496129776,1.26865641489782);
#94=ELLIPSE('',#11368,1.54874351317648,1.26865641489782);
#95=ELLIPSE('',#11629,1.51406655142658,1.10926626959198);
#96=ELLIPSE('',#11630,1.51406655142658,1.10926626959198);
#97=ELLIPSE('',#11631,1.51406655142662,1.10926626959196);
#98=ELLIPSE('',#11632,1.51406655142658,1.10926626959198);
#99=ELLIPSE('',#11633,1.51406655142658,1.10926626959198);
#100=ELLIPSE('',#11635,5.93759348638274,2.74184474436603);
#101=ELLIPSE('',#11636,5.93759348638274,2.74184474436603);
#102=ELLIPSE('',#11638,5.93759348638274,2.74184474436603);
#103=ELLIPSE('',#11639,5.93759348638274,2.74184474436603);
#104=ELLIPSE('',#11641,5.93759348638274,2.74184474436603);
#105=ELLIPSE('',#11643,5.93759348638293,2.74184474436606);
#106=ELLIPSE('',#11645,5.93759348638274,2.74184474436603);
#107=ELLIPSE('',#11646,5.93759348638293,2.74184474436606);
#108=ELLIPSE('',#11648,5.93759348638274,2.74184474436603);
#109=ELLIPSE('',#11649,5.93759348638274,2.74184474436603);
#110=STYLED_ITEM('',(#18084),#117);
#111=STYLED_ITEM('',(#18085),#118);
#112=STYLED_ITEM('',(#18085),#119);
#113=STYLED_ITEM('',(#18084),#120);
#114=STYLED_ITEM('',(#18084),#121);
#115=STYLED_ITEM('',(#18084),#122);
#116=STYLED_ITEM('',(#18084),#123);
#117=MANIFOLD_SOLID_BREP('Body38',#11076);
#118=MANIFOLD_SOLID_BREP('Body96',#11077);
#119=MANIFOLD_SOLID_BREP('Body104',#11078);
#120=MANIFOLD_SOLID_BREP('Body131',#11079);
#121=MANIFOLD_SOLID_BREP('Body169',#11080);
#122=MANIFOLD_SOLID_BREP('Body255',#11081);
#123=MANIFOLD_SOLID_BREP('Body274',#11082);
#124=FACE_BOUND('',#1223,.T.);
#125=FACE_BOUND('',#1226,.T.);
#126=FACE_BOUND('',#1232,.T.);
#127=FACE_BOUND('',#1239,.T.);
#128=FACE_BOUND('',#1244,.T.);
#129=FACE_BOUND('',#1283,.T.);
#130=FACE_BOUND('',#1299,.T.);
#131=FACE_BOUND('',#1300,.T.);
#132=FACE_BOUND('',#1301,.T.);
#133=FACE_BOUND('',#1302,.T.);
#134=FACE_BOUND('',#1303,.T.);
#135=FACE_BOUND('',#1314,.T.);
#136=FACE_BOUND('',#1315,.T.);
#137=FACE_BOUND('',#1316,.T.);
#138=FACE_BOUND('',#1317,.T.);
#139=FACE_BOUND('',#1318,.T.);
#140=FACE_BOUND('',#1319,.T.);
#141=FACE_BOUND('',#1320,.T.);
#142=FACE_BOUND('',#1321,.T.);
#143=FACE_BOUND('',#1322,.T.);
#144=FACE_BOUND('',#1323,.T.);
#145=FACE_BOUND('',#1324,.T.);
#146=FACE_BOUND('',#1333,.T.);
#147=FACE_BOUND('',#1335,.T.);
#148=FACE_BOUND('',#1337,.T.);
#149=FACE_BOUND('',#1339,.T.);
#150=FACE_BOUND('',#1341,.T.);
#151=FACE_BOUND('',#1373,.T.);
#152=FACE_BOUND('',#1378,.T.);
#153=FACE_BOUND('',#1430,.T.);
#154=FACE_BOUND('',#1433,.T.);
#155=FACE_BOUND('',#1437,.T.);
#156=FACE_BOUND('',#1438,.T.);
#157=FACE_BOUND('',#1439,.T.);
#158=FACE_BOUND('',#1440,.T.);
#159=FACE_BOUND('',#1441,.T.);
#160=FACE_BOUND('',#1442,.T.);
#161=FACE_BOUND('',#1443,.T.);
#162=FACE_BOUND('',#1490,.T.);
#163=FACE_BOUND('',#1491,.T.);
#164=FACE_BOUND('',#1492,.T.);
#165=FACE_BOUND('',#1516,.T.);
#166=FACE_BOUND('',#1517,.T.);
#167=FACE_BOUND('',#1518,.T.);
#168=FACE_BOUND('',#1519,.T.);
#169=FACE_BOUND('',#1520,.T.);
#170=FACE_BOUND('',#1521,.T.);
#171=FACE_BOUND('',#1522,.T.);
#172=FACE_BOUND('',#1523,.T.);
#173=FACE_BOUND('',#1524,.T.);
#174=FACE_BOUND('',#1525,.T.);
#175=FACE_BOUND('',#1526,.T.);
#176=FACE_BOUND('',#1527,.T.);
#177=FACE_BOUND('',#1528,.T.);
#178=FACE_BOUND('',#1654,.T.);
#179=FACE_BOUND('',#1704,.T.);
#180=FACE_BOUND('',#1724,.T.);
#181=FACE_BOUND('',#1769,.T.);
#182=FACE_BOUND('',#1770,.T.);
#183=FACE_BOUND('',#1771,.T.);
#184=FACE_BOUND('',#1772,.T.);
#185=FACE_BOUND('',#1778,.T.);
#186=PLANE('',#11100);
#187=PLANE('',#11104);
#188=PLANE('',#11108);
#189=PLANE('',#11112);
#190=PLANE('',#11113);
#191=PLANE('',#11114);
#192=PLANE('',#11115);
#193=PLANE('',#11116);
#194=PLANE('',#11117);
#195=PLANE('',#11118);
#196=PLANE('',#11119);
#197=PLANE('',#11120);
#198=PLANE('',#11121);
#199=PLANE('',#11122);
#200=PLANE('',#11123);
#201=PLANE('',#11124);
#202=PLANE('',#11125);
#203=PLANE('',#11126);
#204=PLANE('',#11127);
#205=PLANE('',#11128);
#206=PLANE('',#11129);
#207=PLANE('',#11130);
#208=PLANE('',#11131);
#209=PLANE('',#11132);
#210=PLANE('',#11133);
#211=PLANE('',#11134);
#212=PLANE('',#11135);
#213=PLANE('',#11136);
#214=PLANE('',#11137);
#215=PLANE('',#11138);
#216=PLANE('',#11139);
#217=PLANE('',#11140);
#218=PLANE('',#11141);
#219=PLANE('',#11142);
#220=PLANE('',#11143);
#221=PLANE('',#11144);
#222=PLANE('',#11145);
#223=PLANE('',#11146);
#224=PLANE('',#11147);
#225=PLANE('',#11148);
#226=PLANE('',#11149);
#227=PLANE('',#11150);
#228=PLANE('',#11151);
#229=PLANE('',#11152);
#230=PLANE('',#11153);
#231=PLANE('',#11154);
#232=PLANE('',#11155);
#233=PLANE('',#11156);
#234=PLANE('',#11157);
#235=PLANE('',#11158);
#236=PLANE('',#11159);
#237=PLANE('',#11160);
#238=PLANE('',#11161);
#239=PLANE('',#11162);
#240=PLANE('',#11163);
#241=PLANE('',#11164);
#242=PLANE('',#11165);
#243=PLANE('',#11166);
#244=PLANE('',#11167);
#245=PLANE('',#11168);
#246=PLANE('',#11169);
#247=PLANE('',#11170);
#248=PLANE('',#11171);
#249=PLANE('',#11172);
#250=PLANE('',#11173);
#251=PLANE('',#11174);
#252=PLANE('',#11175);
#253=PLANE('',#11176);
#254=PLANE('',#11179);
#255=PLANE('',#11180);
#256=PLANE('',#11181);
#257=PLANE('',#11184);
#258=PLANE('',#11185);
#259=PLANE('',#11186);
#260=PLANE('',#11187);
#261=PLANE('',#11188);
#262=PLANE('',#11189);
#263=PLANE('',#11190);
#264=PLANE('',#11201);
#265=PLANE('',#11202);
#266=PLANE('',#11203);
#267=PLANE('',#11204);
#268=PLANE('',#11205);
#269=PLANE('',#11206);
#270=PLANE('',#11207);
#271=PLANE('',#11214);
#272=PLANE('',#11250);
#273=PLANE('',#11252);
#274=PLANE('',#11254);
#275=PLANE('',#11259);
#276=PLANE('',#11261);
#277=PLANE('',#11268);
#278=PLANE('',#11270);
#279=PLANE('',#11272);
#280=PLANE('',#11274);
#281=PLANE('',#11276);
#282=PLANE('',#11278);
#283=PLANE('',#11280);
#284=PLANE('',#11282);
#285=PLANE('',#11283);
#286=PLANE('',#11284);
#287=PLANE('',#11285);
#288=PLANE('',#11286);
#289=PLANE('',#11287);
#290=PLANE('',#11288);
#291=PLANE('',#11289);
#292=PLANE('',#11290);
#293=PLANE('',#11291);
#294=PLANE('',#11292);
#295=PLANE('',#11293);
#296=PLANE('',#11296);
#297=PLANE('',#11302);
#298=PLANE('',#11305);
#299=PLANE('',#11313);
#300=PLANE('',#11314);
#301=PLANE('',#11317);
#302=PLANE('',#11318);
#303=PLANE('',#11319);
#304=PLANE('',#11320);
#305=PLANE('',#11321);
#306=PLANE('',#11322);
#307=PLANE('',#11323);
#308=PLANE('',#11324);
#309=PLANE('',#11325);
#310=PLANE('',#11326);
#311=PLANE('',#11327);
#312=PLANE('',#11328);
#313=PLANE('',#11329);
#314=PLANE('',#11330);
#315=PLANE('',#11331);
#316=PLANE('',#11332);
#317=PLANE('',#11333);
#318=PLANE('',#11334);
#319=PLANE('',#11335);
#320=PLANE('',#11336);
#321=PLANE('',#11337);
#322=PLANE('',#11338);
#323=PLANE('',#11339);
#324=PLANE('',#11340);
#325=PLANE('',#11341);
#326=PLANE('',#11342);
#327=PLANE('',#11343);
#328=PLANE('',#11344);
#329=PLANE('',#11345);
#330=PLANE('',#11346);
#331=PLANE('',#11347);
#332=PLANE('',#11348);
#333=PLANE('',#11349);
#334=PLANE('',#11350);
#335=PLANE('',#11351);
#336=PLANE('',#11352);
#337=PLANE('',#11353);
#338=PLANE('',#11369);
#339=PLANE('',#11370);
#340=PLANE('',#11374);
#341=PLANE('',#11375);
#342=PLANE('',#11376);
#343=PLANE('',#11377);
#344=PLANE('',#11397);
#345=PLANE('',#11398);
#346=PLANE('',#11399);
#347=PLANE('',#11400);
#348=PLANE('',#11401);
#349=PLANE('',#11402);
#350=PLANE('',#11403);
#351=PLANE('',#11404);
#352=PLANE('',#11405);
#353=PLANE('',#11406);
#354=PLANE('',#11407);
#355=PLANE('',#11408);
#356=PLANE('',#11409);
#357=PLANE('',#11410);
#358=PLANE('',#11411);
#359=PLANE('',#11412);
#360=PLANE('',#11413);
#361=PLANE('',#11414);
#362=PLANE('',#11415);
#363=PLANE('',#11416);
#364=PLANE('',#11417);
#365=PLANE('',#11418);
#366=PLANE('',#11419);
#367=PLANE('',#11420);
#368=PLANE('',#11421);
#369=PLANE('',#11422);
#370=PLANE('',#11423);
#371=PLANE('',#11424);
#372=PLANE('',#11428);
#373=PLANE('',#11432);
#374=PLANE('',#11436);
#375=PLANE('',#11440);
#376=PLANE('',#11444);
#377=PLANE('',#11448);
#378=PLANE('',#11449);
#379=PLANE('',#11450);
#380=PLANE('',#11451);
#381=PLANE('',#11452);
#382=PLANE('',#11453);
#383=PLANE('',#11454);
#384=PLANE('',#11460);
#385=PLANE('',#11463);
#386=PLANE('',#11464);
#387=PLANE('',#11465);
#388=PLANE('',#11466);
#389=PLANE('',#11467);
#390=PLANE('',#11468);
#391=PLANE('',#11469);
#392=PLANE('',#11470);
#393=PLANE('',#11471);
#394=PLANE('',#11472);
#395=PLANE('',#11473);
#396=PLANE('',#11474);
#397=PLANE('',#11475);
#398=PLANE('',#11476);
#399=PLANE('',#11480);
#400=PLANE('',#11485);
#401=PLANE('',#11486);
#402=PLANE('',#11503);
#403=PLANE('',#11506);
#404=PLANE('',#11510);
#405=PLANE('',#11511);
#406=PLANE('',#11514);
#407=PLANE('',#11518);
#408=PLANE('',#11519);
#409=PLANE('',#11522);
#410=PLANE('',#11526);
#411=PLANE('',#11527);
#412=PLANE('',#11530);
#413=PLANE('',#11534);
#414=PLANE('',#11535);
#415=PLANE('',#11538);
#416=PLANE('',#11542);
#417=PLANE('',#11543);
#418=PLANE('',#11546);
#419=PLANE('',#11550);
#420=PLANE('',#11551);
#421=PLANE('',#11554);
#422=PLANE('',#11557);
#423=PLANE('',#11558);
#424=PLANE('',#11561);
#425=PLANE('',#11564);
#426=PLANE('',#11565);
#427=PLANE('',#11566);
#428=PLANE('',#11567);
#429=PLANE('',#11568);
#430=PLANE('',#11569);
#431=PLANE('',#11570);
#432=PLANE('',#11572);
#433=PLANE('',#11574);
#434=PLANE('',#11576);
#435=PLANE('',#11578);
#436=PLANE('',#11580);
#437=PLANE('',#11582);
#438=PLANE('',#11584);
#439=PLANE('',#11585);
#440=PLANE('',#11586);
#441=PLANE('',#11587);
#442=PLANE('',#11588);
#443=PLANE('',#11589);
#444=PLANE('',#11590);
#445=PLANE('',#11591);
#446=PLANE('',#11592);
#447=PLANE('',#11593);
#448=PLANE('',#11594);
#449=PLANE('',#11595);
#450=PLANE('',#11596);
#451=PLANE('',#11597);
#452=PLANE('',#11598);
#453=PLANE('',#11599);
#454=PLANE('',#11600);
#455=PLANE('',#11601);
#456=PLANE('',#11602);
#457=PLANE('',#11603);
#458=PLANE('',#11604);
#459=PLANE('',#11605);
#460=PLANE('',#11606);
#461=PLANE('',#11607);
#462=PLANE('',#11608);
#463=PLANE('',#11609);
#464=PLANE('',#11610);
#465=PLANE('',#11611);
#466=PLANE('',#11612);
#467=PLANE('',#11613);
#468=PLANE('',#11614);
#469=PLANE('',#11615);
#470=PLANE('',#11616);
#471=PLANE('',#11617);
#472=PLANE('',#11618);
#473=PLANE('',#11619);
#474=PLANE('',#11620);
#475=PLANE('',#11621);
#476=PLANE('',#11622);
#477=PLANE('',#11623);
#478=PLANE('',#11624);
#479=PLANE('',#11625);
#480=PLANE('',#11626);
#481=PLANE('',#11627);
#482=PLANE('',#11628);
#483=PLANE('',#11634);
#484=PLANE('',#11637);
#485=PLANE('',#11640);
#486=PLANE('',#11642);
#487=PLANE('',#11644);
#488=PLANE('',#11647);
#489=PLANE('',#11650);
#490=PLANE('',#11659);
#491=PLANE('',#11664);
#492=PLANE('',#11674);
#493=PLANE('',#11682);
#494=PLANE('',#11685);
#495=PLANE('',#11686);
#496=PLANE('',#11689);
#497=PLANE('',#11690);
#498=PLANE('',#11692);
#499=PLANE('',#11693);
#500=PLANE('',#11695);
#501=PLANE('',#11697);
#502=PLANE('',#11698);
#503=PLANE('',#11699);
#504=PLANE('',#11700);
#505=PLANE('',#11701);
#506=PLANE('',#11702);
#507=PLANE('',#11703);
#508=PLANE('',#11704);
#509=PLANE('',#11705);
#510=PLANE('',#11706);
#511=PLANE('',#11707);
#512=PLANE('',#11708);
#513=PLANE('',#11709);
#514=PLANE('',#11710);
#515=PLANE('',#11711);
#516=PLANE('',#11712);
#517=PLANE('',#11713);
#518=PLANE('',#11714);
#519=PLANE('',#11715);
#520=PLANE('',#11716);
#521=PLANE('',#11717);
#522=PLANE('',#11718);
#523=PLANE('',#11719);
#524=PLANE('',#11720);
#525=PLANE('',#11721);
#526=PLANE('',#11722);
#527=PLANE('',#11723);
#528=PLANE('',#11724);
#529=PLANE('',#11725);
#530=PLANE('',#11726);
#531=PLANE('',#11727);
#532=PLANE('',#11728);
#533=PLANE('',#11729);
#534=PLANE('',#11730);
#535=PLANE('',#11731);
#536=PLANE('',#11732);
#537=PLANE('',#11733);
#538=PLANE('',#11734);
#539=PLANE('',#11735);
#540=PLANE('',#11736);
#541=PLANE('',#11737);
#542=PLANE('',#11738);
#543=PLANE('',#11739);
#544=PLANE('',#11740);
#545=PLANE('',#11741);
#546=PLANE('',#11742);
#547=PLANE('',#11743);
#548=PLANE('',#11744);
#549=PLANE('',#11745);
#550=PLANE('',#11746);
#551=PLANE('',#11747);
#552=PLANE('',#11748);
#553=PLANE('',#11749);
#554=PLANE('',#11750);
#555=PLANE('',#11751);
#556=PLANE('',#11752);
#557=PLANE('',#11753);
#558=PLANE('',#11754);
#559=PLANE('',#11755);
#560=PLANE('',#11756);
#561=PLANE('',#11757);
#562=PLANE('',#11758);
#563=PLANE('',#11759);
#564=PLANE('',#11760);
#565=PLANE('',#11761);
#566=PLANE('',#11762);
#567=PLANE('',#11763);
#568=PLANE('',#11764);
#569=PLANE('',#11765);
#570=PLANE('',#11766);
#571=PLANE('',#11767);
#572=PLANE('',#11768);
#573=PLANE('',#11769);
#574=PLANE('',#11770);
#575=PLANE('',#11771);
#576=PLANE('',#11772);
#577=PLANE('',#11773);
#578=PLANE('',#11774);
#579=PLANE('',#11775);
#580=PLANE('',#11776);
#581=PLANE('',#11777);
#582=PLANE('',#11778);
#583=PLANE('',#11779);
#584=PLANE('',#11780);
#585=PLANE('',#11781);
#586=PLANE('',#11782);
#587=PLANE('',#11783);
#588=PLANE('',#11784);
#589=PLANE('',#11785);
#590=PLANE('',#11786);
#591=PLANE('',#11787);
#592=PLANE('',#11788);
#593=PLANE('',#11789);
#594=PLANE('',#11790);
#595=PLANE('',#11791);
#596=PLANE('',#11792);
#597=PLANE('',#11793);
#598=PLANE('',#11794);
#599=PLANE('',#11795);
#600=PLANE('',#11796);
#601=PLANE('',#11797);
#602=PLANE('',#11798);
#603=PLANE('',#11799);
#604=PLANE('',#11800);
#605=PLANE('',#11801);
#606=PLANE('',#11802);
#607=PLANE('',#11803);
#608=PLANE('',#11804);
#609=PLANE('',#11805);
#610=PLANE('',#11806);
#611=PLANE('',#11807);
#612=PLANE('',#11808);
#613=PLANE('',#11809);
#614=PLANE('',#11810);
#615=PLANE('',#11811);
#616=PLANE('',#11812);
#617=PLANE('',#11813);
#618=PLANE('',#11814);
#619=PLANE('',#11815);
#620=PLANE('',#11816);
#621=PLANE('',#11817);
#622=PLANE('',#11818);
#623=PLANE('',#11819);
#624=PLANE('',#11820);
#625=PLANE('',#11821);
#626=PLANE('',#11822);
#627=PLANE('',#11823);
#628=PLANE('',#11824);
#629=PLANE('',#11825);
#630=PLANE('',#11826);
#631=PLANE('',#11827);
#632=PLANE('',#11828);
#633=PLANE('',#11829);
#634=PLANE('',#11830);
#635=PLANE('',#11831);
#636=PLANE('',#11832);
#637=PLANE('',#11833);
#638=PLANE('',#11834);
#639=PLANE('',#11835);
#640=PLANE('',#11836);
#641=PLANE('',#11837);
#642=PLANE('',#11838);
#643=PLANE('',#11839);
#644=PLANE('',#11840);
#645=PLANE('',#11841);
#646=PLANE('',#11842);
#647=PLANE('',#11843);
#648=PLANE('',#11844);
#649=PLANE('',#11845);
#650=FACE_OUTER_BOUND('',#1211,.T.);
#651=FACE_OUTER_BOUND('',#1212,.T.);
#652=FACE_OUTER_BOUND('',#1213,.T.);
#653=FACE_OUTER_BOUND('',#1214,.T.);
#654=FACE_OUTER_BOUND('',#1215,.T.);
#655=FACE_OUTER_BOUND('',#1216,.T.);
#656=FACE_OUTER_BOUND('',#1217,.T.);
#657=FACE_OUTER_BOUND('',#1218,.T.);
#658=FACE_OUTER_BOUND('',#1219,.T.);
#659=FACE_OUTER_BOUND('',#1220,.T.);
#660=FACE_OUTER_BOUND('',#1221,.T.);
#661=FACE_OUTER_BOUND('',#1222,.T.);
#662=FACE_OUTER_BOUND('',#1224,.T.);
#663=FACE_OUTER_BOUND('',#1225,.T.);
#664=FACE_OUTER_BOUND('',#1227,.T.);
#665=FACE_OUTER_BOUND('',#1228,.T.);
#666=FACE_OUTER_BOUND('',#1229,.T.);
#667=FACE_OUTER_BOUND('',#1230,.T.);
#668=FACE_OUTER_BOUND('',#1231,.T.);
#669=FACE_OUTER_BOUND('',#1233,.T.);
#670=FACE_OUTER_BOUND('',#1234,.T.);
#671=FACE_OUTER_BOUND('',#1235,.T.);
#672=FACE_OUTER_BOUND('',#1236,.T.);
#673=FACE_OUTER_BOUND('',#1237,.T.);
#674=FACE_OUTER_BOUND('',#1238,.T.);
#675=FACE_OUTER_BOUND('',#1240,.T.);
#676=FACE_OUTER_BOUND('',#1241,.T.);
#677=FACE_OUTER_BOUND('',#1242,.T.);
#678=FACE_OUTER_BOUND('',#1243,.T.);
#679=FACE_OUTER_BOUND('',#1245,.T.);
#680=FACE_OUTER_BOUND('',#1246,.T.);
#681=FACE_OUTER_BOUND('',#1247,.T.);
#682=FACE_OUTER_BOUND('',#1248,.T.);
#683=FACE_OUTER_BOUND('',#1249,.T.);
#684=FACE_OUTER_BOUND('',#1250,.T.);
#685=FACE_OUTER_BOUND('',#1251,.T.);
#686=FACE_OUTER_BOUND('',#1252,.T.);
#687=FACE_OUTER_BOUND('',#1253,.T.);
#688=FACE_OUTER_BOUND('',#1254,.T.);
#689=FACE_OUTER_BOUND('',#1255,.T.);
#690=FACE_OUTER_BOUND('',#1256,.T.);
#691=FACE_OUTER_BOUND('',#1257,.T.);
#692=FACE_OUTER_BOUND('',#1258,.T.);
#693=FACE_OUTER_BOUND('',#1259,.T.);
#694=FACE_OUTER_BOUND('',#1260,.T.);
#695=FACE_OUTER_BOUND('',#1261,.T.);
#696=FACE_OUTER_BOUND('',#1262,.T.);
#697=FACE_OUTER_BOUND('',#1263,.T.);
#698=FACE_OUTER_BOUND('',#1264,.T.);
#699=FACE_OUTER_BOUND('',#1265,.T.);
#700=FACE_OUTER_BOUND('',#1266,.T.);
#701=FACE_OUTER_BOUND('',#1267,.T.);
#702=FACE_OUTER_BOUND('',#1268,.T.);
#703=FACE_OUTER_BOUND('',#1269,.T.);
#704=FACE_OUTER_BOUND('',#1270,.T.);
#705=FACE_OUTER_BOUND('',#1271,.T.);
#706=FACE_OUTER_BOUND('',#1272,.T.);
#707=FACE_OUTER_BOUND('',#1273,.T.);
#708=FACE_OUTER_BOUND('',#1274,.T.);
#709=FACE_OUTER_BOUND('',#1275,.T.);
#710=FACE_OUTER_BOUND('',#1276,.T.);
#711=FACE_OUTER_BOUND('',#1277,.T.);
#712=FACE_OUTER_BOUND('',#1278,.T.);
#713=FACE_OUTER_BOUND('',#1279,.T.);
#714=FACE_OUTER_BOUND('',#1280,.T.);
#715=FACE_OUTER_BOUND('',#1281,.T.);
#716=FACE_OUTER_BOUND('',#1282,.T.);
#717=FACE_OUTER_BOUND('',#1284,.T.);
#718=FACE_OUTER_BOUND('',#1285,.T.);
#719=FACE_OUTER_BOUND('',#1286,.T.);
#720=FACE_OUTER_BOUND('',#1287,.T.);
#721=FACE_OUTER_BOUND('',#1288,.T.);
#722=FACE_OUTER_BOUND('',#1289,.T.);
#723=FACE_OUTER_BOUND('',#1290,.T.);
#724=FACE_OUTER_BOUND('',#1291,.T.);
#725=FACE_OUTER_BOUND('',#1292,.T.);
#726=FACE_OUTER_BOUND('',#1293,.T.);
#727=FACE_OUTER_BOUND('',#1294,.T.);
#728=FACE_OUTER_BOUND('',#1295,.T.);
#729=FACE_OUTER_BOUND('',#1296,.T.);
#730=FACE_OUTER_BOUND('',#1297,.T.);
#731=FACE_OUTER_BOUND('',#1298,.T.);
#732=FACE_OUTER_BOUND('',#1304,.T.);
#733=FACE_OUTER_BOUND('',#1305,.T.);
#734=FACE_OUTER_BOUND('',#1306,.T.);
#735=FACE_OUTER_BOUND('',#1307,.T.);
#736=FACE_OUTER_BOUND('',#1308,.T.);
#737=FACE_OUTER_BOUND('',#1309,.T.);
#738=FACE_OUTER_BOUND('',#1310,.T.);
#739=FACE_OUTER_BOUND('',#1311,.T.);
#740=FACE_OUTER_BOUND('',#1312,.T.);
#741=FACE_OUTER_BOUND('',#1313,.T.);
#742=FACE_OUTER_BOUND('',#1325,.T.);
#743=FACE_OUTER_BOUND('',#1326,.T.);
#744=FACE_OUTER_BOUND('',#1327,.T.);
#745=FACE_OUTER_BOUND('',#1328,.T.);
#746=FACE_OUTER_BOUND('',#1329,.T.);
#747=FACE_OUTER_BOUND('',#1330,.T.);
#748=FACE_OUTER_BOUND('',#1331,.T.);
#749=FACE_OUTER_BOUND('',#1332,.T.);
#750=FACE_OUTER_BOUND('',#1334,.T.);
#751=FACE_OUTER_BOUND('',#1336,.T.);
#752=FACE_OUTER_BOUND('',#1338,.T.);
#753=FACE_OUTER_BOUND('',#1340,.T.);
#754=FACE_OUTER_BOUND('',#1342,.T.);
#755=FACE_OUTER_BOUND('',#1343,.T.);
#756=FACE_OUTER_BOUND('',#1344,.T.);
#757=FACE_OUTER_BOUND('',#1345,.T.);
#758=FACE_OUTER_BOUND('',#1346,.T.);
#759=FACE_OUTER_BOUND('',#1347,.T.);
#760=FACE_OUTER_BOUND('',#1348,.T.);
#761=FACE_OUTER_BOUND('',#1349,.T.);
#762=FACE_OUTER_BOUND('',#1350,.T.);
#763=FACE_OUTER_BOUND('',#1351,.T.);
#764=FACE_OUTER_BOUND('',#1352,.T.);
#765=FACE_OUTER_BOUND('',#1353,.T.);
#766=FACE_OUTER_BOUND('',#1354,.T.);
#767=FACE_OUTER_BOUND('',#1355,.T.);
#768=FACE_OUTER_BOUND('',#1356,.T.);
#769=FACE_OUTER_BOUND('',#1357,.T.);
#770=FACE_OUTER_BOUND('',#1358,.T.);
#771=FACE_OUTER_BOUND('',#1359,.T.);
#772=FACE_OUTER_BOUND('',#1360,.T.);
#773=FACE_OUTER_BOUND('',#1361,.T.);
#774=FACE_OUTER_BOUND('',#1362,.T.);
#775=FACE_OUTER_BOUND('',#1363,.T.);
#776=FACE_OUTER_BOUND('',#1364,.T.);
#777=FACE_OUTER_BOUND('',#1365,.T.);
#778=FACE_OUTER_BOUND('',#1366,.T.);
#779=FACE_OUTER_BOUND('',#1367,.T.);
#780=FACE_OUTER_BOUND('',#1368,.T.);
#781=FACE_OUTER_BOUND('',#1369,.T.);
#782=FACE_OUTER_BOUND('',#1370,.T.);
#783=FACE_OUTER_BOUND('',#1371,.T.);
#784=FACE_OUTER_BOUND('',#1372,.T.);
#785=FACE_OUTER_BOUND('',#1374,.T.);
#786=FACE_OUTER_BOUND('',#1375,.T.);
#787=FACE_OUTER_BOUND('',#1376,.T.);
#788=FACE_OUTER_BOUND('',#1377,.T.);
#789=FACE_OUTER_BOUND('',#1379,.T.);
#790=FACE_OUTER_BOUND('',#1380,.T.);
#791=FACE_OUTER_BOUND('',#1381,.T.);
#792=FACE_OUTER_BOUND('',#1382,.T.);
#793=FACE_OUTER_BOUND('',#1383,.T.);
#794=FACE_OUTER_BOUND('',#1384,.T.);
#795=FACE_OUTER_BOUND('',#1385,.T.);
#796=FACE_OUTER_BOUND('',#1386,.T.);
#797=FACE_OUTER_BOUND('',#1387,.T.);
#798=FACE_OUTER_BOUND('',#1388,.T.);
#799=FACE_OUTER_BOUND('',#1389,.T.);
#800=FACE_OUTER_BOUND('',#1390,.T.);
#801=FACE_OUTER_BOUND('',#1391,.T.);
#802=FACE_OUTER_BOUND('',#1392,.T.);
#803=FACE_OUTER_BOUND('',#1393,.T.);
#804=FACE_OUTER_BOUND('',#1394,.T.);
#805=FACE_OUTER_BOUND('',#1395,.T.);
#806=FACE_OUTER_BOUND('',#1396,.T.);
#807=FACE_OUTER_BOUND('',#1397,.T.);
#808=FACE_OUTER_BOUND('',#1398,.T.);
#809=FACE_OUTER_BOUND('',#1399,.T.);
#810=FACE_OUTER_BOUND('',#1400,.T.);
#811=FACE_OUTER_BOUND('',#1401,.T.);
#812=FACE_OUTER_BOUND('',#1402,.T.);
#813=FACE_OUTER_BOUND('',#1403,.T.);
#814=FACE_OUTER_BOUND('',#1404,.T.);
#815=FACE_OUTER_BOUND('',#1405,.T.);
#816=FACE_OUTER_BOUND('',#1406,.T.);
#817=FACE_OUTER_BOUND('',#1407,.T.);
#818=FACE_OUTER_BOUND('',#1408,.T.);
#819=FACE_OUTER_BOUND('',#1409,.T.);
#820=FACE_OUTER_BOUND('',#1410,.T.);
#821=FACE_OUTER_BOUND('',#1411,.T.);
#822=FACE_OUTER_BOUND('',#1412,.T.);
#823=FACE_OUTER_BOUND('',#1413,.T.);
#824=FACE_OUTER_BOUND('',#1414,.T.);
#825=FACE_OUTER_BOUND('',#1415,.T.);
#826=FACE_OUTER_BOUND('',#1416,.T.);
#827=FACE_OUTER_BOUND('',#1417,.T.);
#828=FACE_OUTER_BOUND('',#1418,.T.);
#829=FACE_OUTER_BOUND('',#1419,.T.);
#830=FACE_OUTER_BOUND('',#1420,.T.);
#831=FACE_OUTER_BOUND('',#1421,.T.);
#832=FACE_OUTER_BOUND('',#1422,.T.);
#833=FACE_OUTER_BOUND('',#1423,.T.);
#834=FACE_OUTER_BOUND('',#1424,.T.);
#835=FACE_OUTER_BOUND('',#1425,.T.);
#836=FACE_OUTER_BOUND('',#1426,.T.);
#837=FACE_OUTER_BOUND('',#1427,.T.);
#838=FACE_OUTER_BOUND('',#1428,.T.);
#839=FACE_OUTER_BOUND('',#1429,.T.);
#840=FACE_OUTER_BOUND('',#1431,.T.);
#841=FACE_OUTER_BOUND('',#1432,.T.);
#842=FACE_OUTER_BOUND('',#1434,.T.);
#843=FACE_OUTER_BOUND('',#1435,.T.);
#844=FACE_OUTER_BOUND('',#1436,.T.);
#845=FACE_OUTER_BOUND('',#1444,.T.);
#846=FACE_OUTER_BOUND('',#1445,.T.);
#847=FACE_OUTER_BOUND('',#1446,.T.);
#848=FACE_OUTER_BOUND('',#1447,.T.);
#849=FACE_OUTER_BOUND('',#1448,.T.);
#850=FACE_OUTER_BOUND('',#1449,.T.);
#851=FACE_OUTER_BOUND('',#1450,.T.);
#852=FACE_OUTER_BOUND('',#1451,.T.);
#853=FACE_OUTER_BOUND('',#1452,.T.);
#854=FACE_OUTER_BOUND('',#1453,.T.);
#855=FACE_OUTER_BOUND('',#1454,.T.);
#856=FACE_OUTER_BOUND('',#1455,.T.);
#857=FACE_OUTER_BOUND('',#1456,.T.);
#858=FACE_OUTER_BOUND('',#1457,.T.);
#859=FACE_OUTER_BOUND('',#1458,.T.);
#860=FACE_OUTER_BOUND('',#1459,.T.);
#861=FACE_OUTER_BOUND('',#1460,.T.);
#862=FACE_OUTER_BOUND('',#1461,.T.);
#863=FACE_OUTER_BOUND('',#1462,.T.);
#864=FACE_OUTER_BOUND('',#1463,.T.);
#865=FACE_OUTER_BOUND('',#1464,.T.);
#866=FACE_OUTER_BOUND('',#1465,.T.);
#867=FACE_OUTER_BOUND('',#1466,.T.);
#868=FACE_OUTER_BOUND('',#1467,.T.);
#869=FACE_OUTER_BOUND('',#1468,.T.);
#870=FACE_OUTER_BOUND('',#1469,.T.);
#871=FACE_OUTER_BOUND('',#1470,.T.);
#872=FACE_OUTER_BOUND('',#1471,.T.);
#873=FACE_OUTER_BOUND('',#1472,.T.);
#874=FACE_OUTER_BOUND('',#1473,.T.);
#875=FACE_OUTER_BOUND('',#1474,.T.);
#876=FACE_OUTER_BOUND('',#1475,.T.);
#877=FACE_OUTER_BOUND('',#1476,.T.);
#878=FACE_OUTER_BOUND('',#1477,.T.);
#879=FACE_OUTER_BOUND('',#1478,.T.);
#880=FACE_OUTER_BOUND('',#1479,.T.);
#881=FACE_OUTER_BOUND('',#1480,.T.);
#882=FACE_OUTER_BOUND('',#1481,.T.);
#883=FACE_OUTER_BOUND('',#1482,.T.);
#884=FACE_OUTER_BOUND('',#1483,.T.);
#885=FACE_OUTER_BOUND('',#1484,.T.);
#886=FACE_OUTER_BOUND('',#1485,.T.);
#887=FACE_OUTER_BOUND('',#1486,.T.);
#888=FACE_OUTER_BOUND('',#1487,.T.);
#889=FACE_OUTER_BOUND('',#1488,.T.);
#890=FACE_OUTER_BOUND('',#1489,.T.);
#891=FACE_OUTER_BOUND('',#1493,.T.);
#892=FACE_OUTER_BOUND('',#1494,.T.);
#893=FACE_OUTER_BOUND('',#1495,.T.);
#894=FACE_OUTER_BOUND('',#1496,.T.);
#895=FACE_OUTER_BOUND('',#1497,.T.);
#896=FACE_OUTER_BOUND('',#1498,.T.);
#897=FACE_OUTER_BOUND('',#1499,.T.);
#898=FACE_OUTER_BOUND('',#1500,.T.);
#899=FACE_OUTER_BOUND('',#1501,.T.);
#900=FACE_OUTER_BOUND('',#1502,.T.);
#901=FACE_OUTER_BOUND('',#1503,.T.);
#902=FACE_OUTER_BOUND('',#1504,.T.);
#903=FACE_OUTER_BOUND('',#1505,.T.);
#904=FACE_OUTER_BOUND('',#1506,.T.);
#905=FACE_OUTER_BOUND('',#1507,.T.);
#906=FACE_OUTER_BOUND('',#1508,.T.);
#907=FACE_OUTER_BOUND('',#1509,.T.);
#908=FACE_OUTER_BOUND('',#1510,.T.);
#909=FACE_OUTER_BOUND('',#1511,.T.);
#910=FACE_OUTER_BOUND('',#1512,.T.);
#911=FACE_OUTER_BOUND('',#1513,.T.);
#912=FACE_OUTER_BOUND('',#1514,.T.);
#913=FACE_OUTER_BOUND('',#1515,.T.);
#914=FACE_OUTER_BOUND('',#1529,.T.);
#915=FACE_OUTER_BOUND('',#1530,.T.);
#916=FACE_OUTER_BOUND('',#1531,.T.);
#917=FACE_OUTER_BOUND('',#1532,.T.);
#918=FACE_OUTER_BOUND('',#1533,.T.);
#919=FACE_OUTER_BOUND('',#1534,.T.);
#920=FACE_OUTER_BOUND('',#1535,.T.);
#921=FACE_OUTER_BOUND('',#1536,.T.);
#922=FACE_OUTER_BOUND('',#1537,.T.);
#923=FACE_OUTER_BOUND('',#1538,.T.);
#924=FACE_OUTER_BOUND('',#1539,.T.);
#925=FACE_OUTER_BOUND('',#1540,.T.);
#926=FACE_OUTER_BOUND('',#1541,.T.);
#927=FACE_OUTER_BOUND('',#1542,.T.);
#928=FACE_OUTER_BOUND('',#1543,.T.);
#929=FACE_OUTER_BOUND('',#1544,.T.);
#930=FACE_OUTER_BOUND('',#1545,.T.);
#931=FACE_OUTER_BOUND('',#1546,.T.);
#932=FACE_OUTER_BOUND('',#1547,.T.);
#933=FACE_OUTER_BOUND('',#1548,.T.);
#934=FACE_OUTER_BOUND('',#1549,.T.);
#935=FACE_OUTER_BOUND('',#1550,.T.);
#936=FACE_OUTER_BOUND('',#1551,.T.);
#937=FACE_OUTER_BOUND('',#1552,.T.);
#938=FACE_OUTER_BOUND('',#1553,.T.);
#939=FACE_OUTER_BOUND('',#1554,.T.);
#940=FACE_OUTER_BOUND('',#1555,.T.);
#941=FACE_OUTER_BOUND('',#1556,.T.);
#942=FACE_OUTER_BOUND('',#1557,.T.);
#943=FACE_OUTER_BOUND('',#1558,.T.);
#944=FACE_OUTER_BOUND('',#1559,.T.);
#945=FACE_OUTER_BOUND('',#1560,.T.);
#946=FACE_OUTER_BOUND('',#1561,.T.);
#947=FACE_OUTER_BOUND('',#1562,.T.);
#948=FACE_OUTER_BOUND('',#1563,.T.);
#949=FACE_OUTER_BOUND('',#1564,.T.);
#950=FACE_OUTER_BOUND('',#1565,.T.);
#951=FACE_OUTER_BOUND('',#1566,.T.);
#952=FACE_OUTER_BOUND('',#1567,.T.);
#953=FACE_OUTER_BOUND('',#1568,.T.);
#954=FACE_OUTER_BOUND('',#1569,.T.);
#955=FACE_OUTER_BOUND('',#1570,.T.);
#956=FACE_OUTER_BOUND('',#1571,.T.);
#957=FACE_OUTER_BOUND('',#1572,.T.);
#958=FACE_OUTER_BOUND('',#1573,.T.);
#959=FACE_OUTER_BOUND('',#1574,.T.);
#960=FACE_OUTER_BOUND('',#1575,.T.);
#961=FACE_OUTER_BOUND('',#1576,.T.);
#962=FACE_OUTER_BOUND('',#1577,.T.);
#963=FACE_OUTER_BOUND('',#1578,.T.);
#964=FACE_OUTER_BOUND('',#1579,.T.);
#965=FACE_OUTER_BOUND('',#1580,.T.);
#966=FACE_OUTER_BOUND('',#1581,.T.);
#967=FACE_OUTER_BOUND('',#1582,.T.);
#968=FACE_OUTER_BOUND('',#1583,.T.);
#969=FACE_OUTER_BOUND('',#1584,.T.);
#970=FACE_OUTER_BOUND('',#1585,.T.);
#971=FACE_OUTER_BOUND('',#1586,.T.);
#972=FACE_OUTER_BOUND('',#1587,.T.);
#973=FACE_OUTER_BOUND('',#1588,.T.);
#974=FACE_OUTER_BOUND('',#1589,.T.);
#975=FACE_OUTER_BOUND('',#1590,.T.);
#976=FACE_OUTER_BOUND('',#1591,.T.);
#977=FACE_OUTER_BOUND('',#1592,.T.);
#978=FACE_OUTER_BOUND('',#1593,.T.);
#979=FACE_OUTER_BOUND('',#1594,.T.);
#980=FACE_OUTER_BOUND('',#1595,.T.);
#981=FACE_OUTER_BOUND('',#1596,.T.);
#982=FACE_OUTER_BOUND('',#1597,.T.);
#983=FACE_OUTER_BOUND('',#1598,.T.);
#984=FACE_OUTER_BOUND('',#1599,.T.);
#985=FACE_OUTER_BOUND('',#1600,.T.);
#986=FACE_OUTER_BOUND('',#1601,.T.);
#987=FACE_OUTER_BOUND('',#1602,.T.);
#988=FACE_OUTER_BOUND('',#1603,.T.);
#989=FACE_OUTER_BOUND('',#1604,.T.);
#990=FACE_OUTER_BOUND('',#1605,.T.);
#991=FACE_OUTER_BOUND('',#1606,.T.);
#992=FACE_OUTER_BOUND('',#1607,.T.);
#993=FACE_OUTER_BOUND('',#1608,.T.);
#994=FACE_OUTER_BOUND('',#1609,.T.);
#995=FACE_OUTER_BOUND('',#1610,.T.);
#996=FACE_OUTER_BOUND('',#1611,.T.);
#997=FACE_OUTER_BOUND('',#1612,.T.);
#998=FACE_OUTER_BOUND('',#1613,.T.);
#999=FACE_OUTER_BOUND('',#1614,.T.);
#1000=FACE_OUTER_BOUND('',#1615,.T.);
#1001=FACE_OUTER_BOUND('',#1616,.T.);
#1002=FACE_OUTER_BOUND('',#1617,.T.);
#1003=FACE_OUTER_BOUND('',#1618,.T.);
#1004=FACE_OUTER_BOUND('',#1619,.T.);
#1005=FACE_OUTER_BOUND('',#1620,.T.);
#1006=FACE_OUTER_BOUND('',#1621,.T.);
#1007=FACE_OUTER_BOUND('',#1622,.T.);
#1008=FACE_OUTER_BOUND('',#1623,.T.);
#1009=FACE_OUTER_BOUND('',#1624,.T.);
#1010=FACE_OUTER_BOUND('',#1625,.T.);
#1011=FACE_OUTER_BOUND('',#1626,.T.);
#1012=FACE_OUTER_BOUND('',#1627,.T.);
#1013=FACE_OUTER_BOUND('',#1628,.T.);
#1014=FACE_OUTER_BOUND('',#1629,.T.);
#1015=FACE_OUTER_BOUND('',#1630,.T.);
#1016=FACE_OUTER_BOUND('',#1631,.T.);
#1017=FACE_OUTER_BOUND('',#1632,.T.);
#1018=FACE_OUTER_BOUND('',#1633,.T.);
#1019=FACE_OUTER_BOUND('',#1634,.T.);
#1020=FACE_OUTER_BOUND('',#1635,.T.);
#1021=FACE_OUTER_BOUND('',#1636,.T.);
#1022=FACE_OUTER_BOUND('',#1637,.T.);
#1023=FACE_OUTER_BOUND('',#1638,.T.);
#1024=FACE_OUTER_BOUND('',#1639,.T.);
#1025=FACE_OUTER_BOUND('',#1640,.T.);
#1026=FACE_OUTER_BOUND('',#1641,.T.);
#1027=FACE_OUTER_BOUND('',#1642,.T.);
#1028=FACE_OUTER_BOUND('',#1643,.T.);
#1029=FACE_OUTER_BOUND('',#1644,.T.);
#1030=FACE_OUTER_BOUND('',#1645,.T.);
#1031=FACE_OUTER_BOUND('',#1646,.T.);
#1032=FACE_OUTER_BOUND('',#1647,.T.);
#1033=FACE_OUTER_BOUND('',#1648,.T.);
#1034=FACE_OUTER_BOUND('',#1649,.T.);
#1035=FACE_OUTER_BOUND('',#1650,.T.);
#1036=FACE_OUTER_BOUND('',#1651,.T.);
#1037=FACE_OUTER_BOUND('',#1652,.T.);
#1038=FACE_OUTER_BOUND('',#1653,.T.);
#1039=FACE_OUTER_BOUND('',#1655,.T.);
#1040=FACE_OUTER_BOUND('',#1656,.T.);
#1041=FACE_OUTER_BOUND('',#1657,.T.);
#1042=FACE_OUTER_BOUND('',#1658,.T.);
#1043=FACE_OUTER_BOUND('',#1659,.T.);
#1044=FACE_OUTER_BOUND('',#1660,.T.);
#1045=FACE_OUTER_BOUND('',#1661,.T.);
#1046=FACE_OUTER_BOUND('',#1662,.T.);
#1047=FACE_OUTER_BOUND('',#1663,.T.);
#1048=FACE_OUTER_BOUND('',#1664,.T.);
#1049=FACE_OUTER_BOUND('',#1665,.T.);
#1050=FACE_OUTER_BOUND('',#1666,.T.);
#1051=FACE_OUTER_BOUND('',#1667,.T.);
#1052=FACE_OUTER_BOUND('',#1668,.T.);
#1053=FACE_OUTER_BOUND('',#1669,.T.);
#1054=FACE_OUTER_BOUND('',#1670,.T.);
#1055=FACE_OUTER_BOUND('',#1671,.T.);
#1056=FACE_OUTER_BOUND('',#1672,.T.);
#1057=FACE_OUTER_BOUND('',#1673,.T.);
#1058=FACE_OUTER_BOUND('',#1674,.T.);
#1059=FACE_OUTER_BOUND('',#1675,.T.);
#1060=FACE_OUTER_BOUND('',#1676,.T.);
#1061=FACE_OUTER_BOUND('',#1677,.T.);
#1062=FACE_OUTER_BOUND('',#1678,.T.);
#1063=FACE_OUTER_BOUND('',#1679,.T.);
#1064=FACE_OUTER_BOUND('',#1680,.T.);
#1065=FACE_OUTER_BOUND('',#1681,.T.);
#1066=FACE_OUTER_BOUND('',#1682,.T.);
#1067=FACE_OUTER_BOUND('',#1683,.T.);
#1068=FACE_OUTER_BOUND('',#1684,.T.);
#1069=FACE_OUTER_BOUND('',#1685,.T.);
#1070=FACE_OUTER_BOUND('',#1686,.T.);
#1071=FACE_OUTER_BOUND('',#1687,.T.);
#1072=FACE_OUTER_BOUND('',#1688,.T.);
#1073=FACE_OUTER_BOUND('',#1689,.T.);
#1074=FACE_OUTER_BOUND('',#1690,.T.);
#1075=FACE_OUTER_BOUND('',#1691,.T.);
#1076=FACE_OUTER_BOUND('',#1692,.T.);
#1077=FACE_OUTER_BOUND('',#1693,.T.);
#1078=FACE_OUTER_BOUND('',#1694,.T.);
#1079=FACE_OUTER_BOUND('',#1695,.T.);
#1080=FACE_OUTER_BOUND('',#1696,.T.);
#1081=FACE_OUTER_BOUND('',#1697,.T.);
#1082=FACE_OUTER_BOUND('',#1698,.T.);
#1083=FACE_OUTER_BOUND('',#1699,.T.);
#1084=FACE_OUTER_BOUND('',#1700,.T.);
#1085=FACE_OUTER_BOUND('',#1701,.T.);
#1086=FACE_OUTER_BOUND('',#1702,.T.);
#1087=FACE_OUTER_BOUND('',#1703,.T.);
#1088=FACE_OUTER_BOUND('',#1705,.T.);
#1089=FACE_OUTER_BOUND('',#1706,.T.);
#1090=FACE_OUTER_BOUND('',#1707,.T.);
#1091=FACE_OUTER_BOUND('',#1708,.T.);
#1092=FACE_OUTER_BOUND('',#1709,.T.);
#1093=FACE_OUTER_BOUND('',#1710,.T.);
#1094=FACE_OUTER_BOUND('',#1711,.T.);
#1095=FACE_OUTER_BOUND('',#1712,.T.);
#1096=FACE_OUTER_BOUND('',#1713,.T.);
#1097=FACE_OUTER_BOUND('',#1714,.T.);
#1098=FACE_OUTER_BOUND('',#1715,.T.);
#1099=FACE_OUTER_BOUND('',#1716,.T.);
#1100=FACE_OUTER_BOUND('',#1717,.T.);
#1101=FACE_OUTER_BOUND('',#1718,.T.);
#1102=FACE_OUTER_BOUND('',#1719,.T.);
#1103=FACE_OUTER_BOUND('',#1720,.T.);
#1104=FACE_OUTER_BOUND('',#1721,.T.);
#1105=FACE_OUTER_BOUND('',#1722,.T.);
#1106=FACE_OUTER_BOUND('',#1723,.T.);
#1107=FACE_OUTER_BOUND('',#1725,.T.);
#1108=FACE_OUTER_BOUND('',#1726,.T.);
#1109=FACE_OUTER_BOUND('',#1727,.T.);
#1110=FACE_OUTER_BOUND('',#1728,.T.);
#1111=FACE_OUTER_BOUND('',#1729,.T.);
#1112=FACE_OUTER_BOUND('',#1730,.T.);
#1113=FACE_OUTER_BOUND('',#1731,.T.);
#1114=FACE_OUTER_BOUND('',#1732,.T.);
#1115=FACE_OUTER_BOUND('',#1733,.T.);
#1116=FACE_OUTER_BOUND('',#1734,.T.);
#1117=FACE_OUTER_BOUND('',#1735,.T.);
#1118=FACE_OUTER_BOUND('',#1736,.T.);
#1119=FACE_OUTER_BOUND('',#1737,.T.);
#1120=FACE_OUTER_BOUND('',#1738,.T.);
#1121=FACE_OUTER_BOUND('',#1739,.T.);
#1122=FACE_OUTER_BOUND('',#1740,.T.);
#1123=FACE_OUTER_BOUND('',#1741,.T.);
#1124=FACE_OUTER_BOUND('',#1742,.T.);
#1125=FACE_OUTER_BOUND('',#1743,.T.);
#1126=FACE_OUTER_BOUND('',#1744,.T.);
#1127=FACE_OUTER_BOUND('',#1745,.T.);
#1128=FACE_OUTER_BOUND('',#1746,.T.);
#1129=FACE_OUTER_BOUND('',#1747,.T.);
#1130=FACE_OUTER_BOUND('',#1748,.T.);
#1131=FACE_OUTER_BOUND('',#1749,.T.);
#1132=FACE_OUTER_BOUND('',#1750,.T.);
#1133=FACE_OUTER_BOUND('',#1751,.T.);
#1134=FACE_OUTER_BOUND('',#1752,.T.);
#1135=FACE_OUTER_BOUND('',#1753,.T.);
#1136=FACE_OUTER_BOUND('',#1754,.T.);
#1137=FACE_OUTER_BOUND('',#1755,.T.);
#1138=FACE_OUTER_BOUND('',#1756,.T.);
#1139=FACE_OUTER_BOUND('',#1757,.T.);
#1140=FACE_OUTER_BOUND('',#1758,.T.);
#1141=FACE_OUTER_BOUND('',#1759,.T.);
#1142=FACE_OUTER_BOUND('',#1760,.T.);
#1143=FACE_OUTER_BOUND('',#1761,.T.);
#1144=FACE_OUTER_BOUND('',#1762,.T.);
#1145=FACE_OUTER_BOUND('',#1763,.T.);
#1146=FACE_OUTER_BOUND('',#1764,.T.);
#1147=FACE_OUTER_BOUND('',#1765,.T.);
#1148=FACE_OUTER_BOUND('',#1766,.T.);
#1149=FACE_OUTER_BOUND('',#1767,.T.);
#1150=FACE_OUTER_BOUND('',#1768,.T.);
#1151=FACE_OUTER_BOUND('',#1773,.T.);
#1152=FACE_OUTER_BOUND('',#1774,.T.);
#1153=FACE_OUTER_BOUND('',#1775,.T.);
#1154=FACE_OUTER_BOUND('',#1776,.T.);
#1155=FACE_OUTER_BOUND('',#1777,.T.);
#1156=FACE_OUTER_BOUND('',#1779,.T.);
#1157=FACE_OUTER_BOUND('',#1780,.T.);
#1158=FACE_OUTER_BOUND('',#1781,.T.);
#1159=FACE_OUTER_BOUND('',#1782,.T.);
#1160=FACE_OUTER_BOUND('',#1783,.T.);
#1161=FACE_OUTER_BOUND('',#1784,.T.);
#1162=FACE_OUTER_BOUND('',#1785,.T.);
#1163=FACE_OUTER_BOUND('',#1786,.T.);
#1164=FACE_OUTER_BOUND('',#1787,.T.);
#1165=FACE_OUTER_BOUND('',#1788,.T.);
#1166=FACE_OUTER_BOUND('',#1789,.T.);
#1167=FACE_OUTER_BOUND('',#1790,.T.);
#1168=FACE_OUTER_BOUND('',#1791,.T.);
#1169=FACE_OUTER_BOUND('',#1792,.T.);
#1170=FACE_OUTER_BOUND('',#1793,.T.);
#1171=FACE_OUTER_BOUND('',#1794,.T.);
#1172=FACE_OUTER_BOUND('',#1795,.T.);
#1173=FACE_OUTER_BOUND('',#1796,.T.);
#1174=FACE_OUTER_BOUND('',#1797,.T.);
#1175=FACE_OUTER_BOUND('',#1798,.T.);
#1176=FACE_OUTER_BOUND('',#1799,.T.);
#1177=FACE_OUTER_BOUND('',#1800,.T.);
#1178=FACE_OUTER_BOUND('',#1801,.T.);
#1179=FACE_OUTER_BOUND('',#1802,.T.);
#1180=FACE_OUTER_BOUND('',#1803,.T.);
#1181=FACE_OUTER_BOUND('',#1804,.T.);
#1182=FACE_OUTER_BOUND('',#1805,.T.);
#1183=FACE_OUTER_BOUND('',#1806,.T.);
#1184=FACE_OUTER_BOUND('',#1807,.T.);
#1185=FACE_OUTER_BOUND('',#1808,.T.);
#1186=FACE_OUTER_BOUND('',#1809,.T.);
#1187=FACE_OUTER_BOUND('',#1810,.T.);
#1188=FACE_OUTER_BOUND('',#1811,.T.);
#1189=FACE_OUTER_BOUND('',#1812,.T.);
#1190=FACE_OUTER_BOUND('',#1813,.T.);
#1191=FACE_OUTER_BOUND('',#1814,.T.);
#1192=FACE_OUTER_BOUND('',#1815,.T.);
#1193=FACE_OUTER_BOUND('',#1816,.T.);
#1194=FACE_OUTER_BOUND('',#1817,.T.);
#1195=FACE_OUTER_BOUND('',#1818,.T.);
#1196=FACE_OUTER_BOUND('',#1819,.T.);
#1197=FACE_OUTER_BOUND('',#1820,.T.);
#1198=FACE_OUTER_BOUND('',#1821,.T.);
#1199=FACE_OUTER_BOUND('',#1822,.T.);
#1200=FACE_OUTER_BOUND('',#1823,.T.);
#1201=FACE_OUTER_BOUND('',#1824,.T.);
#1202=FACE_OUTER_BOUND('',#1825,.T.);
#1203=FACE_OUTER_BOUND('',#1826,.T.);
#1204=FACE_OUTER_BOUND('',#1827,.T.);
#1205=FACE_OUTER_BOUND('',#1828,.T.);
#1206=FACE_OUTER_BOUND('',#1829,.T.);
#1207=FACE_OUTER_BOUND('',#1830,.T.);
#1208=FACE_OUTER_BOUND('',#1831,.T.);
#1209=FACE_OUTER_BOUND('',#1832,.T.);
#1210=FACE_OUTER_BOUND('',#1833,.T.);
#1211=EDGE_LOOP('',(#7304,#7305,#7306,#7307));
#1212=EDGE_LOOP('',(#7308));
#1213=EDGE_LOOP('',(#7309,#7310,#7311,#7312));
#1214=EDGE_LOOP('',(#7313));
#1215=EDGE_LOOP('',(#7314,#7315,#7316,#7317));
#1216=EDGE_LOOP('',(#7318));
#1217=EDGE_LOOP('',(#7319,#7320,#7321,#7322));
#1218=EDGE_LOOP('',(#7323));
#1219=EDGE_LOOP('',(#7324,#7325,#7326,#7327));
#1220=EDGE_LOOP('',(#7328,#7329,#7330,#7331,#7332));
#1221=EDGE_LOOP('',(#7333,#7334,#7335,#7336,#7337,#7338,#7339,#7340,#7341,
#7342));
#1222=EDGE_LOOP('',(#7343,#7344,#7345,#7346,#7347,#7348,#7349,#7350,#7351,
#7352,#7353,#7354,#7355,#7356,#7357,#7358,#7359,#7360));
#1223=EDGE_LOOP('',(#7361,#7362,#7363,#7364));
#1224=EDGE_LOOP('',(#7365,#7366,#7367,#7368));
#1225=EDGE_LOOP('',(#7369,#7370,#7371,#7372,#7373,#7374,#7375));
#1226=EDGE_LOOP('',(#7376));
#1227=EDGE_LOOP('',(#7377,#7378,#7379,#7380,#7381,#7382));
#1228=EDGE_LOOP('',(#7383,#7384,#7385,#7386,#7387));
#1229=EDGE_LOOP('',(#7388,#7389,#7390,#7391));
#1230=EDGE_LOOP('',(#7392,#7393,#7394,#7395,#7396,#7397,#7398));
#1231=EDGE_LOOP('',(#7399,#7400,#7401,#7402,#7403));
#1232=EDGE_LOOP('',(#7404));
#1233=EDGE_LOOP('',(#7405,#7406,#7407,#7408));
#1234=EDGE_LOOP('',(#7409,#7410,#7411,#7412));
#1235=EDGE_LOOP('',(#7413,#7414,#7415,#7416,#7417));
#1236=EDGE_LOOP('',(#7418,#7419,#7420,#7421,#7422,#7423,#7424));
#1237=EDGE_LOOP('',(#7425,#7426,#7427,#7428));
#1238=EDGE_LOOP('',(#7429,#7430,#7431,#7432,#7433));
#1239=EDGE_LOOP('',(#7434));
#1240=EDGE_LOOP('',(#7435,#7436,#7437,#7438,#7439,#7440));
#1241=EDGE_LOOP('',(#7441,#7442,#7443,#7444,#7445));
#1242=EDGE_LOOP('',(#7446,#7447,#7448,#7449));
#1243=EDGE_LOOP('',(#7450,#7451,#7452,#7453,#7454,#7455,#7456));
#1244=EDGE_LOOP('',(#7457));
#1245=EDGE_LOOP('',(#7458,#7459,#7460,#7461));
#1246=EDGE_LOOP('',(#7462,#7463,#7464,#7465,#7466,#7467));
#1247=EDGE_LOOP('',(#7468,#7469,#7470,#7471));
#1248=EDGE_LOOP('',(#7472,#7473,#7474,#7475));
#1249=EDGE_LOOP('',(#7476,#7477,#7478,#7479));
#1250=EDGE_LOOP('',(#7480,#7481,#7482,#7483));
#1251=EDGE_LOOP('',(#7484,#7485,#7486,#7487));
#1252=EDGE_LOOP('',(#7488,#7489,#7490,#7491,#7492,#7493));
#1253=EDGE_LOOP('',(#7494,#7495,#7496,#7497));
#1254=EDGE_LOOP('',(#7498,#7499,#7500,#7501));
#1255=EDGE_LOOP('',(#7502,#7503,#7504,#7505));
#1256=EDGE_LOOP('',(#7506,#7507,#7508,#7509));
#1257=EDGE_LOOP('',(#7510,#7511,#7512,#7513));
#1258=EDGE_LOOP('',(#7514,#7515,#7516,#7517));
#1259=EDGE_LOOP('',(#7518,#7519,#7520,#7521));
#1260=EDGE_LOOP('',(#7522,#7523,#7524,#7525));
#1261=EDGE_LOOP('',(#7526,#7527,#7528,#7529));
#1262=EDGE_LOOP('',(#7530,#7531,#7532,#7533));
#1263=EDGE_LOOP('',(#7534,#7535,#7536,#7537));
#1264=EDGE_LOOP('',(#7538,#7539,#7540,#7541));
#1265=EDGE_LOOP('',(#7542,#7543,#7544,#7545,#7546,#7547,#7548,#7549,#7550,
#7551,#7552,#7553,#7554,#7555,#7556,#7557,#7558,#7559,#7560,#7561,#7562,
#7563,#7564,#7565,#7566,#7567,#7568,#7569));
#1266=EDGE_LOOP('',(#7570,#7571,#7572,#7573));
#1267=EDGE_LOOP('',(#7574,#7575,#7576,#7577));
#1268=EDGE_LOOP('',(#7578,#7579,#7580,#7581));
#1269=EDGE_LOOP('',(#7582,#7583,#7584,#7585));
#1270=EDGE_LOOP('',(#7586,#7587,#7588,#7589));
#1271=EDGE_LOOP('',(#7590,#7591,#7592,#7593));
#1272=EDGE_LOOP('',(#7594,#7595,#7596,#7597));
#1273=EDGE_LOOP('',(#7598,#7599,#7600,#7601));
#1274=EDGE_LOOP('',(#7602,#7603,#7604,#7605));
#1275=EDGE_LOOP('',(#7606,#7607,#7608,#7609));
#1276=EDGE_LOOP('',(#7610,#7611,#7612,#7613));
#1277=EDGE_LOOP('',(#7614,#7615,#7616,#7617));
#1278=EDGE_LOOP('',(#7618,#7619,#7620,#7621,#7622,#7623,#7624,#7625));
#1279=EDGE_LOOP('',(#7626,#7627,#7628,#7629,#7630,#7631));
#1280=EDGE_LOOP('',(#7632,#7633,#7634,#7635));
#1281=EDGE_LOOP('',(#7636,#7637,#7638,#7639,#7640,#7641));
#1282=EDGE_LOOP('',(#7642,#7643,#7644,#7645));
#1283=EDGE_LOOP('',(#7646,#7647,#7648,#7649));
#1284=EDGE_LOOP('',(#7650,#7651,#7652,#7653));
#1285=EDGE_LOOP('',(#7654,#7655,#7656,#7657));
#1286=EDGE_LOOP('',(#7658,#7659,#7660,#7661));
#1287=EDGE_LOOP('',(#7662,#7663,#7664,#7665));
#1288=EDGE_LOOP('',(#7666,#7667,#7668,#7669));
#1289=EDGE_LOOP('',(#7670,#7671,#7672,#7673,#7674,#7675,#7676,#7677));
#1290=EDGE_LOOP('',(#7678,#7679,#7680,#7681,#7682,#7683,#7684,#7685));
#1291=EDGE_LOOP('',(#7686,#7687,#7688,#7689));
#1292=EDGE_LOOP('',(#7690,#7691,#7692,#7693));
#1293=EDGE_LOOP('',(#7694,#7695,#7696,#7697));
#1294=EDGE_LOOP('',(#7698,#7699,#7700,#7701,#7702,#7703,#7704,#7705));
#1295=EDGE_LOOP('',(#7706,#7707,#7708,#7709,#7710,#7711,#7712,#7713,#7714));
#1296=EDGE_LOOP('',(#7715,#7716,#7717));
#1297=EDGE_LOOP('',(#7718,#7719,#7720,#7721));
#1298=EDGE_LOOP('',(#7722,#7723,#7724,#7725,#7726,#7727,#7728,#7729,#7730,
#7731,#7732,#7733,#7734,#7735,#7736,#7737,#7738,#7739,#7740,#7741));
#1299=EDGE_LOOP('',(#7742));
#1300=EDGE_LOOP('',(#7743));
#1301=EDGE_LOOP('',(#7744));
#1302=EDGE_LOOP('',(#7745));
#1303=EDGE_LOOP('',(#7746,#7747,#7748,#7749,#7750,#7751,#7752,#7753,#7754,
#7755,#7756,#7757,#7758,#7759,#7760,#7761,#7762,#7763,#7764,#7765));
#1304=EDGE_LOOP('',(#7766,#7767,#7768,#7769));
#1305=EDGE_LOOP('',(#7770,#7771,#7772));
#1306=EDGE_LOOP('',(#7773,#7774,#7775,#7776));
#1307=EDGE_LOOP('',(#7777,#7778,#7779,#7780));
#1308=EDGE_LOOP('',(#7781,#7782,#7783));
#1309=EDGE_LOOP('',(#7784,#7785,#7786,#7787));
#1310=EDGE_LOOP('',(#7788,#7789,#7790));
#1311=EDGE_LOOP('',(#7791,#7792,#7793));
#1312=EDGE_LOOP('',(#7794,#7795,#7796,#7797,#7798));
#1313=EDGE_LOOP('',(#7799,#7800,#7801,#7802,#7803,#7804,#7805,#7806,#7807,
#7808,#7809,#7810));
#1314=EDGE_LOOP('',(#7811));
#1315=EDGE_LOOP('',(#7812,#7813,#7814,#7815));
#1316=EDGE_LOOP('',(#7816,#7817,#7818,#7819));
#1317=EDGE_LOOP('',(#7820,#7821,#7822,#7823));
#1318=EDGE_LOOP('',(#7824,#7825,#7826,#7827));
#1319=EDGE_LOOP('',(#7828,#7829,#7830,#7831));
#1320=EDGE_LOOP('',(#7832,#7833,#7834,#7835));
#1321=EDGE_LOOP('',(#7836));
#1322=EDGE_LOOP('',(#7837));
#1323=EDGE_LOOP('',(#7838));
#1324=EDGE_LOOP('',(#7839));
#1325=EDGE_LOOP('',(#7840,#7841,#7842,#7843,#7844,#7845,#7846,#7847,#7848));
#1326=EDGE_LOOP('',(#7849,#7850,#7851,#7852,#7853,#7854,#7855,#7856));
#1327=EDGE_LOOP('',(#7857,#7858,#7859,#7860,#7861,#7862,#7863,#7864,#7865));
#1328=EDGE_LOOP('',(#7866,#7867,#7868,#7869,#7870));
#1329=EDGE_LOOP('',(#7871,#7872,#7873,#7874,#7875));
#1330=EDGE_LOOP('',(#7876,#7877,#7878,#7879,#7880));
#1331=EDGE_LOOP('',(#7881,#7882,#7883,#7884,#7885));
#1332=EDGE_LOOP('',(#7886));
#1333=EDGE_LOOP('',(#7887));
#1334=EDGE_LOOP('',(#7888,#7889,#7890));
#1335=EDGE_LOOP('',(#7891));
#1336=EDGE_LOOP('',(#7892,#7893,#7894,#7895,#7896,#7897,#7898,#7899,#7900,
#7901,#7902,#7903,#7904,#7905,#7906,#7907,#7908,#7909,#7910,#7911,#7912,
#7913,#7914,#7915));
#1337=EDGE_LOOP('',(#7916,#7917,#7918,#7919));
#1338=EDGE_LOOP('',(#7920,#7921,#7922));
#1339=EDGE_LOOP('',(#7923));
#1340=EDGE_LOOP('',(#7924));
#1341=EDGE_LOOP('',(#7925));
#1342=EDGE_LOOP('',(#7926,#7927,#7928,#7929));
#1343=EDGE_LOOP('',(#7930,#7931,#7932,#7933));
#1344=EDGE_LOOP('',(#7934,#7935,#7936,#7937));
#1345=EDGE_LOOP('',(#7938,#7939,#7940,#7941));
#1346=EDGE_LOOP('',(#7942,#7943,#7944,#7945));
#1347=EDGE_LOOP('',(#7946,#7947,#7948,#7949,#7950,#7951));
#1348=EDGE_LOOP('',(#7952,#7953,#7954,#7955));
#1349=EDGE_LOOP('',(#7956,#7957,#7958,#7959,#7960,#7961));
#1350=EDGE_LOOP('',(#7962,#7963,#7964,#7965));
#1351=EDGE_LOOP('',(#7966,#7967,#7968,#7969,#7970,#7971));
#1352=EDGE_LOOP('',(#7972,#7973,#7974,#7975));
#1353=EDGE_LOOP('',(#7976,#7977,#7978,#7979,#7980,#7981));
#1354=EDGE_LOOP('',(#7982,#7983,#7984,#7985));
#1355=EDGE_LOOP('',(#7986,#7987,#7988,#7989,#7990,#7991));
#1356=EDGE_LOOP('',(#7992,#7993,#7994,#7995));
#1357=EDGE_LOOP('',(#7996,#7997,#7998,#7999,#8000,#8001));
#1358=EDGE_LOOP('',(#8002,#8003,#8004,#8005));
#1359=EDGE_LOOP('',(#8006,#8007,#8008,#8009,#8010,#8011));
#1360=EDGE_LOOP('',(#8012,#8013,#8014,#8015));
#1361=EDGE_LOOP('',(#8016,#8017,#8018,#8019,#8020,#8021));
#1362=EDGE_LOOP('',(#8022,#8023,#8024,#8025,#8026,#8027,#8028,#8029));
#1363=EDGE_LOOP('',(#8030,#8031,#8032,#8033,#8034,#8035,#8036,#8037));
#1364=EDGE_LOOP('',(#8038,#8039,#8040,#8041));
#1365=EDGE_LOOP('',(#8042,#8043,#8044,#8045));
#1366=EDGE_LOOP('',(#8046,#8047,#8048,#8049));
#1367=EDGE_LOOP('',(#8050,#8051,#8052,#8053));
#1368=EDGE_LOOP('',(#8054,#8055,#8056,#8057));
#1369=EDGE_LOOP('',(#8058,#8059,#8060,#8061));
#1370=EDGE_LOOP('',(#8062,#8063,#8064,#8065));
#1371=EDGE_LOOP('',(#8066,#8067,#8068,#8069));
#1372=EDGE_LOOP('',(#8070));
#1373=EDGE_LOOP('',(#8071));
#1374=EDGE_LOOP('',(#8072,#8073,#8074,#8075,#8076));
#1375=EDGE_LOOP('',(#8077,#8078,#8079,#8080,#8081,#8082,#8083,#8084,#8085,
#8086));
#1376=EDGE_LOOP('',(#8087,#8088,#8089,#8090));
#1377=EDGE_LOOP('',(#8091));
#1378=EDGE_LOOP('',(#8092));
#1379=EDGE_LOOP('',(#8093,#8094,#8095,#8096,#8097));
#1380=EDGE_LOOP('',(#8098,#8099,#8100,#8101,#8102,#8103,#8104,#8105,#8106,
#8107));
#1381=EDGE_LOOP('',(#8108,#8109,#8110,#8111));
#1382=EDGE_LOOP('',(#8112,#8113,#8114,#8115,#8116,#8117));
#1383=EDGE_LOOP('',(#8118,#8119));
#1384=EDGE_LOOP('',(#8120,#8121));
#1385=EDGE_LOOP('',(#8122,#8123,#8124,#8125,#8126,#8127));
#1386=EDGE_LOOP('',(#8128,#8129,#8130,#8131,#8132,#8133,#8134,#8135,#8136,
#8137,#8138,#8139,#8140));
#1387=EDGE_LOOP('',(#8141,#8142,#8143,#8144));
#1388=EDGE_LOOP('',(#8145,#8146,#8147,#8148,#8149));
#1389=EDGE_LOOP('',(#8150,#8151,#8152,#8153,#8154));
#1390=EDGE_LOOP('',(#8155,#8156,#8157,#8158));
#1391=EDGE_LOOP('',(#8159,#8160,#8161,#8162,#8163,#8164));
#1392=EDGE_LOOP('',(#8165,#8166,#8167,#8168,#8169,#8170));
#1393=EDGE_LOOP('',(#8171,#8172,#8173,#8174,#8175));
#1394=EDGE_LOOP('',(#8176,#8177,#8178,#8179,#8180));
#1395=EDGE_LOOP('',(#8181,#8182,#8183,#8184,#8185,#8186));
#1396=EDGE_LOOP('',(#8187,#8188,#8189,#8190,#8191));
#1397=EDGE_LOOP('',(#8192,#8193,#8194,#8195));
#1398=EDGE_LOOP('',(#8196,#8197,#8198,#8199));
#1399=EDGE_LOOP('',(#8200,#8201,#8202,#8203));
#1400=EDGE_LOOP('',(#8204,#8205,#8206,#8207));
#1401=EDGE_LOOP('',(#8208,#8209,#8210,#8211));
#1402=EDGE_LOOP('',(#8212,#8213,#8214,#8215,#8216));
#1403=EDGE_LOOP('',(#8217,#8218,#8219,#8220));
#1404=EDGE_LOOP('',(#8221,#8222,#8223,#8224));
#1405=EDGE_LOOP('',(#8225,#8226,#8227,#8228));
#1406=EDGE_LOOP('',(#8229,#8230,#8231,#8232));
#1407=EDGE_LOOP('',(#8233,#8234,#8235,#8236));
#1408=EDGE_LOOP('',(#8237,#8238,#8239,#8240));
#1409=EDGE_LOOP('',(#8241,#8242,#8243,#8244));
#1410=EDGE_LOOP('',(#8245,#8246,#8247,#8248,#8249,#8250,#8251));
#1411=EDGE_LOOP('',(#8252,#8253,#8254,#8255,#8256,#8257));
#1412=EDGE_LOOP('',(#8258,#8259,#8260,#8261,#8262,#8263,#8264,#8265,#8266,
#8267));
#1413=EDGE_LOOP('',(#8268,#8269,#8270,#8271));
#1414=EDGE_LOOP('',(#8272,#8273,#8274,#8275,#8276,#8277));
#1415=EDGE_LOOP('',(#8278,#8279,#8280,#8281));
#1416=EDGE_LOOP('',(#8282,#8283,#8284,#8285,#8286,#8287));
#1417=EDGE_LOOP('',(#8288,#8289,#8290,#8291));
#1418=EDGE_LOOP('',(#8292,#8293,#8294,#8295));
#1419=EDGE_LOOP('',(#8296,#8297,#8298,#8299));
#1420=EDGE_LOOP('',(#8300,#8301,#8302,#8303));
#1421=EDGE_LOOP('',(#8304,#8305,#8306,#8307));
#1422=EDGE_LOOP('',(#8308,#8309,#8310,#8311));
#1423=EDGE_LOOP('',(#8312,#8313));
#1424=EDGE_LOOP('',(#8314,#8315));
#1425=EDGE_LOOP('',(#8316,#8317));
#1426=EDGE_LOOP('',(#8318,#8319));
#1427=EDGE_LOOP('',(#8320,#8321));
#1428=EDGE_LOOP('',(#8322,#8323,#8324,#8325,#8326,#8327,#8328,#8329,#8330,
#8331,#8332,#8333,#8334,#8335,#8336,#8337,#8338));
#1429=EDGE_LOOP('',(#8339,#8340,#8341,#8342));
#1430=EDGE_LOOP('',(#8343));
#1431=EDGE_LOOP('',(#8344,#8345,#8346,#8347));
#1432=EDGE_LOOP('',(#8348,#8349,#8350,#8351));
#1433=EDGE_LOOP('',(#8352));
#1434=EDGE_LOOP('',(#8353,#8354,#8355,#8356));
#1435=EDGE_LOOP('',(#8357,#8358,#8359,#8360));
#1436=EDGE_LOOP('',(#8361,#8362,#8363,#8364,#8365,#8366,#8367,#8368,#8369,
#8370,#8371,#8372,#8373,#8374,#8375,#8376,#8377,#8378,#8379,#8380,#8381,
#8382,#8383));
#1437=EDGE_LOOP('',(#8384,#8385,#8386,#8387));
#1438=EDGE_LOOP('',(#8388,#8389,#8390,#8391));
#1439=EDGE_LOOP('',(#8392,#8393,#8394,#8395));
#1440=EDGE_LOOP('',(#8396,#8397,#8398,#8399));
#1441=EDGE_LOOP('',(#8400,#8401,#8402,#8403));
#1442=EDGE_LOOP('',(#8404,#8405,#8406,#8407));
#1443=EDGE_LOOP('',(#8408,#8409,#8410,#8411,#8412,#8413,#8414,#8415,#8416,
#8417,#8418,#8419,#8420,#8421,#8422,#8423,#8424,#8425,#8426));
#1444=EDGE_LOOP('',(#8427,#8428,#8429,#8430));
#1445=EDGE_LOOP('',(#8431,#8432,#8433,#8434,#8435));
#1446=EDGE_LOOP('',(#8436,#8437,#8438,#8439,#8440));
#1447=EDGE_LOOP('',(#8441,#8442,#8443,#8444));
#1448=EDGE_LOOP('',(#8445,#8446,#8447,#8448));
#1449=EDGE_LOOP('',(#8449,#8450,#8451,#8452));
#1450=EDGE_LOOP('',(#8453,#8454,#8455,#8456));
#1451=EDGE_LOOP('',(#8457,#8458,#8459,#8460));
#1452=EDGE_LOOP('',(#8461,#8462,#8463,#8464));
#1453=EDGE_LOOP('',(#8465,#8466,#8467,#8468));
#1454=EDGE_LOOP('',(#8469,#8470,#8471,#8472));
#1455=EDGE_LOOP('',(#8473,#8474,#8475,#8476,#8477,#8478,#8479,#8480,#8481,
#8482,#8483,#8484,#8485,#8486,#8487,#8488,#8489,#8490,#8491));
#1456=EDGE_LOOP('',(#8492,#8493,#8494,#8495));
#1457=EDGE_LOOP('',(#8496,#8497,#8498,#8499,#8500,#8501,#8502,#8503,#8504,
#8505,#8506,#8507,#8508,#8509,#8510,#8511,#8512,#8513));
#1458=EDGE_LOOP('',(#8514,#8515,#8516,#8517));
#1459=EDGE_LOOP('',(#8518,#8519,#8520,#8521));
#1460=EDGE_LOOP('',(#8522,#8523,#8524,#8525));
#1461=EDGE_LOOP('',(#8526,#8527,#8528,#8529,#8530,#8531,#8532));
#1462=EDGE_LOOP('',(#8533,#8534,#8535,#8536,#8537,#8538,#8539,#8540,#8541,
#8542,#8543,#8544,#8545,#8546,#8547,#8548,#8549));
#1463=EDGE_LOOP('',(#8550,#8551,#8552,#8553));
#1464=EDGE_LOOP('',(#8554,#8555,#8556,#8557));
#1465=EDGE_LOOP('',(#8558,#8559,#8560,#8561));
#1466=EDGE_LOOP('',(#8562,#8563,#8564,#8565,#8566,#8567,#8568,#8569,#8570,
#8571,#8572,#8573));
#1467=EDGE_LOOP('',(#8574,#8575,#8576,#8577,#8578,#8579));
#1468=EDGE_LOOP('',(#8580,#8581,#8582,#8583));
#1469=EDGE_LOOP('',(#8584,#8585,#8586,#8587));
#1470=EDGE_LOOP('',(#8588,#8589,#8590,#8591,#8592,#8593,#8594));
#1471=EDGE_LOOP('',(#8595,#8596,#8597,#8598));
#1472=EDGE_LOOP('',(#8599,#8600,#8601,#8602));
#1473=EDGE_LOOP('',(#8603,#8604,#8605,#8606));
#1474=EDGE_LOOP('',(#8607,#8608,#8609,#8610));
#1475=EDGE_LOOP('',(#8611,#8612,#8613,#8614));
#1476=EDGE_LOOP('',(#8615,#8616,#8617,#8618));
#1477=EDGE_LOOP('',(#8619,#8620,#8621,#8622));
#1478=EDGE_LOOP('',(#8623,#8624,#8625,#8626));
#1479=EDGE_LOOP('',(#8627,#8628,#8629,#8630));
#1480=EDGE_LOOP('',(#8631,#8632,#8633,#8634));
#1481=EDGE_LOOP('',(#8635,#8636,#8637,#8638));
#1482=EDGE_LOOP('',(#8639,#8640,#8641,#8642));
#1483=EDGE_LOOP('',(#8643,#8644,#8645,#8646));
#1484=EDGE_LOOP('',(#8647,#8648,#8649,#8650));
#1485=EDGE_LOOP('',(#8651,#8652,#8653,#8654));
#1486=EDGE_LOOP('',(#8655,#8656,#8657,#8658));
#1487=EDGE_LOOP('',(#8659,#8660,#8661,#8662));
#1488=EDGE_LOOP('',(#8663,#8664,#8665,#8666));
#1489=EDGE_LOOP('',(#8667,#8668,#8669,#8670,#8671,#8672,#8673,#8674,#8675,
#8676,#8677));
#1490=EDGE_LOOP('',(#8678,#8679,#8680,#8681));
#1491=EDGE_LOOP('',(#8682,#8683,#8684,#8685));
#1492=EDGE_LOOP('',(#8686,#8687,#8688,#8689));
#1493=EDGE_LOOP('',(#8690,#8691,#8692,#8693,#8694,#8695));
#1494=EDGE_LOOP('',(#8696,#8697,#8698,#8699,#8700,#8701));
#1495=EDGE_LOOP('',(#8702,#8703,#8704,#8705,#8706,#8707));
#1496=EDGE_LOOP('',(#8708,#8709,#8710,#8711));
#1497=EDGE_LOOP('',(#8712,#8713,#8714,#8715));
#1498=EDGE_LOOP('',(#8716,#8717,#8718,#8719));
#1499=EDGE_LOOP('',(#8720,#8721,#8722,#8723));
#1500=EDGE_LOOP('',(#8724,#8725,#8726,#8727,#8728,#8729,#8730,#8731));
#1501=EDGE_LOOP('',(#8732,#8733,#8734,#8735));
#1502=EDGE_LOOP('',(#8736,#8737,#8738,#8739,#8740));
#1503=EDGE_LOOP('',(#8741,#8742,#8743,#8744));
#1504=EDGE_LOOP('',(#8745,#8746,#8747,#8748,#8749,#8750));
#1505=EDGE_LOOP('',(#8751,#8752,#8753,#8754,#8755));
#1506=EDGE_LOOP('',(#8756,#8757,#8758,#8759));
#1507=EDGE_LOOP('',(#8760,#8761,#8762,#8763,#8764,#8765,#8766,#8767));
#1508=EDGE_LOOP('',(#8768,#8769,#8770));
#1509=EDGE_LOOP('',(#8771,#8772,#8773,#8774));
#1510=EDGE_LOOP('',(#8775,#8776,#8777,#8778));
#1511=EDGE_LOOP('',(#8779,#8780,#8781,#8782));
#1512=EDGE_LOOP('',(#8783,#8784,#8785,#8786));
#1513=EDGE_LOOP('',(#8787,#8788,#8789,#8790));
#1514=EDGE_LOOP('',(#8791,#8792,#8793,#8794));
#1515=EDGE_LOOP('',(#8795,#8796,#8797,#8798,#8799,#8800,#8801,#8802,#8803,
#8804,#8805,#8806));
#1516=EDGE_LOOP('',(#8807,#8808,#8809,#8810));
#1517=EDGE_LOOP('',(#8811,#8812,#8813,#8814));
#1518=EDGE_LOOP('',(#8815,#8816,#8817,#8818));
#1519=EDGE_LOOP('',(#8819,#8820,#8821,#8822));
#1520=EDGE_LOOP('',(#8823,#8824,#8825,#8826));
#1521=EDGE_LOOP('',(#8827,#8828,#8829,#8830));
#1522=EDGE_LOOP('',(#8831,#8832,#8833,#8834));
#1523=EDGE_LOOP('',(#8835,#8836,#8837,#8838));
#1524=EDGE_LOOP('',(#8839,#8840,#8841,#8842));
#1525=EDGE_LOOP('',(#8843,#8844,#8845,#8846));
#1526=EDGE_LOOP('',(#8847,#8848,#8849,#8850));
#1527=EDGE_LOOP('',(#8851,#8852,#8853,#8854));
#1528=EDGE_LOOP('',(#8855,#8856,#8857,#8858));
#1529=EDGE_LOOP('',(#8859,#8860,#8861,#8862));
#1530=EDGE_LOOP('',(#8863,#8864,#8865,#8866));
#1531=EDGE_LOOP('',(#8867,#8868,#8869,#8870));
#1532=EDGE_LOOP('',(#8871,#8872,#8873,#8874));
#1533=EDGE_LOOP('',(#8875,#8876,#8877,#8878));
#1534=EDGE_LOOP('',(#8879,#8880,#8881,#8882));
#1535=EDGE_LOOP('',(#8883,#8884,#8885,#8886));
#1536=EDGE_LOOP('',(#8887,#8888,#8889,#8890));
#1537=EDGE_LOOP('',(#8891,#8892,#8893,#8894));
#1538=EDGE_LOOP('',(#8895,#8896,#8897,#8898));
#1539=EDGE_LOOP('',(#8899,#8900,#8901,#8902));
#1540=EDGE_LOOP('',(#8903,#8904,#8905,#8906));
#1541=EDGE_LOOP('',(#8907,#8908,#8909,#8910));
#1542=EDGE_LOOP('',(#8911,#8912,#8913,#8914));
#1543=EDGE_LOOP('',(#8915,#8916,#8917,#8918));
#1544=EDGE_LOOP('',(#8919,#8920,#8921,#8922));
#1545=EDGE_LOOP('',(#8923,#8924,#8925,#8926));
#1546=EDGE_LOOP('',(#8927,#8928,#8929,#8930));
#1547=EDGE_LOOP('',(#8931,#8932,#8933,#8934));
#1548=EDGE_LOOP('',(#8935,#8936,#8937,#8938));
#1549=EDGE_LOOP('',(#8939,#8940,#8941,#8942));
#1550=EDGE_LOOP('',(#8943,#8944,#8945,#8946));
#1551=EDGE_LOOP('',(#8947,#8948,#8949,#8950));
#1552=EDGE_LOOP('',(#8951,#8952,#8953,#8954));
#1553=EDGE_LOOP('',(#8955,#8956,#8957,#8958));
#1554=EDGE_LOOP('',(#8959,#8960,#8961,#8962));
#1555=EDGE_LOOP('',(#8963,#8964,#8965,#8966));
#1556=EDGE_LOOP('',(#8967,#8968,#8969,#8970));
#1557=EDGE_LOOP('',(#8971,#8972,#8973,#8974));
#1558=EDGE_LOOP('',(#8975,#8976,#8977,#8978));
#1559=EDGE_LOOP('',(#8979,#8980,#8981,#8982));
#1560=EDGE_LOOP('',(#8983,#8984,#8985,#8986));
#1561=EDGE_LOOP('',(#8987,#8988,#8989,#8990));
#1562=EDGE_LOOP('',(#8991,#8992,#8993,#8994));
#1563=EDGE_LOOP('',(#8995,#8996,#8997,#8998));
#1564=EDGE_LOOP('',(#8999,#9000,#9001,#9002));
#1565=EDGE_LOOP('',(#9003,#9004,#9005,#9006));
#1566=EDGE_LOOP('',(#9007,#9008,#9009,#9010));
#1567=EDGE_LOOP('',(#9011,#9012,#9013,#9014));
#1568=EDGE_LOOP('',(#9015,#9016,#9017,#9018));
#1569=EDGE_LOOP('',(#9019,#9020,#9021,#9022));
#1570=EDGE_LOOP('',(#9023,#9024,#9025,#9026));
#1571=EDGE_LOOP('',(#9027,#9028,#9029,#9030));
#1572=EDGE_LOOP('',(#9031,#9032,#9033,#9034));
#1573=EDGE_LOOP('',(#9035,#9036,#9037,#9038));
#1574=EDGE_LOOP('',(#9039,#9040,#9041,#9042));
#1575=EDGE_LOOP('',(#9043,#9044,#9045,#9046));
#1576=EDGE_LOOP('',(#9047,#9048,#9049,#9050));
#1577=EDGE_LOOP('',(#9051,#9052,#9053));
#1578=EDGE_LOOP('',(#9054,#9055,#9056));
#1579=EDGE_LOOP('',(#9057,#9058,#9059,#9060));
#1580=EDGE_LOOP('',(#9061,#9062,#9063,#9064,#9065));
#1581=EDGE_LOOP('',(#9066,#9067,#9068,#9069,#9070,#9071));
#1582=EDGE_LOOP('',(#9072,#9073,#9074));
#1583=EDGE_LOOP('',(#9075,#9076,#9077,#9078,#9079,#9080,#9081,#9082));
#1584=EDGE_LOOP('',(#9083,#9084,#9085,#9086));
#1585=EDGE_LOOP('',(#9087,#9088,#9089,#9090));
#1586=EDGE_LOOP('',(#9091,#9092,#9093,#9094));
#1587=EDGE_LOOP('',(#9095,#9096,#9097,#9098));
#1588=EDGE_LOOP('',(#9099,#9100,#9101,#9102));
#1589=EDGE_LOOP('',(#9103,#9104,#9105,#9106));
#1590=EDGE_LOOP('',(#9107,#9108,#9109,#9110));
#1591=EDGE_LOOP('',(#9111,#9112,#9113,#9114));
#1592=EDGE_LOOP('',(#9115,#9116,#9117,#9118));
#1593=EDGE_LOOP('',(#9119,#9120,#9121,#9122));
#1594=EDGE_LOOP('',(#9123,#9124,#9125,#9126));
#1595=EDGE_LOOP('',(#9127,#9128,#9129,#9130));
#1596=EDGE_LOOP('',(#9131,#9132,#9133,#9134));
#1597=EDGE_LOOP('',(#9135,#9136,#9137,#9138,#9139,#9140));
#1598=EDGE_LOOP('',(#9141,#9142,#9143,#9144,#9145,#9146));
#1599=EDGE_LOOP('',(#9147,#9148,#9149,#9150));
#1600=EDGE_LOOP('',(#9151,#9152,#9153,#9154));
#1601=EDGE_LOOP('',(#9155,#9156,#9157));
#1602=EDGE_LOOP('',(#9158,#9159,#9160,#9161));
#1603=EDGE_LOOP('',(#9162,#9163,#9164,#9165));
#1604=EDGE_LOOP('',(#9166,#9167,#9168,#9169,#9170,#9171,#9172,#9173,#9174,
#9175,#9176,#9177,#9178,#9179,#9180,#9181,#9182,#9183,#9184,#9185,#9186));
#1605=EDGE_LOOP('',(#9187,#9188,#9189,#9190));
#1606=EDGE_LOOP('',(#9191,#9192,#9193,#9194));
#1607=EDGE_LOOP('',(#9195,#9196,#9197,#9198));
#1608=EDGE_LOOP('',(#9199,#9200,#9201,#9202));
#1609=EDGE_LOOP('',(#9203,#9204,#9205,#9206));
#1610=EDGE_LOOP('',(#9207,#9208,#9209,#9210));
#1611=EDGE_LOOP('',(#9211,#9212,#9213,#9214));
#1612=EDGE_LOOP('',(#9215,#9216,#9217,#9218));
#1613=EDGE_LOOP('',(#9219,#9220,#9221,#9222));
#1614=EDGE_LOOP('',(#9223,#9224,#9225,#9226));
#1615=EDGE_LOOP('',(#9227,#9228,#9229,#9230,#9231));
#1616=EDGE_LOOP('',(#9232,#9233,#9234,#9235,#9236));
#1617=EDGE_LOOP('',(#9237,#9238,#9239,#9240));
#1618=EDGE_LOOP('',(#9241,#9242,#9243,#9244));
#1619=EDGE_LOOP('',(#9245,#9246,#9247,#9248));
#1620=EDGE_LOOP('',(#9249,#9250,#9251,#9252));
#1621=EDGE_LOOP('',(#9253,#9254,#9255,#9256));
#1622=EDGE_LOOP('',(#9257,#9258,#9259,#9260,#9261,#9262));
#1623=EDGE_LOOP('',(#9263,#9264,#9265));
#1624=EDGE_LOOP('',(#9266,#9267,#9268,#9269));
#1625=EDGE_LOOP('',(#9270,#9271,#9272,#9273,#9274,#9275,#9276,#9277,#9278,
#9279,#9280,#9281));
#1626=EDGE_LOOP('',(#9282,#9283,#9284,#9285));
#1627=EDGE_LOOP('',(#9286,#9287,#9288,#9289));
#1628=EDGE_LOOP('',(#9290,#9291,#9292,#9293,#9294));
#1629=EDGE_LOOP('',(#9295,#9296,#9297,#9298,#9299,#9300));
#1630=EDGE_LOOP('',(#9301,#9302,#9303,#9304));
#1631=EDGE_LOOP('',(#9305,#9306,#9307,#9308));
#1632=EDGE_LOOP('',(#9309,#9310,#9311,#9312,#9313,#9314));
#1633=EDGE_LOOP('',(#9315,#9316,#9317,#9318));
#1634=EDGE_LOOP('',(#9319,#9320,#9321,#9322,#9323));
#1635=EDGE_LOOP('',(#9324,#9325,#9326,#9327,#9328,#9329));
#1636=EDGE_LOOP('',(#9330,#9331,#9332,#9333));
#1637=EDGE_LOOP('',(#9334,#9335,#9336,#9337));
#1638=EDGE_LOOP('',(#9338,#9339,#9340,#9341));
#1639=EDGE_LOOP('',(#9342,#9343,#9344,#9345));
#1640=EDGE_LOOP('',(#9346,#9347,#9348,#9349,#9350,#9351,#9352,#9353,#9354,
#9355,#9356,#9357,#9358,#9359));
#1641=EDGE_LOOP('',(#9360,#9361,#9362,#9363));
#1642=EDGE_LOOP('',(#9364,#9365,#9366,#9367));
#1643=EDGE_LOOP('',(#9368,#9369,#9370,#9371));
#1644=EDGE_LOOP('',(#9372,#9373,#9374,#9375));
#1645=EDGE_LOOP('',(#9376,#9377,#9378,#9379));
#1646=EDGE_LOOP('',(#9380,#9381,#9382,#9383));
#1647=EDGE_LOOP('',(#9384,#9385,#9386,#9387));
#1648=EDGE_LOOP('',(#9388,#9389,#9390,#9391,#9392,#9393,#9394,#9395));
#1649=EDGE_LOOP('',(#9396,#9397,#9398,#9399,#9400,#9401,#9402,#9403));
#1650=EDGE_LOOP('',(#9404,#9405,#9406,#9407,#9408,#9409,#9410));
#1651=EDGE_LOOP('',(#9411,#9412,#9413,#9414,#9415,#9416,#9417,#9418));
#1652=EDGE_LOOP('',(#9419,#9420,#9421,#9422,#9423,#9424,#9425,#9426,#9427,
#9428,#9429,#9430,#9431,#9432,#9433,#9434,#9435,#9436,#9437,#9438,#9439,
#9440,#9441,#9442,#9443,#9444,#9445,#9446,#9447,#9448,#9449,#9450,#9451,
#9452,#9453,#9454,#9455,#9456,#9457,#9458,#9459,#9460));
#1653=EDGE_LOOP('',(#9461,#9462,#9463,#9464));
#1654=EDGE_LOOP('',(#9465,#9466,#9467,#9468,#9469,#9470,#9471,#9472,#9473,
#9474,#9475,#9476,#9477,#9478,#9479,#9480,#9481,#9482,#9483,#9484));
#1655=EDGE_LOOP('',(#9485,#9486,#9487,#9488));
#1656=EDGE_LOOP('',(#9489,#9490,#9491,#9492));
#1657=EDGE_LOOP('',(#9493,#9494,#9495,#9496,#9497,#9498,#9499,#9500));
#1658=EDGE_LOOP('',(#9501,#9502,#9503,#9504));
#1659=EDGE_LOOP('',(#9505,#9506,#9507,#9508));
#1660=EDGE_LOOP('',(#9509,#9510,#9511,#9512,#9513));
#1661=EDGE_LOOP('',(#9514,#9515,#9516,#9517));
#1662=EDGE_LOOP('',(#9518,#9519,#9520,#9521,#9522));
#1663=EDGE_LOOP('',(#9523,#9524,#9525,#9526,#9527,#9528,#9529,#9530));
#1664=EDGE_LOOP('',(#9531,#9532,#9533,#9534,#9535,#9536));
#1665=EDGE_LOOP('',(#9537,#9538,#9539,#9540));
#1666=EDGE_LOOP('',(#9541,#9542,#9543,#9544,#9545));
#1667=EDGE_LOOP('',(#9546,#9547,#9548,#9549));
#1668=EDGE_LOOP('',(#9550,#9551,#9552,#9553,#9554));
#1669=EDGE_LOOP('',(#9555,#9556,#9557,#9558,#9559,#9560));
#1670=EDGE_LOOP('',(#9561,#9562,#9563,#9564));
#1671=EDGE_LOOP('',(#9565,#9566,#9567,#9568,#9569));
#1672=EDGE_LOOP('',(#9570,#9571,#9572,#9573,#9574,#9575));
#1673=EDGE_LOOP('',(#9576,#9577,#9578,#9579,#9580));
#1674=EDGE_LOOP('',(#9581,#9582,#9583,#9584));
#1675=EDGE_LOOP('',(#9585,#9586,#9587,#9588));
#1676=EDGE_LOOP('',(#9589,#9590,#9591,#9592,#9593));
#1677=EDGE_LOOP('',(#9594,#9595,#9596,#9597,#9598));
#1678=EDGE_LOOP('',(#9599,#9600,#9601,#9602,#9603,#9604));
#1679=EDGE_LOOP('',(#9605,#9606,#9607,#9608));
#1680=EDGE_LOOP('',(#9609,#9610,#9611,#9612,#9613,#9614,#9615));
#1681=EDGE_LOOP('',(#9616,#9617,#9618,#9619,#9620,#9621,#9622,#9623,#9624));
#1682=EDGE_LOOP('',(#9625,#9626,#9627,#9628,#9629,#9630,#9631,#9632,#9633,
#9634,#9635,#9636,#9637,#9638,#9639));
#1683=EDGE_LOOP('',(#9640,#9641,#9642,#9643,#9644,#9645,#9646,#9647,#9648,
#9649,#9650,#9651,#9652,#9653,#9654));
#1684=EDGE_LOOP('',(#9655,#9656,#9657,#9658));
#1685=EDGE_LOOP('',(#9659,#9660,#9661,#9662,#9663));
#1686=EDGE_LOOP('',(#9664,#9665,#9666,#9667));
#1687=EDGE_LOOP('',(#9668,#9669,#9670,#9671));
#1688=EDGE_LOOP('',(#9672,#9673,#9674,#9675,#9676,#9677,#9678,#9679,#9680));
#1689=EDGE_LOOP('',(#9681,#9682,#9683,#9684,#9685,#9686,#9687,#9688,#9689));
#1690=EDGE_LOOP('',(#9690,#9691,#9692,#9693,#9694,#9695,#9696));
#1691=EDGE_LOOP('',(#9697,#9698,#9699,#9700));
#1692=EDGE_LOOP('',(#9701,#9702,#9703,#9704));
#1693=EDGE_LOOP('',(#9705,#9706,#9707,#9708,#9709,#9710,#9711,#9712,#9713,
#9714,#9715,#9716,#9717,#9718,#9719));
#1694=EDGE_LOOP('',(#9720,#9721,#9722,#9723));
#1695=EDGE_LOOP('',(#9724,#9725,#9726,#9727));
#1696=EDGE_LOOP('',(#9728,#9729,#9730,#9731));
#1697=EDGE_LOOP('',(#9732,#9733,#9734,#9735,#9736,#9737,#9738,#9739,#9740));
#1698=EDGE_LOOP('',(#9741,#9742,#9743,#9744));
#1699=EDGE_LOOP('',(#9745,#9746,#9747,#9748,#9749,#9750,#9751,#9752));
#1700=EDGE_LOOP('',(#9753,#9754,#9755,#9756));
#1701=EDGE_LOOP('',(#9757,#9758,#9759,#9760,#9761,#9762,#9763,#9764,#9765));
#1702=EDGE_LOOP('',(#9766,#9767,#9768,#9769));
#1703=EDGE_LOOP('',(#9770,#9771,#9772,#9773));
#1704=EDGE_LOOP('',(#9774,#9775,#9776,#9777));
#1705=EDGE_LOOP('',(#9778,#9779,#9780,#9781));
#1706=EDGE_LOOP('',(#9782,#9783,#9784,#9785,#9786,#9787,#9788,#9789,#9790,
#9791,#9792,#9793,#9794,#9795,#9796));
#1707=EDGE_LOOP('',(#9797,#9798,#9799,#9800,#9801,#9802,#9803,#9804,#9805,
#9806,#9807,#9808,#9809,#9810,#9811));
#1708=EDGE_LOOP('',(#9812,#9813,#9814,#9815));
#1709=EDGE_LOOP('',(#9816,#9817,#9818,#9819));
#1710=EDGE_LOOP('',(#9820,#9821,#9822,#9823));
#1711=EDGE_LOOP('',(#9824,#9825,#9826,#9827));
#1712=EDGE_LOOP('',(#9828,#9829,#9830,#9831));
#1713=EDGE_LOOP('',(#9832,#9833,#9834,#9835));
#1714=EDGE_LOOP('',(#9836,#9837,#9838,#9839));
#1715=EDGE_LOOP('',(#9840,#9841,#9842,#9843));
#1716=EDGE_LOOP('',(#9844,#9845,#9846,#9847));
#1717=EDGE_LOOP('',(#9848,#9849,#9850,#9851));
#1718=EDGE_LOOP('',(#9852,#9853,#9854,#9855));
#1719=EDGE_LOOP('',(#9856,#9857,#9858,#9859));
#1720=EDGE_LOOP('',(#9860,#9861,#9862,#9863));
#1721=EDGE_LOOP('',(#9864,#9865,#9866,#9867));
#1722=EDGE_LOOP('',(#9868,#9869,#9870,#9871));
#1723=EDGE_LOOP('',(#9872,#9873,#9874,#9875));
#1724=EDGE_LOOP('',(#9876,#9877,#9878,#9879));
#1725=EDGE_LOOP('',(#9880,#9881,#9882,#9883));
#1726=EDGE_LOOP('',(#9884,#9885,#9886,#9887));
#1727=EDGE_LOOP('',(#9888,#9889,#9890,#9891));
#1728=EDGE_LOOP('',(#9892,#9893,#9894,#9895));
#1729=EDGE_LOOP('',(#9896,#9897,#9898,#9899));
#1730=EDGE_LOOP('',(#9900,#9901,#9902,#9903));
#1731=EDGE_LOOP('',(#9904,#9905,#9906,#9907));
#1732=EDGE_LOOP('',(#9908,#9909,#9910,#9911));
#1733=EDGE_LOOP('',(#9912,#9913,#9914,#9915));
#1734=EDGE_LOOP('',(#9916,#9917,#9918,#9919));
#1735=EDGE_LOOP('',(#9920,#9921,#9922,#9923));
#1736=EDGE_LOOP('',(#9924,#9925,#9926,#9927,#9928,#9929));
#1737=EDGE_LOOP('',(#9930,#9931,#9932,#9933,#9934,#9935));
#1738=EDGE_LOOP('',(#9936,#9937,#9938,#9939,#9940,#9941));
#1739=EDGE_LOOP('',(#9942,#9943,#9944,#9945,#9946,#9947));
#1740=EDGE_LOOP('',(#9948,#9949,#9950,#9951,#9952,#9953));
#1741=EDGE_LOOP('',(#9954,#9955,#9956,#9957));
#1742=EDGE_LOOP('',(#9958,#9959,#9960,#9961,#9962,#9963));
#1743=EDGE_LOOP('',(#9964,#9965,#9966,#9967));
#1744=EDGE_LOOP('',(#9968,#9969,#9970,#9971));
#1745=EDGE_LOOP('',(#9972,#9973,#9974,#9975,#9976,#9977));
#1746=EDGE_LOOP('',(#9978,#9979,#9980,#9981,#9982,#9983));
#1747=EDGE_LOOP('',(#9984,#9985,#9986,#9987));
#1748=EDGE_LOOP('',(#9988,#9989,#9990,#9991,#9992,#9993));
#1749=EDGE_LOOP('',(#9994,#9995,#9996,#9997));
#1750=EDGE_LOOP('',(#9998,#9999,#10000,#10001,#10002,#10003,#10004,#10005,
#10006,#10007,#10008,#10009,#10010,#10011,#10012,#10013,#10014,#10015,#10016,
#10017,#10018,#10019,#10020,#10021));
#1751=EDGE_LOOP('',(#10022,#10023,#10024,#10025,#10026,#10027));
#1752=EDGE_LOOP('',(#10028,#10029,#10030,#10031));
#1753=EDGE_LOOP('',(#10032,#10033,#10034,#10035));
#1754=EDGE_LOOP('',(#10036,#10037,#10038,#10039,#10040,#10041));
#1755=EDGE_LOOP('',(#10042,#10043,#10044,#10045));
#1756=EDGE_LOOP('',(#10046,#10047,#10048,#10049));
#1757=EDGE_LOOP('',(#10050,#10051,#10052,#10053));
#1758=EDGE_LOOP('',(#10054,#10055,#10056,#10057));
#1759=EDGE_LOOP('',(#10058,#10059,#10060,#10061));
#1760=EDGE_LOOP('',(#10062,#10063,#10064,#10065));
#1761=EDGE_LOOP('',(#10066,#10067,#10068,#10069));
#1762=EDGE_LOOP('',(#10070,#10071,#10072,#10073));
#1763=EDGE_LOOP('',(#10074,#10075,#10076,#10077));
#1764=EDGE_LOOP('',(#10078,#10079,#10080,#10081));
#1765=EDGE_LOOP('',(#10082,#10083,#10084,#10085));
#1766=EDGE_LOOP('',(#10086,#10087,#10088,#10089));
#1767=EDGE_LOOP('',(#10090,#10091,#10092,#10093,#10094,#10095,#10096,#10097,
#10098,#10099,#10100,#10101,#10102,#10103,#10104,#10105,#10106,#10107,#10108,
#10109,#10110,#10111,#10112,#10113,#10114,#10115,#10116,#10117));
#1768=EDGE_LOOP('',(#10118,#10119,#10120,#10121,#10122,#10123,#10124,#10125));
#1769=EDGE_LOOP('',(#10126,#10127,#10128,#10129));
#1770=EDGE_LOOP('',(#10130,#10131,#10132,#10133));
#1771=EDGE_LOOP('',(#10134,#10135,#10136,#10137));
#1772=EDGE_LOOP('',(#10138,#10139,#10140,#10141));
#1773=EDGE_LOOP('',(#10142,#10143,#10144,#10145,#10146,#10147));
#1774=EDGE_LOOP('',(#10148,#10149,#10150,#10151,#10152,#10153));
#1775=EDGE_LOOP('',(#10154,#10155,#10156,#10157));
#1776=EDGE_LOOP('',(#10158,#10159,#10160,#10161));
#1777=EDGE_LOOP('',(#10162,#10163,#10164,#10165,#10166,#10167,#10168,#10169));
#1778=EDGE_LOOP('',(#10170,#10171,#10172,#10173));
#1779=EDGE_LOOP('',(#10174,#10175,#10176,#10177));
#1780=EDGE_LOOP('',(#10178,#10179,#10180,#10181));
#1781=EDGE_LOOP('',(#10182,#10183,#10184,#10185,#10186));
#1782=EDGE_LOOP('',(#10187,#10188,#10189,#10190));
#1783=EDGE_LOOP('',(#10191,#10192,#10193,#10194));
#1784=EDGE_LOOP('',(#10195,#10196,#10197,#10198,#10199));
#1785=EDGE_LOOP('',(#10200,#10201,#10202,#10203,#10204,#10205));
#1786=EDGE_LOOP('',(#10206,#10207,#10208,#10209));
#1787=EDGE_LOOP('',(#10210,#10211,#10212,#10213));
#1788=EDGE_LOOP('',(#10214,#10215,#10216,#10217));
#1789=EDGE_LOOP('',(#10218,#10219,#10220,#10221));
#1790=EDGE_LOOP('',(#10222,#10223,#10224,#10225,#10226,#10227,#10228,#10229,
#10230,#10231,#10232,#10233));
#1791=EDGE_LOOP('',(#10234,#10235,#10236,#10237));
#1792=EDGE_LOOP('',(#10238,#10239,#10240,#10241,#10242,#10243));
#1793=EDGE_LOOP('',(#10244,#10245,#10246,#10247,#10248,#10249));
#1794=EDGE_LOOP('',(#10250,#10251,#10252,#10253));
#1795=EDGE_LOOP('',(#10254,#10255,#10256,#10257,#10258));
#1796=EDGE_LOOP('',(#10259,#10260,#10261,#10262,#10263));
#1797=EDGE_LOOP('',(#10264,#10265,#10266,#10267,#10268,#10269,#10270,#10271,
#10272,#10273,#10274,#10275,#10276,#10277,#10278,#10279,#10280,#10281,#10282));
#1798=EDGE_LOOP('',(#10283,#10284,#10285,#10286,#10287,#10288,#10289,#10290,
#10291,#10292));
#1799=EDGE_LOOP('',(#10293,#10294,#10295,#10296));
#1800=EDGE_LOOP('',(#10297,#10298,#10299,#10300));
#1801=EDGE_LOOP('',(#10301,#10302,#10303,#10304));
#1802=EDGE_LOOP('',(#10305,#10306,#10307,#10308,#10309,#10310,#10311,#10312));
#1803=EDGE_LOOP('',(#10313,#10314,#10315,#10316));
#1804=EDGE_LOOP('',(#10317,#10318,#10319,#10320));
#1805=EDGE_LOOP('',(#10321,#10322,#10323,#10324));
#1806=EDGE_LOOP('',(#10325,#10326,#10327,#10328,#10329,#10330,#10331,#10332,
#10333));
#1807=EDGE_LOOP('',(#10334,#10335,#10336,#10337));
#1808=EDGE_LOOP('',(#10338,#10339,#10340,#10341));
#1809=EDGE_LOOP('',(#10342,#10343,#10344,#10345));
#1810=EDGE_LOOP('',(#10346,#10347,#10348,#10349,#10350,#10351));
#1811=EDGE_LOOP('',(#10352,#10353,#10354,#10355));
#1812=EDGE_LOOP('',(#10356,#10357,#10358,#10359));
#1813=EDGE_LOOP('',(#10360,#10361,#10362,#10363,#10364,#10365));
#1814=EDGE_LOOP('',(#10366,#10367,#10368,#10369));
#1815=EDGE_LOOP('',(#10370,#10371,#10372,#10373));
#1816=EDGE_LOOP('',(#10374,#10375,#10376,#10377));
#1817=EDGE_LOOP('',(#10378,#10379,#10380,#10381));
#1818=EDGE_LOOP('',(#10382,#10383,#10384,#10385));
#1819=EDGE_LOOP('',(#10386,#10387,#10388,#10389));
#1820=EDGE_LOOP('',(#10390,#10391,#10392,#10393));
#1821=EDGE_LOOP('',(#10394,#10395,#10396,#10397,#10398));
#1822=EDGE_LOOP('',(#10399,#10400,#10401,#10402));
#1823=EDGE_LOOP('',(#10403,#10404,#10405,#10406));
#1824=EDGE_LOOP('',(#10407,#10408,#10409,#10410,#10411));
#1825=EDGE_LOOP('',(#10412,#10413,#10414,#10415));
#1826=EDGE_LOOP('',(#10416,#10417,#10418,#10419));
#1827=EDGE_LOOP('',(#10420,#10421,#10422,#10423));
#1828=EDGE_LOOP('',(#10424,#10425,#10426,#10427,#10428,#10429,#10430,#10431,
#10432));
#1829=EDGE_LOOP('',(#10433,#10434,#10435,#10436));
#1830=EDGE_LOOP('',(#10437,#10438,#10439,#10440,#10441));
#1831=EDGE_LOOP('',(#10442,#10443,#10444,#10445,#10446,#10447));
#1832=EDGE_LOOP('',(#10448,#10449,#10450,#10451));
#1833=EDGE_LOOP('',(#10452,#10453,#10454,#10455,#10456,#10457));
#1834=LINE('',#14720,#3197);
#1835=LINE('',#14727,#3198);
#1836=LINE('',#14734,#3199);
#1837=LINE('',#14741,#3200);
#1838=LINE('',#14747,#3201);
#1839=LINE('',#14749,#3202);
#1840=LINE('',#14751,#3203);
#1841=LINE('',#14752,#3204);
#1842=LINE('',#14755,#3205);
#1843=LINE('',#14757,#3206);
#1844=LINE('',#14759,#3207);
#1845=LINE('',#14760,#3208);
#1846=LINE('',#14763,#3209);
#1847=LINE('',#14765,#3210);
#1848=LINE('',#14767,#3211);
#1849=LINE('',#14769,#3212);
#1850=LINE('',#14771,#3213);
#1851=LINE('',#14773,#3214);
#1852=LINE('',#14775,#3215);
#1853=LINE('',#14776,#3216);
#1854=LINE('',#14779,#3217);
#1855=LINE('',#14781,#3218);
#1856=LINE('',#14783,#3219);
#1857=LINE('',#14785,#3220);
#1858=LINE('',#14787,#3221);
#1859=LINE('',#14789,#3222);
#1860=LINE('',#14791,#3223);
#1861=LINE('',#14793,#3224);
#1862=LINE('',#14795,#3225);
#1863=LINE('',#14797,#3226);
#1864=LINE('',#14799,#3227);
#1865=LINE('',#14801,#3228);
#1866=LINE('',#14803,#3229);
#1867=LINE('',#14805,#3230);
#1868=LINE('',#14807,#3231);
#1869=LINE('',#14808,#3232);
#1870=LINE('',#14811,#3233);
#1871=LINE('',#14813,#3234);
#1872=LINE('',#14815,#3235);
#1873=LINE('',#14816,#3236);
#1874=LINE('',#14819,#3237);
#1875=LINE('',#14820,#3238);
#1876=LINE('',#14823,#3239);
#1877=LINE('',#14825,#3240);
#1878=LINE('',#14827,#3241);
#1879=LINE('',#14829,#3242);
#1880=LINE('',#14830,#3243);
#1881=LINE('',#14833,#3244);
#1882=LINE('',#14835,#3245);
#1883=LINE('',#14836,#3246);
#1884=LINE('',#14839,#3247);
#1885=LINE('',#14841,#3248);
#1886=LINE('',#14843,#3249);
#1887=LINE('',#14844,#3250);
#1888=LINE('',#14847,#3251);
#1889=LINE('',#14849,#3252);
#1890=LINE('',#14850,#3253);
#1891=LINE('',#14853,#3254);
#1892=LINE('',#14855,#3255);
#1893=LINE('',#14857,#3256);
#1894=LINE('',#14858,#3257);
#1895=LINE('',#14861,#3258);
#1896=LINE('',#14863,#3259);
#1897=LINE('',#14864,#3260);
#1898=LINE('',#14867,#3261);
#1899=LINE('',#14868,#3262);
#1900=LINE('',#14872,#3263);
#1901=LINE('',#14874,#3264);
#1902=LINE('',#14876,#3265);
#1903=LINE('',#14877,#3266);
#1904=LINE('',#14880,#3267);
#1905=LINE('',#14881,#3268);
#1906=LINE('',#14882,#3269);
#1907=LINE('',#14885,#3270);
#1908=LINE('',#14887,#3271);
#1909=LINE('',#14889,#3272);
#1910=LINE('',#14890,#3273);
#1911=LINE('',#14893,#3274);
#1912=LINE('',#14894,#3275);
#1913=LINE('',#14897,#3276);
#1914=LINE('',#14899,#3277);
#1915=LINE('',#14900,#3278);
#1916=LINE('',#14903,#3279);
#1917=LINE('',#14905,#3280);
#1918=LINE('',#14906,#3281);
#1919=LINE('',#14909,#3282);
#1920=LINE('',#14911,#3283);
#1921=LINE('',#14912,#3284);
#1922=LINE('',#14915,#3285);
#1923=LINE('',#14916,#3286);
#1924=LINE('',#14919,#3287);
#1925=LINE('',#14921,#3288);
#1926=LINE('',#14923,#3289);
#1927=LINE('',#14925,#3290);
#1928=LINE('',#14926,#3291);
#1929=LINE('',#14929,#3292);
#1930=LINE('',#14930,#3293);
#1931=LINE('',#14933,#3294);
#1932=LINE('',#14935,#3295);
#1933=LINE('',#14936,#3296);
#1934=LINE('',#14938,#3297);
#1935=LINE('',#14941,#3298);
#1936=LINE('',#14942,#3299);
#1937=LINE('',#14945,#3300);
#1938=LINE('',#14946,#3301);
#1939=LINE('',#14948,#3302);
#1940=LINE('',#14950,#3303);
#1941=LINE('',#14953,#3304);
#1942=LINE('',#14955,#3305);
#1943=LINE('',#14956,#3306);
#1944=LINE('',#14959,#3307);
#1945=LINE('',#14960,#3308);
#1946=LINE('',#14963,#3309);
#1947=LINE('',#14964,#3310);
#1948=LINE('',#14966,#3311);
#1949=LINE('',#14969,#3312);
#1950=LINE('',#14971,#3313);
#1951=LINE('',#14972,#3314);
#1952=LINE('',#14975,#3315);
#1953=LINE('',#14976,#3316);
#1954=LINE('',#14979,#3317);
#1955=LINE('',#14980,#3318);
#1956=LINE('',#14983,#3319);
#1957=LINE('',#14984,#3320);
#1958=LINE('',#14987,#3321);
#1959=LINE('',#14988,#3322);
#1960=LINE('',#14991,#3323);
#1961=LINE('',#14992,#3324);
#1962=LINE('',#14995,#3325);
#1963=LINE('',#14996,#3326);
#1964=LINE('',#14999,#3327);
#1965=LINE('',#15000,#3328);
#1966=LINE('',#15003,#3329);
#1967=LINE('',#15004,#3330);
#1968=LINE('',#15007,#3331);
#1969=LINE('',#15009,#3332);
#1970=LINE('',#15010,#3333);
#1971=LINE('',#15012,#3334);
#1972=LINE('',#15013,#3335);
#1973=LINE('',#15015,#3336);
#1974=LINE('',#15017,#3337);
#1975=LINE('',#15019,#3338);
#1976=LINE('',#15021,#3339);
#1977=LINE('',#15022,#3340);
#1978=LINE('',#15024,#3341);
#1979=LINE('',#15025,#3342);
#1980=LINE('',#15027,#3343);
#1981=LINE('',#15028,#3344);
#1982=LINE('',#15032,#3345);
#1983=LINE('',#15036,#3346);
#1984=LINE('',#15037,#3347);
#1985=LINE('',#15039,#3348);
#1986=LINE('',#15042,#3349);
#1987=LINE('',#15043,#3350);
#1988=LINE('',#15045,#3351);
#1989=LINE('',#15048,#3352);
#1990=LINE('',#15050,#3353);
#1991=LINE('',#15053,#3354);
#1992=LINE('',#15055,#3355);
#1993=LINE('',#15056,#3356);
#1994=LINE('',#15059,#3357);
#1995=LINE('',#15060,#3358);
#1996=LINE('',#15063,#3359);
#1997=LINE('',#15064,#3360);
#1998=LINE('',#15066,#3361);
#1999=LINE('',#15070,#3362);
#2000=LINE('',#15072,#3363);
#2001=LINE('',#15074,#3364);
#2002=LINE('',#15075,#3365);
#2003=LINE('',#15077,#3366);
#2004=LINE('',#15078,#3367);
#2005=LINE('',#15080,#3368);
#2006=LINE('',#15082,#3369);
#2007=LINE('',#15089,#3370);
#2008=LINE('',#15092,#3371);
#2009=LINE('',#15095,#3372);
#2010=LINE('',#15097,#3373);
#2011=LINE('',#15099,#3374);
#2012=LINE('',#15101,#3375);
#2013=LINE('',#15103,#3376);
#2014=LINE('',#15105,#3377);
#2015=LINE('',#15106,#3378);
#2016=LINE('',#15110,#3379);
#2017=LINE('',#15112,#3380);
#2018=LINE('',#15114,#3381);
#2019=LINE('',#15116,#3382);
#2020=LINE('',#15118,#3383);
#2021=LINE('',#15120,#3384);
#2022=LINE('',#15122,#3385);
#2023=LINE('',#15123,#3386);
#2024=LINE('',#15128,#3387);
#2025=LINE('',#15133,#3388);
#2026=LINE('',#15135,#3389);
#2027=LINE('',#15137,#3390);
#2028=LINE('',#15138,#3391);
#2029=LINE('',#15141,#3392);
#2030=LINE('',#15143,#3393);
#2031=LINE('',#15144,#3394);
#2032=LINE('',#15147,#3395);
#2033=LINE('',#15148,#3396);
#2034=LINE('',#15149,#3397);
#2035=LINE('',#15151,#3398);
#2036=LINE('',#15152,#3399);
#2037=LINE('',#15155,#3400);
#2038=LINE('',#15157,#3401);
#2039=LINE('',#15158,#3402);
#2040=LINE('',#15159,#3403);
#2041=LINE('',#15160,#3404);
#2042=LINE('',#15163,#3405);
#2043=LINE('',#15164,#3406);
#2044=LINE('',#15167,#3407);
#2045=LINE('',#15168,#3408);
#2046=LINE('',#15173,#3409);
#2047=LINE('',#15175,#3410);
#2048=LINE('',#15177,#3411);
#2049=LINE('',#15179,#3412);
#2050=LINE('',#15181,#3413);
#2051=LINE('',#15183,#3414);
#2052=LINE('',#15185,#3415);
#2053=LINE('',#15187,#3416);
#2054=LINE('',#15189,#3417);
#2055=LINE('',#15191,#3418);
#2056=LINE('',#15193,#3419);
#2057=LINE('',#15195,#3420);
#2058=LINE('',#15196,#3421);
#2059=LINE('',#15207,#3422);
#2060=LINE('',#15209,#3423);
#2061=LINE('',#15211,#3424);
#2062=LINE('',#15213,#3425);
#2063=LINE('',#15215,#3426);
#2064=LINE('',#15217,#3427);
#2065=LINE('',#15221,#3428);
#2066=LINE('',#15223,#3429);
#2067=LINE('',#15225,#3430);
#2068=LINE('',#15229,#3431);
#2069=LINE('',#15231,#3432);
#2070=LINE('',#15233,#3433);
#2071=LINE('',#15237,#3434);
#2072=LINE('',#15239,#3435);
#2073=LINE('',#15241,#3436);
#2074=LINE('',#15244,#3437);
#2075=LINE('',#15247,#3438);
#2076=LINE('',#15249,#3439);
#2077=LINE('',#15250,#3440);
#2078=LINE('',#15253,#3441);
#2079=LINE('',#15254,#3442);
#2080=LINE('',#15257,#3443);
#2081=LINE('',#15258,#3444);
#2082=LINE('',#15261,#3445);
#2083=LINE('',#15262,#3446);
#2084=LINE('',#15265,#3447);
#2085=LINE('',#15266,#3448);
#2086=LINE('',#15268,#3449);
#2087=LINE('',#15276,#3450);
#2088=LINE('',#15277,#3451);
#2089=LINE('',#15291,#3452);
#2090=LINE('',#15298,#3453);
#2091=LINE('',#15300,#3454);
#2092=LINE('',#15302,#3455);
#2093=LINE('',#15304,#3456);
#2094=LINE('',#15306,#3457);
#2095=LINE('',#15308,#3458);
#2096=LINE('',#15310,#3459);
#2097=LINE('',#15312,#3460);
#2098=LINE('',#15314,#3461);
#2099=LINE('',#15316,#3462);
#2100=LINE('',#15318,#3463);
#2101=LINE('',#15319,#3464);
#2102=LINE('',#15324,#3465);
#2103=LINE('',#15328,#3466);
#2104=LINE('',#15332,#3467);
#2105=LINE('',#15336,#3468);
#2106=LINE('',#15343,#3469);
#2107=LINE('',#15347,#3470);
#2108=LINE('',#15351,#3471);
#2109=LINE('',#15355,#3472);
#2110=LINE('',#15359,#3473);
#2111=LINE('',#15361,#3474);
#2112=LINE('',#15363,#3475);
#2113=LINE('',#15364,#3476);
#2114=LINE('',#15373,#3477);
#2115=LINE('',#15377,#3478);
#2116=LINE('',#15381,#3479);
#2117=LINE('',#15385,#3480);
#2118=LINE('',#15391,#3481);
#2119=LINE('',#15395,#3482);
#2120=LINE('',#15399,#3483);
#2121=LINE('',#15403,#3484);
#2122=LINE('',#15409,#3485);
#2123=LINE('',#15413,#3486);
#2124=LINE('',#15419,#3487);
#2125=LINE('',#15425,#3488);
#2126=LINE('',#15430,#3489);
#2127=LINE('',#15432,#3490);
#2128=LINE('',#15434,#3491);
#2129=LINE('',#15436,#3492);
#2130=LINE('',#15437,#3493);
#2131=LINE('',#15439,#3494);
#2132=LINE('',#15441,#3495);
#2133=LINE('',#15445,#3496);
#2134=LINE('',#15447,#3497);
#2135=LINE('',#15449,#3498);
#2136=LINE('',#15453,#3499);
#2137=LINE('',#15455,#3500);
#2138=LINE('',#15457,#3501);
#2139=LINE('',#15461,#3502);
#2140=LINE('',#15463,#3503);
#2141=LINE('',#15465,#3504);
#2142=LINE('',#15469,#3505);
#2143=LINE('',#15470,#3506);
#2144=LINE('',#15473,#3507);
#2145=LINE('',#15475,#3508);
#2146=LINE('',#15477,#3509);
#2147=LINE('',#15478,#3510);
#2148=LINE('',#15480,#3511);
#2149=LINE('',#15487,#3512);
#2150=LINE('',#15489,#3513);
#2151=LINE('',#15491,#3514);
#2152=LINE('',#15493,#3515);
#2153=LINE('',#15495,#3516);
#2154=LINE('',#15496,#3517);
#2155=LINE('',#15498,#3518);
#2156=LINE('',#15499,#3519);
#2157=LINE('',#15501,#3520);
#2158=LINE('',#15503,#3521);
#2159=LINE('',#15505,#3522);
#2160=LINE('',#15506,#3523);
#2161=LINE('',#15508,#3524);
#2162=LINE('',#15509,#3525);
#2163=LINE('',#15511,#3526);
#2164=LINE('',#15513,#3527);
#2165=LINE('',#15515,#3528);
#2166=LINE('',#15516,#3529);
#2167=LINE('',#15518,#3530);
#2168=LINE('',#15519,#3531);
#2169=LINE('',#15521,#3532);
#2170=LINE('',#15523,#3533);
#2171=LINE('',#15525,#3534);
#2172=LINE('',#15526,#3535);
#2173=LINE('',#15528,#3536);
#2174=LINE('',#15529,#3537);
#2175=LINE('',#15531,#3538);
#2176=LINE('',#15533,#3539);
#2177=LINE('',#15535,#3540);
#2178=LINE('',#15537,#3541);
#2179=LINE('',#15543,#3542);
#2180=LINE('',#15545,#3543);
#2181=LINE('',#15546,#3544);
#2182=LINE('',#15548,#3545);
#2183=LINE('',#15549,#3546);
#2184=LINE('',#15552,#3547);
#2185=LINE('',#15553,#3548);
#2186=LINE('',#15556,#3549);
#2187=LINE('',#15557,#3550);
#2188=LINE('',#15559,#3551);
#2189=LINE('',#15571,#3552);
#2190=LINE('',#15573,#3553);
#2191=LINE('',#15585,#3554);
#2192=LINE('',#15587,#3555);
#2193=LINE('',#15590,#3556);
#2194=LINE('',#15593,#3557);
#2195=LINE('',#15595,#3558);
#2196=LINE('',#15599,#3559);
#2197=LINE('',#15602,#3560);
#2198=LINE('',#15603,#3561);
#2199=LINE('',#15606,#3562);
#2200=LINE('',#15608,#3563);
#2201=LINE('',#15609,#3564);
#2202=LINE('',#15611,#3565);
#2203=LINE('',#15612,#3566);
#2204=LINE('',#15616,#3567);
#2205=LINE('',#15618,#3568);
#2206=LINE('',#15620,#3569);
#2207=LINE('',#15622,#3570);
#2208=LINE('',#15623,#3571);
#2209=LINE('',#15626,#3572);
#2210=LINE('',#15628,#3573);
#2211=LINE('',#15630,#3574);
#2212=LINE('',#15631,#3575);
#2213=LINE('',#15634,#3576);
#2214=LINE('',#15636,#3577);
#2215=LINE('',#15637,#3578);
#2216=LINE('',#15640,#3579);
#2217=LINE('',#15642,#3580);
#2218=LINE('',#15643,#3581);
#2219=LINE('',#15645,#3582);
#2220=LINE('',#15647,#3583);
#2221=LINE('',#15648,#3584);
#2222=LINE('',#15651,#3585);
#2223=LINE('',#15653,#3586);
#2224=LINE('',#15654,#3587);
#2225=LINE('',#15657,#3588);
#2226=LINE('',#15658,#3589);
#2227=LINE('',#15661,#3590);
#2228=LINE('',#15662,#3591);
#2229=LINE('',#15663,#3592);
#2230=LINE('',#15665,#3593);
#2231=LINE('',#15668,#3594);
#2232=LINE('',#15670,#3595);
#2233=LINE('',#15671,#3596);
#2234=LINE('',#15674,#3597);
#2235=LINE('',#15675,#3598);
#2236=LINE('',#15678,#3599);
#2237=LINE('',#15679,#3600);
#2238=LINE('',#15682,#3601);
#2239=LINE('',#15683,#3602);
#2240=LINE('',#15686,#3603);
#2241=LINE('',#15687,#3604);
#2242=LINE('',#15689,#3605);
#2243=LINE('',#15692,#3606);
#2244=LINE('',#15693,#3607);
#2245=LINE('',#15696,#3608);
#2246=LINE('',#15697,#3609);
#2247=LINE('',#15700,#3610);
#2248=LINE('',#15701,#3611);
#2249=LINE('',#15703,#3612);
#2250=LINE('',#15705,#3613);
#2251=LINE('',#15706,#3614);
#2252=LINE('',#15708,#3615);
#2253=LINE('',#15710,#3616);
#2254=LINE('',#15712,#3617);
#2255=LINE('',#15714,#3618);
#2256=LINE('',#15716,#3619);
#2257=LINE('',#15718,#3620);
#2258=LINE('',#15719,#3621);
#2259=LINE('',#15722,#3622);
#2260=LINE('',#15727,#3623);
#2261=LINE('',#15729,#3624);
#2262=LINE('',#15758,#3625);
#2263=LINE('',#15759,#3626);
#2264=LINE('',#15761,#3627);
#2265=LINE('',#15763,#3628);
#2266=LINE('',#15765,#3629);
#2267=LINE('',#15767,#3630);
#2268=LINE('',#15769,#3631);
#2269=LINE('',#15771,#3632);
#2270=LINE('',#15773,#3633);
#2271=LINE('',#15774,#3634);
#2272=LINE('',#15775,#3635);
#2273=LINE('',#15776,#3636);
#2274=LINE('',#15780,#3637);
#2275=LINE('',#15782,#3638);
#2276=LINE('',#15784,#3639);
#2277=LINE('',#15785,#3640);
#2278=LINE('',#15791,#3641);
#2279=LINE('',#15795,#3642);
#2280=LINE('',#15797,#3643);
#2281=LINE('',#15799,#3644);
#2282=LINE('',#15800,#3645);
#2283=LINE('',#15803,#3646);
#2284=LINE('',#15805,#3647);
#2285=LINE('',#15806,#3648);
#2286=LINE('',#15809,#3649);
#2287=LINE('',#15811,#3650);
#2288=LINE('',#15812,#3651);
#2289=LINE('',#15815,#3652);
#2290=LINE('',#15817,#3653);
#2291=LINE('',#15819,#3654);
#2292=LINE('',#15821,#3655);
#2293=LINE('',#15823,#3656);
#2294=LINE('',#15825,#3657);
#2295=LINE('',#15827,#3658);
#2296=LINE('',#15829,#3659);
#2297=LINE('',#15831,#3660);
#2298=LINE('',#15833,#3661);
#2299=LINE('',#15835,#3662);
#2300=LINE('',#15837,#3663);
#2301=LINE('',#15839,#3664);
#2302=LINE('',#15841,#3665);
#2303=LINE('',#15843,#3666);
#2304=LINE('',#15845,#3667);
#2305=LINE('',#15847,#3668);
#2306=LINE('',#15849,#3669);
#2307=LINE('',#15851,#3670);
#2308=LINE('',#15853,#3671);
#2309=LINE('',#15854,#3672);
#2310=LINE('',#15857,#3673);
#2311=LINE('',#15861,#3674);
#2312=LINE('',#15865,#3675);
#2313=LINE('',#15869,#3676);
#2314=LINE('',#15873,#3677);
#2315=LINE('',#15877,#3678);
#2316=LINE('',#15881,#3679);
#2317=LINE('',#15885,#3680);
#2318=LINE('',#15889,#3681);
#2319=LINE('',#15893,#3682);
#2320=LINE('',#15897,#3683);
#2321=LINE('',#15901,#3684);
#2322=LINE('',#15905,#3685);
#2323=LINE('',#15907,#3686);
#2324=LINE('',#15911,#3687);
#2325=LINE('',#15915,#3688);
#2326=LINE('',#15917,#3689);
#2327=LINE('',#15919,#3690);
#2328=LINE('',#15921,#3691);
#2329=LINE('',#15925,#3692);
#2330=LINE('',#15929,#3693);
#2331=LINE('',#15933,#3694);
#2332=LINE('',#15935,#3695);
#2333=LINE('',#15939,#3696);
#2334=LINE('',#15943,#3697);
#2335=LINE('',#15944,#3698);
#2336=LINE('',#15948,#3699);
#2337=LINE('',#15950,#3700);
#2338=LINE('',#15952,#3701);
#2339=LINE('',#15954,#3702);
#2340=LINE('',#15955,#3703);
#2341=LINE('',#15959,#3704);
#2342=LINE('',#15961,#3705);
#2343=LINE('',#15963,#3706);
#2344=LINE('',#15965,#3707);
#2345=LINE('',#15966,#3708);
#2346=LINE('',#15969,#3709);
#2347=LINE('',#15971,#3710);
#2348=LINE('',#15972,#3711);
#2349=LINE('',#15975,#3712);
#2350=LINE('',#15977,#3713);
#2351=LINE('',#15978,#3714);
#2352=LINE('',#15980,#3715);
#2353=LINE('',#15981,#3716);
#2354=LINE('',#15984,#3717);
#2355=LINE('',#15985,#3718);
#2356=LINE('',#15988,#3719);
#2357=LINE('',#15989,#3720);
#2358=LINE('',#15991,#3721);
#2359=LINE('',#15994,#3722);
#2360=LINE('',#15996,#3723);
#2361=LINE('',#15997,#3724);
#2362=LINE('',#16000,#3725);
#2363=LINE('',#16001,#3726);
#2364=LINE('',#16004,#3727);
#2365=LINE('',#16006,#3728);
#2366=LINE('',#16008,#3729);
#2367=LINE('',#16010,#3730);
#2368=LINE('',#16011,#3731);
#2369=LINE('',#16013,#3732);
#2370=LINE('',#16015,#3733);
#2371=LINE('',#16017,#3734);
#2372=LINE('',#16018,#3735);
#2373=LINE('',#16020,#3736);
#2374=LINE('',#16021,#3737);
#2375=LINE('',#16024,#3738);
#2376=LINE('',#16026,#3739);
#2377=LINE('',#16027,#3740);
#2378=LINE('',#16030,#3741);
#2379=LINE('',#16031,#3742);
#2380=LINE('',#16033,#3743);
#2381=LINE('',#16034,#3744);
#2382=LINE('',#16036,#3745);
#2383=LINE('',#16038,#3746);
#2384=LINE('',#16040,#3747);
#2385=LINE('',#16042,#3748);
#2386=LINE('',#16044,#3749);
#2387=LINE('',#16046,#3750);
#2388=LINE('',#16047,#3751);
#2389=LINE('',#16051,#3752);
#2390=LINE('',#16053,#3753);
#2391=LINE('',#16055,#3754);
#2392=LINE('',#16056,#3755);
#2393=LINE('',#16059,#3756);
#2394=LINE('',#16061,#3757);
#2395=LINE('',#16062,#3758);
#2396=LINE('',#16065,#3759);
#2397=LINE('',#16067,#3760);
#2398=LINE('',#16068,#3761);
#2399=LINE('',#16071,#3762);
#2400=LINE('',#16073,#3763);
#2401=LINE('',#16075,#3764);
#2402=LINE('',#16077,#3765);
#2403=LINE('',#16079,#3766);
#2404=LINE('',#16080,#3767);
#2405=LINE('',#16083,#3768);
#2406=LINE('',#16085,#3769);
#2407=LINE('',#16087,#3770);
#2408=LINE('',#16089,#3771);
#2409=LINE('',#16091,#3772);
#2410=LINE('',#16093,#3773);
#2411=LINE('',#16095,#3774);
#2412=LINE('',#16097,#3775);
#2413=LINE('',#16098,#3776);
#2414=LINE('',#16100,#3777);
#2415=LINE('',#16102,#3778);
#2416=LINE('',#16103,#3779);
#2417=LINE('',#16106,#3780);
#2418=LINE('',#16107,#3781);
#2419=LINE('',#16110,#3782);
#2420=LINE('',#16111,#3783);
#2421=LINE('',#16114,#3784);
#2422=LINE('',#16115,#3785);
#2423=LINE('',#16118,#3786);
#2424=LINE('',#16120,#3787);
#2425=LINE('',#16121,#3788);
#2426=LINE('',#16123,#3789);
#2427=LINE('',#16125,#3790);
#2428=LINE('',#16127,#3791);
#2429=LINE('',#16129,#3792);
#2430=LINE('',#16131,#3793);
#2431=LINE('',#16132,#3794);
#2432=LINE('',#16135,#3795);
#2433=LINE('',#16136,#3796);
#2434=LINE('',#16137,#3797);
#2435=LINE('',#16138,#3798);
#2436=LINE('',#16141,#3799);
#2437=LINE('',#16142,#3800);
#2438=LINE('',#16145,#3801);
#2439=LINE('',#16146,#3802);
#2440=LINE('',#16149,#3803);
#2441=LINE('',#16151,#3804);
#2442=LINE('',#16152,#3805);
#2443=LINE('',#16153,#3806);
#2444=LINE('',#16157,#3807);
#2445=LINE('',#16159,#3808);
#2446=LINE('',#16161,#3809);
#2447=LINE('',#16162,#3810);
#2448=LINE('',#16168,#3811);
#2449=LINE('',#16171,#3812);
#2450=LINE('',#16173,#3813);
#2451=LINE('',#16174,#3814);
#2452=LINE('',#16181,#3815);
#2453=LINE('',#16183,#3816);
#2454=LINE('',#16185,#3817);
#2455=LINE('',#16186,#3818);
#2456=LINE('',#16192,#3819);
#2457=LINE('',#16195,#3820);
#2458=LINE('',#16197,#3821);
#2459=LINE('',#16198,#3822);
#2460=LINE('',#16205,#3823);
#2461=LINE('',#16207,#3824);
#2462=LINE('',#16209,#3825);
#2463=LINE('',#16210,#3826);
#2464=LINE('',#16216,#3827);
#2465=LINE('',#16219,#3828);
#2466=LINE('',#16221,#3829);
#2467=LINE('',#16222,#3830);
#2468=LINE('',#16228,#3831);
#2469=LINE('',#16230,#3832);
#2470=LINE('',#16231,#3833);
#2471=LINE('',#16234,#3834);
#2472=LINE('',#16235,#3835);
#2473=LINE('',#16238,#3836);
#2474=LINE('',#16239,#3837);
#2475=LINE('',#16242,#3838);
#2476=LINE('',#16244,#3839);
#2477=LINE('',#16245,#3840);
#2478=LINE('',#16248,#3841);
#2479=LINE('',#16250,#3842);
#2480=LINE('',#16251,#3843);
#2481=LINE('',#16254,#3844);
#2482=LINE('',#16255,#3845);
#2483=LINE('',#16259,#3846);
#2484=LINE('',#16262,#3847);
#2485=LINE('',#16266,#3848);
#2486=LINE('',#16269,#3849);
#2487=LINE('',#16272,#3850);
#2488=LINE('',#16274,#3851);
#2489=LINE('',#16275,#3852);
#2490=LINE('',#16278,#3853);
#2491=LINE('',#16282,#3854);
#2492=LINE('',#16283,#3855);
#2493=LINE('',#16284,#3856);
#2494=LINE('',#16286,#3857);
#2495=LINE('',#16289,#3858);
#2496=LINE('',#16292,#3859);
#2497=LINE('',#16293,#3860);
#2498=LINE('',#16295,#3861);
#2499=LINE('',#16298,#3862);
#2500=LINE('',#16299,#3863);
#2501=LINE('',#16300,#3864);
#2502=LINE('',#16303,#3865);
#2503=LINE('',#16304,#3866);
#2504=LINE('',#16307,#3867);
#2505=LINE('',#16309,#3868);
#2506=LINE('',#16311,#3869);
#2507=LINE('',#16312,#3870);
#2508=LINE('',#16316,#3871);
#2509=LINE('',#16317,#3872);
#2510=LINE('',#16321,#3873);
#2511=LINE('',#16322,#3874);
#2512=LINE('',#16324,#3875);
#2513=LINE('',#16325,#3876);
#2514=LINE('',#16326,#3877);
#2515=LINE('',#16329,#3878);
#2516=LINE('',#16330,#3879);
#2517=LINE('',#16334,#3880);
#2518=LINE('',#16336,#3881);
#2519=LINE('',#16338,#3882);
#2520=LINE('',#16339,#3883);
#2521=LINE('',#16343,#3884);
#2522=LINE('',#16349,#3885);
#2523=LINE('',#16350,#3886);
#2524=LINE('',#16351,#3887);
#2525=LINE('',#16356,#3888);
#2526=LINE('',#16357,#3889);
#2527=LINE('',#16359,#3890);
#2528=LINE('',#16362,#3891);
#2529=LINE('',#16364,#3892);
#2530=LINE('',#16366,#3893);
#2531=LINE('',#16368,#3894);
#2532=LINE('',#16370,#3895);
#2533=LINE('',#16371,#3896);
#2534=LINE('',#16373,#3897);
#2535=LINE('',#16374,#3898);
#2536=LINE('',#16377,#3899);
#2537=LINE('',#16381,#3900);
#2538=LINE('',#16385,#3901);
#2539=LINE('',#16389,#3902);
#2540=LINE('',#16393,#3903);
#2541=LINE('',#16397,#3904);
#2542=LINE('',#16401,#3905);
#2543=LINE('',#16405,#3906);
#2544=LINE('',#16409,#3907);
#2545=LINE('',#16413,#3908);
#2546=LINE('',#16417,#3909);
#2547=LINE('',#16421,#3910);
#2548=LINE('',#16425,#3911);
#2549=LINE('',#16429,#3912);
#2550=LINE('',#16433,#3913);
#2551=LINE('',#16437,#3914);
#2552=LINE('',#16441,#3915);
#2553=LINE('',#16443,#3916);
#2554=LINE('',#16444,#3917);
#2555=LINE('',#16447,#3918);
#2556=LINE('',#16451,#3919);
#2557=LINE('',#16452,#3920);
#2558=LINE('',#16456,#3921);
#2559=LINE('',#16457,#3922);
#2560=LINE('',#16459,#3923);
#2561=LINE('',#16462,#3924);
#2562=LINE('',#16464,#3925);
#2563=LINE('',#16465,#3926);
#2564=LINE('',#16468,#3927);
#2565=LINE('',#16472,#3928);
#2566=LINE('',#16473,#3929);
#2567=LINE('',#16477,#3930);
#2568=LINE('',#16478,#3931);
#2569=LINE('',#16480,#3932);
#2570=LINE('',#16483,#3933);
#2571=LINE('',#16485,#3934);
#2572=LINE('',#16486,#3935);
#2573=LINE('',#16489,#3936);
#2574=LINE('',#16493,#3937);
#2575=LINE('',#16494,#3938);
#2576=LINE('',#16498,#3939);
#2577=LINE('',#16499,#3940);
#2578=LINE('',#16501,#3941);
#2579=LINE('',#16504,#3942);
#2580=LINE('',#16506,#3943);
#2581=LINE('',#16507,#3944);
#2582=LINE('',#16510,#3945);
#2583=LINE('',#16514,#3946);
#2584=LINE('',#16515,#3947);
#2585=LINE('',#16519,#3948);
#2586=LINE('',#16520,#3949);
#2587=LINE('',#16522,#3950);
#2588=LINE('',#16525,#3951);
#2589=LINE('',#16527,#3952);
#2590=LINE('',#16528,#3953);
#2591=LINE('',#16531,#3954);
#2592=LINE('',#16535,#3955);
#2593=LINE('',#16536,#3956);
#2594=LINE('',#16540,#3957);
#2595=LINE('',#16541,#3958);
#2596=LINE('',#16543,#3959);
#2597=LINE('',#16546,#3960);
#2598=LINE('',#16548,#3961);
#2599=LINE('',#16549,#3962);
#2600=LINE('',#16552,#3963);
#2601=LINE('',#16556,#3964);
#2602=LINE('',#16557,#3965);
#2603=LINE('',#16561,#3966);
#2604=LINE('',#16562,#3967);
#2605=LINE('',#16564,#3968);
#2606=LINE('',#16567,#3969);
#2607=LINE('',#16568,#3970);
#2608=LINE('',#16569,#3971);
#2609=LINE('',#16572,#3972);
#2610=LINE('',#16575,#3973);
#2611=LINE('',#16576,#3974);
#2612=LINE('',#16579,#3975);
#2613=LINE('',#16580,#3976);
#2614=LINE('',#16584,#3977);
#2615=LINE('',#16585,#3978);
#2616=LINE('',#16586,#3979);
#2617=LINE('',#16588,#3980);
#2618=LINE('',#16591,#3981);
#2619=LINE('',#16594,#3982);
#2620=LINE('',#16597,#3983);
#2621=LINE('',#16598,#3984);
#2622=LINE('',#16600,#3985);
#2623=LINE('',#16604,#3986);
#2624=LINE('',#16605,#3987);
#2625=LINE('',#16608,#3988);
#2626=LINE('',#16609,#3989);
#2627=LINE('',#16612,#3990);
#2628=LINE('',#16613,#3991);
#2629=LINE('',#16615,#3992);
#2630=LINE('',#16618,#3993);
#2631=LINE('',#16621,#3994);
#2632=LINE('',#16624,#3995);
#2633=LINE('',#16627,#3996);
#2634=LINE('',#16630,#3997);
#2635=LINE('',#16633,#3998);
#2636=LINE('',#16638,#3999);
#2637=LINE('',#16639,#4000);
#2638=LINE('',#16640,#4001);
#2639=LINE('',#16643,#4002);
#2640=LINE('',#16644,#4003);
#2641=LINE('',#16646,#4004);
#2642=LINE('',#16649,#4005);
#2643=LINE('',#16650,#4006);
#2644=LINE('',#16653,#4007);
#2645=LINE('',#16655,#4008);
#2646=LINE('',#16656,#4009);
#2647=LINE('',#16657,#4010);
#2648=LINE('',#16658,#4011);
#2649=LINE('',#16662,#4012);
#2650=LINE('',#16663,#4013);
#2651=LINE('',#16664,#4014);
#2652=LINE('',#16667,#4015);
#2653=LINE('',#16669,#4016);
#2654=LINE('',#16670,#4017);
#2655=LINE('',#16673,#4018);
#2656=LINE('',#16675,#4019);
#2657=LINE('',#16676,#4020);
#2658=LINE('',#16679,#4021);
#2659=LINE('',#16680,#4022);
#2660=LINE('',#16682,#4023);
#2661=LINE('',#16684,#4024);
#2662=LINE('',#16685,#4025);
#2663=LINE('',#16688,#4026);
#2664=LINE('',#16689,#4027);
#2665=LINE('',#16692,#4028);
#2666=LINE('',#16693,#4029);
#2667=LINE('',#16695,#4030);
#2668=LINE('',#16698,#4031);
#2669=LINE('',#16699,#4032);
#2670=LINE('',#16701,#4033);
#2671=LINE('',#16702,#4034);
#2672=LINE('',#16705,#4035);
#2673=LINE('',#16707,#4036);
#2674=LINE('',#16708,#4037);
#2675=LINE('',#16711,#4038);
#2676=LINE('',#16712,#4039);
#2677=LINE('',#16715,#4040);
#2678=LINE('',#16716,#4041);
#2679=LINE('',#16719,#4042);
#2680=LINE('',#16720,#4043);
#2681=LINE('',#16722,#4044);
#2682=LINE('',#16724,#4045);
#2683=LINE('',#16729,#4046);
#2684=LINE('',#16730,#4047);
#2685=LINE('',#16732,#4048);
#2686=LINE('',#16734,#4049);
#2687=LINE('',#16735,#4050);
#2688=LINE('',#16737,#4051);
#2689=LINE('',#16741,#4052);
#2690=LINE('',#16742,#4053);
#2691=LINE('',#16744,#4054);
#2692=LINE('',#16747,#4055);
#2693=LINE('',#16756,#4056);
#2694=LINE('',#16758,#4057);
#2695=LINE('',#16760,#4058);
#2696=LINE('',#16761,#4059);
#2697=LINE('',#16764,#4060);
#2698=LINE('',#16766,#4061);
#2699=LINE('',#16767,#4062);
#2700=LINE('',#16773,#4063);
#2701=LINE('',#16777,#4064);
#2702=LINE('',#16779,#4065);
#2703=LINE('',#16781,#4066);
#2704=LINE('',#16783,#4067);
#2705=LINE('',#16785,#4068);
#2706=LINE('',#16789,#4069);
#2707=LINE('',#16793,#4070);
#2708=LINE('',#16796,#4071);
#2709=LINE('',#16802,#4072);
#2710=LINE('',#16807,#4073);
#2711=LINE('',#16813,#4074);
#2712=LINE('',#16814,#4075);
#2713=LINE('',#16817,#4076);
#2714=LINE('',#16819,#4077);
#2715=LINE('',#16826,#4078);
#2716=LINE('',#16832,#4079);
#2717=LINE('',#16835,#4080);
#2718=LINE('',#16837,#4081);
#2719=LINE('',#16838,#4082);
#2720=LINE('',#16843,#4083);
#2721=LINE('',#16847,#4084);
#2722=LINE('',#16853,#4085);
#2723=LINE('',#16857,#4086);
#2724=LINE('',#16860,#4087);
#2725=LINE('',#16861,#4088);
#2726=LINE('',#16866,#4089);
#2727=LINE('',#16870,#4090);
#2728=LINE('',#16876,#4091);
#2729=LINE('',#16880,#4092);
#2730=LINE('',#16882,#4093);
#2731=LINE('',#16892,#4094);
#2732=LINE('',#16896,#4095);
#2733=LINE('',#16898,#4096);
#2734=LINE('',#16906,#4097);
#2735=LINE('',#16910,#4098);
#2736=LINE('',#16912,#4099);
#2737=LINE('',#16918,#4100);
#2738=LINE('',#16922,#4101);
#2739=LINE('',#16924,#4102);
#2740=LINE('',#16930,#4103);
#2741=LINE('',#16933,#4104);
#2742=LINE('',#16934,#4105);
#2743=LINE('',#16936,#4106);
#2744=LINE('',#16939,#4107);
#2745=LINE('',#16943,#4108);
#2746=LINE('',#16947,#4109);
#2747=LINE('',#16950,#4110);
#2748=LINE('',#16951,#4111);
#2749=LINE('',#16952,#4112);
#2750=LINE('',#16954,#4113);
#2751=LINE('',#16958,#4114);
#2752=LINE('',#16962,#4115);
#2753=LINE('',#16966,#4116);
#2754=LINE('',#16969,#4117);
#2755=LINE('',#16970,#4118);
#2756=LINE('',#16972,#4119);
#2757=LINE('',#16974,#4120);
#2758=LINE('',#16975,#4121);
#2759=LINE('',#16994,#4122);
#2760=LINE('',#17029,#4123);
#2761=LINE('',#17030,#4124);
#2762=LINE('',#17032,#4125);
#2763=LINE('',#17034,#4126);
#2764=LINE('',#17035,#4127);
#2765=LINE('',#17054,#4128);
#2766=LINE('',#17089,#4129);
#2767=LINE('',#17090,#4130);
#2768=LINE('',#17092,#4131);
#2769=LINE('',#17111,#4132);
#2770=LINE('',#17146,#4133);
#2771=LINE('',#17148,#4134);
#2772=LINE('',#17150,#4135);
#2773=LINE('',#17168,#4136);
#2774=LINE('',#17203,#4137);
#2775=LINE('',#17204,#4138);
#2776=LINE('',#17211,#4139);
#2777=LINE('',#17213,#4140);
#2778=LINE('',#17215,#4141);
#2779=LINE('',#17217,#4142);
#2780=LINE('',#17219,#4143);
#2781=LINE('',#17221,#4144);
#2782=LINE('',#17223,#4145);
#2783=LINE('',#17225,#4146);
#2784=LINE('',#17226,#4147);
#2785=LINE('',#17230,#4148);
#2786=LINE('',#17232,#4149);
#2787=LINE('',#17234,#4150);
#2788=LINE('',#17236,#4151);
#2789=LINE('',#17238,#4152);
#2790=LINE('',#17240,#4153);
#2791=LINE('',#17242,#4154);
#2792=LINE('',#17244,#4155);
#2793=LINE('',#17246,#4156);
#2794=LINE('',#17248,#4157);
#2795=LINE('',#17250,#4158);
#2796=LINE('',#17252,#4159);
#2797=LINE('',#17254,#4160);
#2798=LINE('',#17256,#4161);
#2799=LINE('',#17257,#4162);
#2800=LINE('',#17261,#4163);
#2801=LINE('',#17263,#4164);
#2802=LINE('',#17265,#4165);
#2803=LINE('',#17267,#4166);
#2804=LINE('',#17269,#4167);
#2805=LINE('',#17271,#4168);
#2806=LINE('',#17273,#4169);
#2807=LINE('',#17275,#4170);
#2808=LINE('',#17277,#4171);
#2809=LINE('',#17279,#4172);
#2810=LINE('',#17281,#4173);
#2811=LINE('',#17283,#4174);
#2812=LINE('',#17285,#4175);
#2813=LINE('',#17287,#4176);
#2814=LINE('',#17288,#4177);
#2815=LINE('',#17290,#4178);
#2816=LINE('',#17291,#4179);
#2817=LINE('',#17294,#4180);
#2818=LINE('',#17296,#4181);
#2819=LINE('',#17298,#4182);
#2820=LINE('',#17299,#4183);
#2821=LINE('',#17301,#4184);
#2822=LINE('',#17302,#4185);
#2823=LINE('',#17306,#4186);
#2824=LINE('',#17307,#4187);
#2825=LINE('',#17308,#4188);
#2826=LINE('',#17312,#4189);
#2827=LINE('',#17314,#4190);
#2828=LINE('',#17316,#4191);
#2829=LINE('',#17318,#4192);
#2830=LINE('',#17320,#4193);
#2831=LINE('',#17322,#4194);
#2832=LINE('',#17324,#4195);
#2833=LINE('',#17326,#4196);
#2834=LINE('',#17327,#4197);
#2835=LINE('',#17330,#4198);
#2836=LINE('',#17332,#4199);
#2837=LINE('',#17334,#4200);
#2838=LINE('',#17336,#4201);
#2839=LINE('',#17338,#4202);
#2840=LINE('',#17340,#4203);
#2841=LINE('',#17342,#4204);
#2842=LINE('',#17343,#4205);
#2843=LINE('',#17347,#4206);
#2844=LINE('',#17349,#4207);
#2845=LINE('',#17351,#4208);
#2846=LINE('',#17353,#4209);
#2847=LINE('',#17355,#4210);
#2848=LINE('',#17357,#4211);
#2849=LINE('',#17358,#4212);
#2850=LINE('',#17362,#4213);
#2851=LINE('',#17364,#4214);
#2852=LINE('',#17366,#4215);
#2853=LINE('',#17367,#4216);
#2854=LINE('',#17370,#4217);
#2855=LINE('',#17372,#4218);
#2856=LINE('',#17373,#4219);
#2857=LINE('',#17376,#4220);
#2858=LINE('',#17378,#4221);
#2859=LINE('',#17380,#4222);
#2860=LINE('',#17382,#4223);
#2861=LINE('',#17384,#4224);
#2862=LINE('',#17386,#4225);
#2863=LINE('',#17388,#4226);
#2864=LINE('',#17390,#4227);
#2865=LINE('',#17392,#4228);
#2866=LINE('',#17394,#4229);
#2867=LINE('',#17396,#4230);
#2868=LINE('',#17398,#4231);
#2869=LINE('',#17400,#4232);
#2870=LINE('',#17401,#4233);
#2871=LINE('',#17405,#4234);
#2872=LINE('',#17406,#4235);
#2873=LINE('',#17407,#4236);
#2874=LINE('',#17410,#4237);
#2875=LINE('',#17411,#4238);
#2876=LINE('',#17415,#4239);
#2877=LINE('',#17417,#4240);
#2878=LINE('',#17419,#4241);
#2879=LINE('',#17420,#4242);
#2880=LINE('',#17423,#4243);
#2881=LINE('',#17425,#4244);
#2882=LINE('',#17427,#4245);
#2883=LINE('',#17429,#4246);
#2884=LINE('',#17431,#4247);
#2885=LINE('',#17433,#4248);
#2886=LINE('',#17435,#4249);
#2887=LINE('',#17436,#4250);
#2888=LINE('',#17440,#4251);
#2889=LINE('',#17441,#4252);
#2890=LINE('',#17442,#4253);
#2891=LINE('',#17445,#4254);
#2892=LINE('',#17447,#4255);
#2893=LINE('',#17449,#4256);
#2894=LINE('',#17451,#4257);
#2895=LINE('',#17453,#4258);
#2896=LINE('',#17454,#4259);
#2897=LINE('',#17458,#4260);
#2898=LINE('',#17460,#4261);
#2899=LINE('',#17462,#4262);
#2900=LINE('',#17463,#4263);
#2901=LINE('',#17466,#4264);
#2902=LINE('',#17468,#4265);
#2903=LINE('',#17470,#4266);
#2904=LINE('',#17472,#4267);
#2905=LINE('',#17474,#4268);
#2906=LINE('',#17476,#4269);
#2907=LINE('',#17478,#4270);
#2908=LINE('',#17479,#4271);
#2909=LINE('',#17481,#4272);
#2910=LINE('',#17482,#4273);
#2911=LINE('',#17484,#4274);
#2912=LINE('',#17486,#4275);
#2913=LINE('',#17488,#4276);
#2914=LINE('',#17489,#4277);
#2915=LINE('',#17491,#4278);
#2916=LINE('',#17492,#4279);
#2917=LINE('',#17495,#4280);
#2918=LINE('',#17497,#4281);
#2919=LINE('',#17499,#4282);
#2920=LINE('',#17501,#4283);
#2921=LINE('',#17503,#4284);
#2922=LINE('',#17505,#4285);
#2923=LINE('',#17507,#4286);
#2924=LINE('',#17509,#4287);
#2925=LINE('',#17510,#4288);
#2926=LINE('',#17512,#4289);
#2927=LINE('',#17514,#4290);
#2928=LINE('',#17515,#4291);
#2929=LINE('',#17518,#4292);
#2930=LINE('',#17520,#4293);
#2931=LINE('',#17521,#4294);
#2932=LINE('',#17523,#4295);
#2933=LINE('',#17525,#4296);
#2934=LINE('',#17527,#4297);
#2935=LINE('',#17529,#4298);
#2936=LINE('',#17530,#4299);
#2937=LINE('',#17532,#4300);
#2938=LINE('',#17534,#4301);
#2939=LINE('',#17535,#4302);
#2940=LINE('',#17537,#4303);
#2941=LINE('',#17539,#4304);
#2942=LINE('',#17541,#4305);
#2943=LINE('',#17543,#4306);
#2944=LINE('',#17545,#4307);
#2945=LINE('',#17547,#4308);
#2946=LINE('',#17550,#4309);
#2947=LINE('',#17551,#4310);
#2948=LINE('',#17553,#4311);
#2949=LINE('',#17555,#4312);
#2950=LINE('',#17557,#4313);
#2951=LINE('',#17559,#4314);
#2952=LINE('',#17563,#4315);
#2953=LINE('',#17565,#4316);
#2954=LINE('',#17567,#4317);
#2955=LINE('',#17568,#4318);
#2956=LINE('',#17570,#4319);
#2957=LINE('',#17571,#4320);
#2958=LINE('',#17575,#4321);
#2959=LINE('',#17577,#4322);
#2960=LINE('',#17579,#4323);
#2961=LINE('',#17580,#4324);
#2962=LINE('',#17582,#4325);
#2963=LINE('',#17583,#4326);
#2964=LINE('',#17585,#4327);
#2965=LINE('',#17586,#4328);
#2966=LINE('',#17587,#4329);
#2967=LINE('',#17590,#4330);
#2968=LINE('',#17592,#4331);
#2969=LINE('',#17593,#4332);
#2970=LINE('',#17596,#4333);
#2971=LINE('',#17598,#4334);
#2972=LINE('',#17599,#4335);
#2973=LINE('',#17601,#4336);
#2974=LINE('',#17603,#4337);
#2975=LINE('',#17606,#4338);
#2976=LINE('',#17608,#4339);
#2977=LINE('',#17609,#4340);
#2978=LINE('',#17612,#4341);
#2979=LINE('',#17613,#4342);
#2980=LINE('',#17616,#4343);
#2981=LINE('',#17617,#4344);
#2982=LINE('',#17620,#4345);
#2983=LINE('',#17622,#4346);
#2984=LINE('',#17623,#4347);
#2985=LINE('',#17626,#4348);
#2986=LINE('',#17628,#4349);
#2987=LINE('',#17629,#4350);
#2988=LINE('',#17632,#4351);
#2989=LINE('',#17633,#4352);
#2990=LINE('',#17636,#4353);
#2991=LINE('',#17637,#4354);
#2992=LINE('',#17640,#4355);
#2993=LINE('',#17641,#4356);
#2994=LINE('',#17643,#4357);
#2995=LINE('',#17646,#4358);
#2996=LINE('',#17648,#4359);
#2997=LINE('',#17649,#4360);
#2998=LINE('',#17652,#4361);
#2999=LINE('',#17653,#4362);
#3000=LINE('',#17656,#4363);
#3001=LINE('',#17657,#4364);
#3002=LINE('',#17659,#4365);
#3003=LINE('',#17662,#4366);
#3004=LINE('',#17663,#4367);
#3005=LINE('',#17665,#4368);
#3006=LINE('',#17668,#4369);
#3007=LINE('',#17669,#4370);
#3008=LINE('',#17672,#4371);
#3009=LINE('',#17673,#4372);
#3010=LINE('',#17675,#4373);
#3011=LINE('',#17679,#4374);
#3012=LINE('',#17680,#4375);
#3013=LINE('',#17681,#4376);
#3014=LINE('',#17685,#4377);
#3015=LINE('',#17686,#4378);
#3016=LINE('',#17687,#4379);
#3017=LINE('',#17691,#4380);
#3018=LINE('',#17692,#4381);
#3019=LINE('',#17693,#4382);
#3020=LINE('',#17695,#4383);
#3021=LINE('',#17697,#4384);
#3022=LINE('',#17701,#4385);
#3023=LINE('',#17702,#4386);
#3024=LINE('',#17703,#4387);
#3025=LINE('',#17705,#4388);
#3026=LINE('',#17707,#4389);
#3027=LINE('',#17709,#4390);
#3028=LINE('',#17711,#4391);
#3029=LINE('',#17713,#4392);
#3030=LINE('',#17717,#4393);
#3031=LINE('',#17718,#4394);
#3032=LINE('',#17719,#4395);
#3033=LINE('',#17721,#4396);
#3034=LINE('',#17723,#4397);
#3035=LINE('',#17725,#4398);
#3036=LINE('',#17727,#4399);
#3037=LINE('',#17729,#4400);
#3038=LINE('',#17731,#4401);
#3039=LINE('',#17734,#4402);
#3040=LINE('',#17736,#4403);
#3041=LINE('',#17737,#4404);
#3042=LINE('',#17738,#4405);
#3043=LINE('',#17740,#4406);
#3044=LINE('',#17741,#4407);
#3045=LINE('',#17747,#4408);
#3046=LINE('',#17749,#4409);
#3047=LINE('',#17751,#4410);
#3048=LINE('',#17752,#4411);
#3049=LINE('',#17755,#4412);
#3050=LINE('',#17757,#4413);
#3051=LINE('',#17758,#4414);
#3052=LINE('',#17761,#4415);
#3053=LINE('',#17763,#4416);
#3054=LINE('',#17765,#4417);
#3055=LINE('',#17767,#4418);
#3056=LINE('',#17769,#4419);
#3057=LINE('',#17770,#4420);
#3058=LINE('',#17773,#4421);
#3059=LINE('',#17775,#4422);
#3060=LINE('',#17777,#4423);
#3061=LINE('',#17778,#4424);
#3062=LINE('',#17781,#4425);
#3063=LINE('',#17782,#4426);
#3064=LINE('',#17785,#4427);
#3065=LINE('',#17786,#4428);
#3066=LINE('',#17790,#4429);
#3067=LINE('',#17792,#4430);
#3068=LINE('',#17793,#4431);
#3069=LINE('',#17794,#4432);
#3070=LINE('',#17796,#4433);
#3071=LINE('',#17799,#4434);
#3072=LINE('',#17800,#4435);
#3073=LINE('',#17803,#4436);
#3074=LINE('',#17804,#4437);
#3075=LINE('',#17807,#4438);
#3076=LINE('',#17809,#4439);
#3077=LINE('',#17810,#4440);
#3078=LINE('',#17812,#4441);
#3079=LINE('',#17813,#4442);
#3080=LINE('',#17816,#4443);
#3081=LINE('',#17817,#4444);
#3082=LINE('',#17820,#4445);
#3083=LINE('',#17821,#4446);
#3084=LINE('',#17823,#4447);
#3085=LINE('',#17828,#4448);
#3086=LINE('',#17830,#4449);
#3087=LINE('',#17832,#4450);
#3088=LINE('',#17833,#4451);
#3089=LINE('',#17837,#4452);
#3090=LINE('',#17839,#4453);
#3091=LINE('',#17840,#4454);
#3092=LINE('',#17842,#4455);
#3093=LINE('',#17843,#4456);
#3094=LINE('',#17847,#4457);
#3095=LINE('',#17849,#4458);
#3096=LINE('',#17850,#4459);
#3097=LINE('',#17852,#4460);
#3098=LINE('',#17853,#4461);
#3099=LINE('',#17855,#4462);
#3100=LINE('',#17858,#4463);
#3101=LINE('',#17860,#4464);
#3102=LINE('',#17862,#4465);
#3103=LINE('',#17863,#4466);
#3104=LINE('',#17866,#4467);
#3105=LINE('',#17868,#4468);
#3106=LINE('',#17870,#4469);
#3107=LINE('',#17871,#4470);
#3108=LINE('',#17874,#4471);
#3109=LINE('',#17876,#4472);
#3110=LINE('',#17878,#4473);
#3111=LINE('',#17880,#4474);
#3112=LINE('',#17882,#4475);
#3113=LINE('',#17884,#4476);
#3114=LINE('',#17886,#4477);
#3115=LINE('',#17888,#4478);
#3116=LINE('',#17889,#4479);
#3117=LINE('',#17891,#4480);
#3118=LINE('',#17893,#4481);
#3119=LINE('',#17895,#4482);
#3120=LINE('',#17897,#4483);
#3121=LINE('',#17899,#4484);
#3122=LINE('',#17900,#4485);
#3123=LINE('',#17903,#4486);
#3124=LINE('',#17905,#4487);
#3125=LINE('',#17907,#4488);
#3126=LINE('',#17909,#4489);
#3127=LINE('',#17910,#4490);
#3128=LINE('',#17913,#4491);
#3129=LINE('',#17915,#4492);
#3130=LINE('',#17916,#4493);
#3131=LINE('',#17920,#4494);
#3132=LINE('',#17922,#4495);
#3133=LINE('',#17924,#4496);
#3134=LINE('',#17925,#4497);
#3135=LINE('',#17927,#4498);
#3136=LINE('',#17928,#4499);
#3137=LINE('',#17931,#4500);
#3138=LINE('',#17932,#4501);
#3139=LINE('',#17935,#4502);
#3140=LINE('',#17936,#4503);
#3141=LINE('',#17939,#4504);
#3142=LINE('',#17941,#4505);
#3143=LINE('',#17942,#4506);
#3144=LINE('',#17945,#4507);
#3145=LINE('',#17947,#4508);
#3146=LINE('',#17948,#4509);
#3147=LINE('',#17951,#4510);
#3148=LINE('',#17952,#4511);
#3149=LINE('',#17955,#4512);
#3150=LINE('',#17956,#4513);
#3151=LINE('',#17959,#4514);
#3152=LINE('',#17960,#4515);
#3153=LINE('',#17962,#4516);
#3154=LINE('',#17964,#4517);
#3155=LINE('',#17965,#4518);
#3156=LINE('',#17968,#4519);
#3157=LINE('',#17969,#4520);
#3158=LINE('',#17971,#4521);
#3159=LINE('',#17972,#4522);
#3160=LINE('',#17974,#4523);
#3161=LINE('',#17981,#4524);
#3162=LINE('',#17983,#4525);
#3163=LINE('',#17985,#4526);
#3164=LINE('',#17986,#4527);
#3165=LINE('',#17989,#4528);
#3166=LINE('',#17991,#4529);
#3167=LINE('',#17992,#4530);
#3168=LINE('',#17995,#4531);
#3169=LINE('',#17997,#4532);
#3170=LINE('',#17998,#4533);
#3171=LINE('',#18001,#4534);
#3172=LINE('',#18003,#4535);
#3173=LINE('',#18004,#4536);
#3174=LINE('',#18007,#4537);
#3175=LINE('',#18009,#4538);
#3176=LINE('',#18010,#4539);
#3177=LINE('',#18013,#4540);
#3178=LINE('',#18015,#4541);
#3179=LINE('',#18017,#4542);
#3180=LINE('',#18018,#4543);
#3181=LINE('',#18020,#4544);
#3182=LINE('',#18021,#4545);
#3183=LINE('',#18023,#4546);
#3184=LINE('',#18026,#4547);
#3185=LINE('',#18027,#4548);
#3186=LINE('',#18029,#4549);
#3187=LINE('',#18030,#4550);
#3188=LINE('',#18032,#4551);
#3189=LINE('',#18033,#4552);
#3190=LINE('',#18037,#4553);
#3191=LINE('',#18040,#4554);
#3192=LINE('',#18041,#4555);
#3193=LINE('',#18044,#4556);
#3194=LINE('',#18045,#4557);
#3195=LINE('',#18047,#4558);
#3196=LINE('',#18049,#4559);
#3197=VECTOR('',#11855,2.1);
#3198=VECTOR('',#11864,2.1);
#3199=VECTOR('',#11873,2.1);
#3200=VECTOR('',#11882,2.1);
#3201=VECTOR('',#11889,10.);
#3202=VECTOR('',#11890,10.);
#3203=VECTOR('',#11891,10.);
#3204=VECTOR('',#11892,10.);
#3205=VECTOR('',#11895,10.);
#3206=VECTOR('',#11896,10.);
#3207=VECTOR('',#11897,10.);
#3208=VECTOR('',#11898,10.);
#3209=VECTOR('',#11901,10.);
#3210=VECTOR('',#11902,10.);
#3211=VECTOR('',#11903,10.);
#3212=VECTOR('',#11904,10.);
#3213=VECTOR('',#11905,10.);
#3214=VECTOR('',#11906,10.);
#3215=VECTOR('',#11907,10.);
#3216=VECTOR('',#11908,10.);
#3217=VECTOR('',#11911,10.);
#3218=VECTOR('',#11912,10.);
#3219=VECTOR('',#11913,10.);
#3220=VECTOR('',#11914,10.);
#3221=VECTOR('',#11915,10.);
#3222=VECTOR('',#11916,10.);
#3223=VECTOR('',#11917,10.);
#3224=VECTOR('',#11918,10.);
#3225=VECTOR('',#11919,10.);
#3226=VECTOR('',#11920,10.);
#3227=VECTOR('',#11921,10.);
#3228=VECTOR('',#11922,10.);
#3229=VECTOR('',#11923,10.);
#3230=VECTOR('',#11924,10.);
#3231=VECTOR('',#11925,10.);
#3232=VECTOR('',#11926,10.);
#3233=VECTOR('',#11927,10.);
#3234=VECTOR('',#11928,10.);
#3235=VECTOR('',#11929,10.);
#3236=VECTOR('',#11930,10.);
#3237=VECTOR('',#11933,10.);
#3238=VECTOR('',#11934,10.);
#3239=VECTOR('',#11937,10.);
#3240=VECTOR('',#11938,10.);
#3241=VECTOR('',#11939,10.);
#3242=VECTOR('',#11940,10.);
#3243=VECTOR('',#11941,10.);
#3244=VECTOR('',#11944,10.);
#3245=VECTOR('',#11945,10.);
#3246=VECTOR('',#11946,10.);
#3247=VECTOR('',#11949,10.);
#3248=VECTOR('',#11950,10.);
#3249=VECTOR('',#11951,10.);
#3250=VECTOR('',#11952,10.);
#3251=VECTOR('',#11955,10.);
#3252=VECTOR('',#11956,10.);
#3253=VECTOR('',#11957,10.);
#3254=VECTOR('',#11960,10.);
#3255=VECTOR('',#11961,10.);
#3256=VECTOR('',#11962,10.);
#3257=VECTOR('',#11963,10.);
#3258=VECTOR('',#11966,10.);
#3259=VECTOR('',#11967,10.);
#3260=VECTOR('',#11968,10.);
#3261=VECTOR('',#11971,10.);
#3262=VECTOR('',#11972,10.);
#3263=VECTOR('',#11975,10.);
#3264=VECTOR('',#11976,10.);
#3265=VECTOR('',#11977,10.);
#3266=VECTOR('',#11978,10.);
#3267=VECTOR('',#11981,10.);
#3268=VECTOR('',#11982,10.);
#3269=VECTOR('',#11983,10.);
#3270=VECTOR('',#11986,10.);
#3271=VECTOR('',#11987,10.);
#3272=VECTOR('',#11988,10.);
#3273=VECTOR('',#11989,10.);
#3274=VECTOR('',#11992,10.);
#3275=VECTOR('',#11993,10.);
#3276=VECTOR('',#11996,10.);
#3277=VECTOR('',#11997,10.);
#3278=VECTOR('',#11998,10.);
#3279=VECTOR('',#12001,10.);
#3280=VECTOR('',#12002,10.);
#3281=VECTOR('',#12003,10.);
#3282=VECTOR('',#12006,10.);
#3283=VECTOR('',#12007,10.);
#3284=VECTOR('',#12008,10.);
#3285=VECTOR('',#12011,10.);
#3286=VECTOR('',#12012,10.);
#3287=VECTOR('',#12015,10.);
#3288=VECTOR('',#12016,10.);
#3289=VECTOR('',#12017,10.);
#3290=VECTOR('',#12018,10.);
#3291=VECTOR('',#12019,10.);
#3292=VECTOR('',#12022,10.);
#3293=VECTOR('',#12023,10.);
#3294=VECTOR('',#12026,10.);
#3295=VECTOR('',#12027,10.);
#3296=VECTOR('',#12028,10.);
#3297=VECTOR('',#12031,10.);
#3298=VECTOR('',#12034,10.);
#3299=VECTOR('',#12035,10.);
#3300=VECTOR('',#12038,10.);
#3301=VECTOR('',#12039,10.);
#3302=VECTOR('',#12042,10.);
#3303=VECTOR('',#12045,10.);
#3304=VECTOR('',#12048,10.);
#3305=VECTOR('',#12049,10.);
#3306=VECTOR('',#12050,10.);
#3307=VECTOR('',#12053,10.);
#3308=VECTOR('',#12054,10.);
#3309=VECTOR('',#12057,10.);
#3310=VECTOR('',#12058,10.);
#3311=VECTOR('',#12061,10.);
#3312=VECTOR('',#12064,10.);
#3313=VECTOR('',#12065,10.);
#3314=VECTOR('',#12066,10.);
#3315=VECTOR('',#12069,10.);
#3316=VECTOR('',#12070,10.);
#3317=VECTOR('',#12073,10.);
#3318=VECTOR('',#12074,10.);
#3319=VECTOR('',#12077,10.);
#3320=VECTOR('',#12078,10.);
#3321=VECTOR('',#12081,10.);
#3322=VECTOR('',#12082,10.);
#3323=VECTOR('',#12085,10.);
#3324=VECTOR('',#12086,10.);
#3325=VECTOR('',#12089,10.);
#3326=VECTOR('',#12090,10.);
#3327=VECTOR('',#12093,10.);
#3328=VECTOR('',#12094,10.);
#3329=VECTOR('',#12097,10.);
#3330=VECTOR('',#12098,10.);
#3331=VECTOR('',#12101,10.);
#3332=VECTOR('',#12102,10.);
#3333=VECTOR('',#12103,10.);
#3334=VECTOR('',#12104,10.);
#3335=VECTOR('',#12105,10.);
#3336=VECTOR('',#12106,10.);
#3337=VECTOR('',#12107,10.);
#3338=VECTOR('',#12108,10.);
#3339=VECTOR('',#12109,10.);
#3340=VECTOR('',#12110,10.);
#3341=VECTOR('',#12111,10.);
#3342=VECTOR('',#12112,10.);
#3343=VECTOR('',#12115,10.);
#3344=VECTOR('',#12116,10.);
#3345=VECTOR('',#12123,10.);
#3346=VECTOR('',#12128,10.);
#3347=VECTOR('',#12129,10.);
#3348=VECTOR('',#12132,10.);
#3349=VECTOR('',#12135,10.);
#3350=VECTOR('',#12136,10.);
#3351=VECTOR('',#12139,10.);
#3352=VECTOR('',#12144,10.);
#3353=VECTOR('',#12147,10.);
#3354=VECTOR('',#12150,10.);
#3355=VECTOR('',#12151,10.);
#3356=VECTOR('',#12152,10.);
#3357=VECTOR('',#12155,10.);
#3358=VECTOR('',#12156,10.);
#3359=VECTOR('',#12159,10.);
#3360=VECTOR('',#12160,10.);
#3361=VECTOR('',#12163,10.);
#3362=VECTOR('',#12166,10.);
#3363=VECTOR('',#12167,10.);
#3364=VECTOR('',#12168,10.);
#3365=VECTOR('',#12169,10.);
#3366=VECTOR('',#12172,10.);
#3367=VECTOR('',#12173,10.);
#3368=VECTOR('',#12176,10.);
#3369=VECTOR('',#12179,10.);
#3370=VECTOR('',#12186,10.);
#3371=VECTOR('',#12189,10.);
#3372=VECTOR('',#12192,10.);
#3373=VECTOR('',#12193,10.);
#3374=VECTOR('',#12194,10.);
#3375=VECTOR('',#12195,10.);
#3376=VECTOR('',#12196,10.);
#3377=VECTOR('',#12197,10.);
#3378=VECTOR('',#12198,10.);
#3379=VECTOR('',#12201,10.);
#3380=VECTOR('',#12202,10.);
#3381=VECTOR('',#12203,10.);
#3382=VECTOR('',#12204,10.);
#3383=VECTOR('',#12205,10.);
#3384=VECTOR('',#12206,10.);
#3385=VECTOR('',#12207,10.);
#3386=VECTOR('',#12208,10.);
#3387=VECTOR('',#12213,10.);
#3388=VECTOR('',#12218,10.);
#3389=VECTOR('',#12219,10.);
#3390=VECTOR('',#12220,10.);
#3391=VECTOR('',#12221,10.);
#3392=VECTOR('',#12224,10.);
#3393=VECTOR('',#12225,10.);
#3394=VECTOR('',#12226,10.);
#3395=VECTOR('',#12229,10.);
#3396=VECTOR('',#12230,10.);
#3397=VECTOR('',#12231,10.);
#3398=VECTOR('',#12232,10.);
#3399=VECTOR('',#12233,10.);
#3400=VECTOR('',#12236,10.);
#3401=VECTOR('',#12237,10.);
#3402=VECTOR('',#12238,10.);
#3403=VECTOR('',#12239,10.);
#3404=VECTOR('',#12240,10.);
#3405=VECTOR('',#12243,10.);
#3406=VECTOR('',#12244,10.);
#3407=VECTOR('',#12247,10.);
#3408=VECTOR('',#12248,10.);
#3409=VECTOR('',#12255,10.);
#3410=VECTOR('',#12256,10.);
#3411=VECTOR('',#12257,10.);
#3412=VECTOR('',#12258,10.);
#3413=VECTOR('',#12259,10.);
#3414=VECTOR('',#12260,10.);
#3415=VECTOR('',#12261,10.);
#3416=VECTOR('',#12262,10.);
#3417=VECTOR('',#12263,10.);
#3418=VECTOR('',#12264,10.);
#3419=VECTOR('',#12265,10.);
#3420=VECTOR('',#12266,10.);
#3421=VECTOR('',#12267,10.);
#3422=VECTOR('',#12276,10.);
#3423=VECTOR('',#12277,10.);
#3424=VECTOR('',#12278,10.);
#3425=VECTOR('',#12279,10.);
#3426=VECTOR('',#12280,10.);
#3427=VECTOR('',#12281,10.);
#3428=VECTOR('',#12284,10.);
#3429=VECTOR('',#12285,10.);
#3430=VECTOR('',#12286,10.);
#3431=VECTOR('',#12289,10.);
#3432=VECTOR('',#12290,10.);
#3433=VECTOR('',#12291,10.);
#3434=VECTOR('',#12294,10.);
#3435=VECTOR('',#12295,10.);
#3436=VECTOR('',#12296,10.);
#3437=VECTOR('',#12299,10.);
#3438=VECTOR('',#12302,10.);
#3439=VECTOR('',#12303,10.);
#3440=VECTOR('',#12304,10.);
#3441=VECTOR('',#12307,10.);
#3442=VECTOR('',#12308,10.);
#3443=VECTOR('',#12311,10.);
#3444=VECTOR('',#12312,10.);
#3445=VECTOR('',#12315,10.);
#3446=VECTOR('',#12316,10.);
#3447=VECTOR('',#12319,10.);
#3448=VECTOR('',#12320,10.);
#3449=VECTOR('',#12323,10.);
#3450=VECTOR('',#12326,10.);
#3451=VECTOR('',#12327,10.);
#3452=VECTOR('',#12336,4.);
#3453=VECTOR('',#12343,10.);
#3454=VECTOR('',#12344,10.);
#3455=VECTOR('',#12345,10.);
#3456=VECTOR('',#12346,10.);
#3457=VECTOR('',#12347,10.);
#3458=VECTOR('',#12348,10.);
#3459=VECTOR('',#12349,10.);
#3460=VECTOR('',#12350,10.);
#3461=VECTOR('',#12351,10.);
#3462=VECTOR('',#12352,10.);
#3463=VECTOR('',#12353,10.);
#3464=VECTOR('',#12354,10.);
#3465=VECTOR('',#12357,10.);
#3466=VECTOR('',#12360,10.);
#3467=VECTOR('',#12363,10.);
#3468=VECTOR('',#12366,10.);
#3469=VECTOR('',#12373,10.);
#3470=VECTOR('',#12376,10.);
#3471=VECTOR('',#12379,10.);
#3472=VECTOR('',#12382,10.);
#3473=VECTOR('',#12385,10.);
#3474=VECTOR('',#12386,10.);
#3475=VECTOR('',#12387,10.);
#3476=VECTOR('',#12388,10.);
#3477=VECTOR('',#12397,3.);
#3478=VECTOR('',#12400,10.);
#3479=VECTOR('',#12403,10.);
#3480=VECTOR('',#12408,4.);
#3481=VECTOR('',#12415,3.);
#3482=VECTOR('',#12418,10.);
#3483=VECTOR('',#12421,10.);
#3484=VECTOR('',#12426,4.);
#3485=VECTOR('',#12433,3.);
#3486=VECTOR('',#12438,4.);
#3487=VECTOR('',#12445,3.);
#3488=VECTOR('',#12454,10.);
#3489=VECTOR('',#12459,10.);
#3490=VECTOR('',#12460,10.);
#3491=VECTOR('',#12461,10.);
#3492=VECTOR('',#12462,10.);
#3493=VECTOR('',#12463,10.);
#3494=VECTOR('',#12464,10.);
#3495=VECTOR('',#12465,10.);
#3496=VECTOR('',#12468,10.);
#3497=VECTOR('',#12469,10.);
#3498=VECTOR('',#12470,10.);
#3499=VECTOR('',#12473,10.);
#3500=VECTOR('',#12474,10.);
#3501=VECTOR('',#12475,10.);
#3502=VECTOR('',#12478,10.);
#3503=VECTOR('',#12479,10.);
#3504=VECTOR('',#12480,10.);
#3505=VECTOR('',#12483,10.);
#3506=VECTOR('',#12484,10.);
#3507=VECTOR('',#12485,10.);
#3508=VECTOR('',#12486,10.);
#3509=VECTOR('',#12487,10.);
#3510=VECTOR('',#12488,10.);
#3511=VECTOR('',#12491,10.);
#3512=VECTOR('',#12500,1.875);
#3513=VECTOR('',#12503,1.875);
#3514=VECTOR('',#12506,1.875);
#3515=VECTOR('',#12509,1.875);
#3516=VECTOR('',#12512,10.);
#3517=VECTOR('',#12513,10.);
#3518=VECTOR('',#12516,10.);
#3519=VECTOR('',#12517,10.);
#3520=VECTOR('',#12520,10.);
#3521=VECTOR('',#12523,10.);
#3522=VECTOR('',#12526,10.);
#3523=VECTOR('',#12527,10.);
#3524=VECTOR('',#12530,10.);
#3525=VECTOR('',#12531,10.);
#3526=VECTOR('',#12534,10.);
#3527=VECTOR('',#12537,10.);
#3528=VECTOR('',#12540,10.);
#3529=VECTOR('',#12541,10.);
#3530=VECTOR('',#12544,10.);
#3531=VECTOR('',#12545,10.);
#3532=VECTOR('',#12548,10.);
#3533=VECTOR('',#12551,10.);
#3534=VECTOR('',#12554,10.);
#3535=VECTOR('',#12555,10.);
#3536=VECTOR('',#12558,10.);
#3537=VECTOR('',#12559,10.);
#3538=VECTOR('',#12562,10.);
#3539=VECTOR('',#12565,10.);
#3540=VECTOR('',#12568,10.);
#3541=VECTOR('',#12571,10.);
#3542=VECTOR('',#12580,10.);
#3543=VECTOR('',#12581,10.);
#3544=VECTOR('',#12582,10.);
#3545=VECTOR('',#12585,10.);
#3546=VECTOR('',#12586,10.);
#3547=VECTOR('',#12589,10.);
#3548=VECTOR('',#12590,10.);
#3549=VECTOR('',#12593,10.);
#3550=VECTOR('',#12594,10.);
#3551=VECTOR('',#12597,10.);
#3552=VECTOR('',#12614,4.25);
#3553=VECTOR('',#12617,3.25);
#3554=VECTOR('',#12634,4.25);
#3555=VECTOR('',#12637,3.25);
#3556=VECTOR('',#12640,10.);
#3557=VECTOR('',#12643,10.);
#3558=VECTOR('',#12646,10.);
#3559=VECTOR('',#12649,10.);
#3560=VECTOR('',#12654,10.);
#3561=VECTOR('',#12655,10.);
#3562=VECTOR('',#12658,10.);
#3563=VECTOR('',#12659,10.);
#3564=VECTOR('',#12660,10.);
#3565=VECTOR('',#12663,10.);
#3566=VECTOR('',#12664,10.);
#3567=VECTOR('',#12667,10.);
#3568=VECTOR('',#12668,10.);
#3569=VECTOR('',#12669,10.);
#3570=VECTOR('',#12670,10.);
#3571=VECTOR('',#12671,10.);
#3572=VECTOR('',#12674,10.);
#3573=VECTOR('',#12675,10.);
#3574=VECTOR('',#12676,10.);
#3575=VECTOR('',#12677,10.);
#3576=VECTOR('',#12680,10.);
#3577=VECTOR('',#12681,10.);
#3578=VECTOR('',#12682,10.);
#3579=VECTOR('',#12685,10.);
#3580=VECTOR('',#12686,10.);
#3581=VECTOR('',#12687,10.);
#3582=VECTOR('',#12690,10.);
#3583=VECTOR('',#12691,10.);
#3584=VECTOR('',#12692,10.);
#3585=VECTOR('',#12695,10.);
#3586=VECTOR('',#12696,10.);
#3587=VECTOR('',#12697,10.);
#3588=VECTOR('',#12700,10.);
#3589=VECTOR('',#12701,10.);
#3590=VECTOR('',#12704,10.);
#3591=VECTOR('',#12705,10.);
#3592=VECTOR('',#12706,10.);
#3593=VECTOR('',#12709,10.);
#3594=VECTOR('',#12712,10.);
#3595=VECTOR('',#12713,10.);
#3596=VECTOR('',#12714,10.);
#3597=VECTOR('',#12717,10.);
#3598=VECTOR('',#12718,10.);
#3599=VECTOR('',#12721,10.);
#3600=VECTOR('',#12722,10.);
#3601=VECTOR('',#12725,10.);
#3602=VECTOR('',#12726,10.);
#3603=VECTOR('',#12729,10.);
#3604=VECTOR('',#12730,10.);
#3605=VECTOR('',#12733,10.);
#3606=VECTOR('',#12736,10.);
#3607=VECTOR('',#12737,10.);
#3608=VECTOR('',#12740,10.);
#3609=VECTOR('',#12741,10.);
#3610=VECTOR('',#12744,10.);
#3611=VECTOR('',#12745,10.);
#3612=VECTOR('',#12748,10.);
#3613=VECTOR('',#12751,10.);
#3614=VECTOR('',#12752,10.);
#3615=VECTOR('',#12755,10.);
#3616=VECTOR('',#12758,10.);
#3617=VECTOR('',#12761,10.);
#3618=VECTOR('',#12764,10.);
#3619=VECTOR('',#12767,10.);
#3620=VECTOR('',#12770,10.);
#3621=VECTOR('',#12771,10.);
#3622=VECTOR('',#12776,10.);
#3623=VECTOR('',#12785,10.);
#3624=VECTOR('',#12788,10.);
#3625=VECTOR('',#12825,10.);
#3626=VECTOR('',#12826,10.);
#3627=VECTOR('',#12827,10.);
#3628=VECTOR('',#12828,10.);
#3629=VECTOR('',#12829,10.);
#3630=VECTOR('',#12830,10.);
#3631=VECTOR('',#12831,10.);
#3632=VECTOR('',#12832,10.);
#3633=VECTOR('',#12833,10.);
#3634=VECTOR('',#12834,10.);
#3635=VECTOR('',#12835,10.);
#3636=VECTOR('',#12836,10.);
#3637=VECTOR('',#12839,10.);
#3638=VECTOR('',#12840,10.);
#3639=VECTOR('',#12841,10.);
#3640=VECTOR('',#12842,10.);
#3641=VECTOR('',#12849,3.25);
#3642=VECTOR('',#12852,10.);
#3643=VECTOR('',#12853,10.);
#3644=VECTOR('',#12854,10.);
#3645=VECTOR('',#12855,10.);
#3646=VECTOR('',#12858,10.);
#3647=VECTOR('',#12859,10.);
#3648=VECTOR('',#12860,10.);
#3649=VECTOR('',#12863,10.);
#3650=VECTOR('',#12864,10.);
#3651=VECTOR('',#12865,10.);
#3652=VECTOR('',#12868,10.);
#3653=VECTOR('',#12869,10.);
#3654=VECTOR('',#12870,10.);
#3655=VECTOR('',#12871,10.);
#3656=VECTOR('',#12872,10.);
#3657=VECTOR('',#12873,10.);
#3658=VECTOR('',#12874,10.);
#3659=VECTOR('',#12875,10.);
#3660=VECTOR('',#12876,10.);
#3661=VECTOR('',#12877,10.);
#3662=VECTOR('',#12878,10.);
#3663=VECTOR('',#12879,10.);
#3664=VECTOR('',#12880,10.);
#3665=VECTOR('',#12881,10.);
#3666=VECTOR('',#12882,10.);
#3667=VECTOR('',#12883,10.);
#3668=VECTOR('',#12884,10.);
#3669=VECTOR('',#12885,10.);
#3670=VECTOR('',#12886,10.);
#3671=VECTOR('',#12887,10.);
#3672=VECTOR('',#12888,10.);
#3673=VECTOR('',#12889,10.);
#3674=VECTOR('',#12892,10.);
#3675=VECTOR('',#12895,10.);
#3676=VECTOR('',#12898,10.);
#3677=VECTOR('',#12901,10.);
#3678=VECTOR('',#12904,10.);
#3679=VECTOR('',#12907,10.);
#3680=VECTOR('',#12910,10.);
#3681=VECTOR('',#12913,10.);
#3682=VECTOR('',#12916,10.);
#3683=VECTOR('',#12919,10.);
#3684=VECTOR('',#12922,10.);
#3685=VECTOR('',#12925,10.);
#3686=VECTOR('',#12926,10.);
#3687=VECTOR('',#12929,10.);
#3688=VECTOR('',#12932,10.);
#3689=VECTOR('',#12933,10.);
#3690=VECTOR('',#12934,10.);
#3691=VECTOR('',#12935,10.);
#3692=VECTOR('',#12938,10.);
#3693=VECTOR('',#12941,10.);
#3694=VECTOR('',#12944,10.);
#3695=VECTOR('',#12945,10.);
#3696=VECTOR('',#12948,10.);
#3697=VECTOR('',#12953,10.);
#3698=VECTOR('',#12954,10.);
#3699=VECTOR('',#12957,10.);
#3700=VECTOR('',#12958,10.);
#3701=VECTOR('',#12959,10.);
#3702=VECTOR('',#12960,10.);
#3703=VECTOR('',#12961,10.);
#3704=VECTOR('',#12964,10.);
#3705=VECTOR('',#12965,10.);
#3706=VECTOR('',#12966,10.);
#3707=VECTOR('',#12967,10.);
#3708=VECTOR('',#12968,10.);
#3709=VECTOR('',#12971,10.);
#3710=VECTOR('',#12972,10.);
#3711=VECTOR('',#12973,10.);
#3712=VECTOR('',#12976,10.);
#3713=VECTOR('',#12977,10.);
#3714=VECTOR('',#12978,10.);
#3715=VECTOR('',#12981,10.);
#3716=VECTOR('',#12982,10.);
#3717=VECTOR('',#12985,10.);
#3718=VECTOR('',#12986,10.);
#3719=VECTOR('',#12989,10.);
#3720=VECTOR('',#12990,10.);
#3721=VECTOR('',#12993,10.);
#3722=VECTOR('',#12996,10.);
#3723=VECTOR('',#12997,10.);
#3724=VECTOR('',#12998,10.);
#3725=VECTOR('',#13001,10.);
#3726=VECTOR('',#13002,10.);
#3727=VECTOR('',#13005,10.);
#3728=VECTOR('',#13006,10.);
#3729=VECTOR('',#13007,10.);
#3730=VECTOR('',#13008,10.);
#3731=VECTOR('',#13009,10.);
#3732=VECTOR('',#13010,10.);
#3733=VECTOR('',#13011,10.);
#3734=VECTOR('',#13012,10.);
#3735=VECTOR('',#13013,10.);
#3736=VECTOR('',#13014,10.);
#3737=VECTOR('',#13015,10.);
#3738=VECTOR('',#13018,10.);
#3739=VECTOR('',#13019,10.);
#3740=VECTOR('',#13020,10.);
#3741=VECTOR('',#13023,10.);
#3742=VECTOR('',#13024,10.);
#3743=VECTOR('',#13025,10.);
#3744=VECTOR('',#13026,10.);
#3745=VECTOR('',#13027,10.);
#3746=VECTOR('',#13028,10.);
#3747=VECTOR('',#13029,10.);
#3748=VECTOR('',#13030,10.);
#3749=VECTOR('',#13031,10.);
#3750=VECTOR('',#13032,10.);
#3751=VECTOR('',#13033,10.);
#3752=VECTOR('',#13036,10.);
#3753=VECTOR('',#13037,10.);
#3754=VECTOR('',#13038,10.);
#3755=VECTOR('',#13039,10.);
#3756=VECTOR('',#13042,10.);
#3757=VECTOR('',#13043,10.);
#3758=VECTOR('',#13044,10.);
#3759=VECTOR('',#13047,10.);
#3760=VECTOR('',#13048,10.);
#3761=VECTOR('',#13049,10.);
#3762=VECTOR('',#13052,10.);
#3763=VECTOR('',#13053,10.);
#3764=VECTOR('',#13054,10.);
#3765=VECTOR('',#13055,10.);
#3766=VECTOR('',#13056,10.);
#3767=VECTOR('',#13057,10.);
#3768=VECTOR('',#13060,10.);
#3769=VECTOR('',#13061,10.);
#3770=VECTOR('',#13062,10.);
#3771=VECTOR('',#13063,10.);
#3772=VECTOR('',#13064,10.);
#3773=VECTOR('',#13065,10.);
#3774=VECTOR('',#13066,10.);
#3775=VECTOR('',#13067,10.);
#3776=VECTOR('',#13068,10.);
#3777=VECTOR('',#13069,10.);
#3778=VECTOR('',#13070,10.);
#3779=VECTOR('',#13071,10.);
#3780=VECTOR('',#13074,10.);
#3781=VECTOR('',#13075,10.);
#3782=VECTOR('',#13078,10.);
#3783=VECTOR('',#13079,10.);
#3784=VECTOR('',#13082,10.);
#3785=VECTOR('',#13083,10.);
#3786=VECTOR('',#13086,10.);
#3787=VECTOR('',#13087,10.);
#3788=VECTOR('',#13088,10.);
#3789=VECTOR('',#13089,10.);
#3790=VECTOR('',#13090,10.);
#3791=VECTOR('',#13091,10.);
#3792=VECTOR('',#13092,10.);
#3793=VECTOR('',#13093,10.);
#3794=VECTOR('',#13094,10.);
#3795=VECTOR('',#13097,10.);
#3796=VECTOR('',#13098,10.);
#3797=VECTOR('',#13099,10.);
#3798=VECTOR('',#13100,10.);
#3799=VECTOR('',#13103,10.);
#3800=VECTOR('',#13104,10.);
#3801=VECTOR('',#13107,10.);
#3802=VECTOR('',#13108,10.);
#3803=VECTOR('',#13111,10.);
#3804=VECTOR('',#13112,10.);
#3805=VECTOR('',#13113,10.);
#3806=VECTOR('',#13114,10.);
#3807=VECTOR('',#13117,10.);
#3808=VECTOR('',#13118,10.);
#3809=VECTOR('',#13119,10.);
#3810=VECTOR('',#13120,10.);
#3811=VECTOR('',#13127,10.);
#3812=VECTOR('',#13130,10.);
#3813=VECTOR('',#13131,10.);
#3814=VECTOR('',#13132,10.);
#3815=VECTOR('',#13141,10.);
#3816=VECTOR('',#13142,10.);
#3817=VECTOR('',#13143,10.);
#3818=VECTOR('',#13144,10.);
#3819=VECTOR('',#13151,10.);
#3820=VECTOR('',#13154,10.);
#3821=VECTOR('',#13155,10.);
#3822=VECTOR('',#13156,10.);
#3823=VECTOR('',#13165,10.);
#3824=VECTOR('',#13166,10.);
#3825=VECTOR('',#13167,10.);
#3826=VECTOR('',#13168,10.);
#3827=VECTOR('',#13175,10.);
#3828=VECTOR('',#13178,10.);
#3829=VECTOR('',#13179,10.);
#3830=VECTOR('',#13180,10.);
#3831=VECTOR('',#13189,10.);
#3832=VECTOR('',#13190,10.);
#3833=VECTOR('',#13191,10.);
#3834=VECTOR('',#13194,10.);
#3835=VECTOR('',#13195,10.);
#3836=VECTOR('',#13198,10.);
#3837=VECTOR('',#13199,10.);
#3838=VECTOR('',#13202,10.);
#3839=VECTOR('',#13203,10.);
#3840=VECTOR('',#13204,10.);
#3841=VECTOR('',#13207,10.);
#3842=VECTOR('',#13208,10.);
#3843=VECTOR('',#13209,10.);
#3844=VECTOR('',#13212,10.);
#3845=VECTOR('',#13213,10.);
#3846=VECTOR('',#13218,10.);
#3847=VECTOR('',#13221,10.);
#3848=VECTOR('',#13226,10.);
#3849=VECTOR('',#13229,10.);
#3850=VECTOR('',#13232,10.);
#3851=VECTOR('',#13233,10.);
#3852=VECTOR('',#13234,10.);
#3853=VECTOR('',#13237,10.);
#3854=VECTOR('',#13242,10.);
#3855=VECTOR('',#13243,10.);
#3856=VECTOR('',#13244,10.);
#3857=VECTOR('',#13247,10.);
#3858=VECTOR('',#13252,10.);
#3859=VECTOR('',#13255,10.);
#3860=VECTOR('',#13256,10.);
#3861=VECTOR('',#13259,10.);
#3862=VECTOR('',#13262,10.);
#3863=VECTOR('',#13263,10.);
#3864=VECTOR('',#13264,10.);
#3865=VECTOR('',#13267,10.);
#3866=VECTOR('',#13268,10.);
#3867=VECTOR('',#13271,10.);
#3868=VECTOR('',#13272,10.);
#3869=VECTOR('',#13273,10.);
#3870=VECTOR('',#13274,10.);
#3871=VECTOR('',#13279,10.);
#3872=VECTOR('',#13280,10.);
#3873=VECTOR('',#13283,10.);
#3874=VECTOR('',#13284,10.);
#3875=VECTOR('',#13285,10.);
#3876=VECTOR('',#13286,10.);
#3877=VECTOR('',#13287,10.);
#3878=VECTOR('',#13290,10.);
#3879=VECTOR('',#13291,10.);
#3880=VECTOR('',#13294,10.);
#3881=VECTOR('',#13295,10.);
#3882=VECTOR('',#13296,10.);
#3883=VECTOR('',#13297,10.);
#3884=VECTOR('',#13300,10.);
#3885=VECTOR('',#13307,10.);
#3886=VECTOR('',#13308,10.);
#3887=VECTOR('',#13309,10.);
#3888=VECTOR('',#13318,10.);
#3889=VECTOR('',#13319,10.);
#3890=VECTOR('',#13322,10.);
#3891=VECTOR('',#13325,10.);
#3892=VECTOR('',#13326,10.);
#3893=VECTOR('',#13327,10.);
#3894=VECTOR('',#13328,10.);
#3895=VECTOR('',#13329,10.);
#3896=VECTOR('',#13330,10.);
#3897=VECTOR('',#13331,10.);
#3898=VECTOR('',#13332,10.);
#3899=VECTOR('',#13333,10.);
#3900=VECTOR('',#13336,10.);
#3901=VECTOR('',#13339,10.);
#3902=VECTOR('',#13342,10.);
#3903=VECTOR('',#13345,10.);
#3904=VECTOR('',#13348,10.);
#3905=VECTOR('',#13351,10.);
#3906=VECTOR('',#13354,10.);
#3907=VECTOR('',#13357,10.);
#3908=VECTOR('',#13360,10.);
#3909=VECTOR('',#13363,10.);
#3910=VECTOR('',#13366,10.);
#3911=VECTOR('',#13369,10.);
#3912=VECTOR('',#13372,10.);
#3913=VECTOR('',#13375,10.);
#3914=VECTOR('',#13378,10.);
#3915=VECTOR('',#13383,10.);
#3916=VECTOR('',#13384,10.);
#3917=VECTOR('',#13385,10.);
#3918=VECTOR('',#13388,10.);
#3919=VECTOR('',#13393,10.);
#3920=VECTOR('',#13394,10.);
#3921=VECTOR('',#13401,10.);
#3922=VECTOR('',#13402,10.);
#3923=VECTOR('',#13405,10.);
#3924=VECTOR('',#13408,10.);
#3925=VECTOR('',#13409,10.);
#3926=VECTOR('',#13410,10.);
#3927=VECTOR('',#13413,10.);
#3928=VECTOR('',#13418,10.);
#3929=VECTOR('',#13419,10.);
#3930=VECTOR('',#13426,10.);
#3931=VECTOR('',#13427,10.);
#3932=VECTOR('',#13430,10.);
#3933=VECTOR('',#13433,10.);
#3934=VECTOR('',#13434,10.);
#3935=VECTOR('',#13435,10.);
#3936=VECTOR('',#13438,10.);
#3937=VECTOR('',#13443,10.);
#3938=VECTOR('',#13444,10.);
#3939=VECTOR('',#13451,10.);
#3940=VECTOR('',#13452,10.);
#3941=VECTOR('',#13455,10.);
#3942=VECTOR('',#13458,10.);
#3943=VECTOR('',#13459,10.);
#3944=VECTOR('',#13460,10.);
#3945=VECTOR('',#13463,10.);
#3946=VECTOR('',#13468,10.);
#3947=VECTOR('',#13469,10.);
#3948=VECTOR('',#13476,10.);
#3949=VECTOR('',#13477,10.);
#3950=VECTOR('',#13480,10.);
#3951=VECTOR('',#13483,10.);
#3952=VECTOR('',#13484,10.);
#3953=VECTOR('',#13485,10.);
#3954=VECTOR('',#13488,10.);
#3955=VECTOR('',#13493,10.);
#3956=VECTOR('',#13494,10.);
#3957=VECTOR('',#13501,10.);
#3958=VECTOR('',#13502,10.);
#3959=VECTOR('',#13505,10.);
#3960=VECTOR('',#13508,10.);
#3961=VECTOR('',#13509,10.);
#3962=VECTOR('',#13510,10.);
#3963=VECTOR('',#13513,10.);
#3964=VECTOR('',#13518,10.);
#3965=VECTOR('',#13519,10.);
#3966=VECTOR('',#13526,10.);
#3967=VECTOR('',#13527,10.);
#3968=VECTOR('',#13530,10.);
#3969=VECTOR('',#13533,10.);
#3970=VECTOR('',#13534,10.);
#3971=VECTOR('',#13535,10.);
#3972=VECTOR('',#13538,10.);
#3973=VECTOR('',#13543,10.);
#3974=VECTOR('',#13544,10.);
#3975=VECTOR('',#13549,10.);
#3976=VECTOR('',#13550,10.);
#3977=VECTOR('',#13555,10.);
#3978=VECTOR('',#13556,10.);
#3979=VECTOR('',#13557,10.);
#3980=VECTOR('',#13560,10.);
#3981=VECTOR('',#13565,10.);
#3982=VECTOR('',#13570,10.);
#3983=VECTOR('',#13575,10.);
#3984=VECTOR('',#13576,10.);
#3985=VECTOR('',#13579,10.);
#3986=VECTOR('',#13584,10.);
#3987=VECTOR('',#13585,10.);
#3988=VECTOR('',#13588,10.);
#3989=VECTOR('',#13589,10.);
#3990=VECTOR('',#13592,10.);
#3991=VECTOR('',#13593,10.);
#3992=VECTOR('',#13596,10.);
#3993=VECTOR('',#13601,10.);
#3994=VECTOR('',#13606,10.);
#3995=VECTOR('',#13611,10.);
#3996=VECTOR('',#13616,10.);
#3997=VECTOR('',#13621,10.);
#3998=VECTOR('',#13626,10.);
#3999=VECTOR('',#13633,10.);
#4000=VECTOR('',#13634,10.);
#4001=VECTOR('',#13635,10.);
#4002=VECTOR('',#13638,10.);
#4003=VECTOR('',#13639,10.);
#4004=VECTOR('',#13642,10.);
#4005=VECTOR('',#13647,10.);
#4006=VECTOR('',#13648,10.);
#4007=VECTOR('',#13653,10.);
#4008=VECTOR('',#13654,10.);
#4009=VECTOR('',#13655,10.);
#4010=VECTOR('',#13656,10.);
#4011=VECTOR('',#13657,10.);
#4012=VECTOR('',#13660,10.);
#4013=VECTOR('',#13661,10.);
#4014=VECTOR('',#13662,10.);
#4015=VECTOR('',#13665,10.);
#4016=VECTOR('',#13666,10.);
#4017=VECTOR('',#13667,10.);
#4018=VECTOR('',#13670,10.);
#4019=VECTOR('',#13671,10.);
#4020=VECTOR('',#13672,10.);
#4021=VECTOR('',#13675,10.);
#4022=VECTOR('',#13676,10.);
#4023=VECTOR('',#13679,10.);
#4024=VECTOR('',#13682,10.);
#4025=VECTOR('',#13683,10.);
#4026=VECTOR('',#13686,10.);
#4027=VECTOR('',#13687,10.);
#4028=VECTOR('',#13690,10.);
#4029=VECTOR('',#13691,10.);
#4030=VECTOR('',#13694,10.);
#4031=VECTOR('',#13697,10.);
#4032=VECTOR('',#13698,10.);
#4033=VECTOR('',#13701,10.);
#4034=VECTOR('',#13702,10.);
#4035=VECTOR('',#13705,10.);
#4036=VECTOR('',#13706,10.);
#4037=VECTOR('',#13707,10.);
#4038=VECTOR('',#13710,10.);
#4039=VECTOR('',#13711,10.);
#4040=VECTOR('',#13714,10.);
#4041=VECTOR('',#13715,10.);
#4042=VECTOR('',#13718,10.);
#4043=VECTOR('',#13719,10.);
#4044=VECTOR('',#13722,10.);
#4045=VECTOR('',#13725,10.);
#4046=VECTOR('',#13732,10.);
#4047=VECTOR('',#13733,10.);
#4048=VECTOR('',#13736,10.);
#4049=VECTOR('',#13737,10.);
#4050=VECTOR('',#13738,10.);
#4051=VECTOR('',#13741,10.);
#4052=VECTOR('',#13748,10.);
#4053=VECTOR('',#13749,10.);
#4054=VECTOR('',#13752,10.);
#4055=VECTOR('',#13757,10.);
#4056=VECTOR('',#13770,10.);
#4057=VECTOR('',#13771,10.);
#4058=VECTOR('',#13772,10.);
#4059=VECTOR('',#13773,10.);
#4060=VECTOR('',#13776,10.);
#4061=VECTOR('',#13777,10.);
#4062=VECTOR('',#13778,10.);
#4063=VECTOR('',#13783,10.);
#4064=VECTOR('',#13786,10.);
#4065=VECTOR('',#13787,10.);
#4066=VECTOR('',#13788,10.);
#4067=VECTOR('',#13789,10.);
#4068=VECTOR('',#13790,10.);
#4069=VECTOR('',#13793,10.);
#4070=VECTOR('',#13796,10.);
#4071=VECTOR('',#13799,10.);
#4072=VECTOR('',#13806,10.);
#4073=VECTOR('',#13811,10.);
#4074=VECTOR('',#13818,10.);
#4075=VECTOR('',#13819,10.);
#4076=VECTOR('',#13822,10.);
#4077=VECTOR('',#13823,10.);
#4078=VECTOR('',#13832,10.);
#4079=VECTOR('',#13839,10.);
#4080=VECTOR('',#13842,10.);
#4081=VECTOR('',#13843,10.);
#4082=VECTOR('',#13844,10.);
#4083=VECTOR('',#13849,10.);
#4084=VECTOR('',#13852,10.);
#4085=VECTOR('',#13859,10.);
#4086=VECTOR('',#13862,10.);
#4087=VECTOR('',#13867,10.);
#4088=VECTOR('',#13868,10.);
#4089=VECTOR('',#13873,10.);
#4090=VECTOR('',#13876,10.);
#4091=VECTOR('',#13883,10.);
#4092=VECTOR('',#13886,10.);
#4093=VECTOR('',#13887,10.);
#4094=VECTOR('',#13892,10.);
#4095=VECTOR('',#13895,10.);
#4096=VECTOR('',#13896,10.);
#4097=VECTOR('',#13899,10.);
#4098=VECTOR('',#13902,10.);
#4099=VECTOR('',#13903,10.);
#4100=VECTOR('',#13904,10.);
#4101=VECTOR('',#13907,10.);
#4102=VECTOR('',#13908,10.);
#4103=VECTOR('',#13909,10.);
#4104=VECTOR('',#13912,10.);
#4105=VECTOR('',#13913,10.);
#4106=VECTOR('',#13916,10.);
#4107=VECTOR('',#13917,10.);
#4108=VECTOR('',#13920,10.);
#4109=VECTOR('',#13923,10.);
#4110=VECTOR('',#13926,10.);
#4111=VECTOR('',#13927,10.);
#4112=VECTOR('',#13928,10.);
#4113=VECTOR('',#13929,10.);
#4114=VECTOR('',#13932,10.);
#4115=VECTOR('',#13935,10.);
#4116=VECTOR('',#13938,10.);
#4117=VECTOR('',#13943,10.);
#4118=VECTOR('',#13944,10.);
#4119=VECTOR('',#13947,10.);
#4120=VECTOR('',#13950,10.);
#4121=VECTOR('',#13951,10.);
#4122=VECTOR('',#13954,10.);
#4123=VECTOR('',#13957,10.);
#4124=VECTOR('',#13958,10.);
#4125=VECTOR('',#13961,10.);
#4126=VECTOR('',#13964,10.);
#4127=VECTOR('',#13965,10.);
#4128=VECTOR('',#13968,10.);
#4129=VECTOR('',#13971,10.);
#4130=VECTOR('',#13972,10.);
#4131=VECTOR('',#13975,10.);
#4132=VECTOR('',#13978,10.);
#4133=VECTOR('',#13981,10.);
#4134=VECTOR('',#13984,10.);
#4135=VECTOR('',#13987,10.);
#4136=VECTOR('',#13988,10.);
#4137=VECTOR('',#13991,10.);
#4138=VECTOR('',#13992,10.);
#4139=VECTOR('',#14001,10.);
#4140=VECTOR('',#14002,10.);
#4141=VECTOR('',#14003,10.);
#4142=VECTOR('',#14004,10.);
#4143=VECTOR('',#14005,10.);
#4144=VECTOR('',#14006,10.);
#4145=VECTOR('',#14007,10.);
#4146=VECTOR('',#14008,10.);
#4147=VECTOR('',#14009,10.);
#4148=VECTOR('',#14012,10.);
#4149=VECTOR('',#14013,10.);
#4150=VECTOR('',#14014,10.);
#4151=VECTOR('',#14015,10.);
#4152=VECTOR('',#14016,10.);
#4153=VECTOR('',#14017,10.);
#4154=VECTOR('',#14018,10.);
#4155=VECTOR('',#14019,10.);
#4156=VECTOR('',#14020,10.);
#4157=VECTOR('',#14021,10.);
#4158=VECTOR('',#14022,10.);
#4159=VECTOR('',#14023,10.);
#4160=VECTOR('',#14024,10.);
#4161=VECTOR('',#14025,10.);
#4162=VECTOR('',#14026,10.);
#4163=VECTOR('',#14029,10.);
#4164=VECTOR('',#14030,10.);
#4165=VECTOR('',#14031,10.);
#4166=VECTOR('',#14032,10.);
#4167=VECTOR('',#14033,10.);
#4168=VECTOR('',#14034,10.);
#4169=VECTOR('',#14035,10.);
#4170=VECTOR('',#14036,10.);
#4171=VECTOR('',#14037,10.);
#4172=VECTOR('',#14038,10.);
#4173=VECTOR('',#14039,10.);
#4174=VECTOR('',#14040,10.);
#4175=VECTOR('',#14041,10.);
#4176=VECTOR('',#14042,10.);
#4177=VECTOR('',#14043,10.);
#4178=VECTOR('',#14046,10.);
#4179=VECTOR('',#14047,10.);
#4180=VECTOR('',#14050,10.);
#4181=VECTOR('',#14051,10.);
#4182=VECTOR('',#14052,10.);
#4183=VECTOR('',#14053,10.);
#4184=VECTOR('',#14056,10.);
#4185=VECTOR('',#14057,10.);
#4186=VECTOR('',#14060,10.);
#4187=VECTOR('',#14061,10.);
#4188=VECTOR('',#14062,10.);
#4189=VECTOR('',#14065,10.);
#4190=VECTOR('',#14066,10.);
#4191=VECTOR('',#14067,10.);
#4192=VECTOR('',#14068,10.);
#4193=VECTOR('',#14069,10.);
#4194=VECTOR('',#14070,10.);
#4195=VECTOR('',#14071,10.);
#4196=VECTOR('',#14072,10.);
#4197=VECTOR('',#14073,10.);
#4198=VECTOR('',#14076,10.);
#4199=VECTOR('',#14077,10.);
#4200=VECTOR('',#14078,10.);
#4201=VECTOR('',#14079,10.);
#4202=VECTOR('',#14080,10.);
#4203=VECTOR('',#14081,10.);
#4204=VECTOR('',#14082,10.);
#4205=VECTOR('',#14083,10.);
#4206=VECTOR('',#14086,10.);
#4207=VECTOR('',#14087,10.);
#4208=VECTOR('',#14088,10.);
#4209=VECTOR('',#14089,10.);
#4210=VECTOR('',#14090,10.);
#4211=VECTOR('',#14091,10.);
#4212=VECTOR('',#14092,10.);
#4213=VECTOR('',#14095,10.);
#4214=VECTOR('',#14096,10.);
#4215=VECTOR('',#14097,10.);
#4216=VECTOR('',#14098,10.);
#4217=VECTOR('',#14101,10.);
#4218=VECTOR('',#14102,10.);
#4219=VECTOR('',#14103,10.);
#4220=VECTOR('',#14106,10.);
#4221=VECTOR('',#14107,10.);
#4222=VECTOR('',#14108,10.);
#4223=VECTOR('',#14109,10.);
#4224=VECTOR('',#14110,10.);
#4225=VECTOR('',#14111,10.);
#4226=VECTOR('',#14112,10.);
#4227=VECTOR('',#14113,10.);
#4228=VECTOR('',#14114,10.);
#4229=VECTOR('',#14115,10.);
#4230=VECTOR('',#14116,10.);
#4231=VECTOR('',#14117,10.);
#4232=VECTOR('',#14118,10.);
#4233=VECTOR('',#14119,10.);
#4234=VECTOR('',#14122,10.);
#4235=VECTOR('',#14123,10.);
#4236=VECTOR('',#14124,10.);
#4237=VECTOR('',#14127,10.);
#4238=VECTOR('',#14128,10.);
#4239=VECTOR('',#14131,10.);
#4240=VECTOR('',#14132,10.);
#4241=VECTOR('',#14133,10.);
#4242=VECTOR('',#14134,10.);
#4243=VECTOR('',#14137,10.);
#4244=VECTOR('',#14138,10.);
#4245=VECTOR('',#14139,10.);
#4246=VECTOR('',#14140,10.);
#4247=VECTOR('',#14141,10.);
#4248=VECTOR('',#14142,10.);
#4249=VECTOR('',#14143,10.);
#4250=VECTOR('',#14144,10.);
#4251=VECTOR('',#14147,10.);
#4252=VECTOR('',#14148,10.);
#4253=VECTOR('',#14149,10.);
#4254=VECTOR('',#14152,10.);
#4255=VECTOR('',#14153,10.);
#4256=VECTOR('',#14154,10.);
#4257=VECTOR('',#14155,10.);
#4258=VECTOR('',#14156,10.);
#4259=VECTOR('',#14157,10.);
#4260=VECTOR('',#14160,10.);
#4261=VECTOR('',#14161,10.);
#4262=VECTOR('',#14162,10.);
#4263=VECTOR('',#14163,10.);
#4264=VECTOR('',#14166,10.);
#4265=VECTOR('',#14167,10.);
#4266=VECTOR('',#14168,10.);
#4267=VECTOR('',#14169,10.);
#4268=VECTOR('',#14170,10.);
#4269=VECTOR('',#14171,10.);
#4270=VECTOR('',#14172,10.);
#4271=VECTOR('',#14173,10.);
#4272=VECTOR('',#14176,10.);
#4273=VECTOR('',#14177,10.);
#4274=VECTOR('',#14180,10.);
#4275=VECTOR('',#14181,10.);
#4276=VECTOR('',#14182,10.);
#4277=VECTOR('',#14183,10.);
#4278=VECTOR('',#14186,10.);
#4279=VECTOR('',#14187,10.);
#4280=VECTOR('',#14190,10.);
#4281=VECTOR('',#14191,10.);
#4282=VECTOR('',#14192,10.);
#4283=VECTOR('',#14193,10.);
#4284=VECTOR('',#14194,10.);
#4285=VECTOR('',#14195,10.);
#4286=VECTOR('',#14196,10.);
#4287=VECTOR('',#14197,10.);
#4288=VECTOR('',#14198,10.);
#4289=VECTOR('',#14199,10.);
#4290=VECTOR('',#14200,10.);
#4291=VECTOR('',#14201,10.);
#4292=VECTOR('',#14204,10.);
#4293=VECTOR('',#14205,10.);
#4294=VECTOR('',#14206,10.);
#4295=VECTOR('',#14207,10.);
#4296=VECTOR('',#14208,10.);
#4297=VECTOR('',#14209,10.);
#4298=VECTOR('',#14210,10.);
#4299=VECTOR('',#14211,10.);
#4300=VECTOR('',#14212,10.);
#4301=VECTOR('',#14213,10.);
#4302=VECTOR('',#14214,10.);
#4303=VECTOR('',#14217,10.);
#4304=VECTOR('',#14220,10.);
#4305=VECTOR('',#14223,10.);
#4306=VECTOR('',#14226,10.);
#4307=VECTOR('',#14229,10.);
#4308=VECTOR('',#14232,10.);
#4309=VECTOR('',#14235,10.);
#4310=VECTOR('',#14236,10.);
#4311=VECTOR('',#14239,10.);
#4312=VECTOR('',#14242,10.);
#4313=VECTOR('',#14245,10.);
#4314=VECTOR('',#14248,10.);
#4315=VECTOR('',#14251,10.);
#4316=VECTOR('',#14252,10.);
#4317=VECTOR('',#14253,10.);
#4318=VECTOR('',#14254,10.);
#4319=VECTOR('',#14257,10.);
#4320=VECTOR('',#14258,10.);
#4321=VECTOR('',#14261,10.);
#4322=VECTOR('',#14262,10.);
#4323=VECTOR('',#14263,10.);
#4324=VECTOR('',#14264,10.);
#4325=VECTOR('',#14267,10.);
#4326=VECTOR('',#14268,10.);
#4327=VECTOR('',#14271,10.);
#4328=VECTOR('',#14272,10.);
#4329=VECTOR('',#14273,10.);
#4330=VECTOR('',#14276,10.);
#4331=VECTOR('',#14277,10.);
#4332=VECTOR('',#14278,10.);
#4333=VECTOR('',#14283,10.);
#4334=VECTOR('',#14286,10.);
#4335=VECTOR('',#14287,10.);
#4336=VECTOR('',#14290,10.);
#4337=VECTOR('',#14293,10.);
#4338=VECTOR('',#14296,10.);
#4339=VECTOR('',#14297,10.);
#4340=VECTOR('',#14298,10.);
#4341=VECTOR('',#14301,10.);
#4342=VECTOR('',#14302,10.);
#4343=VECTOR('',#14305,10.);
#4344=VECTOR('',#14306,10.);
#4345=VECTOR('',#14309,10.);
#4346=VECTOR('',#14310,10.);
#4347=VECTOR('',#14311,10.);
#4348=VECTOR('',#14314,10.);
#4349=VECTOR('',#14315,10.);
#4350=VECTOR('',#14316,10.);
#4351=VECTOR('',#14319,10.);
#4352=VECTOR('',#14320,10.);
#4353=VECTOR('',#14323,10.);
#4354=VECTOR('',#14324,10.);
#4355=VECTOR('',#14327,10.);
#4356=VECTOR('',#14328,10.);
#4357=VECTOR('',#14331,10.);
#4358=VECTOR('',#14334,10.);
#4359=VECTOR('',#14335,10.);
#4360=VECTOR('',#14336,10.);
#4361=VECTOR('',#14339,10.);
#4362=VECTOR('',#14340,10.);
#4363=VECTOR('',#14343,10.);
#4364=VECTOR('',#14344,10.);
#4365=VECTOR('',#14347,10.);
#4366=VECTOR('',#14350,10.);
#4367=VECTOR('',#14351,10.);
#4368=VECTOR('',#14354,10.);
#4369=VECTOR('',#14357,10.);
#4370=VECTOR('',#14358,10.);
#4371=VECTOR('',#14361,10.);
#4372=VECTOR('',#14362,10.);
#4373=VECTOR('',#14365,10.);
#4374=VECTOR('',#14368,10.);
#4375=VECTOR('',#14369,10.);
#4376=VECTOR('',#14370,10.);
#4377=VECTOR('',#14373,10.);
#4378=VECTOR('',#14374,10.);
#4379=VECTOR('',#14375,10.);
#4380=VECTOR('',#14378,10.);
#4381=VECTOR('',#14379,10.);
#4382=VECTOR('',#14380,10.);
#4383=VECTOR('',#14383,10.);
#4384=VECTOR('',#14386,10.);
#4385=VECTOR('',#14389,10.);
#4386=VECTOR('',#14390,10.);
#4387=VECTOR('',#14391,10.);
#4388=VECTOR('',#14394,10.);
#4389=VECTOR('',#14397,10.);
#4390=VECTOR('',#14400,10.);
#4391=VECTOR('',#14403,10.);
#4392=VECTOR('',#14406,10.);
#4393=VECTOR('',#14409,10.);
#4394=VECTOR('',#14410,10.);
#4395=VECTOR('',#14411,10.);
#4396=VECTOR('',#14414,10.);
#4397=VECTOR('',#14417,10.);
#4398=VECTOR('',#14420,10.);
#4399=VECTOR('',#14423,10.);
#4400=VECTOR('',#14426,10.);
#4401=VECTOR('',#14429,10.);
#4402=VECTOR('',#14432,10.);
#4403=VECTOR('',#14433,10.);
#4404=VECTOR('',#14434,10.);
#4405=VECTOR('',#14435,10.);
#4406=VECTOR('',#14438,10.);
#4407=VECTOR('',#14439,10.);
#4408=VECTOR('',#14446,10.);
#4409=VECTOR('',#14447,10.);
#4410=VECTOR('',#14448,10.);
#4411=VECTOR('',#14449,10.);
#4412=VECTOR('',#14452,10.);
#4413=VECTOR('',#14453,10.);
#4414=VECTOR('',#14454,10.);
#4415=VECTOR('',#14457,10.);
#4416=VECTOR('',#14458,10.);
#4417=VECTOR('',#14459,10.);
#4418=VECTOR('',#14460,10.);
#4419=VECTOR('',#14461,10.);
#4420=VECTOR('',#14462,10.);
#4421=VECTOR('',#14463,10.);
#4422=VECTOR('',#14464,10.);
#4423=VECTOR('',#14465,10.);
#4424=VECTOR('',#14466,10.);
#4425=VECTOR('',#14469,10.);
#4426=VECTOR('',#14470,10.);
#4427=VECTOR('',#14473,10.);
#4428=VECTOR('',#14474,10.);
#4429=VECTOR('',#14477,10.);
#4430=VECTOR('',#14478,10.);
#4431=VECTOR('',#14479,10.);
#4432=VECTOR('',#14480,10.);
#4433=VECTOR('',#14483,10.);
#4434=VECTOR('',#14486,10.);
#4435=VECTOR('',#14487,10.);
#4436=VECTOR('',#14490,10.);
#4437=VECTOR('',#14491,10.);
#4438=VECTOR('',#14494,10.);
#4439=VECTOR('',#14495,10.);
#4440=VECTOR('',#14496,10.);
#4441=VECTOR('',#14499,10.);
#4442=VECTOR('',#14500,10.);
#4443=VECTOR('',#14503,10.);
#4444=VECTOR('',#14504,10.);
#4445=VECTOR('',#14507,10.);
#4446=VECTOR('',#14508,10.);
#4447=VECTOR('',#14511,10.);
#4448=VECTOR('',#14516,10.);
#4449=VECTOR('',#14517,10.);
#4450=VECTOR('',#14518,10.);
#4451=VECTOR('',#14519,10.);
#4452=VECTOR('',#14522,10.);
#4453=VECTOR('',#14523,10.);
#4454=VECTOR('',#14524,10.);
#4455=VECTOR('',#14525,10.);
#4456=VECTOR('',#14526,10.);
#4457=VECTOR('',#14529,10.);
#4458=VECTOR('',#14530,10.);
#4459=VECTOR('',#14531,10.);
#4460=VECTOR('',#14532,10.);
#4461=VECTOR('',#14533,10.);
#4462=VECTOR('',#14536,10.);
#4463=VECTOR('',#14539,10.);
#4464=VECTOR('',#14540,10.);
#4465=VECTOR('',#14541,10.);
#4466=VECTOR('',#14542,10.);
#4467=VECTOR('',#14545,10.);
#4468=VECTOR('',#14546,10.);
#4469=VECTOR('',#14547,10.);
#4470=VECTOR('',#14548,10.);
#4471=VECTOR('',#14551,10.);
#4472=VECTOR('',#14552,10.);
#4473=VECTOR('',#14553,10.);
#4474=VECTOR('',#14554,10.);
#4475=VECTOR('',#14555,10.);
#4476=VECTOR('',#14556,10.);
#4477=VECTOR('',#14557,10.);
#4478=VECTOR('',#14558,10.);
#4479=VECTOR('',#14559,10.);
#4480=VECTOR('',#14560,10.);
#4481=VECTOR('',#14561,10.);
#4482=VECTOR('',#14562,10.);
#4483=VECTOR('',#14563,10.);
#4484=VECTOR('',#14564,10.);
#4485=VECTOR('',#14565,10.);
#4486=VECTOR('',#14568,10.);
#4487=VECTOR('',#14569,10.);
#4488=VECTOR('',#14570,10.);
#4489=VECTOR('',#14571,10.);
#4490=VECTOR('',#14572,10.);
#4491=VECTOR('',#14575,10.);
#4492=VECTOR('',#14576,10.);
#4493=VECTOR('',#14577,10.);
#4494=VECTOR('',#14580,10.);
#4495=VECTOR('',#14581,10.);
#4496=VECTOR('',#14582,10.);
#4497=VECTOR('',#14583,10.);
#4498=VECTOR('',#14586,10.);
#4499=VECTOR('',#14587,10.);
#4500=VECTOR('',#14590,10.);
#4501=VECTOR('',#14591,10.);
#4502=VECTOR('',#14594,10.);
#4503=VECTOR('',#14595,10.);
#4504=VECTOR('',#14598,10.);
#4505=VECTOR('',#14599,10.);
#4506=VECTOR('',#14600,10.);
#4507=VECTOR('',#14603,10.);
#4508=VECTOR('',#14604,10.);
#4509=VECTOR('',#14605,10.);
#4510=VECTOR('',#14608,10.);
#4511=VECTOR('',#14609,10.);
#4512=VECTOR('',#14612,10.);
#4513=VECTOR('',#14613,10.);
#4514=VECTOR('',#14616,10.);
#4515=VECTOR('',#14617,10.);
#4516=VECTOR('',#14620,10.);
#4517=VECTOR('',#14621,10.);
#4518=VECTOR('',#14622,10.);
#4519=VECTOR('',#14625,10.);
#4520=VECTOR('',#14626,10.);
#4521=VECTOR('',#14629,10.);
#4522=VECTOR('',#14630,10.);
#4523=VECTOR('',#14633,10.);
#4524=VECTOR('',#14642,10.);
#4525=VECTOR('',#14643,10.);
#4526=VECTOR('',#14644,10.);
#4527=VECTOR('',#14645,10.);
#4528=VECTOR('',#14648,10.);
#4529=VECTOR('',#14649,10.);
#4530=VECTOR('',#14650,10.);
#4531=VECTOR('',#14653,10.);
#4532=VECTOR('',#14654,10.);
#4533=VECTOR('',#14655,10.);
#4534=VECTOR('',#14658,10.);
#4535=VECTOR('',#14659,10.);
#4536=VECTOR('',#14660,10.);
#4537=VECTOR('',#14663,10.);
#4538=VECTOR('',#14664,10.);
#4539=VECTOR('',#14665,10.);
#4540=VECTOR('',#14668,10.);
#4541=VECTOR('',#14669,10.);
#4542=VECTOR('',#14670,10.);
#4543=VECTOR('',#14671,10.);
#4544=VECTOR('',#14674,10.);
#4545=VECTOR('',#14675,10.);
#4546=VECTOR('',#14678,10.);
#4547=VECTOR('',#14681,10.);
#4548=VECTOR('',#14682,10.);
#4549=VECTOR('',#14685,10.);
#4550=VECTOR('',#14686,10.);
#4551=VECTOR('',#14689,10.);
#4552=VECTOR('',#14690,10.);
#4553=VECTOR('',#14695,10.);
#4554=VECTOR('',#14698,10.);
#4555=VECTOR('',#14699,10.);
#4556=VECTOR('',#14702,10.);
#4557=VECTOR('',#14703,10.);
#4558=VECTOR('',#14706,10.);
#4559=VECTOR('',#14709,10.);
#4560=CIRCLE('',#11098,2.1);
#4561=CIRCLE('',#11099,2.1);
#4562=CIRCLE('',#11102,2.1);
#4563=CIRCLE('',#11103,2.1);
#4564=CIRCLE('',#11106,2.1);
#4565=CIRCLE('',#11107,2.1);
#4566=CIRCLE('',#11110,2.1);
#4567=CIRCLE('',#11111,2.1);
#4568=CIRCLE('',#11193,1.875);
#4569=CIRCLE('',#11194,1.875);
#4570=CIRCLE('',#11195,1.875);
#4571=CIRCLE('',#11196,1.875);
#4572=CIRCLE('',#11197,0.99999999999998);
#4573=CIRCLE('',#11198,0.99999999999998);
#4574=CIRCLE('',#11199,0.99999999999998);
#4575=CIRCLE('',#11200,0.99999999999998);
#4576=CIRCLE('',#11209,0.99999999999998);
#4577=CIRCLE('',#11211,5.);
#4578=CIRCLE('',#11212,3.);
#4579=CIRCLE('',#11213,3.);
#4580=CIRCLE('',#11215,4.99999999999999);
#4581=CIRCLE('',#11216,0.99999999999998);
#4582=CIRCLE('',#11217,0.99999999999998);
#4583=CIRCLE('',#11218,0.99999999999998);
#4584=CIRCLE('',#11219,0.99999999999998);
#4585=CIRCLE('',#11220,5.);
#4586=CIRCLE('',#11221,5.);
#4587=CIRCLE('',#11222,0.99999999999998);
#4588=CIRCLE('',#11223,0.99999999999998);
#4589=CIRCLE('',#11224,0.99999999999998);
#4590=CIRCLE('',#11225,0.99999999999998);
#4591=CIRCLE('',#11226,3.25);
#4592=CIRCLE('',#11227,3.25);
#4593=CIRCLE('',#11228,4.99999999999999);
#4594=CIRCLE('',#11230,3.);
#4595=CIRCLE('',#11231,3.);
#4596=CIRCLE('',#11232,3.);
#4597=CIRCLE('',#11234,3.);
#4598=CIRCLE('',#11235,3.);
#4599=CIRCLE('',#11237,3.);
#4600=CIRCLE('',#11238,3.);
#4601=CIRCLE('',#11239,3.);
#4602=CIRCLE('',#11241,3.);
#4603=CIRCLE('',#11242,3.);
#4604=CIRCLE('',#11244,3.);
#4605=CIRCLE('',#11246,3.);
#4606=CIRCLE('',#11247,3.);
#4607=CIRCLE('',#11249,3.);
#4608=CIRCLE('',#11251,1.875);
#4609=CIRCLE('',#11253,1.875);
#4610=CIRCLE('',#11255,0.99999999999998);
#4611=CIRCLE('',#11256,0.99999999999998);
#4612=CIRCLE('',#11257,0.99999999999998);
#4613=CIRCLE('',#11258,0.99999999999998);
#4614=CIRCLE('',#11260,1.875);
#4615=CIRCLE('',#11262,1.875);
#4616=CIRCLE('',#11294,4.25);
#4617=CIRCLE('',#11298,4.25);
#4618=CIRCLE('',#11299,4.25);
#4619=CIRCLE('',#11303,4.25);
#4620=CIRCLE('',#11307,4.25);
#4621=CIRCLE('',#11308,4.25);
#4622=CIRCLE('',#11312,3.25);
#4623=CIRCLE('',#11315,3.25);
#4624=CIRCLE('',#11371,3.25);
#4625=CIRCLE('',#11373,3.25);
#4626=CIRCLE('',#11378,1.91052601911439);
#4627=CIRCLE('',#11379,1.91052601911439);
#4628=CIRCLE('',#11380,1.91052601911439);
#4629=CIRCLE('',#11381,1.91052601911439);
#4630=CIRCLE('',#11382,1.91052601911439);
#4631=CIRCLE('',#11383,1.91052601911439);
#4632=CIRCLE('',#11384,1.91052601911439);
#4633=CIRCLE('',#11385,1.91052601911439);
#4634=CIRCLE('',#11386,1.91052601911439);
#4635=CIRCLE('',#11387,1.91052601911439);
#4636=CIRCLE('',#11388,1.91052601911439);
#4637=CIRCLE('',#11389,1.91052601911439);
#4638=CIRCLE('',#11390,1.91052601911439);
#4639=CIRCLE('',#11391,1.91052601911439);
#4640=CIRCLE('',#11392,1.91052601911439);
#4641=CIRCLE('',#11393,1.91052601911439);
#4642=CIRCLE('',#11394,1.91052601911439);
#4643=CIRCLE('',#11395,1.91052601911439);
#4644=CIRCLE('',#11396,1.91052601911439);
#4645=CIRCLE('',#11426,1.00000001490116);
#4646=CIRCLE('',#11427,1.00000001490116);
#4647=CIRCLE('',#11430,1.00000001490116);
#4648=CIRCLE('',#11431,1.00000001490116);
#4649=CIRCLE('',#11434,1.00000001490116);
#4650=CIRCLE('',#11435,1.00000001490116);
#4651=CIRCLE('',#11438,1.00000001490116);
#4652=CIRCLE('',#11439,1.00000001490116);
#4653=CIRCLE('',#11442,1.00000001490116);
#4654=CIRCLE('',#11443,1.00000001490116);
#4655=CIRCLE('',#11446,1.00000001490116);
#4656=CIRCLE('',#11447,1.00000001490116);
#4657=CIRCLE('',#11455,1.91052601911439);
#4658=CIRCLE('',#11456,1.91052601911439);
#4659=CIRCLE('',#11457,1.91052601911439);
#4660=CIRCLE('',#11459,1.91052601911439);
#4661=CIRCLE('',#11462,1.91052601911439);
#4662=CIRCLE('',#11478,2.91052601911437);
#4663=CIRCLE('',#11479,1.91052601911439);
#4664=CIRCLE('',#11482,2.91052601911437);
#4665=CIRCLE('',#11483,1.91052601911439);
#4666=CIRCLE('',#11487,2.91052601911437);
#4667=CIRCLE('',#11488,2.91052601911438);
#4668=CIRCLE('',#11489,2.91052601911438);
#4669=CIRCLE('',#11490,2.91052601911438);
#4670=CIRCLE('',#11491,2.91052601911438);
#4671=CIRCLE('',#11492,2.91052601911438);
#4672=CIRCLE('',#11493,2.91052601911438);
#4673=CIRCLE('',#11494,2.91052601911438);
#4674=CIRCLE('',#11495,2.91052601911437);
#4675=CIRCLE('',#11496,2.91052601911438);
#4676=CIRCLE('',#11497,2.91052601911438);
#4677=CIRCLE('',#11498,2.91052601911438);
#4678=CIRCLE('',#11499,2.91052601911438);
#4679=CIRCLE('',#11500,2.91052601911438);
#4680=CIRCLE('',#11501,2.91052601911438);
#4681=CIRCLE('',#11502,2.91052601911437);
#4682=CIRCLE('',#11505,1.91052601911439);
#4683=CIRCLE('',#11508,1.91052601911439);
#4684=CIRCLE('',#11513,1.91052601911439);
#4685=CIRCLE('',#11516,1.91052601911439);
#4686=CIRCLE('',#11521,1.91052601911439);
#4687=CIRCLE('',#11524,1.91052601911439);
#4688=CIRCLE('',#11529,1.91052601911439);
#4689=CIRCLE('',#11532,1.91052601911439);
#4690=CIRCLE('',#11537,1.91052601911439);
#4691=CIRCLE('',#11540,1.91052601911439);
#4692=CIRCLE('',#11545,1.91052601911439);
#4693=CIRCLE('',#11548,1.91052601911439);
#4694=CIRCLE('',#11553,1.91052601911439);
#4695=CIRCLE('',#11560,1.91052601911439);
#4696=CIRCLE('',#11652,1.26865641489782);
#4697=CIRCLE('',#11653,2.2686564148978);
#4698=CIRCLE('',#11654,1.26865641489782);
#4699=CIRCLE('',#11656,1.26865641489782);
#4700=CIRCLE('',#11657,2.2686564148978);
#4701=CIRCLE('',#11658,1.26865641489782);
#4702=CIRCLE('',#11661,1.26865641489782);
#4703=CIRCLE('',#11662,2.2686564148978);
#4704=CIRCLE('',#11663,1.26865641489782);
#4705=CIRCLE('',#11665,1.26865641489782);
#4706=CIRCLE('',#11666,1.26865641489782);
#4707=CIRCLE('',#11667,1.26865641489782);
#4708=CIRCLE('',#11668,1.26865641489782);
#4709=CIRCLE('',#11669,1.26865641489782);
#4710=CIRCLE('',#11670,1.26865641489782);
#4711=CIRCLE('',#11671,1.26865641489782);
#4712=CIRCLE('',#11672,1.26865641489782);
#4713=CIRCLE('',#11673,1.26865641489782);
#4714=CIRCLE('',#11675,2.26865641489785);
#4715=CIRCLE('',#11676,2.2686564148978);
#4716=CIRCLE('',#11677,2.2686564148978);
#4717=CIRCLE('',#11678,2.26865641489785);
#4718=CIRCLE('',#11679,2.26865641489785);
#4719=CIRCLE('',#11680,2.26865641489785);
#4720=CIRCLE('',#11681,2.26865641489785);
#4721=VERTEX_POINT('',#14717);
#4722=VERTEX_POINT('',#14719);
#4723=VERTEX_POINT('',#14724);
#4724=VERTEX_POINT('',#14726);
#4725=VERTEX_POINT('',#14731);
#4726=VERTEX_POINT('',#14733);
#4727=VERTEX_POINT('',#14738);
#4728=VERTEX_POINT('',#14740);
#4729=VERTEX_POINT('',#14745);
#4730=VERTEX_POINT('',#14746);
#4731=VERTEX_POINT('',#14748);
#4732=VERTEX_POINT('',#14750);
#4733=VERTEX_POINT('',#14754);
#4734=VERTEX_POINT('',#14756);
#4735=VERTEX_POINT('',#14758);
#4736=VERTEX_POINT('',#14762);
#4737=VERTEX_POINT('',#14764);
#4738=VERTEX_POINT('',#14766);
#4739=VERTEX_POINT('',#14768);
#4740=VERTEX_POINT('',#14770);
#4741=VERTEX_POINT('',#14772);
#4742=VERTEX_POINT('',#14774);
#4743=VERTEX_POINT('',#14778);
#4744=VERTEX_POINT('',#14780);
#4745=VERTEX_POINT('',#14782);
#4746=VERTEX_POINT('',#14784);
#4747=VERTEX_POINT('',#14786);
#4748=VERTEX_POINT('',#14788);
#4749=VERTEX_POINT('',#14790);
#4750=VERTEX_POINT('',#14792);
#4751=VERTEX_POINT('',#14794);
#4752=VERTEX_POINT('',#14796);
#4753=VERTEX_POINT('',#14798);
#4754=VERTEX_POINT('',#14800);
#4755=VERTEX_POINT('',#14802);
#4756=VERTEX_POINT('',#14804);
#4757=VERTEX_POINT('',#14806);
#4758=VERTEX_POINT('',#14809);
#4759=VERTEX_POINT('',#14810);
#4760=VERTEX_POINT('',#14812);
#4761=VERTEX_POINT('',#14814);
#4762=VERTEX_POINT('',#14818);
#4763=VERTEX_POINT('',#14822);
#4764=VERTEX_POINT('',#14824);
#4765=VERTEX_POINT('',#14826);
#4766=VERTEX_POINT('',#14828);
#4767=VERTEX_POINT('',#14832);
#4768=VERTEX_POINT('',#14834);
#4769=VERTEX_POINT('',#14838);
#4770=VERTEX_POINT('',#14840);
#4771=VERTEX_POINT('',#14842);
#4772=VERTEX_POINT('',#14846);
#4773=VERTEX_POINT('',#14848);
#4774=VERTEX_POINT('',#14852);
#4775=VERTEX_POINT('',#14854);
#4776=VERTEX_POINT('',#14856);
#4777=VERTEX_POINT('',#14860);
#4778=VERTEX_POINT('',#14862);
#4779=VERTEX_POINT('',#14866);
#4780=VERTEX_POINT('',#14870);
#4781=VERTEX_POINT('',#14871);
#4782=VERTEX_POINT('',#14873);
#4783=VERTEX_POINT('',#14875);
#4784=VERTEX_POINT('',#14879);
#4785=VERTEX_POINT('',#14884);
#4786=VERTEX_POINT('',#14886);
#4787=VERTEX_POINT('',#14888);
#4788=VERTEX_POINT('',#14892);
#4789=VERTEX_POINT('',#14896);
#4790=VERTEX_POINT('',#14898);
#4791=VERTEX_POINT('',#14902);
#4792=VERTEX_POINT('',#14904);
#4793=VERTEX_POINT('',#14908);
#4794=VERTEX_POINT('',#14910);
#4795=VERTEX_POINT('',#14914);
#4796=VERTEX_POINT('',#14918);
#4797=VERTEX_POINT('',#14920);
#4798=VERTEX_POINT('',#14922);
#4799=VERTEX_POINT('',#14924);
#4800=VERTEX_POINT('',#14928);
#4801=VERTEX_POINT('',#14932);
#4802=VERTEX_POINT('',#14934);
#4803=VERTEX_POINT('',#14940);
#4804=VERTEX_POINT('',#14944);
#4805=VERTEX_POINT('',#14952);
#4806=VERTEX_POINT('',#14954);
#4807=VERTEX_POINT('',#14958);
#4808=VERTEX_POINT('',#14962);
#4809=VERTEX_POINT('',#14968);
#4810=VERTEX_POINT('',#14970);
#4811=VERTEX_POINT('',#14974);
#4812=VERTEX_POINT('',#14978);
#4813=VERTEX_POINT('',#14982);
#4814=VERTEX_POINT('',#14986);
#4815=VERTEX_POINT('',#14990);
#4816=VERTEX_POINT('',#14994);
#4817=VERTEX_POINT('',#14998);
#4818=VERTEX_POINT('',#15002);
#4819=VERTEX_POINT('',#15006);
#4820=VERTEX_POINT('',#15008);
#4821=VERTEX_POINT('',#15011);
#4822=VERTEX_POINT('',#15014);
#4823=VERTEX_POINT('',#15016);
#4824=VERTEX_POINT('',#15018);
#4825=VERTEX_POINT('',#15020);
#4826=VERTEX_POINT('',#15023);
#4827=VERTEX_POINT('',#15035);
#4828=VERTEX_POINT('',#15041);
#4829=VERTEX_POINT('',#15052);
#4830=VERTEX_POINT('',#15054);
#4831=VERTEX_POINT('',#15058);
#4832=VERTEX_POINT('',#15062);
#4833=VERTEX_POINT('',#15068);
#4834=VERTEX_POINT('',#15069);
#4835=VERTEX_POINT('',#15071);
#4836=VERTEX_POINT('',#15073);
#4837=VERTEX_POINT('',#15085);
#4838=VERTEX_POINT('',#15086);
#4839=VERTEX_POINT('',#15088);
#4840=VERTEX_POINT('',#15090);
#4841=VERTEX_POINT('',#15094);
#4842=VERTEX_POINT('',#15096);
#4843=VERTEX_POINT('',#15098);
#4844=VERTEX_POINT('',#15100);
#4845=VERTEX_POINT('',#15102);
#4846=VERTEX_POINT('',#15104);
#4847=VERTEX_POINT('',#15108);
#4848=VERTEX_POINT('',#15109);
#4849=VERTEX_POINT('',#15111);
#4850=VERTEX_POINT('',#15113);
#4851=VERTEX_POINT('',#15115);
#4852=VERTEX_POINT('',#15117);
#4853=VERTEX_POINT('',#15119);
#4854=VERTEX_POINT('',#15121);
#4855=VERTEX_POINT('',#15125);
#4856=VERTEX_POINT('',#15127);
#4857=VERTEX_POINT('',#15131);
#4858=VERTEX_POINT('',#15132);
#4859=VERTEX_POINT('',#15134);
#4860=VERTEX_POINT('',#15136);
#4861=VERTEX_POINT('',#15140);
#4862=VERTEX_POINT('',#15142);
#4863=VERTEX_POINT('',#15146);
#4864=VERTEX_POINT('',#15150);
#4865=VERTEX_POINT('',#15154);
#4866=VERTEX_POINT('',#15156);
#4867=VERTEX_POINT('',#15162);
#4868=VERTEX_POINT('',#15166);
#4869=VERTEX_POINT('',#15172);
#4870=VERTEX_POINT('',#15174);
#4871=VERTEX_POINT('',#15176);
#4872=VERTEX_POINT('',#15178);
#4873=VERTEX_POINT('',#15180);
#4874=VERTEX_POINT('',#15182);
#4875=VERTEX_POINT('',#15184);
#4876=VERTEX_POINT('',#15186);
#4877=VERTEX_POINT('',#15188);
#4878=VERTEX_POINT('',#15190);
#4879=VERTEX_POINT('',#15192);
#4880=VERTEX_POINT('',#15194);
#4881=VERTEX_POINT('',#15197);
#4882=VERTEX_POINT('',#15199);
#4883=VERTEX_POINT('',#15201);
#4884=VERTEX_POINT('',#15203);
#4885=VERTEX_POINT('',#15205);
#4886=VERTEX_POINT('',#15206);
#4887=VERTEX_POINT('',#15208);
#4888=VERTEX_POINT('',#15210);
#4889=VERTEX_POINT('',#15212);
#4890=VERTEX_POINT('',#15214);
#4891=VERTEX_POINT('',#15216);
#4892=VERTEX_POINT('',#15218);
#4893=VERTEX_POINT('',#15220);
#4894=VERTEX_POINT('',#15222);
#4895=VERTEX_POINT('',#15224);
#4896=VERTEX_POINT('',#15226);
#4897=VERTEX_POINT('',#15228);
#4898=VERTEX_POINT('',#15230);
#4899=VERTEX_POINT('',#15232);
#4900=VERTEX_POINT('',#15234);
#4901=VERTEX_POINT('',#15236);
#4902=VERTEX_POINT('',#15238);
#4903=VERTEX_POINT('',#15240);
#4904=VERTEX_POINT('',#15242);
#4905=VERTEX_POINT('',#15246);
#4906=VERTEX_POINT('',#15248);
#4907=VERTEX_POINT('',#15252);
#4908=VERTEX_POINT('',#15256);
#4909=VERTEX_POINT('',#15260);
#4910=VERTEX_POINT('',#15264);
#4911=VERTEX_POINT('',#15270);
#4912=VERTEX_POINT('',#15271);
#4913=VERTEX_POINT('',#15275);
#4914=VERTEX_POINT('',#15279);
#4915=VERTEX_POINT('',#15288);
#4916=VERTEX_POINT('',#15290);
#4917=VERTEX_POINT('',#15292);
#4918=VERTEX_POINT('',#15296);
#4919=VERTEX_POINT('',#15297);
#4920=VERTEX_POINT('',#15299);
#4921=VERTEX_POINT('',#15301);
#4922=VERTEX_POINT('',#15303);
#4923=VERTEX_POINT('',#15305);
#4924=VERTEX_POINT('',#15307);
#4925=VERTEX_POINT('',#15309);
#4926=VERTEX_POINT('',#15311);
#4927=VERTEX_POINT('',#15313);
#4928=VERTEX_POINT('',#15315);
#4929=VERTEX_POINT('',#15317);
#4930=VERTEX_POINT('',#15320);
#4931=VERTEX_POINT('',#15322);
#4932=VERTEX_POINT('',#15323);
#4933=VERTEX_POINT('',#15325);
#4934=VERTEX_POINT('',#15327);
#4935=VERTEX_POINT('',#15330);
#4936=VERTEX_POINT('',#15331);
#4937=VERTEX_POINT('',#15333);
#4938=VERTEX_POINT('',#15335);
#4939=VERTEX_POINT('',#15338);
#4940=VERTEX_POINT('',#15341);
#4941=VERTEX_POINT('',#15342);
#4942=VERTEX_POINT('',#15344);
#4943=VERTEX_POINT('',#15346);
#4944=VERTEX_POINT('',#15349);
#4945=VERTEX_POINT('',#15350);
#4946=VERTEX_POINT('',#15352);
#4947=VERTEX_POINT('',#15354);
#4948=VERTEX_POINT('',#15357);
#4949=VERTEX_POINT('',#15358);
#4950=VERTEX_POINT('',#15360);
#4951=VERTEX_POINT('',#15362);
#4952=VERTEX_POINT('',#15365);
#4953=VERTEX_POINT('',#15367);
#4954=VERTEX_POINT('',#15369);
#4955=VERTEX_POINT('',#15372);
#4956=VERTEX_POINT('',#15374);
#4957=VERTEX_POINT('',#15376);
#4958=VERTEX_POINT('',#15378);
#4959=VERTEX_POINT('',#15380);
#4960=VERTEX_POINT('',#15384);
#4961=VERTEX_POINT('',#15386);
#4962=VERTEX_POINT('',#15390);
#4963=VERTEX_POINT('',#15392);
#4964=VERTEX_POINT('',#15394);
#4965=VERTEX_POINT('',#15396);
#4966=VERTEX_POINT('',#15398);
#4967=VERTEX_POINT('',#15402);
#4968=VERTEX_POINT('',#15404);
#4969=VERTEX_POINT('',#15408);
#4970=VERTEX_POINT('',#15412);
#4971=VERTEX_POINT('',#15414);
#4972=VERTEX_POINT('',#15418);
#4973=VERTEX_POINT('',#15422);
#4974=VERTEX_POINT('',#15426);
#4975=VERTEX_POINT('',#15429);
#4976=VERTEX_POINT('',#15431);
#4977=VERTEX_POINT('',#15433);
#4978=VERTEX_POINT('',#15435);
#4979=VERTEX_POINT('',#15438);
#4980=VERTEX_POINT('',#15440);
#4981=VERTEX_POINT('',#15442);
#4982=VERTEX_POINT('',#15444);
#4983=VERTEX_POINT('',#15446);
#4984=VERTEX_POINT('',#15448);
#4985=VERTEX_POINT('',#15450);
#4986=VERTEX_POINT('',#15452);
#4987=VERTEX_POINT('',#15454);
#4988=VERTEX_POINT('',#15456);
#4989=VERTEX_POINT('',#15458);
#4990=VERTEX_POINT('',#15460);
#4991=VERTEX_POINT('',#15462);
#4992=VERTEX_POINT('',#15464);
#4993=VERTEX_POINT('',#15466);
#4994=VERTEX_POINT('',#15468);
#4995=VERTEX_POINT('',#15471);
#4996=VERTEX_POINT('',#15472);
#4997=VERTEX_POINT('',#15474);
#4998=VERTEX_POINT('',#15476);
#4999=VERTEX_POINT('',#15481);
#5000=VERTEX_POINT('',#15484);
#5001=VERTEX_POINT('',#15542);
#5002=VERTEX_POINT('',#15544);
#5003=VERTEX_POINT('',#15551);
#5004=VERTEX_POINT('',#15555);
#5005=VERTEX_POINT('',#15561);
#5006=VERTEX_POINT('',#15563);
#5007=VERTEX_POINT('',#15567);
#5008=VERTEX_POINT('',#15575);
#5009=VERTEX_POINT('',#15577);
#5010=VERTEX_POINT('',#15581);
#5011=VERTEX_POINT('',#15589);
#5012=VERTEX_POINT('',#15591);
#5013=VERTEX_POINT('',#15597);
#5014=VERTEX_POINT('',#15598);
#5015=VERTEX_POINT('',#15605);
#5016=VERTEX_POINT('',#15607);
#5017=VERTEX_POINT('',#15614);
#5018=VERTEX_POINT('',#15615);
#5019=VERTEX_POINT('',#15617);
#5020=VERTEX_POINT('',#15619);
#5021=VERTEX_POINT('',#15621);
#5022=VERTEX_POINT('',#15625);
#5023=VERTEX_POINT('',#15627);
#5024=VERTEX_POINT('',#15629);
#5025=VERTEX_POINT('',#15633);
#5026=VERTEX_POINT('',#15635);
#5027=VERTEX_POINT('',#15639);
#5028=VERTEX_POINT('',#15641);
#5029=VERTEX_POINT('',#15646);
#5030=VERTEX_POINT('',#15650);
#5031=VERTEX_POINT('',#15652);
#5032=VERTEX_POINT('',#15656);
#5033=VERTEX_POINT('',#15660);
#5034=VERTEX_POINT('',#15667);
#5035=VERTEX_POINT('',#15669);
#5036=VERTEX_POINT('',#15673);
#5037=VERTEX_POINT('',#15677);
#5038=VERTEX_POINT('',#15681);
#5039=VERTEX_POINT('',#15685);
#5040=VERTEX_POINT('',#15691);
#5041=VERTEX_POINT('',#15695);
#5042=VERTEX_POINT('',#15699);
#5043=VERTEX_POINT('',#15733);
#5044=VERTEX_POINT('',#15734);
#5045=VERTEX_POINT('',#15738);
#5046=VERTEX_POINT('',#15739);
#5047=VERTEX_POINT('',#15743);
#5048=VERTEX_POINT('',#15744);
#5049=VERTEX_POINT('',#15748);
#5050=VERTEX_POINT('',#15749);
#5051=VERTEX_POINT('',#15753);
#5052=VERTEX_POINT('',#15754);
#5053=VERTEX_POINT('',#15760);
#5054=VERTEX_POINT('',#15762);
#5055=VERTEX_POINT('',#15764);
#5056=VERTEX_POINT('',#15766);
#5057=VERTEX_POINT('',#15768);
#5058=VERTEX_POINT('',#15770);
#5059=VERTEX_POINT('',#15772);
#5060=VERTEX_POINT('',#15778);
#5061=VERTEX_POINT('',#15779);
#5062=VERTEX_POINT('',#15781);
#5063=VERTEX_POINT('',#15783);
#5064=VERTEX_POINT('',#15786);
#5065=VERTEX_POINT('',#15789);
#5066=VERTEX_POINT('',#15793);
#5067=VERTEX_POINT('',#15794);
#5068=VERTEX_POINT('',#15796);
#5069=VERTEX_POINT('',#15798);
#5070=VERTEX_POINT('',#15802);
#5071=VERTEX_POINT('',#15804);
#5072=VERTEX_POINT('',#15808);
#5073=VERTEX_POINT('',#15810);
#5074=VERTEX_POINT('',#15814);
#5075=VERTEX_POINT('',#15816);
#5076=VERTEX_POINT('',#15818);
#5077=VERTEX_POINT('',#15820);
#5078=VERTEX_POINT('',#15822);
#5079=VERTEX_POINT('',#15824);
#5080=VERTEX_POINT('',#15826);
#5081=VERTEX_POINT('',#15828);
#5082=VERTEX_POINT('',#15830);
#5083=VERTEX_POINT('',#15832);
#5084=VERTEX_POINT('',#15834);
#5085=VERTEX_POINT('',#15836);
#5086=VERTEX_POINT('',#15838);
#5087=VERTEX_POINT('',#15840);
#5088=VERTEX_POINT('',#15842);
#5089=VERTEX_POINT('',#15844);
#5090=VERTEX_POINT('',#15846);
#5091=VERTEX_POINT('',#15848);
#5092=VERTEX_POINT('',#15850);
#5093=VERTEX_POINT('',#15852);
#5094=VERTEX_POINT('',#15855);
#5095=VERTEX_POINT('',#15856);
#5096=VERTEX_POINT('',#15858);
#5097=VERTEX_POINT('',#15860);
#5098=VERTEX_POINT('',#15863);
#5099=VERTEX_POINT('',#15864);
#5100=VERTEX_POINT('',#15866);
#5101=VERTEX_POINT('',#15868);
#5102=VERTEX_POINT('',#15871);
#5103=VERTEX_POINT('',#15872);
#5104=VERTEX_POINT('',#15874);
#5105=VERTEX_POINT('',#15876);
#5106=VERTEX_POINT('',#15879);
#5107=VERTEX_POINT('',#15880);
#5108=VERTEX_POINT('',#15882);
#5109=VERTEX_POINT('',#15884);
#5110=VERTEX_POINT('',#15887);
#5111=VERTEX_POINT('',#15888);
#5112=VERTEX_POINT('',#15890);
#5113=VERTEX_POINT('',#15892);
#5114=VERTEX_POINT('',#15895);
#5115=VERTEX_POINT('',#15896);
#5116=VERTEX_POINT('',#15898);
#5117=VERTEX_POINT('',#15900);
#5118=VERTEX_POINT('',#15903);
#5119=VERTEX_POINT('',#15904);
#5120=VERTEX_POINT('',#15906);
#5121=VERTEX_POINT('',#15908);
#5122=VERTEX_POINT('',#15910);
#5123=VERTEX_POINT('',#15912);
#5124=VERTEX_POINT('',#15914);
#5125=VERTEX_POINT('',#15916);
#5126=VERTEX_POINT('',#15918);
#5127=VERTEX_POINT('',#15920);
#5128=VERTEX_POINT('',#15922);
#5129=VERTEX_POINT('',#15924);
#5130=VERTEX_POINT('',#15926);
#5131=VERTEX_POINT('',#15928);
#5132=VERTEX_POINT('',#15930);
#5133=VERTEX_POINT('',#15932);
#5134=VERTEX_POINT('',#15934);
#5135=VERTEX_POINT('',#15936);
#5136=VERTEX_POINT('',#15938);
#5137=VERTEX_POINT('',#15942);
#5138=VERTEX_POINT('',#15946);
#5139=VERTEX_POINT('',#15947);
#5140=VERTEX_POINT('',#15949);
#5141=VERTEX_POINT('',#15951);
#5142=VERTEX_POINT('',#15953);
#5143=VERTEX_POINT('',#15957);
#5144=VERTEX_POINT('',#15958);
#5145=VERTEX_POINT('',#15960);
#5146=VERTEX_POINT('',#15962);
#5147=VERTEX_POINT('',#15964);
#5148=VERTEX_POINT('',#15968);
#5149=VERTEX_POINT('',#15970);
#5150=VERTEX_POINT('',#15974);
#5151=VERTEX_POINT('',#15976);
#5152=VERTEX_POINT('',#15983);
#5153=VERTEX_POINT('',#15987);
#5154=VERTEX_POINT('',#15993);
#5155=VERTEX_POINT('',#15995);
#5156=VERTEX_POINT('',#15999);
#5157=VERTEX_POINT('',#16003);
#5158=VERTEX_POINT('',#16005);
#5159=VERTEX_POINT('',#16007);
#5160=VERTEX_POINT('',#16009);
#5161=VERTEX_POINT('',#16012);
#5162=VERTEX_POINT('',#16014);
#5163=VERTEX_POINT('',#16016);
#5164=VERTEX_POINT('',#16019);
#5165=VERTEX_POINT('',#16023);
#5166=VERTEX_POINT('',#16025);
#5167=VERTEX_POINT('',#16029);
#5168=VERTEX_POINT('',#16032);
#5169=VERTEX_POINT('',#16035);
#5170=VERTEX_POINT('',#16037);
#5171=VERTEX_POINT('',#16039);
#5172=VERTEX_POINT('',#16041);
#5173=VERTEX_POINT('',#16043);
#5174=VERTEX_POINT('',#16045);
#5175=VERTEX_POINT('',#16049);
#5176=VERTEX_POINT('',#16050);
#5177=VERTEX_POINT('',#16052);
#5178=VERTEX_POINT('',#16054);
#5179=VERTEX_POINT('',#16058);
#5180=VERTEX_POINT('',#16060);
#5181=VERTEX_POINT('',#16064);
#5182=VERTEX_POINT('',#16066);
#5183=VERTEX_POINT('',#16070);
#5184=VERTEX_POINT('',#16072);
#5185=VERTEX_POINT('',#16074);
#5186=VERTEX_POINT('',#16076);
#5187=VERTEX_POINT('',#16078);
#5188=VERTEX_POINT('',#16082);
#5189=VERTEX_POINT('',#16084);
#5190=VERTEX_POINT('',#16086);
#5191=VERTEX_POINT('',#16088);
#5192=VERTEX_POINT('',#16090);
#5193=VERTEX_POINT('',#16092);
#5194=VERTEX_POINT('',#16094);
#5195=VERTEX_POINT('',#16096);
#5196=VERTEX_POINT('',#16099);
#5197=VERTEX_POINT('',#16101);
#5198=VERTEX_POINT('',#16105);
#5199=VERTEX_POINT('',#16109);
#5200=VERTEX_POINT('',#16113);
#5201=VERTEX_POINT('',#16117);
#5202=VERTEX_POINT('',#16119);
#5203=VERTEX_POINT('',#16122);
#5204=VERTEX_POINT('',#16124);
#5205=VERTEX_POINT('',#16126);
#5206=VERTEX_POINT('',#16128);
#5207=VERTEX_POINT('',#16130);
#5208=VERTEX_POINT('',#16134);
#5209=VERTEX_POINT('',#16140);
#5210=VERTEX_POINT('',#16144);
#5211=VERTEX_POINT('',#16148);
#5212=VERTEX_POINT('',#16150);
#5213=VERTEX_POINT('',#16155);
#5214=VERTEX_POINT('',#16156);
#5215=VERTEX_POINT('',#16158);
#5216=VERTEX_POINT('',#16160);
#5217=VERTEX_POINT('',#16164);
#5218=VERTEX_POINT('',#16166);
#5219=VERTEX_POINT('',#16170);
#5220=VERTEX_POINT('',#16172);
#5221=VERTEX_POINT('',#16179);
#5222=VERTEX_POINT('',#16180);
#5223=VERTEX_POINT('',#16182);
#5224=VERTEX_POINT('',#16184);
#5225=VERTEX_POINT('',#16188);
#5226=VERTEX_POINT('',#16190);
#5227=VERTEX_POINT('',#16194);
#5228=VERTEX_POINT('',#16196);
#5229=VERTEX_POINT('',#16203);
#5230=VERTEX_POINT('',#16204);
#5231=VERTEX_POINT('',#16206);
#5232=VERTEX_POINT('',#16208);
#5233=VERTEX_POINT('',#16212);
#5234=VERTEX_POINT('',#16214);
#5235=VERTEX_POINT('',#16218);
#5236=VERTEX_POINT('',#16220);
#5237=VERTEX_POINT('',#16227);
#5238=VERTEX_POINT('',#16229);
#5239=VERTEX_POINT('',#16233);
#5240=VERTEX_POINT('',#16237);
#5241=VERTEX_POINT('',#16241);
#5242=VERTEX_POINT('',#16243);
#5243=VERTEX_POINT('',#16247);
#5244=VERTEX_POINT('',#16249);
#5245=VERTEX_POINT('',#16253);
#5246=VERTEX_POINT('',#16257);
#5247=VERTEX_POINT('',#16260);
#5248=VERTEX_POINT('',#16265);
#5249=VERTEX_POINT('',#16267);
#5250=VERTEX_POINT('',#16271);
#5251=VERTEX_POINT('',#16273);
#5252=VERTEX_POINT('',#16277);
#5253=VERTEX_POINT('',#16281);
#5254=VERTEX_POINT('',#16291);
#5255=VERTEX_POINT('',#16297);
#5256=VERTEX_POINT('',#16302);
#5257=VERTEX_POINT('',#16306);
#5258=VERTEX_POINT('',#16308);
#5259=VERTEX_POINT('',#16310);
#5260=VERTEX_POINT('',#16315);
#5261=VERTEX_POINT('',#16319);
#5262=VERTEX_POINT('',#16320);
#5263=VERTEX_POINT('',#16323);
#5264=VERTEX_POINT('',#16328);
#5265=VERTEX_POINT('',#16332);
#5266=VERTEX_POINT('',#16333);
#5267=VERTEX_POINT('',#16335);
#5268=VERTEX_POINT('',#16337);
#5269=VERTEX_POINT('',#16341);
#5270=VERTEX_POINT('',#16342);
#5271=VERTEX_POINT('',#16347);
#5272=VERTEX_POINT('',#16348);
#5273=VERTEX_POINT('',#16361);
#5274=VERTEX_POINT('',#16363);
#5275=VERTEX_POINT('',#16365);
#5276=VERTEX_POINT('',#16367);
#5277=VERTEX_POINT('',#16369);
#5278=VERTEX_POINT('',#16372);
#5279=VERTEX_POINT('',#16375);
#5280=VERTEX_POINT('',#16376);
#5281=VERTEX_POINT('',#16378);
#5282=VERTEX_POINT('',#16380);
#5283=VERTEX_POINT('',#16383);
#5284=VERTEX_POINT('',#16384);
#5285=VERTEX_POINT('',#16386);
#5286=VERTEX_POINT('',#16388);
#5287=VERTEX_POINT('',#16391);
#5288=VERTEX_POINT('',#16392);
#5289=VERTEX_POINT('',#16394);
#5290=VERTEX_POINT('',#16396);
#5291=VERTEX_POINT('',#16399);
#5292=VERTEX_POINT('',#16400);
#5293=VERTEX_POINT('',#16402);
#5294=VERTEX_POINT('',#16404);
#5295=VERTEX_POINT('',#16407);
#5296=VERTEX_POINT('',#16408);
#5297=VERTEX_POINT('',#16410);
#5298=VERTEX_POINT('',#16412);
#5299=VERTEX_POINT('',#16415);
#5300=VERTEX_POINT('',#16416);
#5301=VERTEX_POINT('',#16418);
#5302=VERTEX_POINT('',#16420);
#5303=VERTEX_POINT('',#16423);
#5304=VERTEX_POINT('',#16424);
#5305=VERTEX_POINT('',#16426);
#5306=VERTEX_POINT('',#16428);
#5307=VERTEX_POINT('',#16431);
#5308=VERTEX_POINT('',#16432);
#5309=VERTEX_POINT('',#16434);
#5310=VERTEX_POINT('',#16436);
#5311=VERTEX_POINT('',#16440);
#5312=VERTEX_POINT('',#16442);
#5313=VERTEX_POINT('',#16446);
#5314=VERTEX_POINT('',#16450);
#5315=VERTEX_POINT('',#16461);
#5316=VERTEX_POINT('',#16463);
#5317=VERTEX_POINT('',#16467);
#5318=VERTEX_POINT('',#16471);
#5319=VERTEX_POINT('',#16482);
#5320=VERTEX_POINT('',#16484);
#5321=VERTEX_POINT('',#16488);
#5322=VERTEX_POINT('',#16492);
#5323=VERTEX_POINT('',#16503);
#5324=VERTEX_POINT('',#16505);
#5325=VERTEX_POINT('',#16509);
#5326=VERTEX_POINT('',#16513);
#5327=VERTEX_POINT('',#16524);
#5328=VERTEX_POINT('',#16526);
#5329=VERTEX_POINT('',#16530);
#5330=VERTEX_POINT('',#16534);
#5331=VERTEX_POINT('',#16545);
#5332=VERTEX_POINT('',#16547);
#5333=VERTEX_POINT('',#16551);
#5334=VERTEX_POINT('',#16555);
#5335=VERTEX_POINT('',#16566);
#5336=VERTEX_POINT('',#16571);
#5337=VERTEX_POINT('',#16583);
#5338=VERTEX_POINT('',#16603);
#5339=VERTEX_POINT('',#16607);
#5340=VERTEX_POINT('',#16611);
#5341=VERTEX_POINT('',#16637);
#5342=VERTEX_POINT('',#16642);
#5343=VERTEX_POINT('',#16654);
#5344=VERTEX_POINT('',#16660);
#5345=VERTEX_POINT('',#16661);
#5346=VERTEX_POINT('',#16666);
#5347=VERTEX_POINT('',#16668);
#5348=VERTEX_POINT('',#16672);
#5349=VERTEX_POINT('',#16674);
#5350=VERTEX_POINT('',#16678);
#5351=VERTEX_POINT('',#16687);
#5352=VERTEX_POINT('',#16691);
#5353=VERTEX_POINT('',#16697);
#5354=VERTEX_POINT('',#16704);
#5355=VERTEX_POINT('',#16706);
#5356=VERTEX_POINT('',#16710);
#5357=VERTEX_POINT('',#16714);
#5358=VERTEX_POINT('',#16718);
#5359=VERTEX_POINT('',#16728);
#5360=VERTEX_POINT('',#16733);
#5361=VERTEX_POINT('',#16754);
#5362=VERTEX_POINT('',#16755);
#5363=VERTEX_POINT('',#16757);
#5364=VERTEX_POINT('',#16759);
#5365=VERTEX_POINT('',#16763);
#5366=VERTEX_POINT('',#16765);
#5367=VERTEX_POINT('',#16769);
#5368=VERTEX_POINT('',#16770);
#5369=VERTEX_POINT('',#16772);
#5370=VERTEX_POINT('',#16774);
#5371=VERTEX_POINT('',#16776);
#5372=VERTEX_POINT('',#16778);
#5373=VERTEX_POINT('',#16780);
#5374=VERTEX_POINT('',#16782);
#5375=VERTEX_POINT('',#16784);
#5376=VERTEX_POINT('',#16786);
#5377=VERTEX_POINT('',#16788);
#5378=VERTEX_POINT('',#16790);
#5379=VERTEX_POINT('',#16792);
#5380=VERTEX_POINT('',#16794);
#5381=VERTEX_POINT('',#16798);
#5382=VERTEX_POINT('',#16800);
#5383=VERTEX_POINT('',#16804);
#5384=VERTEX_POINT('',#16806);
#5385=VERTEX_POINT('',#16810);
#5386=VERTEX_POINT('',#16812);
#5387=VERTEX_POINT('',#16816);
#5388=VERTEX_POINT('',#16818);
#5389=VERTEX_POINT('',#16822);
#5390=VERTEX_POINT('',#16824);
#5391=VERTEX_POINT('',#16828);
#5392=VERTEX_POINT('',#16830);
#5393=VERTEX_POINT('',#16834);
#5394=VERTEX_POINT('',#16836);
#5395=VERTEX_POINT('',#16840);
#5396=VERTEX_POINT('',#16842);
#5397=VERTEX_POINT('',#16844);
#5398=VERTEX_POINT('',#16846);
#5399=VERTEX_POINT('',#16850);
#5400=VERTEX_POINT('',#16852);
#5401=VERTEX_POINT('',#16854);
#5402=VERTEX_POINT('',#16856);
#5403=VERTEX_POINT('',#16863);
#5404=VERTEX_POINT('',#16865);
#5405=VERTEX_POINT('',#16867);
#5406=VERTEX_POINT('',#16869);
#5407=VERTEX_POINT('',#16873);
#5408=VERTEX_POINT('',#16875);
#5409=VERTEX_POINT('',#16877);
#5410=VERTEX_POINT('',#16879);
#5411=VERTEX_POINT('',#16881);
#5412=VERTEX_POINT('',#16883);
#5413=VERTEX_POINT('',#16889);
#5414=VERTEX_POINT('',#16891);
#5415=VERTEX_POINT('',#16893);
#5416=VERTEX_POINT('',#16895);
#5417=VERTEX_POINT('',#16897);
#5418=VERTEX_POINT('',#16899);
#5419=VERTEX_POINT('',#16905);
#5420=VERTEX_POINT('',#16907);
#5421=VERTEX_POINT('',#16909);
#5422=VERTEX_POINT('',#16911);
#5423=VERTEX_POINT('',#16917);
#5424=VERTEX_POINT('',#16919);
#5425=VERTEX_POINT('',#16921);
#5426=VERTEX_POINT('',#16923);
#5427=VERTEX_POINT('',#16929);
#5428=VERTEX_POINT('',#16931);
#5429=VERTEX_POINT('',#16937);
#5430=VERTEX_POINT('',#16938);
#5431=VERTEX_POINT('',#16940);
#5432=VERTEX_POINT('',#16942);
#5433=VERTEX_POINT('',#16944);
#5434=VERTEX_POINT('',#16946);
#5435=VERTEX_POINT('',#16948);
#5436=VERTEX_POINT('',#16953);
#5437=VERTEX_POINT('',#16955);
#5438=VERTEX_POINT('',#16957);
#5439=VERTEX_POINT('',#16959);
#5440=VERTEX_POINT('',#16961);
#5441=VERTEX_POINT('',#16963);
#5442=VERTEX_POINT('',#16965);
#5443=VERTEX_POINT('',#16993);
#5444=VERTEX_POINT('',#17017);
#5445=VERTEX_POINT('',#17053);
#5446=VERTEX_POINT('',#17077);
#5447=VERTEX_POINT('',#17110);
#5448=VERTEX_POINT('',#17134);
#5449=VERTEX_POINT('',#17167);
#5450=VERTEX_POINT('',#17191);
#5451=VERTEX_POINT('',#17209);
#5452=VERTEX_POINT('',#17210);
#5453=VERTEX_POINT('',#17212);
#5454=VERTEX_POINT('',#17214);
#5455=VERTEX_POINT('',#17216);
#5456=VERTEX_POINT('',#17218);
#5457=VERTEX_POINT('',#17220);
#5458=VERTEX_POINT('',#17222);
#5459=VERTEX_POINT('',#17224);
#5460=VERTEX_POINT('',#17228);
#5461=VERTEX_POINT('',#17229);
#5462=VERTEX_POINT('',#17231);
#5463=VERTEX_POINT('',#17233);
#5464=VERTEX_POINT('',#17235);
#5465=VERTEX_POINT('',#17237);
#5466=VERTEX_POINT('',#17239);
#5467=VERTEX_POINT('',#17241);
#5468=VERTEX_POINT('',#17243);
#5469=VERTEX_POINT('',#17245);
#5470=VERTEX_POINT('',#17247);
#5471=VERTEX_POINT('',#17249);
#5472=VERTEX_POINT('',#17251);
#5473=VERTEX_POINT('',#17253);
#5474=VERTEX_POINT('',#17255);
#5475=VERTEX_POINT('',#17259);
#5476=VERTEX_POINT('',#17260);
#5477=VERTEX_POINT('',#17262);
#5478=VERTEX_POINT('',#17264);
#5479=VERTEX_POINT('',#17266);
#5480=VERTEX_POINT('',#17268);
#5481=VERTEX_POINT('',#17270);
#5482=VERTEX_POINT('',#17272);
#5483=VERTEX_POINT('',#17274);
#5484=VERTEX_POINT('',#17276);
#5485=VERTEX_POINT('',#17278);
#5486=VERTEX_POINT('',#17280);
#5487=VERTEX_POINT('',#17282);
#5488=VERTEX_POINT('',#17284);
#5489=VERTEX_POINT('',#17286);
#5490=VERTEX_POINT('',#17293);
#5491=VERTEX_POINT('',#17295);
#5492=VERTEX_POINT('',#17297);
#5493=VERTEX_POINT('',#17304);
#5494=VERTEX_POINT('',#17305);
#5495=VERTEX_POINT('',#17310);
#5496=VERTEX_POINT('',#17311);
#5497=VERTEX_POINT('',#17313);
#5498=VERTEX_POINT('',#17315);
#5499=VERTEX_POINT('',#17317);
#5500=VERTEX_POINT('',#17319);
#5501=VERTEX_POINT('',#17321);
#5502=VERTEX_POINT('',#17323);
#5503=VERTEX_POINT('',#17325);
#5504=VERTEX_POINT('',#17329);
#5505=VERTEX_POINT('',#17331);
#5506=VERTEX_POINT('',#17333);
#5507=VERTEX_POINT('',#17335);
#5508=VERTEX_POINT('',#17337);
#5509=VERTEX_POINT('',#17339);
#5510=VERTEX_POINT('',#17341);
#5511=VERTEX_POINT('',#17345);
#5512=VERTEX_POINT('',#17346);
#5513=VERTEX_POINT('',#17348);
#5514=VERTEX_POINT('',#17350);
#5515=VERTEX_POINT('',#17352);
#5516=VERTEX_POINT('',#17354);
#5517=VERTEX_POINT('',#17356);
#5518=VERTEX_POINT('',#17360);
#5519=VERTEX_POINT('',#17361);
#5520=VERTEX_POINT('',#17363);
#5521=VERTEX_POINT('',#17365);
#5522=VERTEX_POINT('',#17369);
#5523=VERTEX_POINT('',#17371);
#5524=VERTEX_POINT('',#17375);
#5525=VERTEX_POINT('',#17377);
#5526=VERTEX_POINT('',#17379);
#5527=VERTEX_POINT('',#17381);
#5528=VERTEX_POINT('',#17383);
#5529=VERTEX_POINT('',#17385);
#5530=VERTEX_POINT('',#17387);
#5531=VERTEX_POINT('',#17389);
#5532=VERTEX_POINT('',#17391);
#5533=VERTEX_POINT('',#17393);
#5534=VERTEX_POINT('',#17395);
#5535=VERTEX_POINT('',#17397);
#5536=VERTEX_POINT('',#17399);
#5537=VERTEX_POINT('',#17403);
#5538=VERTEX_POINT('',#17404);
#5539=VERTEX_POINT('',#17409);
#5540=VERTEX_POINT('',#17413);
#5541=VERTEX_POINT('',#17414);
#5542=VERTEX_POINT('',#17416);
#5543=VERTEX_POINT('',#17418);
#5544=VERTEX_POINT('',#17422);
#5545=VERTEX_POINT('',#17424);
#5546=VERTEX_POINT('',#17426);
#5547=VERTEX_POINT('',#17428);
#5548=VERTEX_POINT('',#17430);
#5549=VERTEX_POINT('',#17432);
#5550=VERTEX_POINT('',#17434);
#5551=VERTEX_POINT('',#17438);
#5552=VERTEX_POINT('',#17439);
#5553=VERTEX_POINT('',#17444);
#5554=VERTEX_POINT('',#17446);
#5555=VERTEX_POINT('',#17448);
#5556=VERTEX_POINT('',#17450);
#5557=VERTEX_POINT('',#17452);
#5558=VERTEX_POINT('',#17456);
#5559=VERTEX_POINT('',#17457);
#5560=VERTEX_POINT('',#17459);
#5561=VERTEX_POINT('',#17461);
#5562=VERTEX_POINT('',#17465);
#5563=VERTEX_POINT('',#17467);
#5564=VERTEX_POINT('',#17469);
#5565=VERTEX_POINT('',#17471);
#5566=VERTEX_POINT('',#17473);
#5567=VERTEX_POINT('',#17475);
#5568=VERTEX_POINT('',#17477);
#5569=VERTEX_POINT('',#17485);
#5570=VERTEX_POINT('',#17487);
#5571=VERTEX_POINT('',#17494);
#5572=VERTEX_POINT('',#17496);
#5573=VERTEX_POINT('',#17498);
#5574=VERTEX_POINT('',#17500);
#5575=VERTEX_POINT('',#17502);
#5576=VERTEX_POINT('',#17504);
#5577=VERTEX_POINT('',#17506);
#5578=VERTEX_POINT('',#17508);
#5579=VERTEX_POINT('',#17511);
#5580=VERTEX_POINT('',#17513);
#5581=VERTEX_POINT('',#17517);
#5582=VERTEX_POINT('',#17519);
#5583=VERTEX_POINT('',#17522);
#5584=VERTEX_POINT('',#17524);
#5585=VERTEX_POINT('',#17526);
#5586=VERTEX_POINT('',#17528);
#5587=VERTEX_POINT('',#17531);
#5588=VERTEX_POINT('',#17533);
#5589=VERTEX_POINT('',#17549);
#5590=VERTEX_POINT('',#17561);
#5591=VERTEX_POINT('',#17562);
#5592=VERTEX_POINT('',#17564);
#5593=VERTEX_POINT('',#17566);
#5594=VERTEX_POINT('',#17573);
#5595=VERTEX_POINT('',#17574);
#5596=VERTEX_POINT('',#17576);
#5597=VERTEX_POINT('',#17578);
#5598=VERTEX_POINT('',#17589);
#5599=VERTEX_POINT('',#17591);
#5600=VERTEX_POINT('',#17605);
#5601=VERTEX_POINT('',#17607);
#5602=VERTEX_POINT('',#17611);
#5603=VERTEX_POINT('',#17615);
#5604=VERTEX_POINT('',#17619);
#5605=VERTEX_POINT('',#17621);
#5606=VERTEX_POINT('',#17625);
#5607=VERTEX_POINT('',#17627);
#5608=VERTEX_POINT('',#17631);
#5609=VERTEX_POINT('',#17635);
#5610=VERTEX_POINT('',#17639);
#5611=VERTEX_POINT('',#17645);
#5612=VERTEX_POINT('',#17647);
#5613=VERTEX_POINT('',#17651);
#5614=VERTEX_POINT('',#17655);
#5615=VERTEX_POINT('',#17661);
#5616=VERTEX_POINT('',#17667);
#5617=VERTEX_POINT('',#17671);
#5618=VERTEX_POINT('',#17677);
#5619=VERTEX_POINT('',#17678);
#5620=VERTEX_POINT('',#17683);
#5621=VERTEX_POINT('',#17684);
#5622=VERTEX_POINT('',#17689);
#5623=VERTEX_POINT('',#17690);
#5624=VERTEX_POINT('',#17699);
#5625=VERTEX_POINT('',#17700);
#5626=VERTEX_POINT('',#17715);
#5627=VERTEX_POINT('',#17716);
#5628=VERTEX_POINT('',#17733);
#5629=VERTEX_POINT('',#17735);
#5630=VERTEX_POINT('',#17745);
#5631=VERTEX_POINT('',#17746);
#5632=VERTEX_POINT('',#17748);
#5633=VERTEX_POINT('',#17750);
#5634=VERTEX_POINT('',#17754);
#5635=VERTEX_POINT('',#17756);
#5636=VERTEX_POINT('',#17760);
#5637=VERTEX_POINT('',#17762);
#5638=VERTEX_POINT('',#17764);
#5639=VERTEX_POINT('',#17766);
#5640=VERTEX_POINT('',#17768);
#5641=VERTEX_POINT('',#17771);
#5642=VERTEX_POINT('',#17772);
#5643=VERTEX_POINT('',#17774);
#5644=VERTEX_POINT('',#17776);
#5645=VERTEX_POINT('',#17780);
#5646=VERTEX_POINT('',#17784);
#5647=VERTEX_POINT('',#17788);
#5648=VERTEX_POINT('',#17789);
#5649=VERTEX_POINT('',#17791);
#5650=VERTEX_POINT('',#17798);
#5651=VERTEX_POINT('',#17802);
#5652=VERTEX_POINT('',#17806);
#5653=VERTEX_POINT('',#17808);
#5654=VERTEX_POINT('',#17815);
#5655=VERTEX_POINT('',#17819);
#5656=VERTEX_POINT('',#17826);
#5657=VERTEX_POINT('',#17827);
#5658=VERTEX_POINT('',#17829);
#5659=VERTEX_POINT('',#17831);
#5660=VERTEX_POINT('',#17835);
#5661=VERTEX_POINT('',#17836);
#5662=VERTEX_POINT('',#17838);
#5663=VERTEX_POINT('',#17841);
#5664=VERTEX_POINT('',#17845);
#5665=VERTEX_POINT('',#17846);
#5666=VERTEX_POINT('',#17848);
#5667=VERTEX_POINT('',#17851);
#5668=VERTEX_POINT('',#17857);
#5669=VERTEX_POINT('',#17859);
#5670=VERTEX_POINT('',#17861);
#5671=VERTEX_POINT('',#17865);
#5672=VERTEX_POINT('',#17867);
#5673=VERTEX_POINT('',#17869);
#5674=VERTEX_POINT('',#17873);
#5675=VERTEX_POINT('',#17875);
#5676=VERTEX_POINT('',#17877);
#5677=VERTEX_POINT('',#17879);
#5678=VERTEX_POINT('',#17881);
#5679=VERTEX_POINT('',#17883);
#5680=VERTEX_POINT('',#17885);
#5681=VERTEX_POINT('',#17887);
#5682=VERTEX_POINT('',#17890);
#5683=VERTEX_POINT('',#17892);
#5684=VERTEX_POINT('',#17894);
#5685=VERTEX_POINT('',#17896);
#5686=VERTEX_POINT('',#17898);
#5687=VERTEX_POINT('',#17902);
#5688=VERTEX_POINT('',#17904);
#5689=VERTEX_POINT('',#17906);
#5690=VERTEX_POINT('',#17908);
#5691=VERTEX_POINT('',#17912);
#5692=VERTEX_POINT('',#17914);
#5693=VERTEX_POINT('',#17918);
#5694=VERTEX_POINT('',#17919);
#5695=VERTEX_POINT('',#17921);
#5696=VERTEX_POINT('',#17923);
#5697=VERTEX_POINT('',#17930);
#5698=VERTEX_POINT('',#17934);
#5699=VERTEX_POINT('',#17938);
#5700=VERTEX_POINT('',#17940);
#5701=VERTEX_POINT('',#17944);
#5702=VERTEX_POINT('',#17946);
#5703=VERTEX_POINT('',#17950);
#5704=VERTEX_POINT('',#17954);
#5705=VERTEX_POINT('',#17958);
#5706=VERTEX_POINT('',#17963);
#5707=VERTEX_POINT('',#17967);
#5708=VERTEX_POINT('',#17979);
#5709=VERTEX_POINT('',#17980);
#5710=VERTEX_POINT('',#17982);
#5711=VERTEX_POINT('',#17984);
#5712=VERTEX_POINT('',#17988);
#5713=VERTEX_POINT('',#17990);
#5714=VERTEX_POINT('',#17994);
#5715=VERTEX_POINT('',#17996);
#5716=VERTEX_POINT('',#18000);
#5717=VERTEX_POINT('',#18002);
#5718=VERTEX_POINT('',#18006);
#5719=VERTEX_POINT('',#18008);
#5720=VERTEX_POINT('',#18012);
#5721=VERTEX_POINT('',#18014);
#5722=VERTEX_POINT('',#18016);
#5723=VERTEX_POINT('',#18025);
#5724=VERTEX_POINT('',#18036);
#5725=VERTEX_POINT('',#18039);
#5726=VERTEX_POINT('',#18043);
#5727=EDGE_CURVE('',#4721,#4721,#4560,.T.);
#5728=EDGE_CURVE('',#4721,#4722,#1834,.T.);
#5729=EDGE_CURVE('',#4722,#4722,#4561,.T.);
#5730=EDGE_CURVE('',#4723,#4723,#4562,.T.);
#5731=EDGE_CURVE('',#4723,#4724,#1835,.T.);
#5732=EDGE_CURVE('',#4724,#4724,#4563,.T.);
#5733=EDGE_CURVE('',#4725,#4725,#4564,.T.);
#5734=EDGE_CURVE('',#4725,#4726,#1836,.T.);
#5735=EDGE_CURVE('',#4726,#4726,#4565,.T.);
#5736=EDGE_CURVE('',#4727,#4727,#4566,.T.);
#5737=EDGE_CURVE('',#4727,#4728,#1837,.T.);
#5738=EDGE_CURVE('',#4728,#4728,#4567,.T.);
#5739=EDGE_CURVE('',#4729,#4730,#1838,.T.);
#5740=EDGE_CURVE('',#4730,#4731,#1839,.T.);
#5741=EDGE_CURVE('',#4731,#4732,#1840,.T.);
#5742=EDGE_CURVE('',#4732,#4729,#1841,.T.);
#5743=EDGE_CURVE('',#4732,#4733,#1842,.T.);
#5744=EDGE_CURVE('',#4733,#4734,#1843,.T.);
#5745=EDGE_CURVE('',#4734,#4735,#1844,.T.);
#5746=EDGE_CURVE('',#4735,#4729,#1845,.T.);
#5747=EDGE_CURVE('',#4736,#4735,#1846,.T.);
#5748=EDGE_CURVE('',#4737,#4736,#1847,.T.);
#5749=EDGE_CURVE('',#4738,#4737,#1848,.T.);
#5750=EDGE_CURVE('',#4739,#4738,#1849,.T.);
#5751=EDGE_CURVE('',#4740,#4739,#1850,.T.);
#5752=EDGE_CURVE('',#4740,#4741,#1851,.T.);
#5753=EDGE_CURVE('',#4741,#4742,#1852,.T.);
#5754=EDGE_CURVE('',#4730,#4742,#1853,.T.);
#5755=EDGE_CURVE('',#4743,#4734,#1854,.T.);
#5756=EDGE_CURVE('',#4744,#4743,#1855,.T.);
#5757=EDGE_CURVE('',#4745,#4744,#1856,.T.);
#5758=EDGE_CURVE('',#4746,#4745,#1857,.T.);
#5759=EDGE_CURVE('',#4746,#4747,#1858,.T.);
#5760=EDGE_CURVE('',#4748,#4747,#1859,.T.);
#5761=EDGE_CURVE('',#4749,#4748,#1860,.T.);
#5762=EDGE_CURVE('',#4750,#4749,#1861,.T.);
#5763=EDGE_CURVE('',#4751,#4750,#1862,.T.);
#5764=EDGE_CURVE('',#4752,#4751,#1863,.T.);
#5765=EDGE_CURVE('',#4752,#4753,#1864,.T.);
#5766=EDGE_CURVE('',#4754,#4753,#1865,.T.);
#5767=EDGE_CURVE('',#4755,#4754,#1866,.T.);
#5768=EDGE_CURVE('',#4756,#4755,#1867,.T.);
#5769=EDGE_CURVE('',#4757,#4756,#1868,.T.);
#5770=EDGE_CURVE('',#4736,#4757,#1869,.T.);
#5771=EDGE_CURVE('',#4758,#4759,#1870,.T.);
#5772=EDGE_CURVE('',#4759,#4760,#1871,.T.);
#5773=EDGE_CURVE('',#4760,#4761,#1872,.T.);
#5774=EDGE_CURVE('',#4761,#4758,#1873,.T.);
#5775=EDGE_CURVE('',#4733,#4762,#1874,.T.);
#5776=EDGE_CURVE('',#4762,#4743,#1875,.T.);
#5777=EDGE_CURVE('',#4742,#4763,#1876,.T.);
#5778=EDGE_CURVE('',#4763,#4764,#1877,.T.);
#5779=EDGE_CURVE('',#4764,#4765,#1878,.T.);
#5780=EDGE_CURVE('',#4765,#4766,#1879,.T.);
#5781=EDGE_CURVE('',#4766,#4731,#1880,.F.);
#5782=EDGE_CURVE('',#4767,#4766,#1881,.F.);
#5783=EDGE_CURVE('',#4768,#4767,#1882,.T.);
#5784=EDGE_CURVE('',#4768,#4733,#1883,.F.);
#5785=EDGE_CURVE('',#4745,#4769,#1884,.T.);
#5786=EDGE_CURVE('',#4769,#4770,#1885,.T.);
#5787=EDGE_CURVE('',#4770,#4771,#1886,.T.);
#5788=EDGE_CURVE('',#4771,#4746,#1887,.T.);
#5789=EDGE_CURVE('',#4770,#4772,#1888,.T.);
#5790=EDGE_CURVE('',#4772,#4773,#1889,.T.);
#5791=EDGE_CURVE('',#4773,#4771,#1890,.T.);
#5792=EDGE_CURVE('',#4774,#4773,#1891,.T.);
#5793=EDGE_CURVE('',#4775,#4774,#1892,.T.);
#5794=EDGE_CURVE('',#4775,#4776,#1893,.T.);
#5795=EDGE_CURVE('',#4747,#4776,#1894,.T.);
#5796=EDGE_CURVE('',#4772,#4777,#1895,.F.);
#5797=EDGE_CURVE('',#4777,#4778,#1896,.T.);
#5798=EDGE_CURVE('',#4778,#4774,#1897,.T.);
#5799=EDGE_CURVE('',#4744,#4779,#1898,.T.);
#5800=EDGE_CURVE('',#4779,#4769,#1899,.T.);
#5801=EDGE_CURVE('',#4780,#4781,#1900,.T.);
#5802=EDGE_CURVE('',#4781,#4782,#1901,.T.);
#5803=EDGE_CURVE('',#4782,#4783,#1902,.T.);
#5804=EDGE_CURVE('',#4783,#4780,#1903,.T.);
#5805=EDGE_CURVE('',#4783,#4784,#1904,.T.);
#5806=EDGE_CURVE('',#4784,#4754,#1905,.T.);
#5807=EDGE_CURVE('',#4753,#4780,#1906,.T.);
#5808=EDGE_CURVE('',#4785,#4752,#1907,.T.);
#5809=EDGE_CURVE('',#4785,#4786,#1908,.T.);
#5810=EDGE_CURVE('',#4786,#4787,#1909,.T.);
#5811=EDGE_CURVE('',#4781,#4787,#1910,.T.);
#5812=EDGE_CURVE('',#4784,#4788,#1911,.T.);
#5813=EDGE_CURVE('',#4788,#4755,#1912,.T.);
#5814=EDGE_CURVE('',#4787,#4789,#1913,.T.);
#5815=EDGE_CURVE('',#4789,#4790,#1914,.T.);
#5816=EDGE_CURVE('',#4790,#4782,#1915,.F.);
#5817=EDGE_CURVE('',#4791,#4790,#1916,.F.);
#5818=EDGE_CURVE('',#4792,#4791,#1917,.T.);
#5819=EDGE_CURVE('',#4792,#4784,#1918,.F.);
#5820=EDGE_CURVE('',#4757,#4793,#1919,.T.);
#5821=EDGE_CURVE('',#4793,#4794,#1920,.T.);
#5822=EDGE_CURVE('',#4794,#4737,#1921,.T.);
#5823=EDGE_CURVE('',#4794,#4795,#1922,.T.);
#5824=EDGE_CURVE('',#4795,#4738,#1923,.T.);
#5825=EDGE_CURVE('',#4795,#4796,#1924,.F.);
#5826=EDGE_CURVE('',#4796,#4797,#1925,.T.);
#5827=EDGE_CURVE('',#4797,#4798,#1926,.T.);
#5828=EDGE_CURVE('',#4798,#4799,#1927,.T.);
#5829=EDGE_CURVE('',#4799,#4739,#1928,.T.);
#5830=EDGE_CURVE('',#4756,#4800,#1929,.T.);
#5831=EDGE_CURVE('',#4800,#4793,#1930,.T.);
#5832=EDGE_CURVE('',#4769,#4801,#1931,.F.);
#5833=EDGE_CURVE('',#4802,#4801,#1932,.T.);
#5834=EDGE_CURVE('',#4802,#4777,#1933,.T.);
#5835=EDGE_CURVE('',#4762,#4779,#1934,.T.);
#5836=EDGE_CURVE('',#4803,#4779,#1935,.F.);
#5837=EDGE_CURVE('',#4801,#4803,#1936,.T.);
#5838=EDGE_CURVE('',#4804,#4762,#1937,.T.);
#5839=EDGE_CURVE('',#4803,#4804,#1938,.F.);
#5840=EDGE_CURVE('',#4804,#4768,#1939,.T.);
#5841=EDGE_CURVE('',#4788,#4800,#1940,.T.);
#5842=EDGE_CURVE('',#4793,#4805,#1941,.F.);
#5843=EDGE_CURVE('',#4806,#4805,#1942,.T.);
#5844=EDGE_CURVE('',#4806,#4796,#1943,.T.);
#5845=EDGE_CURVE('',#4807,#4800,#1944,.T.);
#5846=EDGE_CURVE('',#4805,#4807,#1945,.T.);
#5847=EDGE_CURVE('',#4808,#4788,#1946,.T.);
#5848=EDGE_CURVE('',#4807,#4808,#1947,.T.);
#5849=EDGE_CURVE('',#4808,#4792,#1948,.T.);
#5850=EDGE_CURVE('',#4747,#4809,#1949,.T.);
#5851=EDGE_CURVE('',#4809,#4810,#1950,.T.);
#5852=EDGE_CURVE('',#4810,#4748,#1951,.T.);
#5853=EDGE_CURVE('',#4810,#4811,#1952,.T.);
#5854=EDGE_CURVE('',#4811,#4749,#1953,.T.);
#5855=EDGE_CURVE('',#4811,#4812,#1954,.T.);
#5856=EDGE_CURVE('',#4812,#4750,#1955,.T.);
#5857=EDGE_CURVE('',#4812,#4813,#1956,.T.);
#5858=EDGE_CURVE('',#4813,#4751,#1957,.T.);
#5859=EDGE_CURVE('',#4813,#4814,#1958,.T.);
#5860=EDGE_CURVE('',#4814,#4752,#1959,.T.);
#5861=EDGE_CURVE('',#4814,#4815,#1960,.T.);
#5862=EDGE_CURVE('',#4815,#4785,#1961,.T.);
#5863=EDGE_CURVE('',#4813,#4816,#1962,.T.);
#5864=EDGE_CURVE('',#4815,#4816,#1963,.T.);
#5865=EDGE_CURVE('',#4776,#4817,#1964,.T.);
#5866=EDGE_CURVE('',#4817,#4809,#1965,.T.);
#5867=EDGE_CURVE('',#4818,#4817,#1966,.T.);
#5868=EDGE_CURVE('',#4818,#4810,#1967,.T.);
#5869=EDGE_CURVE('',#4816,#4819,#1968,.T.);
#5870=EDGE_CURVE('',#4819,#4820,#1969,.T.);
#5871=EDGE_CURVE('',#4820,#4818,#1970,.T.);
#5872=EDGE_CURVE('',#4775,#4821,#1971,.T.);
#5873=EDGE_CURVE('',#4821,#4802,#1972,.T.);
#5874=EDGE_CURVE('',#4767,#4822,#1973,.T.);
#5875=EDGE_CURVE('',#4823,#4822,#1974,.T.);
#5876=EDGE_CURVE('',#4824,#4823,#1975,.T.);
#5877=EDGE_CURVE('',#4825,#4824,#1976,.T.);
#5878=EDGE_CURVE('',#4825,#4806,#1977,.T.);
#5879=EDGE_CURVE('',#4791,#4826,#1978,.T.);
#5880=EDGE_CURVE('',#4826,#4786,#1979,.T.);
#5881=EDGE_CURVE('',#4811,#4820,#1980,.T.);
#5882=EDGE_CURVE('',#4819,#4812,#1981,.T.);
#5883=EDGE_CURVE('',#4821,#4778,#1982,.T.);
#5884=EDGE_CURVE('',#4827,#4741,#1983,.T.);
#5885=EDGE_CURVE('',#4827,#4763,#1984,.T.);
#5886=EDGE_CURVE('',#4822,#4765,#1985,.T.);
#5887=EDGE_CURVE('',#4740,#4828,#1986,.T.);
#5888=EDGE_CURVE('',#4827,#4828,#1987,.T.);
#5889=EDGE_CURVE('',#4826,#4789,#1988,.T.);
#5890=EDGE_CURVE('',#4825,#4797,#1989,.T.);
#5891=EDGE_CURVE('',#4828,#4799,#1990,.T.);
#5892=EDGE_CURVE('',#4829,#4798,#1991,.T.);
#5893=EDGE_CURVE('',#4830,#4829,#1992,.T.);
#5894=EDGE_CURVE('',#4764,#4830,#1993,.T.);
#5895=EDGE_CURVE('',#4831,#4830,#1994,.T.);
#5896=EDGE_CURVE('',#4823,#4831,#1995,.T.);
#5897=EDGE_CURVE('',#4832,#4831,#1996,.T.);
#5898=EDGE_CURVE('',#4824,#4832,#1997,.T.);
#5899=EDGE_CURVE('',#4829,#4832,#1998,.T.);
#5900=EDGE_CURVE('',#4833,#4834,#1999,.T.);
#5901=EDGE_CURVE('',#4835,#4833,#2000,.T.);
#5902=EDGE_CURVE('',#4836,#4835,#2001,.T.);
#5903=EDGE_CURVE('',#4834,#4836,#2002,.T.);
#5904=EDGE_CURVE('',#4835,#4760,#2003,.T.);
#5905=EDGE_CURVE('',#4836,#4759,#2004,.T.);
#5906=EDGE_CURVE('',#4833,#4761,#2005,.T.);
#5907=EDGE_CURVE('',#4834,#4758,#2006,.T.);
#5908=EDGE_CURVE('',#4837,#4838,#75,.T.);
#5909=EDGE_CURVE('',#4838,#4839,#2007,.T.);
#5910=EDGE_CURVE('',#4839,#4840,#76,.T.);
#5911=EDGE_CURVE('',#4837,#4840,#2008,.T.);
#5912=EDGE_CURVE('',#4841,#4837,#2009,.T.);
#5913=EDGE_CURVE('',#4840,#4842,#2010,.T.);
#5914=EDGE_CURVE('',#4842,#4843,#2011,.T.);
#5915=EDGE_CURVE('',#4843,#4844,#2012,.T.);
#5916=EDGE_CURVE('',#4845,#4844,#2013,.T.);
#5917=EDGE_CURVE('',#4845,#4846,#2014,.T.);
#5918=EDGE_CURVE('',#4846,#4841,#2015,.T.);
#5919=EDGE_CURVE('',#4847,#4848,#2016,.T.);
#5920=EDGE_CURVE('',#4848,#4849,#2017,.T.);
#5921=EDGE_CURVE('',#4849,#4850,#2018,.T.);
#5922=EDGE_CURVE('',#4850,#4851,#2019,.T.);
#5923=EDGE_CURVE('',#4851,#4852,#2020,.T.);
#5924=EDGE_CURVE('',#4853,#4852,#2021,.T.);
#5925=EDGE_CURVE('',#4853,#4854,#2022,.T.);
#5926=EDGE_CURVE('',#4854,#4847,#2023,.T.);
#5927=EDGE_CURVE('',#4848,#4855,#77,.T.);
#5928=EDGE_CURVE('',#4855,#4856,#2024,.T.);
#5929=EDGE_CURVE('',#4856,#4849,#78,.T.);
#5930=EDGE_CURVE('',#4857,#4858,#2025,.T.);
#5931=EDGE_CURVE('',#4859,#4857,#2026,.T.);
#5932=EDGE_CURVE('',#4860,#4859,#2027,.T.);
#5933=EDGE_CURVE('',#4858,#4860,#2028,.T.);
#5934=EDGE_CURVE('',#4858,#4861,#2029,.T.);
#5935=EDGE_CURVE('',#4862,#4860,#2030,.T.);
#5936=EDGE_CURVE('',#4861,#4862,#2031,.T.);
#5937=EDGE_CURVE('',#4860,#4863,#2032,.T.);
#5938=EDGE_CURVE('',#4839,#4859,#2033,.T.);
#5939=EDGE_CURVE('',#4856,#4838,#2034,.T.);
#5940=EDGE_CURVE('',#4864,#4855,#2035,.T.);
#5941=EDGE_CURVE('',#4863,#4864,#2036,.T.);
#5942=EDGE_CURVE('',#4863,#4865,#2037,.T.);
#5943=EDGE_CURVE('',#4865,#4866,#2038,.T.);
#5944=EDGE_CURVE('',#4853,#4866,#2039,.T.);
#5945=EDGE_CURVE('',#4845,#4852,#2040,.T.);
#5946=EDGE_CURVE('',#4862,#4844,#2041,.T.);
#5947=EDGE_CURVE('',#4865,#4867,#2042,.T.);
#5948=EDGE_CURVE('',#4863,#4867,#2043,.T.);
#5949=EDGE_CURVE('',#4867,#4868,#2044,.T.);
#5950=EDGE_CURVE('',#4868,#4864,#2045,.T.);
#5951=EDGE_CURVE('',#4855,#4856,#79,.T.);
#5952=EDGE_CURVE('',#4838,#4839,#80,.T.);
#5953=EDGE_CURVE('',#4857,#4869,#2046,.T.);
#5954=EDGE_CURVE('',#4870,#4869,#2047,.T.);
#5955=EDGE_CURVE('',#4870,#4871,#2048,.T.);
#5956=EDGE_CURVE('',#4872,#4871,#2049,.T.);
#5957=EDGE_CURVE('',#4872,#4873,#2050,.T.);
#5958=EDGE_CURVE('',#4873,#4874,#2051,.T.);
#5959=EDGE_CURVE('',#4874,#4875,#2052,.T.);
#5960=EDGE_CURVE('',#4875,#4876,#2053,.T.);
#5961=EDGE_CURVE('',#4876,#4877,#2054,.T.);
#5962=EDGE_CURVE('',#4878,#4877,#2055,.T.);
#5963=EDGE_CURVE('',#4878,#4879,#2056,.T.);
#5964=EDGE_CURVE('',#4880,#4879,#2057,.T.);
#5965=EDGE_CURVE('',#4880,#4868,#2058,.T.);
#5966=EDGE_CURVE('',#4881,#4881,#4568,.T.);
#5967=EDGE_CURVE('',#4882,#4882,#4569,.T.);
#5968=EDGE_CURVE('',#4883,#4883,#4570,.T.);
#5969=EDGE_CURVE('',#4884,#4884,#4571,.T.);
#5970=EDGE_CURVE('',#4885,#4886,#2059,.T.);
#5971=EDGE_CURVE('',#4886,#4887,#2060,.T.);
#5972=EDGE_CURVE('',#4887,#4888,#2061,.T.);
#5973=EDGE_CURVE('',#4888,#4889,#2062,.T.);
#5974=EDGE_CURVE('',#4889,#4890,#2063,.T.);
#5975=EDGE_CURVE('',#4890,#4891,#2064,.T.);
#5976=EDGE_CURVE('',#4891,#4892,#4572,.T.);
#5977=EDGE_CURVE('',#4892,#4893,#2065,.T.);
#5978=EDGE_CURVE('',#4893,#4894,#2066,.T.);
#5979=EDGE_CURVE('',#4894,#4895,#2067,.T.);
#5980=EDGE_CURVE('',#4895,#4896,#4573,.T.);
#5981=EDGE_CURVE('',#4896,#4897,#2068,.T.);
#5982=EDGE_CURVE('',#4897,#4898,#2069,.T.);
#5983=EDGE_CURVE('',#4898,#4899,#2070,.T.);
#5984=EDGE_CURVE('',#4899,#4900,#4574,.T.);
#5985=EDGE_CURVE('',#4900,#4901,#2071,.T.);
#5986=EDGE_CURVE('',#4901,#4902,#2072,.T.);
#5987=EDGE_CURVE('',#4902,#4903,#2073,.T.);
#5988=EDGE_CURVE('',#4903,#4904,#4575,.T.);
#5989=EDGE_CURVE('',#4904,#4885,#2074,.T.);
#5990=EDGE_CURVE('',#4876,#4905,#2075,.T.);
#5991=EDGE_CURVE('',#4906,#4875,#2076,.T.);
#5992=EDGE_CURVE('',#4905,#4906,#2077,.T.);
#5993=EDGE_CURVE('',#4905,#4907,#2078,.T.);
#5994=EDGE_CURVE('',#4907,#4906,#2079,.T.);
#5995=EDGE_CURVE('',#4906,#4908,#2080,.T.);
#5996=EDGE_CURVE('',#4908,#4874,#2081,.T.);
#5997=EDGE_CURVE('',#4908,#4909,#2082,.T.);
#5998=EDGE_CURVE('',#4909,#4907,#2083,.T.);
#5999=EDGE_CURVE('',#4909,#4910,#2084,.T.);
#6000=EDGE_CURVE('',#4908,#4910,#2085,.T.);
#6001=EDGE_CURVE('',#4910,#4873,#2086,.T.);
#6002=EDGE_CURVE('',#4911,#4912,#74,.T.);
#6003=EDGE_CURVE('',#4911,#4913,#2087,.T.);
#6004=EDGE_CURVE('',#4913,#4912,#2088,.T.);
#6005=EDGE_CURVE('',#4911,#4914,#57,.T.);
#6006=EDGE_CURVE('',#4914,#4913,#4576,.T.);
#6007=EDGE_CURVE('',#4915,#4915,#4577,.T.);
#6008=EDGE_CURVE('',#4915,#4916,#2089,.T.);
#6009=EDGE_CURVE('',#4916,#4917,#4578,.T.);
#6010=EDGE_CURVE('',#4917,#4916,#4579,.T.);
#6011=EDGE_CURVE('',#4918,#4919,#2090,.T.);
#6012=EDGE_CURVE('',#4920,#4918,#2091,.T.);
#6013=EDGE_CURVE('',#4921,#4920,#2092,.T.);
#6014=EDGE_CURVE('',#4922,#4921,#2093,.T.);
#6015=EDGE_CURVE('',#4923,#4922,#2094,.T.);
#6016=EDGE_CURVE('',#4924,#4923,#2095,.T.);
#6017=EDGE_CURVE('',#4925,#4924,#2096,.T.);
#6018=EDGE_CURVE('',#4926,#4925,#2097,.T.);
#6019=EDGE_CURVE('',#4927,#4926,#2098,.T.);
#6020=EDGE_CURVE('',#4928,#4927,#2099,.T.);
#6021=EDGE_CURVE('',#4929,#4928,#2100,.T.);
#6022=EDGE_CURVE('',#4919,#4929,#2101,.T.);
#6023=EDGE_CURVE('',#4930,#4930,#4580,.T.);
#6024=EDGE_CURVE('',#4931,#4932,#2102,.T.);
#6025=EDGE_CURVE('',#4932,#4933,#4581,.T.);
#6026=EDGE_CURVE('',#4933,#4934,#2103,.T.);
#6027=EDGE_CURVE('',#4934,#4931,#4582,.T.);
#6028=EDGE_CURVE('',#4935,#4936,#2104,.T.);
#6029=EDGE_CURVE('',#4936,#4937,#4583,.T.);
#6030=EDGE_CURVE('',#4937,#4938,#2105,.T.);
#6031=EDGE_CURVE('',#4938,#4935,#4584,.T.);
#6032=EDGE_CURVE('',#4912,#4939,#4585,.T.);
#6033=EDGE_CURVE('',#4939,#4914,#4586,.T.);
#6034=EDGE_CURVE('',#4940,#4941,#2106,.T.);
#6035=EDGE_CURVE('',#4941,#4942,#4587,.T.);
#6036=EDGE_CURVE('',#4942,#4943,#2107,.T.);
#6037=EDGE_CURVE('',#4943,#4940,#4588,.T.);
#6038=EDGE_CURVE('',#4944,#4945,#2108,.T.);
#6039=EDGE_CURVE('',#4945,#4946,#4589,.T.);
#6040=EDGE_CURVE('',#4946,#4947,#2109,.T.);
#6041=EDGE_CURVE('',#4947,#4944,#4590,.T.);
#6042=EDGE_CURVE('',#4948,#4949,#2110,.T.);
#6043=EDGE_CURVE('',#4950,#4948,#2111,.T.);
#6044=EDGE_CURVE('',#4951,#4950,#2112,.T.);
#6045=EDGE_CURVE('',#4949,#4951,#2113,.T.);
#6046=EDGE_CURVE('',#4952,#4952,#4591,.T.);
#6047=EDGE_CURVE('',#4953,#4953,#4592,.T.);
#6048=EDGE_CURVE('',#4954,#4954,#4593,.T.);
#6049=EDGE_CURVE('',#4917,#4955,#2114,.T.);
#6050=EDGE_CURVE('',#4955,#4956,#4594,.T.);
#6051=EDGE_CURVE('',#4957,#4956,#2115,.T.);
#6052=EDGE_CURVE('',#4958,#4957,#4595,.T.);
#6053=EDGE_CURVE('',#4959,#4958,#2116,.T.);
#6054=EDGE_CURVE('',#4959,#4955,#4596,.T.);
#6055=EDGE_CURVE('',#4939,#4960,#2117,.T.);
#6056=EDGE_CURVE('',#4960,#4961,#4597,.T.);
#6057=EDGE_CURVE('',#4961,#4960,#4598,.T.);
#6058=EDGE_CURVE('',#4961,#4962,#2118,.T.);
#6059=EDGE_CURVE('',#4962,#4963,#4599,.T.);
#6060=EDGE_CURVE('',#4964,#4963,#2119,.T.);
#6061=EDGE_CURVE('',#4965,#4964,#4600,.T.);
#6062=EDGE_CURVE('',#4966,#4965,#2120,.T.);
#6063=EDGE_CURVE('',#4966,#4962,#4601,.T.);
#6064=EDGE_CURVE('',#4954,#4967,#2121,.T.);
#6065=EDGE_CURVE('',#4967,#4968,#4602,.T.);
#6066=EDGE_CURVE('',#4968,#4967,#4603,.T.);
#6067=EDGE_CURVE('',#4968,#4969,#2122,.T.);
#6068=EDGE_CURVE('',#4969,#4969,#4604,.T.);
#6069=EDGE_CURVE('',#4930,#4970,#2123,.T.);
#6070=EDGE_CURVE('',#4970,#4971,#4605,.T.);
#6071=EDGE_CURVE('',#4971,#4970,#4606,.T.);
#6072=EDGE_CURVE('',#4971,#4972,#2124,.T.);
#6073=EDGE_CURVE('',#4972,#4972,#4607,.T.);
#6074=EDGE_CURVE('',#4973,#4973,#4608,.T.);
#6075=EDGE_CURVE('',#4956,#4959,#2125,.T.);
#6076=EDGE_CURVE('',#4974,#4974,#4609,.T.);
#6077=EDGE_CURVE('',#4975,#4957,#2126,.T.);
#6078=EDGE_CURVE('',#4976,#4975,#2127,.T.);
#6079=EDGE_CURVE('',#4977,#4976,#2128,.T.);
#6080=EDGE_CURVE('',#4978,#4977,#2129,.T.);
#6081=EDGE_CURVE('',#4965,#4978,#2130,.T.);
#6082=EDGE_CURVE('',#4979,#4964,#2131,.T.);
#6083=EDGE_CURVE('',#4979,#4980,#2132,.T.);
#6084=EDGE_CURVE('',#4980,#4981,#4610,.T.);
#6085=EDGE_CURVE('',#4981,#4982,#2133,.T.);
#6086=EDGE_CURVE('',#4983,#4982,#2134,.T.);
#6087=EDGE_CURVE('',#4983,#4984,#2135,.T.);
#6088=EDGE_CURVE('',#4984,#4985,#4611,.T.);
#6089=EDGE_CURVE('',#4985,#4986,#2136,.T.);
#6090=EDGE_CURVE('',#4987,#4986,#2137,.T.);
#6091=EDGE_CURVE('',#4987,#4988,#2138,.T.);
#6092=EDGE_CURVE('',#4988,#4989,#4612,.T.);
#6093=EDGE_CURVE('',#4989,#4990,#2139,.T.);
#6094=EDGE_CURVE('',#4991,#4990,#2140,.T.);
#6095=EDGE_CURVE('',#4991,#4992,#2141,.T.);
#6096=EDGE_CURVE('',#4992,#4993,#4613,.T.);
#6097=EDGE_CURVE('',#4993,#4994,#2142,.T.);
#6098=EDGE_CURVE('',#4958,#4994,#2143,.T.);
#6099=EDGE_CURVE('',#4995,#4996,#2144,.T.);
#6100=EDGE_CURVE('',#4996,#4997,#2145,.F.);
#6101=EDGE_CURVE('',#4997,#4998,#2146,.T.);
#6102=EDGE_CURVE('',#4998,#4995,#2147,.F.);
#6103=EDGE_CURVE('',#4963,#4966,#2148,.T.);
#6104=EDGE_CURVE('',#4999,#4999,#4614,.T.);
#6105=EDGE_CURVE('',#5000,#5000,#4615,.T.);
#6106=EDGE_CURVE('',#5000,#4882,#2149,.T.);
#6107=EDGE_CURVE('',#4973,#4883,#2150,.T.);
#6108=EDGE_CURVE('',#4974,#4884,#2151,.T.);
#6109=EDGE_CURVE('',#4999,#4881,#2152,.T.);
#6110=EDGE_CURVE('',#4993,#4945,#2153,.T.);
#6111=EDGE_CURVE('',#4992,#4946,#2154,.T.);
#6112=EDGE_CURVE('',#4891,#4944,#2155,.T.);
#6113=EDGE_CURVE('',#4994,#4890,#2156,.T.);
#6114=EDGE_CURVE('',#4892,#4947,#2157,.T.);
#6115=EDGE_CURVE('',#4893,#4991,#2158,.T.);
#6116=EDGE_CURVE('',#4985,#4941,#2159,.T.);
#6117=EDGE_CURVE('',#4984,#4942,#2160,.T.);
#6118=EDGE_CURVE('',#4899,#4940,#2161,.T.);
#6119=EDGE_CURVE('',#4986,#4898,#2162,.T.);
#6120=EDGE_CURVE('',#4900,#4943,#2163,.T.);
#6121=EDGE_CURVE('',#4901,#4983,#2164,.T.);
#6122=EDGE_CURVE('',#4904,#4936,#2165,.T.);
#6123=EDGE_CURVE('',#4903,#4937,#2166,.T.);
#6124=EDGE_CURVE('',#4980,#4935,#2167,.T.);
#6125=EDGE_CURVE('',#4885,#4979,#2168,.T.);
#6126=EDGE_CURVE('',#4981,#4938,#2169,.T.);
#6127=EDGE_CURVE('',#4982,#4902,#2170,.T.);
#6128=EDGE_CURVE('',#4989,#4932,#2171,.T.);
#6129=EDGE_CURVE('',#4988,#4933,#2172,.T.);
#6130=EDGE_CURVE('',#4895,#4931,#2173,.T.);
#6131=EDGE_CURVE('',#4990,#4894,#2174,.T.);
#6132=EDGE_CURVE('',#4896,#4934,#2175,.T.);
#6133=EDGE_CURVE('',#4897,#4987,#2176,.T.);
#6134=EDGE_CURVE('',#4975,#4889,#2177,.T.);
#6135=EDGE_CURVE('',#4978,#4886,#2178,.T.);
#6136=EDGE_CURVE('',#5001,#4950,#2179,.F.);
#6137=EDGE_CURVE('',#4948,#5002,#2180,.F.);
#6138=EDGE_CURVE('',#5002,#5001,#2181,.T.);
#6139=EDGE_CURVE('',#4997,#5002,#2182,.T.);
#6140=EDGE_CURVE('',#5001,#4996,#2183,.T.);
#6141=EDGE_CURVE('',#5003,#4949,#2184,.F.);
#6142=EDGE_CURVE('',#5003,#5002,#2185,.T.);
#6143=EDGE_CURVE('',#4951,#5004,#2186,.F.);
#6144=EDGE_CURVE('',#5004,#5003,#2187,.T.);
#6145=EDGE_CURVE('',#5001,#5004,#2188,.T.);
#6146=EDGE_CURVE('',#5005,#5005,#4616,.T.);
#6147=EDGE_CURVE('',#5006,#5006,#81,.T.);
#6148=EDGE_CURVE('',#4851,#4854,#82,.T.);
#6149=EDGE_CURVE('',#5007,#4850,#4617,.T.);
#6150=EDGE_CURVE('',#4847,#5007,#4618,.T.);
#6151=EDGE_CURVE('',#5007,#5005,#2189,.T.);
#6152=EDGE_CURVE('',#4952,#5006,#2190,.T.);
#6153=EDGE_CURVE('',#5008,#5008,#4619,.T.);
#6154=EDGE_CURVE('',#5009,#5009,#83,.T.);
#6155=EDGE_CURVE('',#4843,#4846,#84,.T.);
#6156=EDGE_CURVE('',#5010,#4842,#4620,.T.);
#6157=EDGE_CURVE('',#4841,#5010,#4621,.T.);
#6158=EDGE_CURVE('',#5010,#5008,#2191,.T.);
#6159=EDGE_CURVE('',#4953,#5009,#2192,.T.);
#6160=EDGE_CURVE('',#5011,#4853,#2193,.T.);
#6161=EDGE_CURVE('',#5011,#5012,#4622,.T.);
#6162=EDGE_CURVE('',#4852,#5012,#2194,.T.);
#6163=EDGE_CURVE('',#5012,#5011,#2195,.T.);
#6164=EDGE_CURVE('',#5013,#5014,#2196,.T.);
#6165=EDGE_CURVE('',#5014,#5013,#4623,.T.);
#6166=EDGE_CURVE('',#5014,#4845,#2197,.T.);
#6167=EDGE_CURVE('',#4844,#5013,#2198,.T.);
#6168=EDGE_CURVE('',#4866,#5015,#2199,.T.);
#6169=EDGE_CURVE('',#5016,#5015,#2200,.T.);
#6170=EDGE_CURVE('',#4861,#5016,#2201,.T.);
#6171=EDGE_CURVE('',#4995,#5004,#2202,.T.);
#6172=EDGE_CURVE('',#4998,#5003,#2203,.F.);
#6173=EDGE_CURVE('',#5017,#5018,#2204,.T.);
#6174=EDGE_CURVE('',#5018,#5019,#2205,.T.);
#6175=EDGE_CURVE('',#5019,#5020,#2206,.T.);
#6176=EDGE_CURVE('',#5020,#5021,#2207,.T.);
#6177=EDGE_CURVE('',#5021,#5017,#2208,.T.);
#6178=EDGE_CURVE('',#5020,#5022,#2209,.T.);
#6179=EDGE_CURVE('',#5022,#5023,#2210,.T.);
#6180=EDGE_CURVE('',#5023,#5024,#2211,.T.);
#6181=EDGE_CURVE('',#5024,#5021,#2212,.T.);
#6182=EDGE_CURVE('',#5017,#5025,#2213,.T.);
#6183=EDGE_CURVE('',#5026,#5025,#2214,.T.);
#6184=EDGE_CURVE('',#5026,#5018,#2215,.T.);
#6185=EDGE_CURVE('',#5027,#5024,#2216,.T.);
#6186=EDGE_CURVE('',#5028,#5027,#2217,.T.);
#6187=EDGE_CURVE('',#5025,#5028,#2218,.T.);
#6188=EDGE_CURVE('',#5023,#4927,#2219,.T.);
#6189=EDGE_CURVE('',#4926,#5029,#2220,.T.);
#6190=EDGE_CURVE('',#5027,#5029,#2221,.T.);
#6191=EDGE_CURVE('',#5029,#5030,#2222,.T.);
#6192=EDGE_CURVE('',#5030,#5031,#2223,.T.);
#6193=EDGE_CURVE('',#5031,#5028,#2224,.T.);
#6194=EDGE_CURVE('',#5031,#5032,#2225,.T.);
#6195=EDGE_CURVE('',#5032,#5026,#2226,.T.);
#6196=EDGE_CURVE('',#5033,#5030,#2227,.T.);
#6197=EDGE_CURVE('',#4861,#5033,#2228,.T.);
#6198=EDGE_CURVE('',#5016,#5032,#2229,.T.);
#6199=EDGE_CURVE('',#4925,#5033,#2230,.T.);
#6200=EDGE_CURVE('',#4920,#5034,#2231,.T.);
#6201=EDGE_CURVE('',#5034,#5035,#2232,.T.);
#6202=EDGE_CURVE('',#4921,#5035,#2233,.T.);
#6203=EDGE_CURVE('',#4918,#5036,#2234,.T.);
#6204=EDGE_CURVE('',#5036,#5034,#2235,.T.);
#6205=EDGE_CURVE('',#4919,#5037,#2236,.T.);
#6206=EDGE_CURVE('',#5037,#5036,#2237,.T.);
#6207=EDGE_CURVE('',#4929,#5038,#2238,.T.);
#6208=EDGE_CURVE('',#5038,#5037,#2239,.T.);
#6209=EDGE_CURVE('',#4928,#5039,#2240,.T.);
#6210=EDGE_CURVE('',#5039,#5038,#2241,.T.);
#6211=EDGE_CURVE('',#5022,#5039,#2242,.T.);
#6212=EDGE_CURVE('',#5040,#5033,#2243,.T.);
#6213=EDGE_CURVE('',#4924,#5040,#2244,.T.);
#6214=EDGE_CURVE('',#5041,#5040,#2245,.T.);
#6215=EDGE_CURVE('',#4923,#5041,#2246,.T.);
#6216=EDGE_CURVE('',#5042,#5041,#2247,.T.);
#6217=EDGE_CURVE('',#4922,#5042,#2248,.T.);
#6218=EDGE_CURVE('',#5035,#5042,#2249,.T.);
#6219=EDGE_CURVE('',#5036,#4878,#2250,.T.);
#6220=EDGE_CURVE('',#4877,#5034,#2251,.T.);
#6221=EDGE_CURVE('',#4879,#5037,#2252,.T.);
#6222=EDGE_CURVE('',#5038,#4880,#2253,.T.);
#6223=EDGE_CURVE('',#5039,#4866,#2254,.T.);
#6224=EDGE_CURVE('',#5019,#5015,#2255,.T.);
#6225=EDGE_CURVE('',#5035,#4872,#2256,.T.);
#6226=EDGE_CURVE('',#5041,#4870,#2257,.T.);
#6227=EDGE_CURVE('',#4869,#5040,#2258,.T.);
#6228=EDGE_CURVE('',#4871,#5042,#2259,.T.);
#6229=EDGE_CURVE('',#4977,#4887,#2260,.T.);
#6230=EDGE_CURVE('',#4976,#4888,#2261,.T.);
#6231=EDGE_CURVE('',#5043,#5044,#85,.T.);
#6232=EDGE_CURVE('',#5044,#5043,#86,.T.);
#6233=EDGE_CURVE('',#5045,#5046,#87,.T.);
#6234=EDGE_CURVE('',#5046,#5045,#88,.T.);
#6235=EDGE_CURVE('',#5047,#5048,#89,.T.);
#6236=EDGE_CURVE('',#5048,#5047,#90,.T.);
#6237=EDGE_CURVE('',#5049,#5050,#91,.T.);
#6238=EDGE_CURVE('',#5050,#5049,#92,.T.);
#6239=EDGE_CURVE('',#5051,#5052,#93,.T.);
#6240=EDGE_CURVE('',#5052,#5051,#94,.T.);
#6241=EDGE_CURVE('',#5046,#5043,#2262,.F.);
#6242=EDGE_CURVE('',#5050,#5045,#2263,.F.);
#6243=EDGE_CURVE('',#5053,#5049,#2264,.F.);
#6244=EDGE_CURVE('',#5053,#5054,#2265,.F.);
#6245=EDGE_CURVE('',#5055,#5054,#2266,.F.);
#6246=EDGE_CURVE('',#5055,#5056,#2267,.T.);
#6247=EDGE_CURVE('',#5056,#5057,#2268,.T.);
#6248=EDGE_CURVE('',#5058,#5057,#2269,.T.);
#6249=EDGE_CURVE('',#5059,#5058,#2270,.T.);
#6250=EDGE_CURVE('',#5052,#5059,#2271,.F.);
#6251=EDGE_CURVE('',#5048,#5051,#2272,.F.);
#6252=EDGE_CURVE('',#5044,#5047,#2273,.F.);
#6253=EDGE_CURVE('',#5060,#5061,#2274,.T.);
#6254=EDGE_CURVE('',#5062,#5060,#2275,.T.);
#6255=EDGE_CURVE('',#5063,#5062,#2276,.T.);
#6256=EDGE_CURVE('',#5061,#5063,#2277,.T.);
#6257=EDGE_CURVE('',#5064,#5064,#4624,.T.);
#6258=EDGE_CURVE('',#5065,#5065,#4625,.T.);
#6259=EDGE_CURVE('',#5065,#5064,#2278,.T.);
#6260=EDGE_CURVE('',#5066,#5067,#2279,.T.);
#6261=EDGE_CURVE('',#5068,#5066,#2280,.T.);
#6262=EDGE_CURVE('',#5069,#5068,#2281,.T.);
#6263=EDGE_CURVE('',#5067,#5069,#2282,.T.);
#6264=EDGE_CURVE('',#5070,#5069,#2283,.T.);
#6265=EDGE_CURVE('',#5071,#5070,#2284,.T.);
#6266=EDGE_CURVE('',#5071,#5067,#2285,.T.);
#6267=EDGE_CURVE('',#5062,#5072,#2286,.T.);
#6268=EDGE_CURVE('',#5073,#5072,#2287,.T.);
#6269=EDGE_CURVE('',#5063,#5073,#2288,.T.);
#6270=EDGE_CURVE('',#5074,#5060,#2289,.T.);
#6271=EDGE_CURVE('',#5075,#5074,#2290,.T.);
#6272=EDGE_CURVE('',#5076,#5075,#2291,.T.);
#6273=EDGE_CURVE('',#5077,#5076,#2292,.T.);
#6274=EDGE_CURVE('',#5078,#5077,#2293,.T.);
#6275=EDGE_CURVE('',#5079,#5078,#2294,.T.);
#6276=EDGE_CURVE('',#5080,#5079,#2295,.T.);
#6277=EDGE_CURVE('',#5081,#5080,#2296,.T.);
#6278=EDGE_CURVE('',#5081,#5082,#2297,.F.);
#6279=EDGE_CURVE('',#5082,#5083,#2298,.F.);
#6280=EDGE_CURVE('',#5084,#5083,#2299,.T.);
#6281=EDGE_CURVE('',#5084,#5085,#2300,.F.);
#6282=EDGE_CURVE('',#5085,#5086,#2301,.F.);
#6283=EDGE_CURVE('',#5087,#5086,#2302,.T.);
#6284=EDGE_CURVE('',#5087,#5088,#2303,.T.);
#6285=EDGE_CURVE('',#5088,#5089,#2304,.T.);
#6286=EDGE_CURVE('',#5089,#5090,#2305,.T.);
#6287=EDGE_CURVE('',#5091,#5090,#2306,.F.);
#6288=EDGE_CURVE('',#5092,#5091,#2307,.T.);
#6289=EDGE_CURVE('',#5093,#5092,#2308,.T.);
#6290=EDGE_CURVE('',#5072,#5093,#2309,.T.);
#6291=EDGE_CURVE('',#5094,#5095,#2310,.T.);
#6292=EDGE_CURVE('',#5095,#5096,#4626,.T.);
#6293=EDGE_CURVE('',#5096,#5097,#2311,.T.);
#6294=EDGE_CURVE('',#5097,#5094,#4627,.T.);
#6295=EDGE_CURVE('',#5098,#5099,#2312,.T.);
#6296=EDGE_CURVE('',#5099,#5100,#4628,.T.);
#6297=EDGE_CURVE('',#5100,#5101,#2313,.T.);
#6298=EDGE_CURVE('',#5101,#5098,#4629,.T.);
#6299=EDGE_CURVE('',#5102,#5103,#2314,.T.);
#6300=EDGE_CURVE('',#5103,#5104,#4630,.T.);
#6301=EDGE_CURVE('',#5104,#5105,#2315,.T.);
#6302=EDGE_CURVE('',#5105,#5102,#4631,.T.);
#6303=EDGE_CURVE('',#5106,#5107,#2316,.T.);
#6304=EDGE_CURVE('',#5107,#5108,#4632,.T.);
#6305=EDGE_CURVE('',#5108,#5109,#2317,.T.);
#6306=EDGE_CURVE('',#5109,#5106,#4633,.T.);
#6307=EDGE_CURVE('',#5110,#5111,#2318,.T.);
#6308=EDGE_CURVE('',#5111,#5112,#4634,.T.);
#6309=EDGE_CURVE('',#5112,#5113,#2319,.T.);
#6310=EDGE_CURVE('',#5113,#5110,#4635,.T.);
#6311=EDGE_CURVE('',#5114,#5115,#2320,.T.);
#6312=EDGE_CURVE('',#5115,#5116,#4636,.T.);
#6313=EDGE_CURVE('',#5116,#5117,#2321,.T.);
#6314=EDGE_CURVE('',#5117,#5114,#4637,.T.);
#6315=EDGE_CURVE('',#5118,#5119,#2322,.T.);
#6316=EDGE_CURVE('',#5119,#5120,#2323,.T.);
#6317=EDGE_CURVE('',#5120,#5121,#4638,.T.);
#6318=EDGE_CURVE('',#5122,#5121,#2324,.F.);
#6319=EDGE_CURVE('',#5123,#5122,#4639,.F.);
#6320=EDGE_CURVE('',#5123,#5124,#2325,.T.);
#6321=EDGE_CURVE('',#5124,#5125,#2326,.T.);
#6322=EDGE_CURVE('',#5125,#5126,#2327,.T.);
#6323=EDGE_CURVE('',#5126,#5127,#2328,.T.);
#6324=EDGE_CURVE('',#5127,#5128,#4640,.T.);
#6325=EDGE_CURVE('',#5128,#5129,#2329,.T.);
#6326=EDGE_CURVE('',#5129,#5130,#4641,.T.);
#6327=EDGE_CURVE('',#5130,#5131,#2330,.T.);
#6328=EDGE_CURVE('',#5131,#5132,#4642,.T.);
#6329=EDGE_CURVE('',#5132,#5133,#2331,.T.);
#6330=EDGE_CURVE('',#5133,#5134,#2332,.T.);
#6331=EDGE_CURVE('',#5134,#5135,#4643,.T.);
#6332=EDGE_CURVE('',#5135,#5136,#2333,.T.);
#6333=EDGE_CURVE('',#5136,#5118,#4644,.T.);
#6334=EDGE_CURVE('',#5137,#5071,#2334,.T.);
#6335=EDGE_CURVE('',#5066,#5137,#2335,.T.);
#6336=EDGE_CURVE('',#5138,#5139,#2336,.T.);
#6337=EDGE_CURVE('',#5139,#5140,#2337,.T.);
#6338=EDGE_CURVE('',#5140,#5141,#2338,.T.);
#6339=EDGE_CURVE('',#5141,#5142,#2339,.T.);
#6340=EDGE_CURVE('',#5142,#5138,#2340,.T.);
#6341=EDGE_CURVE('',#5143,#5144,#2341,.T.);
#6342=EDGE_CURVE('',#5144,#5145,#2342,.T.);
#6343=EDGE_CURVE('',#5145,#5146,#2343,.T.);
#6344=EDGE_CURVE('',#5146,#5147,#2344,.T.);
#6345=EDGE_CURVE('',#5147,#5143,#2345,.T.);
#6346=EDGE_CURVE('',#5142,#5148,#2346,.T.);
#6347=EDGE_CURVE('',#5148,#5149,#2347,.T.);
#6348=EDGE_CURVE('',#5149,#5138,#2348,.T.);
#6349=EDGE_CURVE('',#5147,#5150,#2349,.T.);
#6350=EDGE_CURVE('',#5150,#5151,#2350,.T.);
#6351=EDGE_CURVE('',#5151,#5143,#2351,.T.);
#6352=EDGE_CURVE('',#5148,#5151,#2352,.T.);
#6353=EDGE_CURVE('',#5150,#5149,#2353,.T.);
#6354=EDGE_CURVE('',#5149,#5152,#2354,.T.);
#6355=EDGE_CURVE('',#5139,#5152,#2355,.T.);
#6356=EDGE_CURVE('',#5150,#5153,#2356,.T.);
#6357=EDGE_CURVE('',#5152,#5153,#2357,.T.);
#6358=EDGE_CURVE('',#5153,#5146,#2358,.T.);
#6359=EDGE_CURVE('',#5154,#5144,#2359,.T.);
#6360=EDGE_CURVE('',#5155,#5154,#2360,.T.);
#6361=EDGE_CURVE('',#5155,#5145,#2361,.F.);
#6362=EDGE_CURVE('',#5143,#5156,#2362,.T.);
#6363=EDGE_CURVE('',#5156,#5154,#2363,.T.);
#6364=EDGE_CURVE('',#5157,#5155,#2364,.T.);
#6365=EDGE_CURVE('',#5157,#5158,#2365,.T.);
#6366=EDGE_CURVE('',#5158,#5159,#2366,.T.);
#6367=EDGE_CURVE('',#5160,#5159,#2367,.T.);
#6368=EDGE_CURVE('',#5083,#5160,#2368,.T.);
#6369=EDGE_CURVE('',#5082,#5161,#2369,.T.);
#6370=EDGE_CURVE('',#5161,#5162,#2370,.T.);
#6371=EDGE_CURVE('',#5162,#5163,#2371,.T.);
#6372=EDGE_CURVE('',#5163,#5076,#2372,.T.);
#6373=EDGE_CURVE('',#5075,#5164,#2373,.F.);
#6374=EDGE_CURVE('',#5140,#5164,#2374,.F.);
#6375=EDGE_CURVE('',#5141,#5165,#2375,.T.);
#6376=EDGE_CURVE('',#5165,#5166,#2376,.T.);
#6377=EDGE_CURVE('',#5166,#5142,#2377,.T.);
#6378=EDGE_CURVE('',#5068,#5167,#2378,.T.);
#6379=EDGE_CURVE('',#5167,#5165,#2379,.T.);
#6380=EDGE_CURVE('',#5164,#5168,#2380,.F.);
#6381=EDGE_CURVE('',#5168,#5061,#2381,.T.);
#6382=EDGE_CURVE('',#5073,#5169,#2382,.F.);
#6383=EDGE_CURVE('',#5169,#5170,#2383,.F.);
#6384=EDGE_CURVE('',#5170,#5171,#2384,.T.);
#6385=EDGE_CURVE('',#5171,#5172,#2385,.T.);
#6386=EDGE_CURVE('',#5173,#5172,#2386,.T.);
#6387=EDGE_CURVE('',#5174,#5173,#2387,.T.);
#6388=EDGE_CURVE('',#5174,#5070,#2388,.T.);
#6389=EDGE_CURVE('',#5175,#5176,#2389,.T.);
#6390=EDGE_CURVE('',#5176,#5177,#2390,.T.);
#6391=EDGE_CURVE('',#5177,#5178,#2391,.T.);
#6392=EDGE_CURVE('',#5175,#5178,#2392,.T.);
#6393=EDGE_CURVE('',#5176,#5179,#2393,.T.);
#6394=EDGE_CURVE('',#5179,#5180,#2394,.T.);
#6395=EDGE_CURVE('',#5180,#5177,#2395,.T.);
#6396=EDGE_CURVE('',#5179,#5181,#2396,.T.);
#6397=EDGE_CURVE('',#5181,#5182,#2397,.T.);
#6398=EDGE_CURVE('',#5182,#5180,#2398,.T.);
#6399=EDGE_CURVE('',#5181,#5183,#2399,.T.);
#6400=EDGE_CURVE('',#5183,#5184,#2400,.T.);
#6401=EDGE_CURVE('',#5184,#5185,#2401,.T.);
#6402=EDGE_CURVE('',#5185,#5186,#2402,.T.);
#6403=EDGE_CURVE('',#5186,#5187,#2403,.T.);
#6404=EDGE_CURVE('',#5187,#5182,#2404,.T.);
#6405=EDGE_CURVE('',#5188,#5166,#2405,.T.);
#6406=EDGE_CURVE('',#5189,#5188,#2406,.T.);
#6407=EDGE_CURVE('',#5190,#5189,#2407,.T.);
#6408=EDGE_CURVE('',#5191,#5190,#2408,.T.);
#6409=EDGE_CURVE('',#5192,#5191,#2409,.T.);
#6410=EDGE_CURVE('',#5193,#5192,#2410,.T.);
#6411=EDGE_CURVE('',#5194,#5193,#2411,.T.);
#6412=EDGE_CURVE('',#5195,#5194,#2412,.T.);
#6413=EDGE_CURVE('',#5178,#5195,#2413,.T.);
#6414=EDGE_CURVE('',#5196,#5178,#2414,.T.);
#6415=EDGE_CURVE('',#5197,#5196,#2415,.T.);
#6416=EDGE_CURVE('',#5197,#5156,#2416,.T.);
#6417=EDGE_CURVE('',#5198,#5177,#2417,.T.);
#6418=EDGE_CURVE('',#5198,#5196,#2418,.T.);
#6419=EDGE_CURVE('',#5199,#5180,#2419,.T.);
#6420=EDGE_CURVE('',#5199,#5198,#2420,.T.);
#6421=EDGE_CURVE('',#5200,#5182,#2421,.T.);
#6422=EDGE_CURVE('',#5200,#5199,#2422,.T.);
#6423=EDGE_CURVE('',#5201,#5187,#2423,.T.);
#6424=EDGE_CURVE('',#5202,#5201,#2424,.T.);
#6425=EDGE_CURVE('',#5056,#5202,#2425,.T.);
#6426=EDGE_CURVE('',#5203,#5055,#2426,.T.);
#6427=EDGE_CURVE('',#5204,#5203,#2427,.T.);
#6428=EDGE_CURVE('',#5205,#5204,#2428,.T.);
#6429=EDGE_CURVE('',#5206,#5205,#2429,.T.);
#6430=EDGE_CURVE('',#5207,#5206,#2430,.T.);
#6431=EDGE_CURVE('',#5200,#5207,#2431,.T.);
#6432=EDGE_CURVE('',#5208,#5186,#2432,.T.);
#6433=EDGE_CURVE('',#5086,#5208,#2433,.F.);
#6434=EDGE_CURVE('',#5086,#5058,#2434,.T.);
#6435=EDGE_CURVE('',#5058,#5201,#2435,.T.);
#6436=EDGE_CURVE('',#5185,#5209,#2436,.T.);
#6437=EDGE_CURVE('',#5208,#5209,#2437,.T.);
#6438=EDGE_CURVE('',#5184,#5210,#2438,.T.);
#6439=EDGE_CURVE('',#5209,#5210,#2439,.T.);
#6440=EDGE_CURVE('',#5211,#5183,#2440,.T.);
#6441=EDGE_CURVE('',#5212,#5211,#2441,.F.);
#6442=EDGE_CURVE('',#5212,#5088,#2442,.T.);
#6443=EDGE_CURVE('',#5210,#5087,#2443,.T.);
#6444=EDGE_CURVE('',#5213,#5214,#2444,.T.);
#6445=EDGE_CURVE('',#5213,#5215,#2445,.T.);
#6446=EDGE_CURVE('',#5216,#5215,#2446,.T.);
#6447=EDGE_CURVE('',#5214,#5216,#2447,.T.);
#6448=EDGE_CURVE('',#5214,#5217,#4645,.T.);
#6449=EDGE_CURVE('',#5218,#5216,#4646,.T.);
#6450=EDGE_CURVE('',#5217,#5218,#2448,.T.);
#6451=EDGE_CURVE('',#5217,#5219,#2449,.T.);
#6452=EDGE_CURVE('',#5220,#5218,#2450,.T.);
#6453=EDGE_CURVE('',#5219,#5220,#2451,.T.);
#6454=EDGE_CURVE('',#5219,#5213,#4647,.T.);
#6455=EDGE_CURVE('',#5215,#5220,#4648,.T.);
#6456=EDGE_CURVE('',#5221,#5222,#2452,.T.);
#6457=EDGE_CURVE('',#5221,#5223,#2453,.T.);
#6458=EDGE_CURVE('',#5224,#5223,#2454,.T.);
#6459=EDGE_CURVE('',#5222,#5224,#2455,.T.);
#6460=EDGE_CURVE('',#5222,#5225,#4649,.T.);
#6461=EDGE_CURVE('',#5226,#5224,#4650,.T.);
#6462=EDGE_CURVE('',#5225,#5226,#2456,.T.);
#6463=EDGE_CURVE('',#5225,#5227,#2457,.T.);
#6464=EDGE_CURVE('',#5228,#5226,#2458,.T.);
#6465=EDGE_CURVE('',#5227,#5228,#2459,.T.);
#6466=EDGE_CURVE('',#5227,#5221,#4651,.T.);
#6467=EDGE_CURVE('',#5223,#5228,#4652,.T.);
#6468=EDGE_CURVE('',#5229,#5230,#2460,.T.);
#6469=EDGE_CURVE('',#5229,#5231,#2461,.T.);
#6470=EDGE_CURVE('',#5232,#5231,#2462,.T.);
#6471=EDGE_CURVE('',#5230,#5232,#2463,.T.);
#6472=EDGE_CURVE('',#5230,#5233,#4653,.T.);
#6473=EDGE_CURVE('',#5234,#5232,#4654,.T.);
#6474=EDGE_CURVE('',#5233,#5234,#2464,.T.);
#6475=EDGE_CURVE('',#5233,#5235,#2465,.T.);
#6476=EDGE_CURVE('',#5236,#5234,#2466,.T.);
#6477=EDGE_CURVE('',#5235,#5236,#2467,.T.);
#6478=EDGE_CURVE('',#5235,#5229,#4655,.T.);
#6479=EDGE_CURVE('',#5231,#5236,#4656,.T.);
#6480=EDGE_CURVE('',#5125,#5237,#2468,.T.);
#6481=EDGE_CURVE('',#5237,#5238,#2469,.T.);
#6482=EDGE_CURVE('',#5126,#5238,#2470,.T.);
#6483=EDGE_CURVE('',#5124,#5239,#2471,.T.);
#6484=EDGE_CURVE('',#5239,#5237,#2472,.T.);
#6485=EDGE_CURVE('',#5240,#5123,#2473,.T.);
#6486=EDGE_CURVE('',#5240,#5239,#2474,.T.);
#6487=EDGE_CURVE('',#5241,#5118,#2475,.T.);
#6488=EDGE_CURVE('',#5241,#5242,#2476,.T.);
#6489=EDGE_CURVE('',#5119,#5242,#2477,.T.);
#6490=EDGE_CURVE('',#5243,#5132,#2478,.T.);
#6491=EDGE_CURVE('',#5243,#5244,#2479,.T.);
#6492=EDGE_CURVE('',#5133,#5244,#2480,.T.);
#6493=EDGE_CURVE('',#5238,#5245,#2481,.T.);
#6494=EDGE_CURVE('',#5127,#5245,#2482,.T.);
#6495=EDGE_CURVE('',#5246,#5240,#4657,.T.);
#6496=EDGE_CURVE('',#5242,#5246,#2483,.T.);
#6497=EDGE_CURVE('',#5247,#5241,#4658,.T.);
#6498=EDGE_CURVE('',#5244,#5247,#2484,.T.);
#6499=EDGE_CURVE('',#5245,#5243,#4659,.T.);
#6500=EDGE_CURVE('',#5136,#5248,#2485,.T.);
#6501=EDGE_CURVE('',#5249,#5248,#4660,.T.);
#6502=EDGE_CURVE('',#5247,#5249,#2486,.T.);
#6503=EDGE_CURVE('',#5246,#5250,#2487,.T.);
#6504=EDGE_CURVE('',#5251,#5250,#2488,.T.);
#6505=EDGE_CURVE('',#5120,#5251,#2489,.T.);
#6506=EDGE_CURVE('',#5122,#5252,#2490,.T.);
#6507=EDGE_CURVE('',#5250,#5252,#4661,.T.);
#6508=EDGE_CURVE('',#5253,#5174,#2491,.T.);
#6509=EDGE_CURVE('',#5205,#5174,#2492,.T.);
#6510=EDGE_CURVE('',#5204,#5253,#2493,.T.);
#6511=EDGE_CURVE('',#5074,#5168,#2494,.T.);
#6512=EDGE_CURVE('',#5167,#5137,#2495,.T.);
#6513=EDGE_CURVE('',#5165,#5254,#2496,.T.);
#6514=EDGE_CURVE('',#5254,#5253,#2497,.T.);
#6515=EDGE_CURVE('',#5254,#5188,#2498,.T.);
#6516=EDGE_CURVE('',#5079,#5255,#2499,.T.);
#6517=EDGE_CURVE('',#5190,#5255,#2500,.T.);
#6518=EDGE_CURVE('',#5080,#5189,#2501,.T.);
#6519=EDGE_CURVE('',#5078,#5256,#2502,.T.);
#6520=EDGE_CURVE('',#5255,#5256,#2503,.T.);
#6521=EDGE_CURVE('',#5257,#5077,#2504,.T.);
#6522=EDGE_CURVE('',#5258,#5257,#2505,.T.);
#6523=EDGE_CURVE('',#5259,#5258,#2506,.T.);
#6524=EDGE_CURVE('',#5256,#5259,#2507,.T.);
#6525=EDGE_CURVE('',#5260,#5084,#2508,.T.);
#6526=EDGE_CURVE('',#5160,#5260,#2509,.T.);
#6527=EDGE_CURVE('',#5261,#5262,#2510,.T.);
#6528=EDGE_CURVE('',#5189,#5262,#2511,.T.);
#6529=EDGE_CURVE('',#5188,#5263,#2512,.T.);
#6530=EDGE_CURVE('',#5263,#5175,#2513,.T.);
#6531=EDGE_CURVE('',#5195,#5261,#2514,.T.);
#6532=EDGE_CURVE('',#5261,#5264,#2515,.T.);
#6533=EDGE_CURVE('',#5264,#5262,#2516,.T.);
#6534=EDGE_CURVE('',#5265,#5266,#2517,.T.);
#6535=EDGE_CURVE('',#5266,#5267,#2518,.T.);
#6536=EDGE_CURVE('',#5267,#5268,#2519,.T.);
#6537=EDGE_CURVE('',#5268,#5265,#2520,.T.);
#6538=EDGE_CURVE('',#5269,#5270,#2521,.T.);
#6539=EDGE_CURVE('',#5270,#5266,#4662,.T.);
#6540=EDGE_CURVE('',#5265,#5269,#4663,.T.);
#6541=EDGE_CURVE('',#5271,#5272,#2522,.T.);
#6542=EDGE_CURVE('',#5272,#5270,#2523,.T.);
#6543=EDGE_CURVE('',#5269,#5271,#2524,.T.);
#6544=EDGE_CURVE('',#5267,#5272,#4664,.T.);
#6545=EDGE_CURVE('',#5271,#5268,#4665,.T.);
#6546=EDGE_CURVE('',#5108,#5265,#2525,.T.);
#6547=EDGE_CURVE('',#5107,#5269,#2526,.T.);
#6548=EDGE_CURVE('',#5109,#5268,#2527,.T.);
#6549=EDGE_CURVE('',#5273,#5263,#2528,.T.);
#6550=EDGE_CURVE('',#5274,#5273,#2529,.T.);
#6551=EDGE_CURVE('',#5274,#5275,#2530,.T.);
#6552=EDGE_CURVE('',#5276,#5275,#2531,.T.);
#6553=EDGE_CURVE('',#5277,#5276,#2532,.T.);
#6554=EDGE_CURVE('',#5211,#5277,#2533,.T.);
#6555=EDGE_CURVE('',#5159,#5278,#2534,.T.);
#6556=EDGE_CURVE('',#5278,#5260,#2535,.T.);
#6557=EDGE_CURVE('',#5279,#5280,#2536,.T.);
#6558=EDGE_CURVE('',#5281,#5279,#4666,.T.);
#6559=EDGE_CURVE('',#5282,#5281,#2537,.T.);
#6560=EDGE_CURVE('',#5280,#5282,#4667,.T.);
#6561=EDGE_CURVE('',#5283,#5284,#2538,.T.);
#6562=EDGE_CURVE('',#5285,#5283,#4668,.T.);
#6563=EDGE_CURVE('',#5286,#5285,#2539,.T.);
#6564=EDGE_CURVE('',#5284,#5286,#4669,.T.);
#6565=EDGE_CURVE('',#5287,#5288,#2540,.T.);
#6566=EDGE_CURVE('',#5289,#5287,#4670,.T.);
#6567=EDGE_CURVE('',#5290,#5289,#2541,.T.);
#6568=EDGE_CURVE('',#5288,#5290,#4671,.T.);
#6569=EDGE_CURVE('',#5291,#5292,#2542,.T.);
#6570=EDGE_CURVE('',#5293,#5291,#4672,.T.);
#6571=EDGE_CURVE('',#5294,#5293,#2543,.T.);
#6572=EDGE_CURVE('',#5292,#5294,#4673,.T.);
#6573=EDGE_CURVE('',#5295,#5296,#2544,.T.);
#6574=EDGE_CURVE('',#5297,#5295,#4674,.T.);
#6575=EDGE_CURVE('',#5298,#5297,#2545,.T.);
#6576=EDGE_CURVE('',#5296,#5298,#4675,.T.);
#6577=EDGE_CURVE('',#5299,#5300,#2546,.T.);
#6578=EDGE_CURVE('',#5301,#5299,#4676,.T.);
#6579=EDGE_CURVE('',#5302,#5301,#2547,.T.);
#6580=EDGE_CURVE('',#5300,#5302,#4677,.T.);
#6581=EDGE_CURVE('',#5303,#5304,#2548,.T.);
#6582=EDGE_CURVE('',#5305,#5303,#4678,.T.);
#6583=EDGE_CURVE('',#5306,#5305,#2549,.T.);
#6584=EDGE_CURVE('',#5304,#5306,#4679,.T.);
#6585=EDGE_CURVE('',#5307,#5308,#2550,.T.);
#6586=EDGE_CURVE('',#5309,#5307,#4680,.T.);
#6587=EDGE_CURVE('',#5310,#5309,#2551,.T.);
#6588=EDGE_CURVE('',#5308,#5310,#4681,.T.);
#6589=EDGE_CURVE('',#5311,#5279,#2552,.T.);
#6590=EDGE_CURVE('',#5280,#5312,#2553,.T.);
#6591=EDGE_CURVE('',#5312,#5311,#2554,.T.);
#6592=EDGE_CURVE('',#5313,#5281,#2555,.T.);
#6593=EDGE_CURVE('',#5311,#5313,#4682,.T.);
#6594=EDGE_CURVE('',#5314,#5282,#2556,.T.);
#6595=EDGE_CURVE('',#5313,#5314,#2557,.T.);
#6596=EDGE_CURVE('',#5314,#5312,#4683,.T.);
#6597=EDGE_CURVE('',#5104,#5311,#2558,.T.);
#6598=EDGE_CURVE('',#5103,#5313,#2559,.T.);
#6599=EDGE_CURVE('',#5105,#5312,#2560,.T.);
#6600=EDGE_CURVE('',#5315,#5307,#2561,.T.);
#6601=EDGE_CURVE('',#5308,#5316,#2562,.T.);
#6602=EDGE_CURVE('',#5316,#5315,#2563,.T.);
#6603=EDGE_CURVE('',#5317,#5309,#2564,.T.);
#6604=EDGE_CURVE('',#5315,#5317,#4684,.T.);
#6605=EDGE_CURVE('',#5318,#5310,#2565,.T.);
#6606=EDGE_CURVE('',#5317,#5318,#2566,.T.);
#6607=EDGE_CURVE('',#5318,#5316,#4685,.T.);
#6608=EDGE_CURVE('',#5110,#5315,#2567,.T.);
#6609=EDGE_CURVE('',#5113,#5317,#2568,.T.);
#6610=EDGE_CURVE('',#5111,#5316,#2569,.T.);
#6611=EDGE_CURVE('',#5319,#5283,#2570,.T.);
#6612=EDGE_CURVE('',#5284,#5320,#2571,.T.);
#6613=EDGE_CURVE('',#5320,#5319,#2572,.T.);
#6614=EDGE_CURVE('',#5321,#5285,#2573,.T.);
#6615=EDGE_CURVE('',#5319,#5321,#4686,.T.);
#6616=EDGE_CURVE('',#5322,#5286,#2574,.T.);
#6617=EDGE_CURVE('',#5321,#5322,#2575,.T.);
#6618=EDGE_CURVE('',#5322,#5320,#4687,.T.);
#6619=EDGE_CURVE('',#5100,#5319,#2576,.T.);
#6620=EDGE_CURVE('',#5099,#5321,#2577,.T.);
#6621=EDGE_CURVE('',#5101,#5320,#2578,.T.);
#6622=EDGE_CURVE('',#5323,#5303,#2579,.T.);
#6623=EDGE_CURVE('',#5304,#5324,#2580,.T.);
#6624=EDGE_CURVE('',#5324,#5323,#2581,.T.);
#6625=EDGE_CURVE('',#5325,#5305,#2582,.T.);
#6626=EDGE_CURVE('',#5323,#5325,#4688,.T.);
#6627=EDGE_CURVE('',#5326,#5306,#2583,.T.);
#6628=EDGE_CURVE('',#5325,#5326,#2584,.T.);
#6629=EDGE_CURVE('',#5326,#5324,#4689,.T.);
#6630=EDGE_CURVE('',#5114,#5323,#2585,.T.);
#6631=EDGE_CURVE('',#5117,#5325,#2586,.T.);
#6632=EDGE_CURVE('',#5115,#5324,#2587,.T.);
#6633=EDGE_CURVE('',#5327,#5287,#2588,.T.);
#6634=EDGE_CURVE('',#5288,#5328,#2589,.T.);
#6635=EDGE_CURVE('',#5328,#5327,#2590,.T.);
#6636=EDGE_CURVE('',#5329,#5289,#2591,.T.);
#6637=EDGE_CURVE('',#5327,#5329,#4690,.T.);
#6638=EDGE_CURVE('',#5330,#5290,#2592,.T.);
#6639=EDGE_CURVE('',#5329,#5330,#2593,.T.);
#6640=EDGE_CURVE('',#5330,#5328,#4691,.T.);
#6641=EDGE_CURVE('',#5096,#5327,#2594,.T.);
#6642=EDGE_CURVE('',#5095,#5329,#2595,.T.);
#6643=EDGE_CURVE('',#5097,#5328,#2596,.T.);
#6644=EDGE_CURVE('',#5331,#5299,#2597,.T.);
#6645=EDGE_CURVE('',#5300,#5332,#2598,.T.);
#6646=EDGE_CURVE('',#5332,#5331,#2599,.T.);
#6647=EDGE_CURVE('',#5333,#5301,#2600,.T.);
#6648=EDGE_CURVE('',#5331,#5333,#4692,.T.);
#6649=EDGE_CURVE('',#5334,#5302,#2601,.T.);
#6650=EDGE_CURVE('',#5333,#5334,#2602,.T.);
#6651=EDGE_CURVE('',#5334,#5332,#4693,.T.);
#6652=EDGE_CURVE('',#5130,#5331,#2603,.T.);
#6653=EDGE_CURVE('',#5129,#5333,#2604,.T.);
#6654=EDGE_CURVE('',#5131,#5332,#2605,.T.);
#6655=EDGE_CURVE('',#5335,#5291,#2606,.T.);
#6656=EDGE_CURVE('',#5292,#5248,#2607,.T.);
#6657=EDGE_CURVE('',#5248,#5335,#2608,.T.);
#6658=EDGE_CURVE('',#5336,#5293,#2609,.T.);
#6659=EDGE_CURVE('',#5335,#5336,#4694,.T.);
#6660=EDGE_CURVE('',#5249,#5294,#2610,.T.);
#6661=EDGE_CURVE('',#5336,#5249,#2611,.T.);
#6662=EDGE_CURVE('',#5135,#5335,#2612,.T.);
#6663=EDGE_CURVE('',#5134,#5336,#2613,.T.);
#6664=EDGE_CURVE('',#5337,#5295,#2614,.T.);
#6665=EDGE_CURVE('',#5296,#5252,#2615,.T.);
#6666=EDGE_CURVE('',#5252,#5337,#2616,.T.);
#6667=EDGE_CURVE('',#5251,#5297,#2617,.T.);
#6668=EDGE_CURVE('',#5337,#5251,#4695,.T.);
#6669=EDGE_CURVE('',#5250,#5298,#2618,.T.);
#6670=EDGE_CURVE('',#5121,#5337,#2619,.T.);
#6671=EDGE_CURVE('',#5273,#5204,#2620,.T.);
#6672=EDGE_CURVE('',#5253,#5273,#2621,.T.);
#6673=EDGE_CURVE('',#5263,#5254,#2622,.T.);
#6674=EDGE_CURVE('',#5338,#5274,#2623,.T.);
#6675=EDGE_CURVE('',#5203,#5338,#2624,.T.);
#6676=EDGE_CURVE('',#5264,#5339,#2625,.T.);
#6677=EDGE_CURVE('',#5081,#5339,#2626,.T.);
#6678=EDGE_CURVE('',#5338,#5340,#2627,.F.);
#6679=EDGE_CURVE('',#5340,#5274,#2628,.T.);
#6680=EDGE_CURVE('',#5128,#5334,#2629,.T.);
#6681=EDGE_CURVE('',#5116,#5326,#2630,.T.);
#6682=EDGE_CURVE('',#5112,#5318,#2631,.T.);
#6683=EDGE_CURVE('',#5106,#5271,#2632,.T.);
#6684=EDGE_CURVE('',#5102,#5314,#2633,.T.);
#6685=EDGE_CURVE('',#5098,#5322,#2634,.T.);
#6686=EDGE_CURVE('',#5094,#5330,#2635,.T.);
#6687=EDGE_CURVE('',#5203,#5341,#2636,.T.);
#6688=EDGE_CURVE('',#5341,#5276,#2637,.T.);
#6689=EDGE_CURVE('',#5275,#5340,#2638,.F.);
#6690=EDGE_CURVE('',#5341,#5342,#2639,.T.);
#6691=EDGE_CURVE('',#5342,#5277,#2640,.T.);
#6692=EDGE_CURVE('',#5342,#5212,#2641,.T.);
#6693=EDGE_CURVE('',#5341,#5090,#2642,.T.);
#6694=EDGE_CURVE('',#5089,#5342,#2643,.T.);
#6695=EDGE_CURVE('',#5059,#5085,#2644,.T.);
#6696=EDGE_CURVE('',#5278,#5343,#2645,.F.);
#6697=EDGE_CURVE('',#5343,#5170,#2646,.F.);
#6698=EDGE_CURVE('',#5093,#5169,#2647,.T.);
#6699=EDGE_CURVE('',#5092,#5053,#2648,.T.);
#6700=EDGE_CURVE('',#5344,#5345,#2649,.T.);
#6701=EDGE_CURVE('',#5162,#5344,#2650,.T.);
#6702=EDGE_CURVE('',#5345,#5161,#2651,.T.);
#6703=EDGE_CURVE('',#5346,#5157,#2652,.T.);
#6704=EDGE_CURVE('',#5347,#5346,#2653,.T.);
#6705=EDGE_CURVE('',#5158,#5347,#2654,.T.);
#6706=EDGE_CURVE('',#5348,#5346,#2655,.T.);
#6707=EDGE_CURVE('',#5349,#5348,#2656,.T.);
#6708=EDGE_CURVE('',#5347,#5349,#2657,.T.);
#6709=EDGE_CURVE('',#5350,#5343,#2658,.T.);
#6710=EDGE_CURVE('',#5350,#5171,#2659,.F.);
#6711=EDGE_CURVE('',#5054,#5091,#2660,.T.);
#6712=EDGE_CURVE('',#5345,#5194,#2661,.T.);
#6713=EDGE_CURVE('',#5344,#5193,#2662,.T.);
#6714=EDGE_CURVE('',#5351,#5344,#2663,.T.);
#6715=EDGE_CURVE('',#5351,#5192,#2664,.T.);
#6716=EDGE_CURVE('',#5352,#5351,#2665,.T.);
#6717=EDGE_CURVE('',#5191,#5352,#2666,.T.);
#6718=EDGE_CURVE('',#5255,#5352,#2667,.T.);
#6719=EDGE_CURVE('',#5172,#5353,#2668,.T.);
#6720=EDGE_CURVE('',#5353,#5350,#2669,.T.);
#6721=EDGE_CURVE('',#5353,#5348,#2670,.T.);
#6722=EDGE_CURVE('',#5343,#5349,#2671,.T.);
#6723=EDGE_CURVE('',#5173,#5354,#2672,.T.);
#6724=EDGE_CURVE('',#5355,#5353,#2673,.T.);
#6725=EDGE_CURVE('',#5355,#5354,#2674,.T.);
#6726=EDGE_CURVE('',#5356,#5348,#2675,.T.);
#6727=EDGE_CURVE('',#5356,#5355,#2676,.T.);
#6728=EDGE_CURVE('',#5154,#5357,#2677,.T.);
#6729=EDGE_CURVE('',#5157,#5357,#2678,.T.);
#6730=EDGE_CURVE('',#5357,#5358,#2679,.T.);
#6731=EDGE_CURVE('',#5346,#5358,#2680,.T.);
#6732=EDGE_CURVE('',#5358,#5356,#2681,.T.);
#6733=EDGE_CURVE('',#5057,#5202,#2682,.T.);
#6734=EDGE_CURVE('',#5198,#5359,#2683,.T.);
#6735=EDGE_CURVE('',#5359,#5197,#2684,.T.);
#6736=EDGE_CURVE('',#5354,#5206,#2685,.T.);
#6737=EDGE_CURVE('',#5360,#5359,#2686,.T.);
#6738=EDGE_CURVE('',#5207,#5360,#2687,.T.);
#6739=EDGE_CURVE('',#5360,#5199,#2688,.T.);
#6740=EDGE_CURVE('',#5257,#5163,#2689,.T.);
#6741=EDGE_CURVE('',#5351,#5258,#2690,.T.);
#6742=EDGE_CURVE('',#5259,#5352,#2691,.T.);
#6743=EDGE_CURVE('',#5345,#5339,#2692,.T.);
#6744=EDGE_CURVE('',#5361,#5362,#2693,.T.);
#6745=EDGE_CURVE('',#5361,#5363,#2694,.T.);
#6746=EDGE_CURVE('',#5364,#5363,#2695,.T.);
#6747=EDGE_CURVE('',#5364,#5362,#2696,.T.);
#6748=EDGE_CURVE('',#5365,#5361,#2697,.T.);
#6749=EDGE_CURVE('',#5366,#5365,#2698,.T.);
#6750=EDGE_CURVE('',#5363,#5366,#2699,.T.);
#6751=EDGE_CURVE('',#5367,#5368,#95,.T.);
#6752=EDGE_CURVE('',#5367,#5369,#2700,.F.);
#6753=EDGE_CURVE('',#5370,#5369,#96,.T.);
#6754=EDGE_CURVE('',#5370,#5371,#2701,.F.);
#6755=EDGE_CURVE('',#5372,#5371,#2702,.T.);
#6756=EDGE_CURVE('',#5373,#5372,#2703,.T.);
#6757=EDGE_CURVE('',#5374,#5373,#2704,.T.);
#6758=EDGE_CURVE('',#5374,#5375,#2705,.F.);
#6759=EDGE_CURVE('',#5376,#5375,#97,.T.);
#6760=EDGE_CURVE('',#5376,#5377,#2706,.F.);
#6761=EDGE_CURVE('',#5378,#5377,#98,.T.);
#6762=EDGE_CURVE('',#5378,#5379,#2707,.F.);
#6763=EDGE_CURVE('',#5380,#5379,#99,.T.);
#6764=EDGE_CURVE('',#5380,#5368,#2708,.F.);
#6765=EDGE_CURVE('',#5368,#5381,#100,.T.);
#6766=EDGE_CURVE('',#5382,#5380,#101,.T.);
#6767=EDGE_CURVE('',#5381,#5382,#2709,.T.);
#6768=EDGE_CURVE('',#5383,#5367,#102,.T.);
#6769=EDGE_CURVE('',#5384,#5383,#2710,.T.);
#6770=EDGE_CURVE('',#5369,#5384,#103,.T.);
#6771=EDGE_CURVE('',#5385,#5370,#104,.T.);
#6772=EDGE_CURVE('',#5386,#5385,#2711,.T.);
#6773=EDGE_CURVE('',#5371,#5386,#2712,.T.);
#6774=EDGE_CURVE('',#5387,#5374,#2713,.T.);
#6775=EDGE_CURVE('',#5388,#5387,#2714,.T.);
#6776=EDGE_CURVE('',#5375,#5388,#105,.T.);
#6777=EDGE_CURVE('',#5377,#5389,#106,.T.);
#6778=EDGE_CURVE('',#5390,#5376,#107,.T.);
#6779=EDGE_CURVE('',#5389,#5390,#2715,.T.);
#6780=EDGE_CURVE('',#5379,#5391,#108,.T.);
#6781=EDGE_CURVE('',#5392,#5378,#109,.T.);
#6782=EDGE_CURVE('',#5391,#5392,#2716,.T.);
#6783=EDGE_CURVE('',#5362,#5393,#2717,.T.);
#6784=EDGE_CURVE('',#5394,#5364,#2718,.T.);
#6785=EDGE_CURVE('',#5393,#5394,#2719,.T.);
#6786=EDGE_CURVE('',#5391,#5395,#4696,.T.);
#6787=EDGE_CURVE('',#5395,#5396,#2720,.T.);
#6788=EDGE_CURVE('',#5396,#5397,#4697,.T.);
#6789=EDGE_CURVE('',#5397,#5398,#2721,.T.);
#6790=EDGE_CURVE('',#5398,#5382,#4698,.T.);
#6791=EDGE_CURVE('',#5389,#5399,#4699,.T.);
#6792=EDGE_CURVE('',#5399,#5400,#2722,.T.);
#6793=EDGE_CURVE('',#5400,#5401,#4700,.T.);
#6794=EDGE_CURVE('',#5402,#5401,#2723,.T.);
#6795=EDGE_CURVE('',#5402,#5392,#4701,.T.);
#6796=EDGE_CURVE('',#5366,#5372,#2724,.T.);
#6797=EDGE_CURVE('',#5386,#5394,#2725,.T.);
#6798=EDGE_CURVE('',#5403,#5388,#4702,.T.);
#6799=EDGE_CURVE('',#5403,#5404,#2726,.T.);
#6800=EDGE_CURVE('',#5404,#5405,#4703,.T.);
#6801=EDGE_CURVE('',#5406,#5405,#2727,.T.);
#6802=EDGE_CURVE('',#5390,#5406,#4704,.T.);
#6803=EDGE_CURVE('',#5407,#5385,#4705,.T.);
#6804=EDGE_CURVE('',#5408,#5407,#2728,.T.);
#6805=EDGE_CURVE('',#5408,#5409,#4706,.T.);
#6806=EDGE_CURVE('',#5409,#5410,#2729,.T.);
#6807=EDGE_CURVE('',#5410,#5411,#2730,.T.);
#6808=EDGE_CURVE('',#5412,#5411,#58,.T.);
#6809=EDGE_CURVE('',#5384,#5412,#4707,.T.);
#6810=EDGE_CURVE('',#5413,#5383,#4708,.T.);
#6811=EDGE_CURVE('',#5414,#5413,#2731,.T.);
#6812=EDGE_CURVE('',#5414,#5415,#4709,.T.);
#6813=EDGE_CURVE('',#5415,#5416,#2732,.T.);
#6814=EDGE_CURVE('',#5416,#5417,#2733,.T.);
#6815=EDGE_CURVE('',#5418,#5417,#59,.T.);
#6816=EDGE_CURVE('',#5381,#5418,#4710,.T.);
#6817=EDGE_CURVE('',#5419,#5398,#2734,.T.);
#6818=EDGE_CURVE('',#5419,#5420,#4711,.T.);
#6819=EDGE_CURVE('',#5420,#5421,#2735,.T.);
#6820=EDGE_CURVE('',#5421,#5422,#2736,.T.);
#6821=EDGE_CURVE('',#5395,#5422,#60,.T.);
#6822=EDGE_CURVE('',#5423,#5402,#2737,.T.);
#6823=EDGE_CURVE('',#5423,#5424,#4712,.T.);
#6824=EDGE_CURVE('',#5424,#5425,#2738,.T.);
#6825=EDGE_CURVE('',#5425,#5426,#2739,.T.);
#6826=EDGE_CURVE('',#5399,#5426,#61,.T.);
#6827=EDGE_CURVE('',#5406,#5427,#2740,.T.);
#6828=EDGE_CURVE('',#5428,#5427,#4713,.T.);
#6829=EDGE_CURVE('',#5403,#5428,#2741,.T.);
#6830=EDGE_CURVE('',#5393,#5387,#2742,.T.);
#6831=EDGE_CURVE('',#5373,#5365,#2743,.T.);
#6832=EDGE_CURVE('',#5429,#5430,#2744,.T.);
#6833=EDGE_CURVE('',#5431,#5429,#4714,.T.);
#6834=EDGE_CURVE('',#5432,#5431,#2745,.T.);
#6835=EDGE_CURVE('',#5433,#5432,#4715,.T.);
#6836=EDGE_CURVE('',#5434,#5433,#2746,.T.);
#6837=EDGE_CURVE('',#5435,#5434,#4716,.T.);
#6838=EDGE_CURVE('',#5397,#5435,#2747,.T.);
#6839=EDGE_CURVE('',#5401,#5396,#2748,.T.);
#6840=EDGE_CURVE('',#5405,#5400,#2749,.T.);
#6841=EDGE_CURVE('',#5436,#5404,#2750,.T.);
#6842=EDGE_CURVE('',#5437,#5436,#4717,.T.);
#6843=EDGE_CURVE('',#5438,#5437,#2751,.T.);
#6844=EDGE_CURVE('',#5439,#5438,#4718,.T.);
#6845=EDGE_CURVE('',#5440,#5439,#2752,.T.);
#6846=EDGE_CURVE('',#5441,#5440,#4719,.T.);
#6847=EDGE_CURVE('',#5442,#5441,#2753,.T.);
#6848=EDGE_CURVE('',#5430,#5442,#4720,.T.);
#6849=EDGE_CURVE('',#5430,#5410,#2754,.T.);
#6850=EDGE_CURVE('',#5409,#5429,#2755,.T.);
#6851=EDGE_CURVE('',#5408,#5431,#2756,.T.);
#6852=EDGE_CURVE('',#5412,#5433,#2757,.T.);
#6853=EDGE_CURVE('',#5432,#5407,#2758,.T.);
#6854=EDGE_CURVE('',#5411,#5443,#2759,.T.);
#6855=EDGE_CURVE('',#5443,#5433,#62,.T.);
#6856=EDGE_CURVE('',#5430,#5444,#63,.T.);
#6857=EDGE_CURVE('',#5444,#5443,#64,.T.);
#6858=EDGE_CURVE('',#5441,#5416,#2760,.T.);
#6859=EDGE_CURVE('',#5415,#5442,#2761,.T.);
#6860=EDGE_CURVE('',#5414,#5444,#2762,.T.);
#6861=EDGE_CURVE('',#5418,#5435,#2763,.T.);
#6862=EDGE_CURVE('',#5434,#5413,#2764,.T.);
#6863=EDGE_CURVE('',#5417,#5445,#2765,.T.);
#6864=EDGE_CURVE('',#5445,#5435,#65,.T.);
#6865=EDGE_CURVE('',#5441,#5446,#66,.T.);
#6866=EDGE_CURVE('',#5446,#5445,#67,.T.);
#6867=EDGE_CURVE('',#5439,#5421,#2766,.T.);
#6868=EDGE_CURVE('',#5420,#5440,#2767,.T.);
#6869=EDGE_CURVE('',#5419,#5446,#2768,.T.);
#6870=EDGE_CURVE('',#5422,#5447,#2769,.T.);
#6871=EDGE_CURVE('',#5447,#5396,#68,.T.);
#6872=EDGE_CURVE('',#5439,#5448,#69,.T.);
#6873=EDGE_CURVE('',#5448,#5447,#70,.T.);
#6874=EDGE_CURVE('',#5448,#5423,#2770,.T.);
#6875=EDGE_CURVE('',#5438,#5424,#2771,.T.);
#6876=EDGE_CURVE('',#5437,#5425,#2772,.T.);
#6877=EDGE_CURVE('',#5426,#5449,#2773,.T.);
#6878=EDGE_CURVE('',#5449,#5400,#71,.T.);
#6879=EDGE_CURVE('',#5437,#5450,#72,.T.);
#6880=EDGE_CURVE('',#5450,#5449,#73,.T.);
#6881=EDGE_CURVE('',#5436,#5428,#2774,.T.);
#6882=EDGE_CURVE('',#5450,#5427,#2775,.T.);
#6883=EDGE_CURVE('',#5451,#5452,#2776,.T.);
#6884=EDGE_CURVE('',#5453,#5451,#2777,.T.);
#6885=EDGE_CURVE('',#5453,#5454,#2778,.T.);
#6886=EDGE_CURVE('',#5454,#5455,#2779,.T.);
#6887=EDGE_CURVE('',#5455,#5456,#2780,.T.);
#6888=EDGE_CURVE('',#5456,#5457,#2781,.T.);
#6889=EDGE_CURVE('',#5457,#5458,#2782,.T.);
#6890=EDGE_CURVE('',#5459,#5458,#2783,.T.);
#6891=EDGE_CURVE('',#5459,#5452,#2784,.T.);
#6892=EDGE_CURVE('',#5460,#5461,#2785,.T.);
#6893=EDGE_CURVE('',#5462,#5460,#2786,.T.);
#6894=EDGE_CURVE('',#5462,#5463,#2787,.T.);
#6895=EDGE_CURVE('',#5464,#5463,#2788,.T.);
#6896=EDGE_CURVE('',#5465,#5464,#2789,.F.);
#6897=EDGE_CURVE('',#5465,#5466,#2790,.T.);
#6898=EDGE_CURVE('',#5467,#5466,#2791,.T.);
#6899=EDGE_CURVE('',#5468,#5467,#2792,.T.);
#6900=EDGE_CURVE('',#5469,#5468,#2793,.F.);
#6901=EDGE_CURVE('',#5470,#5469,#2794,.T.);
#6902=EDGE_CURVE('',#5470,#5471,#2795,.T.);
#6903=EDGE_CURVE('',#5471,#5472,#2796,.T.);
#6904=EDGE_CURVE('',#5472,#5473,#2797,.T.);
#6905=EDGE_CURVE('',#5474,#5473,#2798,.T.);
#6906=EDGE_CURVE('',#5474,#5461,#2799,.T.);
#6907=EDGE_CURVE('',#5475,#5476,#2800,.T.);
#6908=EDGE_CURVE('',#5475,#5477,#2801,.T.);
#6909=EDGE_CURVE('',#5477,#5478,#2802,.T.);
#6910=EDGE_CURVE('',#5478,#5479,#2803,.T.);
#6911=EDGE_CURVE('',#5480,#5479,#2804,.T.);
#6912=EDGE_CURVE('',#5480,#5481,#2805,.T.);
#6913=EDGE_CURVE('',#5481,#5482,#2806,.T.);
#6914=EDGE_CURVE('',#5483,#5482,#2807,.T.);
#6915=EDGE_CURVE('',#5483,#5484,#2808,.T.);
#6916=EDGE_CURVE('',#5484,#5485,#2809,.T.);
#6917=EDGE_CURVE('',#5485,#5486,#2810,.T.);
#6918=EDGE_CURVE('',#5487,#5486,#2811,.T.);
#6919=EDGE_CURVE('',#5488,#5487,#2812,.T.);
#6920=EDGE_CURVE('',#5489,#5488,#2813,.T.);
#6921=EDGE_CURVE('',#5476,#5489,#2814,.T.);
#6922=EDGE_CURVE('',#5452,#5475,#2815,.T.);
#6923=EDGE_CURVE('',#5477,#5459,#2816,.T.);
#6924=EDGE_CURVE('',#5461,#5490,#2817,.T.);
#6925=EDGE_CURVE('',#5491,#5474,#2818,.T.);
#6926=EDGE_CURVE('',#5492,#5491,#2819,.T.);
#6927=EDGE_CURVE('',#5490,#5492,#2820,.T.);
#6928=EDGE_CURVE('',#5480,#5471,#2821,.T.);
#6929=EDGE_CURVE('',#5470,#5481,#2822,.T.);
#6930=EDGE_CURVE('',#5493,#5494,#2823,.T.);
#6931=EDGE_CURVE('',#5493,#5456,#2824,.T.);
#6932=EDGE_CURVE('',#5455,#5494,#2825,.T.);
#6933=EDGE_CURVE('',#5495,#5496,#2826,.F.);
#6934=EDGE_CURVE('',#5495,#5497,#2827,.T.);
#6935=EDGE_CURVE('',#5497,#5498,#2828,.T.);
#6936=EDGE_CURVE('',#5499,#5498,#2829,.T.);
#6937=EDGE_CURVE('',#5500,#5499,#2830,.T.);
#6938=EDGE_CURVE('',#5501,#5500,#2831,.T.);
#6939=EDGE_CURVE('',#5502,#5501,#2832,.T.);
#6940=EDGE_CURVE('',#5502,#5503,#2833,.T.);
#6941=EDGE_CURVE('',#5496,#5503,#2834,.T.);
#6942=EDGE_CURVE('',#5494,#5504,#2835,.T.);
#6943=EDGE_CURVE('',#5505,#5504,#2836,.T.);
#6944=EDGE_CURVE('',#5506,#5505,#2837,.T.);
#6945=EDGE_CURVE('',#5507,#5506,#2838,.T.);
#6946=EDGE_CURVE('',#5508,#5507,#2839,.T.);
#6947=EDGE_CURVE('',#5508,#5509,#2840,.T.);
#6948=EDGE_CURVE('',#5509,#5510,#2841,.T.);
#6949=EDGE_CURVE('',#5493,#5510,#2842,.T.);
#6950=EDGE_CURVE('',#5511,#5512,#2843,.T.);
#6951=EDGE_CURVE('',#5513,#5511,#2844,.T.);
#6952=EDGE_CURVE('',#5514,#5513,#2845,.T.);
#6953=EDGE_CURVE('',#5515,#5514,#2846,.T.);
#6954=EDGE_CURVE('',#5516,#5515,#2847,.T.);
#6955=EDGE_CURVE('',#5517,#5516,#2848,.T.);
#6956=EDGE_CURVE('',#5512,#5517,#2849,.F.);
#6957=EDGE_CURVE('',#5518,#5519,#2850,.T.);
#6958=EDGE_CURVE('',#5520,#5518,#2851,.T.);
#6959=EDGE_CURVE('',#5521,#5520,#2852,.T.);
#6960=EDGE_CURVE('',#5521,#5519,#2853,.T.);
#6961=EDGE_CURVE('',#5513,#5522,#2854,.T.);
#6962=EDGE_CURVE('',#5522,#5523,#2855,.T.);
#6963=EDGE_CURVE('',#5523,#5514,#2856,.T.);
#6964=EDGE_CURVE('',#5522,#5524,#2857,.T.);
#6965=EDGE_CURVE('',#5524,#5525,#2858,.T.);
#6966=EDGE_CURVE('',#5526,#5525,#2859,.T.);
#6967=EDGE_CURVE('',#5527,#5526,#2860,.F.);
#6968=EDGE_CURVE('',#5528,#5527,#2861,.T.);
#6969=EDGE_CURVE('',#5529,#5528,#2862,.F.);
#6970=EDGE_CURVE('',#5529,#5530,#2863,.T.);
#6971=EDGE_CURVE('',#5531,#5530,#2864,.T.);
#6972=EDGE_CURVE('',#5532,#5531,#2865,.T.);
#6973=EDGE_CURVE('',#5533,#5532,#2866,.F.);
#6974=EDGE_CURVE('',#5534,#5533,#2867,.T.);
#6975=EDGE_CURVE('',#5535,#5534,#2868,.T.);
#6976=EDGE_CURVE('',#5536,#5535,#2869,.T.);
#6977=EDGE_CURVE('',#5523,#5536,#2870,.T.);
#6978=EDGE_CURVE('',#5537,#5538,#2871,.F.);
#6979=EDGE_CURVE('',#5538,#5527,#2872,.T.);
#6980=EDGE_CURVE('',#5526,#5537,#2873,.T.);
#6981=EDGE_CURVE('',#5538,#5539,#2874,.T.);
#6982=EDGE_CURVE('',#5528,#5539,#2875,.T.);
#6983=EDGE_CURVE('',#5540,#5541,#2876,.T.);
#6984=EDGE_CURVE('',#5541,#5542,#2877,.T.);
#6985=EDGE_CURVE('',#5542,#5543,#2878,.T.);
#6986=EDGE_CURVE('',#5543,#5540,#2879,.T.);
#6987=EDGE_CURVE('',#5540,#5544,#2880,.T.);
#6988=EDGE_CURVE('',#5544,#5545,#2881,.T.);
#6989=EDGE_CURVE('',#5546,#5545,#2882,.T.);
#6990=EDGE_CURVE('',#5547,#5546,#2883,.F.);
#6991=EDGE_CURVE('',#5548,#5547,#2884,.T.);
#6992=EDGE_CURVE('',#5549,#5548,#2885,.T.);
#6993=EDGE_CURVE('',#5550,#5549,#2886,.T.);
#6994=EDGE_CURVE('',#5541,#5550,#2887,.T.);
#6995=EDGE_CURVE('',#5551,#5552,#2888,.F.);
#6996=EDGE_CURVE('',#5552,#5547,#2889,.T.);
#6997=EDGE_CURVE('',#5546,#5551,#2890,.T.);
#6998=EDGE_CURVE('',#5552,#5553,#2891,.T.);
#6999=EDGE_CURVE('',#5554,#5553,#2892,.T.);
#7000=EDGE_CURVE('',#5554,#5555,#2893,.T.);
#7001=EDGE_CURVE('',#5556,#5555,#2894,.T.);
#7002=EDGE_CURVE('',#5556,#5557,#2895,.T.);
#7003=EDGE_CURVE('',#5557,#5548,#2896,.T.);
#7004=EDGE_CURVE('',#5558,#5559,#2897,.T.);
#7005=EDGE_CURVE('',#5559,#5560,#2898,.T.);
#7006=EDGE_CURVE('',#5560,#5561,#2899,.T.);
#7007=EDGE_CURVE('',#5561,#5558,#2900,.T.);
#7008=EDGE_CURVE('',#5558,#5562,#2901,.T.);
#7009=EDGE_CURVE('',#5562,#5563,#2902,.T.);
#7010=EDGE_CURVE('',#5564,#5563,#2903,.T.);
#7011=EDGE_CURVE('',#5565,#5564,#2904,.F.);
#7012=EDGE_CURVE('',#5566,#5565,#2905,.T.);
#7013=EDGE_CURVE('',#5567,#5566,#2906,.T.);
#7014=EDGE_CURVE('',#5568,#5567,#2907,.T.);
#7015=EDGE_CURVE('',#5559,#5568,#2908,.T.);
#7016=EDGE_CURVE('',#5496,#5565,#2909,.T.);
#7017=EDGE_CURVE('',#5564,#5495,#2910,.T.);
#7018=EDGE_CURVE('',#5503,#5566,#2911,.T.);
#7019=EDGE_CURVE('',#5569,#5521,#2912,.T.);
#7020=EDGE_CURVE('',#5520,#5570,#2913,.T.);
#7021=EDGE_CURVE('',#5570,#5569,#2914,.T.);
#7022=EDGE_CURVE('',#5507,#5500,#2915,.T.);
#7023=EDGE_CURVE('',#5499,#5508,#2916,.T.);
#7024=EDGE_CURVE('',#5571,#5542,#2917,.T.);
#7025=EDGE_CURVE('',#5572,#5571,#2918,.T.);
#7026=EDGE_CURVE('',#5572,#5573,#2919,.T.);
#7027=EDGE_CURVE('',#5574,#5573,#2920,.T.);
#7028=EDGE_CURVE('',#5575,#5574,#2921,.T.);
#7029=EDGE_CURVE('',#5575,#5576,#2922,.T.);
#7030=EDGE_CURVE('',#5576,#5577,#2923,.T.);
#7031=EDGE_CURVE('',#5577,#5578,#2924,.T.);
#7032=EDGE_CURVE('',#5539,#5578,#2925,.T.);
#7033=EDGE_CURVE('',#5537,#5579,#2926,.T.);
#7034=EDGE_CURVE('',#5579,#5580,#2927,.T.);
#7035=EDGE_CURVE('',#5543,#5580,#2928,.T.);
#7036=EDGE_CURVE('',#5581,#5560,#2929,.T.);
#7037=EDGE_CURVE('',#5582,#5581,#2930,.T.);
#7038=EDGE_CURVE('',#5582,#5557,#2931,.T.);
#7039=EDGE_CURVE('',#5583,#5556,#2932,.T.);
#7040=EDGE_CURVE('',#5583,#5584,#2933,.T.);
#7041=EDGE_CURVE('',#5584,#5585,#2934,.T.);
#7042=EDGE_CURVE('',#5585,#5586,#2935,.T.);
#7043=EDGE_CURVE('',#5553,#5586,#2936,.T.);
#7044=EDGE_CURVE('',#5551,#5587,#2937,.T.);
#7045=EDGE_CURVE('',#5587,#5588,#2938,.T.);
#7046=EDGE_CURVE('',#5561,#5588,#2939,.T.);
#7047=EDGE_CURVE('',#5581,#5568,#2940,.T.);
#7048=EDGE_CURVE('',#5582,#5567,#2941,.T.);
#7049=EDGE_CURVE('',#5571,#5550,#2942,.T.);
#7050=EDGE_CURVE('',#5572,#5549,#2943,.T.);
#7051=EDGE_CURVE('',#5515,#5536,#2944,.T.);
#7052=EDGE_CURVE('',#5516,#5535,#2945,.T.);
#7053=EDGE_CURVE('',#5460,#5589,#2946,.T.);
#7054=EDGE_CURVE('',#5490,#5589,#2947,.T.);
#7055=EDGE_CURVE('',#5451,#5476,#2948,.T.);
#7056=EDGE_CURVE('',#5489,#5453,#2949,.T.);
#7057=EDGE_CURVE('',#5501,#5506,#2950,.T.);
#7058=EDGE_CURVE('',#5505,#5502,#2951,.T.);
#7059=EDGE_CURVE('',#5590,#5591,#2952,.F.);
#7060=EDGE_CURVE('',#5591,#5592,#2953,.T.);
#7061=EDGE_CURVE('',#5592,#5593,#2954,.F.);
#7062=EDGE_CURVE('',#5593,#5590,#2955,.T.);
#7063=EDGE_CURVE('',#5482,#5469,#2956,.T.);
#7064=EDGE_CURVE('',#5468,#5483,#2957,.T.);
#7065=EDGE_CURVE('',#5594,#5595,#2958,.F.);
#7066=EDGE_CURVE('',#5595,#5596,#2959,.T.);
#7067=EDGE_CURVE('',#5596,#5597,#2960,.F.);
#7068=EDGE_CURVE('',#5597,#5594,#2961,.T.);
#7069=EDGE_CURVE('',#5486,#5465,#2962,.T.);
#7070=EDGE_CURVE('',#5464,#5487,#2963,.T.);
#7071=EDGE_CURVE('',#5454,#5504,#2964,.T.);
#7072=EDGE_CURVE('',#5597,#5590,#2965,.T.);
#7073=EDGE_CURVE('',#5593,#5594,#2966,.T.);
#7074=EDGE_CURVE('',#5484,#5598,#2967,.T.);
#7075=EDGE_CURVE('',#5598,#5599,#2968,.T.);
#7076=EDGE_CURVE('',#5599,#5485,#2969,.T.);
#7077=EDGE_CURVE('',#5463,#5488,#2970,.T.);
#7078=EDGE_CURVE('',#5574,#5533,#2971,.T.);
#7079=EDGE_CURVE('',#5532,#5575,#2972,.T.);
#7080=EDGE_CURVE('',#5578,#5529,#2973,.T.);
#7081=EDGE_CURVE('',#5573,#5534,#2974,.T.);
#7082=EDGE_CURVE('',#5576,#5600,#2975,.T.);
#7083=EDGE_CURVE('',#5600,#5601,#2976,.T.);
#7084=EDGE_CURVE('',#5601,#5577,#2977,.T.);
#7085=EDGE_CURVE('',#5555,#5602,#2978,.F.);
#7086=EDGE_CURVE('',#5602,#5583,#2979,.T.);
#7087=EDGE_CURVE('',#5586,#5603,#2980,.T.);
#7088=EDGE_CURVE('',#5603,#5554,#2981,.F.);
#7089=EDGE_CURVE('',#5584,#5604,#2982,.T.);
#7090=EDGE_CURVE('',#5604,#5605,#2983,.T.);
#7091=EDGE_CURVE('',#5605,#5585,#2984,.T.);
#7092=EDGE_CURVE('',#5604,#5606,#2985,.T.);
#7093=EDGE_CURVE('',#5607,#5606,#2986,.T.);
#7094=EDGE_CURVE('',#5605,#5607,#2987,.T.);
#7095=EDGE_CURVE('',#5602,#5608,#2988,.T.);
#7096=EDGE_CURVE('',#5606,#5608,#2989,.T.);
#7097=EDGE_CURVE('',#5601,#5609,#2990,.T.);
#7098=EDGE_CURVE('',#5530,#5609,#2991,.T.);
#7099=EDGE_CURVE('',#5610,#5607,#2992,.T.);
#7100=EDGE_CURVE('',#5603,#5610,#2993,.T.);
#7101=EDGE_CURVE('',#5608,#5610,#2994,.T.);
#7102=EDGE_CURVE('',#5596,#5611,#2995,.T.);
#7103=EDGE_CURVE('',#5612,#5611,#2996,.T.);
#7104=EDGE_CURVE('',#5591,#5612,#2997,.T.);
#7105=EDGE_CURVE('',#5613,#5612,#2998,.T.);
#7106=EDGE_CURVE('',#5592,#5613,#2999,.T.);
#7107=EDGE_CURVE('',#5614,#5613,#3000,.T.);
#7108=EDGE_CURVE('',#5595,#5614,#3001,.T.);
#7109=EDGE_CURVE('',#5611,#5614,#3002,.T.);
#7110=EDGE_CURVE('',#5600,#5615,#3003,.T.);
#7111=EDGE_CURVE('',#5609,#5615,#3004,.T.);
#7112=EDGE_CURVE('',#5615,#5531,#3005,.T.);
#7113=EDGE_CURVE('',#5616,#5467,#3006,.T.);
#7114=EDGE_CURVE('',#5598,#5616,#3007,.T.);
#7115=EDGE_CURVE('',#5617,#5616,#3008,.T.);
#7116=EDGE_CURVE('',#5599,#5617,#3009,.T.);
#7117=EDGE_CURVE('',#5466,#5617,#3010,.T.);
#7118=EDGE_CURVE('',#5618,#5619,#3011,.T.);
#7119=EDGE_CURVE('',#5569,#5618,#3012,.T.);
#7120=EDGE_CURVE('',#5570,#5619,#3013,.T.);
#7121=EDGE_CURVE('',#5620,#5621,#3014,.T.);
#7122=EDGE_CURVE('',#5517,#5621,#3015,.F.);
#7123=EDGE_CURVE('',#5462,#5620,#3016,.T.);
#7124=EDGE_CURVE('',#5622,#5623,#3017,.T.);
#7125=EDGE_CURVE('',#5623,#5620,#3018,.T.);
#7126=EDGE_CURVE('',#5589,#5622,#3019,.T.);
#7127=EDGE_CURVE('',#5492,#5622,#3020,.T.);
#7128=EDGE_CURVE('',#5623,#5491,#3021,.T.);
#7129=EDGE_CURVE('',#5624,#5625,#3022,.T.);
#7130=EDGE_CURVE('',#5621,#5624,#3023,.T.);
#7131=EDGE_CURVE('',#5625,#5491,#3024,.T.);
#7132=EDGE_CURVE('',#5588,#5562,#3025,.T.);
#7133=EDGE_CURVE('',#5545,#5587,#3026,.T.);
#7134=EDGE_CURVE('',#5580,#5544,#3027,.T.);
#7135=EDGE_CURVE('',#5525,#5579,#3028,.T.);
#7136=EDGE_CURVE('',#5511,#5524,#3029,.T.);
#7137=EDGE_CURVE('',#5626,#5627,#3030,.T.);
#7138=EDGE_CURVE('',#5518,#5627,#3031,.T.);
#7139=EDGE_CURVE('',#5519,#5626,#3032,.T.);
#7140=EDGE_CURVE('',#5473,#5625,#3033,.T.);
#7141=EDGE_CURVE('',#5479,#5472,#3034,.T.);
#7142=EDGE_CURVE('',#5458,#5478,#3035,.T.);
#7143=EDGE_CURVE('',#5510,#5457,#3036,.T.);
#7144=EDGE_CURVE('',#5498,#5509,#3037,.T.);
#7145=EDGE_CURVE('',#5563,#5497,#3038,.T.);
#7146=EDGE_CURVE('',#5627,#5628,#3039,.T.);
#7147=EDGE_CURVE('',#5626,#5629,#3040,.T.);
#7148=EDGE_CURVE('',#5629,#5624,#3041,.T.);
#7149=EDGE_CURVE('',#5512,#5628,#3042,.T.);
#7150=EDGE_CURVE('',#5629,#5618,#3043,.T.);
#7151=EDGE_CURVE('',#5619,#5628,#3044,.T.);
#7152=EDGE_CURVE('',#5630,#5631,#3045,.T.);
#7153=EDGE_CURVE('',#5631,#5632,#3046,.T.);
#7154=EDGE_CURVE('',#5632,#5633,#3047,.T.);
#7155=EDGE_CURVE('',#5633,#5630,#3048,.T.);
#7156=EDGE_CURVE('',#5631,#5634,#3049,.T.);
#7157=EDGE_CURVE('',#5635,#5634,#3050,.T.);
#7158=EDGE_CURVE('',#5635,#5632,#3051,.T.);
#7159=EDGE_CURVE('',#5636,#5630,#3052,.T.);
#7160=EDGE_CURVE('',#5637,#5636,#3053,.T.);
#7161=EDGE_CURVE('',#5638,#5637,#3054,.T.);
#7162=EDGE_CURVE('',#5639,#5638,#3055,.T.);
#7163=EDGE_CURVE('',#5640,#5639,#3056,.T.);
#7164=EDGE_CURVE('',#5634,#5640,#3057,.T.);
#7165=EDGE_CURVE('',#5641,#5642,#3058,.T.);
#7166=EDGE_CURVE('',#5643,#5641,#3059,.T.);
#7167=EDGE_CURVE('',#5644,#5643,#3060,.T.);
#7168=EDGE_CURVE('',#5642,#5644,#3061,.T.);
#7169=EDGE_CURVE('',#5645,#5635,#3062,.T.);
#7170=EDGE_CURVE('',#5640,#5645,#3063,.T.);
#7171=EDGE_CURVE('',#5646,#5639,#3064,.T.);
#7172=EDGE_CURVE('',#5645,#5646,#3065,.T.);
#7173=EDGE_CURVE('',#5647,#5648,#3066,.T.);
#7174=EDGE_CURVE('',#5648,#5649,#3067,.T.);
#7175=EDGE_CURVE('',#5649,#5637,#3068,.T.);
#7176=EDGE_CURVE('',#5636,#5647,#3069,.T.);
#7177=EDGE_CURVE('',#5647,#5633,#3070,.T.);
#7178=EDGE_CURVE('',#5650,#5649,#3071,.T.);
#7179=EDGE_CURVE('',#5638,#5650,#3072,.T.);
#7180=EDGE_CURVE('',#5650,#5651,#3073,.T.);
#7181=EDGE_CURVE('',#5651,#5646,#3074,.T.);
#7182=EDGE_CURVE('',#5648,#5652,#3075,.T.);
#7183=EDGE_CURVE('',#5652,#5653,#3076,.T.);
#7184=EDGE_CURVE('',#5653,#5651,#3077,.T.);
#7185=EDGE_CURVE('',#5641,#5653,#3078,.T.);
#7186=EDGE_CURVE('',#5643,#5652,#3079,.T.);
#7187=EDGE_CURVE('',#5654,#5652,#3080,.T.);
#7188=EDGE_CURVE('',#5644,#5654,#3081,.T.);
#7189=EDGE_CURVE('',#5655,#5654,#3082,.T.);
#7190=EDGE_CURVE('',#5642,#5655,#3083,.T.);
#7191=EDGE_CURVE('',#5653,#5655,#3084,.T.);
#7192=EDGE_CURVE('',#5656,#5657,#3085,.T.);
#7193=EDGE_CURVE('',#5658,#5656,#3086,.T.);
#7194=EDGE_CURVE('',#5659,#5658,#3087,.T.);
#7195=EDGE_CURVE('',#5657,#5659,#3088,.T.);
#7196=EDGE_CURVE('',#5660,#5661,#3089,.T.);
#7197=EDGE_CURVE('',#5662,#5660,#3090,.T.);
#7198=EDGE_CURVE('',#5657,#5662,#3091,.T.);
#7199=EDGE_CURVE('',#5659,#5663,#3092,.T.);
#7200=EDGE_CURVE('',#5661,#5663,#3093,.T.);
#7201=EDGE_CURVE('',#5664,#5665,#3094,.T.);
#7202=EDGE_CURVE('',#5666,#5664,#3095,.T.);
#7203=EDGE_CURVE('',#5666,#5658,#3096,.T.);
#7204=EDGE_CURVE('',#5667,#5656,#3097,.T.);
#7205=EDGE_CURVE('',#5665,#5667,#3098,.T.);
#7206=EDGE_CURVE('',#5663,#5666,#3099,.T.);
#7207=EDGE_CURVE('',#5667,#5668,#3100,.F.);
#7208=EDGE_CURVE('',#5668,#5669,#3101,.T.);
#7209=EDGE_CURVE('',#5670,#5669,#3102,.T.);
#7210=EDGE_CURVE('',#5665,#5670,#3103,.T.);
#7211=EDGE_CURVE('',#5671,#5660,#3104,.T.);
#7212=EDGE_CURVE('',#5671,#5672,#3105,.F.);
#7213=EDGE_CURVE('',#5672,#5673,#3106,.T.);
#7214=EDGE_CURVE('',#5673,#5662,#3107,.F.);
#7215=EDGE_CURVE('',#5674,#5661,#3108,.T.);
#7216=EDGE_CURVE('',#5674,#5675,#3109,.T.);
#7217=EDGE_CURVE('',#5675,#5676,#3110,.T.);
#7218=EDGE_CURVE('',#5677,#5676,#3111,.T.);
#7219=EDGE_CURVE('',#5677,#5678,#3112,.T.);
#7220=EDGE_CURVE('',#5678,#5679,#3113,.T.);
#7221=EDGE_CURVE('',#5679,#5680,#3114,.T.);
#7222=EDGE_CURVE('',#5681,#5680,#3115,.T.);
#7223=EDGE_CURVE('',#5664,#5681,#3116,.T.);
#7224=EDGE_CURVE('',#5670,#5682,#3117,.T.);
#7225=EDGE_CURVE('',#5682,#5683,#3118,.T.);
#7226=EDGE_CURVE('',#5683,#5684,#3119,.T.);
#7227=EDGE_CURVE('',#5684,#5685,#3120,.T.);
#7228=EDGE_CURVE('',#5685,#5686,#3121,.T.);
#7229=EDGE_CURVE('',#5686,#5671,#3122,.T.);
#7230=EDGE_CURVE('',#5681,#5687,#3123,.T.);
#7231=EDGE_CURVE('',#5688,#5687,#3124,.T.);
#7232=EDGE_CURVE('',#5689,#5688,#3125,.T.);
#7233=EDGE_CURVE('',#5690,#5689,#3126,.T.);
#7234=EDGE_CURVE('',#5674,#5690,#3127,.T.);
#7235=EDGE_CURVE('',#5691,#5683,#3128,.T.);
#7236=EDGE_CURVE('',#5682,#5692,#3129,.F.);
#7237=EDGE_CURVE('',#5692,#5691,#3130,.F.);
#7238=EDGE_CURVE('',#5693,#5694,#3131,.T.);
#7239=EDGE_CURVE('',#5693,#5695,#3132,.T.);
#7240=EDGE_CURVE('',#5696,#5695,#3133,.T.);
#7241=EDGE_CURVE('',#5694,#5696,#3134,.F.);
#7242=EDGE_CURVE('',#5695,#5672,#3135,.T.);
#7243=EDGE_CURVE('',#5673,#5693,#3136,.T.);
#7244=EDGE_CURVE('',#5693,#5697,#3137,.T.);
#7245=EDGE_CURVE('',#5697,#5668,#3138,.T.);
#7246=EDGE_CURVE('',#5698,#5694,#3139,.T.);
#7247=EDGE_CURVE('',#5698,#5697,#3140,.T.);
#7248=EDGE_CURVE('',#5694,#5699,#3141,.F.);
#7249=EDGE_CURVE('',#5700,#5696,#3142,.T.);
#7250=EDGE_CURVE('',#5699,#5700,#3143,.F.);
#7251=EDGE_CURVE('',#5699,#5701,#3144,.F.);
#7252=EDGE_CURVE('',#5702,#5700,#3145,.T.);
#7253=EDGE_CURVE('',#5701,#5702,#3146,.T.);
#7254=EDGE_CURVE('',#5703,#5686,#3147,.T.);
#7255=EDGE_CURVE('',#5685,#5700,#3148,.F.);
#7256=EDGE_CURVE('',#5697,#5704,#3149,.T.);
#7257=EDGE_CURVE('',#5669,#5704,#3150,.T.);
#7258=EDGE_CURVE('',#5705,#5698,#3151,.F.);
#7259=EDGE_CURVE('',#5705,#5704,#3152,.F.);
#7260=EDGE_CURVE('',#5705,#5692,#3153,.T.);
#7261=EDGE_CURVE('',#5706,#5698,#3154,.T.);
#7262=EDGE_CURVE('',#5692,#5706,#3155,.F.);
#7263=EDGE_CURVE('',#5701,#5707,#3156,.F.);
#7264=EDGE_CURVE('',#5707,#5706,#3157,.F.);
#7265=EDGE_CURVE('',#5707,#5691,#3158,.T.);
#7266=EDGE_CURVE('',#5691,#5702,#3159,.T.);
#7267=EDGE_CURVE('',#5702,#5684,#3160,.T.);
#7268=EDGE_CURVE('',#5708,#5709,#3161,.T.);
#7269=EDGE_CURVE('',#5709,#5710,#3162,.T.);
#7270=EDGE_CURVE('',#5710,#5711,#3163,.T.);
#7271=EDGE_CURVE('',#5708,#5711,#3164,.T.);
#7272=EDGE_CURVE('',#5712,#5690,#3165,.T.);
#7273=EDGE_CURVE('',#5689,#5713,#3166,.T.);
#7274=EDGE_CURVE('',#5713,#5712,#3167,.T.);
#7275=EDGE_CURVE('',#5713,#5714,#3168,.T.);
#7276=EDGE_CURVE('',#5714,#5715,#3169,.T.);
#7277=EDGE_CURVE('',#5715,#5712,#3170,.T.);
#7278=EDGE_CURVE('',#5714,#5716,#3171,.T.);
#7279=EDGE_CURVE('',#5716,#5717,#3172,.T.);
#7280=EDGE_CURVE('',#5717,#5715,#3173,.T.);
#7281=EDGE_CURVE('',#5716,#5718,#3174,.T.);
#7282=EDGE_CURVE('',#5718,#5719,#3175,.T.);
#7283=EDGE_CURVE('',#5719,#5717,#3176,.T.);
#7284=EDGE_CURVE('',#5718,#5720,#3177,.T.);
#7285=EDGE_CURVE('',#5720,#5721,#3178,.T.);
#7286=EDGE_CURVE('',#5721,#5722,#3179,.T.);
#7287=EDGE_CURVE('',#5722,#5719,#3180,.T.);
#7288=EDGE_CURVE('',#5719,#5677,#3181,.T.);
#7289=EDGE_CURVE('',#5676,#5717,#3182,.T.);
#7290=EDGE_CURVE('',#5678,#5722,#3183,.T.);
#7291=EDGE_CURVE('',#5723,#5721,#3184,.T.);
#7292=EDGE_CURVE('',#5679,#5723,#3185,.T.);
#7293=EDGE_CURVE('',#5710,#5688,#3186,.T.);
#7294=EDGE_CURVE('',#5687,#5711,#3187,.T.);
#7295=EDGE_CURVE('',#5713,#5710,#3188,.T.);
#7296=EDGE_CURVE('',#5709,#5714,#3189,.T.);
#7297=EDGE_CURVE('',#5724,#5675,#3190,.T.);
#7298=EDGE_CURVE('',#5725,#5723,#3191,.T.);
#7299=EDGE_CURVE('',#5680,#5725,#3192,.T.);
#7300=EDGE_CURVE('',#5720,#5726,#3193,.T.);
#7301=EDGE_CURVE('',#5725,#5726,#3194,.T.);
#7302=EDGE_CURVE('',#5726,#5709,#3195,.T.);
#7303=EDGE_CURVE('',#5708,#5725,#3196,.T.);
#7304=ORIENTED_EDGE('',*,*,#5727,.F.);
#7305=ORIENTED_EDGE('',*,*,#5728,.T.);
#7306=ORIENTED_EDGE('',*,*,#5729,.T.);
#7307=ORIENTED_EDGE('',*,*,#5728,.F.);
#7308=ORIENTED_EDGE('',*,*,#5729,.F.);
#7309=ORIENTED_EDGE('',*,*,#5730,.F.);
#7310=ORIENTED_EDGE('',*,*,#5731,.T.);
#7311=ORIENTED_EDGE('',*,*,#5732,.T.);
#7312=ORIENTED_EDGE('',*,*,#5731,.F.);
#7313=ORIENTED_EDGE('',*,*,#5732,.F.);
#7314=ORIENTED_EDGE('',*,*,#5733,.F.);
#7315=ORIENTED_EDGE('',*,*,#5734,.T.);
#7316=ORIENTED_EDGE('',*,*,#5735,.T.);
#7317=ORIENTED_EDGE('',*,*,#5734,.F.);
#7318=ORIENTED_EDGE('',*,*,#5735,.F.);
#7319=ORIENTED_EDGE('',*,*,#5736,.F.);
#7320=ORIENTED_EDGE('',*,*,#5737,.T.);
#7321=ORIENTED_EDGE('',*,*,#5738,.T.);
#7322=ORIENTED_EDGE('',*,*,#5737,.F.);
#7323=ORIENTED_EDGE('',*,*,#5738,.F.);
#7324=ORIENTED_EDGE('',*,*,#5739,.T.);
#7325=ORIENTED_EDGE('',*,*,#5740,.T.);
#7326=ORIENTED_EDGE('',*,*,#5741,.T.);
#7327=ORIENTED_EDGE('',*,*,#5742,.T.);
#7328=ORIENTED_EDGE('',*,*,#5743,.T.);
#7329=ORIENTED_EDGE('',*,*,#5744,.T.);
#7330=ORIENTED_EDGE('',*,*,#5745,.T.);
#7331=ORIENTED_EDGE('',*,*,#5746,.T.);
#7332=ORIENTED_EDGE('',*,*,#5742,.F.);
#7333=ORIENTED_EDGE('',*,*,#5739,.F.);
#7334=ORIENTED_EDGE('',*,*,#5746,.F.);
#7335=ORIENTED_EDGE('',*,*,#5747,.F.);
#7336=ORIENTED_EDGE('',*,*,#5748,.F.);
#7337=ORIENTED_EDGE('',*,*,#5749,.F.);
#7338=ORIENTED_EDGE('',*,*,#5750,.F.);
#7339=ORIENTED_EDGE('',*,*,#5751,.F.);
#7340=ORIENTED_EDGE('',*,*,#5752,.T.);
#7341=ORIENTED_EDGE('',*,*,#5753,.T.);
#7342=ORIENTED_EDGE('',*,*,#5754,.F.);
#7343=ORIENTED_EDGE('',*,*,#5745,.F.);
#7344=ORIENTED_EDGE('',*,*,#5755,.F.);
#7345=ORIENTED_EDGE('',*,*,#5756,.F.);
#7346=ORIENTED_EDGE('',*,*,#5757,.F.);
#7347=ORIENTED_EDGE('',*,*,#5758,.F.);
#7348=ORIENTED_EDGE('',*,*,#5759,.T.);
#7349=ORIENTED_EDGE('',*,*,#5760,.F.);
#7350=ORIENTED_EDGE('',*,*,#5761,.F.);
#7351=ORIENTED_EDGE('',*,*,#5762,.F.);
#7352=ORIENTED_EDGE('',*,*,#5763,.F.);
#7353=ORIENTED_EDGE('',*,*,#5764,.F.);
#7354=ORIENTED_EDGE('',*,*,#5765,.T.);
#7355=ORIENTED_EDGE('',*,*,#5766,.F.);
#7356=ORIENTED_EDGE('',*,*,#5767,.F.);
#7357=ORIENTED_EDGE('',*,*,#5768,.F.);
#7358=ORIENTED_EDGE('',*,*,#5769,.F.);
#7359=ORIENTED_EDGE('',*,*,#5770,.F.);
#7360=ORIENTED_EDGE('',*,*,#5747,.T.);
#7361=ORIENTED_EDGE('',*,*,#5771,.T.);
#7362=ORIENTED_EDGE('',*,*,#5772,.T.);
#7363=ORIENTED_EDGE('',*,*,#5773,.T.);
#7364=ORIENTED_EDGE('',*,*,#5774,.T.);
#7365=ORIENTED_EDGE('',*,*,#5744,.F.);
#7366=ORIENTED_EDGE('',*,*,#5775,.T.);
#7367=ORIENTED_EDGE('',*,*,#5776,.T.);
#7368=ORIENTED_EDGE('',*,*,#5755,.T.);
#7369=ORIENTED_EDGE('',*,*,#5740,.F.);
#7370=ORIENTED_EDGE('',*,*,#5754,.T.);
#7371=ORIENTED_EDGE('',*,*,#5777,.T.);
#7372=ORIENTED_EDGE('',*,*,#5778,.T.);
#7373=ORIENTED_EDGE('',*,*,#5779,.T.);
#7374=ORIENTED_EDGE('',*,*,#5780,.T.);
#7375=ORIENTED_EDGE('',*,*,#5781,.T.);
#7376=ORIENTED_EDGE('',*,*,#5736,.T.);
#7377=ORIENTED_EDGE('',*,*,#5741,.F.);
#7378=ORIENTED_EDGE('',*,*,#5781,.F.);
#7379=ORIENTED_EDGE('',*,*,#5782,.F.);
#7380=ORIENTED_EDGE('',*,*,#5783,.F.);
#7381=ORIENTED_EDGE('',*,*,#5784,.T.);
#7382=ORIENTED_EDGE('',*,*,#5743,.F.);
#7383=ORIENTED_EDGE('',*,*,#5758,.T.);
#7384=ORIENTED_EDGE('',*,*,#5785,.T.);
#7385=ORIENTED_EDGE('',*,*,#5786,.T.);
#7386=ORIENTED_EDGE('',*,*,#5787,.T.);
#7387=ORIENTED_EDGE('',*,*,#5788,.T.);
#7388=ORIENTED_EDGE('',*,*,#5789,.T.);
#7389=ORIENTED_EDGE('',*,*,#5790,.T.);
#7390=ORIENTED_EDGE('',*,*,#5791,.T.);
#7391=ORIENTED_EDGE('',*,*,#5787,.F.);
#7392=ORIENTED_EDGE('',*,*,#5788,.F.);
#7393=ORIENTED_EDGE('',*,*,#5791,.F.);
#7394=ORIENTED_EDGE('',*,*,#5792,.F.);
#7395=ORIENTED_EDGE('',*,*,#5793,.F.);
#7396=ORIENTED_EDGE('',*,*,#5794,.T.);
#7397=ORIENTED_EDGE('',*,*,#5795,.F.);
#7398=ORIENTED_EDGE('',*,*,#5759,.F.);
#7399=ORIENTED_EDGE('',*,*,#5790,.F.);
#7400=ORIENTED_EDGE('',*,*,#5796,.T.);
#7401=ORIENTED_EDGE('',*,*,#5797,.T.);
#7402=ORIENTED_EDGE('',*,*,#5798,.T.);
#7403=ORIENTED_EDGE('',*,*,#5792,.T.);
#7404=ORIENTED_EDGE('',*,*,#5730,.T.);
#7405=ORIENTED_EDGE('',*,*,#5785,.F.);
#7406=ORIENTED_EDGE('',*,*,#5757,.T.);
#7407=ORIENTED_EDGE('',*,*,#5799,.T.);
#7408=ORIENTED_EDGE('',*,*,#5800,.T.);
#7409=ORIENTED_EDGE('',*,*,#5801,.T.);
#7410=ORIENTED_EDGE('',*,*,#5802,.T.);
#7411=ORIENTED_EDGE('',*,*,#5803,.T.);
#7412=ORIENTED_EDGE('',*,*,#5804,.T.);
#7413=ORIENTED_EDGE('',*,*,#5805,.T.);
#7414=ORIENTED_EDGE('',*,*,#5806,.T.);
#7415=ORIENTED_EDGE('',*,*,#5766,.T.);
#7416=ORIENTED_EDGE('',*,*,#5807,.T.);
#7417=ORIENTED_EDGE('',*,*,#5804,.F.);
#7418=ORIENTED_EDGE('',*,*,#5801,.F.);
#7419=ORIENTED_EDGE('',*,*,#5807,.F.);
#7420=ORIENTED_EDGE('',*,*,#5765,.F.);
#7421=ORIENTED_EDGE('',*,*,#5808,.F.);
#7422=ORIENTED_EDGE('',*,*,#5809,.T.);
#7423=ORIENTED_EDGE('',*,*,#5810,.T.);
#7424=ORIENTED_EDGE('',*,*,#5811,.F.);
#7425=ORIENTED_EDGE('',*,*,#5806,.F.);
#7426=ORIENTED_EDGE('',*,*,#5812,.T.);
#7427=ORIENTED_EDGE('',*,*,#5813,.T.);
#7428=ORIENTED_EDGE('',*,*,#5767,.T.);
#7429=ORIENTED_EDGE('',*,*,#5802,.F.);
#7430=ORIENTED_EDGE('',*,*,#5811,.T.);
#7431=ORIENTED_EDGE('',*,*,#5814,.T.);
#7432=ORIENTED_EDGE('',*,*,#5815,.T.);
#7433=ORIENTED_EDGE('',*,*,#5816,.T.);
#7434=ORIENTED_EDGE('',*,*,#5727,.T.);
#7435=ORIENTED_EDGE('',*,*,#5803,.F.);
#7436=ORIENTED_EDGE('',*,*,#5816,.F.);
#7437=ORIENTED_EDGE('',*,*,#5817,.F.);
#7438=ORIENTED_EDGE('',*,*,#5818,.F.);
#7439=ORIENTED_EDGE('',*,*,#5819,.T.);
#7440=ORIENTED_EDGE('',*,*,#5805,.F.);
#7441=ORIENTED_EDGE('',*,*,#5770,.T.);
#7442=ORIENTED_EDGE('',*,*,#5820,.T.);
#7443=ORIENTED_EDGE('',*,*,#5821,.T.);
#7444=ORIENTED_EDGE('',*,*,#5822,.T.);
#7445=ORIENTED_EDGE('',*,*,#5748,.T.);
#7446=ORIENTED_EDGE('',*,*,#5823,.T.);
#7447=ORIENTED_EDGE('',*,*,#5824,.T.);
#7448=ORIENTED_EDGE('',*,*,#5749,.T.);
#7449=ORIENTED_EDGE('',*,*,#5822,.F.);
#7450=ORIENTED_EDGE('',*,*,#5824,.F.);
#7451=ORIENTED_EDGE('',*,*,#5825,.T.);
#7452=ORIENTED_EDGE('',*,*,#5826,.T.);
#7453=ORIENTED_EDGE('',*,*,#5827,.T.);
#7454=ORIENTED_EDGE('',*,*,#5828,.T.);
#7455=ORIENTED_EDGE('',*,*,#5829,.T.);
#7456=ORIENTED_EDGE('',*,*,#5750,.T.);
#7457=ORIENTED_EDGE('',*,*,#5733,.T.);
#7458=ORIENTED_EDGE('',*,*,#5820,.F.);
#7459=ORIENTED_EDGE('',*,*,#5769,.T.);
#7460=ORIENTED_EDGE('',*,*,#5830,.T.);
#7461=ORIENTED_EDGE('',*,*,#5831,.T.);
#7462=ORIENTED_EDGE('',*,*,#5786,.F.);
#7463=ORIENTED_EDGE('',*,*,#5832,.T.);
#7464=ORIENTED_EDGE('',*,*,#5833,.F.);
#7465=ORIENTED_EDGE('',*,*,#5834,.T.);
#7466=ORIENTED_EDGE('',*,*,#5796,.F.);
#7467=ORIENTED_EDGE('',*,*,#5789,.F.);
#7468=ORIENTED_EDGE('',*,*,#5756,.T.);
#7469=ORIENTED_EDGE('',*,*,#5776,.F.);
#7470=ORIENTED_EDGE('',*,*,#5835,.T.);
#7471=ORIENTED_EDGE('',*,*,#5799,.F.);
#7472=ORIENTED_EDGE('',*,*,#5800,.F.);
#7473=ORIENTED_EDGE('',*,*,#5836,.F.);
#7474=ORIENTED_EDGE('',*,*,#5837,.F.);
#7475=ORIENTED_EDGE('',*,*,#5832,.F.);
#7476=ORIENTED_EDGE('',*,*,#5835,.F.);
#7477=ORIENTED_EDGE('',*,*,#5838,.F.);
#7478=ORIENTED_EDGE('',*,*,#5839,.F.);
#7479=ORIENTED_EDGE('',*,*,#5836,.T.);
#7480=ORIENTED_EDGE('',*,*,#5775,.F.);
#7481=ORIENTED_EDGE('',*,*,#5784,.F.);
#7482=ORIENTED_EDGE('',*,*,#5840,.F.);
#7483=ORIENTED_EDGE('',*,*,#5838,.T.);
#7484=ORIENTED_EDGE('',*,*,#5768,.T.);
#7485=ORIENTED_EDGE('',*,*,#5813,.F.);
#7486=ORIENTED_EDGE('',*,*,#5841,.T.);
#7487=ORIENTED_EDGE('',*,*,#5830,.F.);
#7488=ORIENTED_EDGE('',*,*,#5821,.F.);
#7489=ORIENTED_EDGE('',*,*,#5842,.T.);
#7490=ORIENTED_EDGE('',*,*,#5843,.F.);
#7491=ORIENTED_EDGE('',*,*,#5844,.T.);
#7492=ORIENTED_EDGE('',*,*,#5825,.F.);
#7493=ORIENTED_EDGE('',*,*,#5823,.F.);
#7494=ORIENTED_EDGE('',*,*,#5831,.F.);
#7495=ORIENTED_EDGE('',*,*,#5845,.F.);
#7496=ORIENTED_EDGE('',*,*,#5846,.F.);
#7497=ORIENTED_EDGE('',*,*,#5842,.F.);
#7498=ORIENTED_EDGE('',*,*,#5841,.F.);
#7499=ORIENTED_EDGE('',*,*,#5847,.F.);
#7500=ORIENTED_EDGE('',*,*,#5848,.F.);
#7501=ORIENTED_EDGE('',*,*,#5845,.T.);
#7502=ORIENTED_EDGE('',*,*,#5812,.F.);
#7503=ORIENTED_EDGE('',*,*,#5819,.F.);
#7504=ORIENTED_EDGE('',*,*,#5849,.F.);
#7505=ORIENTED_EDGE('',*,*,#5847,.T.);
#7506=ORIENTED_EDGE('',*,*,#5760,.T.);
#7507=ORIENTED_EDGE('',*,*,#5850,.T.);
#7508=ORIENTED_EDGE('',*,*,#5851,.T.);
#7509=ORIENTED_EDGE('',*,*,#5852,.T.);
#7510=ORIENTED_EDGE('',*,*,#5761,.T.);
#7511=ORIENTED_EDGE('',*,*,#5852,.F.);
#7512=ORIENTED_EDGE('',*,*,#5853,.T.);
#7513=ORIENTED_EDGE('',*,*,#5854,.T.);
#7514=ORIENTED_EDGE('',*,*,#5762,.T.);
#7515=ORIENTED_EDGE('',*,*,#5854,.F.);
#7516=ORIENTED_EDGE('',*,*,#5855,.T.);
#7517=ORIENTED_EDGE('',*,*,#5856,.T.);
#7518=ORIENTED_EDGE('',*,*,#5763,.T.);
#7519=ORIENTED_EDGE('',*,*,#5856,.F.);
#7520=ORIENTED_EDGE('',*,*,#5857,.T.);
#7521=ORIENTED_EDGE('',*,*,#5858,.T.);
#7522=ORIENTED_EDGE('',*,*,#5859,.T.);
#7523=ORIENTED_EDGE('',*,*,#5860,.T.);
#7524=ORIENTED_EDGE('',*,*,#5764,.T.);
#7525=ORIENTED_EDGE('',*,*,#5858,.F.);
#7526=ORIENTED_EDGE('',*,*,#5860,.F.);
#7527=ORIENTED_EDGE('',*,*,#5861,.T.);
#7528=ORIENTED_EDGE('',*,*,#5862,.T.);
#7529=ORIENTED_EDGE('',*,*,#5808,.T.);
#7530=ORIENTED_EDGE('',*,*,#5859,.F.);
#7531=ORIENTED_EDGE('',*,*,#5863,.T.);
#7532=ORIENTED_EDGE('',*,*,#5864,.F.);
#7533=ORIENTED_EDGE('',*,*,#5861,.F.);
#7534=ORIENTED_EDGE('',*,*,#5850,.F.);
#7535=ORIENTED_EDGE('',*,*,#5795,.T.);
#7536=ORIENTED_EDGE('',*,*,#5865,.T.);
#7537=ORIENTED_EDGE('',*,*,#5866,.T.);
#7538=ORIENTED_EDGE('',*,*,#5851,.F.);
#7539=ORIENTED_EDGE('',*,*,#5866,.F.);
#7540=ORIENTED_EDGE('',*,*,#5867,.F.);
#7541=ORIENTED_EDGE('',*,*,#5868,.T.);
#7542=ORIENTED_EDGE('',*,*,#5862,.F.);
#7543=ORIENTED_EDGE('',*,*,#5864,.T.);
#7544=ORIENTED_EDGE('',*,*,#5869,.T.);
#7545=ORIENTED_EDGE('',*,*,#5870,.T.);
#7546=ORIENTED_EDGE('',*,*,#5871,.T.);
#7547=ORIENTED_EDGE('',*,*,#5867,.T.);
#7548=ORIENTED_EDGE('',*,*,#5865,.F.);
#7549=ORIENTED_EDGE('',*,*,#5794,.F.);
#7550=ORIENTED_EDGE('',*,*,#5872,.T.);
#7551=ORIENTED_EDGE('',*,*,#5873,.T.);
#7552=ORIENTED_EDGE('',*,*,#5833,.T.);
#7553=ORIENTED_EDGE('',*,*,#5837,.T.);
#7554=ORIENTED_EDGE('',*,*,#5839,.T.);
#7555=ORIENTED_EDGE('',*,*,#5840,.T.);
#7556=ORIENTED_EDGE('',*,*,#5783,.T.);
#7557=ORIENTED_EDGE('',*,*,#5874,.T.);
#7558=ORIENTED_EDGE('',*,*,#5875,.F.);
#7559=ORIENTED_EDGE('',*,*,#5876,.F.);
#7560=ORIENTED_EDGE('',*,*,#5877,.F.);
#7561=ORIENTED_EDGE('',*,*,#5878,.T.);
#7562=ORIENTED_EDGE('',*,*,#5843,.T.);
#7563=ORIENTED_EDGE('',*,*,#5846,.T.);
#7564=ORIENTED_EDGE('',*,*,#5848,.T.);
#7565=ORIENTED_EDGE('',*,*,#5849,.T.);
#7566=ORIENTED_EDGE('',*,*,#5818,.T.);
#7567=ORIENTED_EDGE('',*,*,#5879,.T.);
#7568=ORIENTED_EDGE('',*,*,#5880,.T.);
#7569=ORIENTED_EDGE('',*,*,#5809,.F.);
#7570=ORIENTED_EDGE('',*,*,#5855,.F.);
#7571=ORIENTED_EDGE('',*,*,#5881,.T.);
#7572=ORIENTED_EDGE('',*,*,#5870,.F.);
#7573=ORIENTED_EDGE('',*,*,#5882,.T.);
#7574=ORIENTED_EDGE('',*,*,#5857,.F.);
#7575=ORIENTED_EDGE('',*,*,#5882,.F.);
#7576=ORIENTED_EDGE('',*,*,#5869,.F.);
#7577=ORIENTED_EDGE('',*,*,#5863,.F.);
#7578=ORIENTED_EDGE('',*,*,#5853,.F.);
#7579=ORIENTED_EDGE('',*,*,#5868,.F.);
#7580=ORIENTED_EDGE('',*,*,#5871,.F.);
#7581=ORIENTED_EDGE('',*,*,#5881,.F.);
#7582=ORIENTED_EDGE('',*,*,#5872,.F.);
#7583=ORIENTED_EDGE('',*,*,#5793,.T.);
#7584=ORIENTED_EDGE('',*,*,#5798,.F.);
#7585=ORIENTED_EDGE('',*,*,#5883,.F.);
#7586=ORIENTED_EDGE('',*,*,#5873,.F.);
#7587=ORIENTED_EDGE('',*,*,#5883,.T.);
#7588=ORIENTED_EDGE('',*,*,#5797,.F.);
#7589=ORIENTED_EDGE('',*,*,#5834,.F.);
#7590=ORIENTED_EDGE('',*,*,#5884,.F.);
#7591=ORIENTED_EDGE('',*,*,#5885,.T.);
#7592=ORIENTED_EDGE('',*,*,#5777,.F.);
#7593=ORIENTED_EDGE('',*,*,#5753,.F.);
#7594=ORIENTED_EDGE('',*,*,#5874,.F.);
#7595=ORIENTED_EDGE('',*,*,#5782,.T.);
#7596=ORIENTED_EDGE('',*,*,#5780,.F.);
#7597=ORIENTED_EDGE('',*,*,#5886,.F.);
#7598=ORIENTED_EDGE('',*,*,#5884,.T.);
#7599=ORIENTED_EDGE('',*,*,#5752,.F.);
#7600=ORIENTED_EDGE('',*,*,#5887,.T.);
#7601=ORIENTED_EDGE('',*,*,#5888,.F.);
#7602=ORIENTED_EDGE('',*,*,#5880,.F.);
#7603=ORIENTED_EDGE('',*,*,#5889,.T.);
#7604=ORIENTED_EDGE('',*,*,#5814,.F.);
#7605=ORIENTED_EDGE('',*,*,#5810,.F.);
#7606=ORIENTED_EDGE('',*,*,#5879,.F.);
#7607=ORIENTED_EDGE('',*,*,#5817,.T.);
#7608=ORIENTED_EDGE('',*,*,#5815,.F.);
#7609=ORIENTED_EDGE('',*,*,#5889,.F.);
#7610=ORIENTED_EDGE('',*,*,#5878,.F.);
#7611=ORIENTED_EDGE('',*,*,#5890,.T.);
#7612=ORIENTED_EDGE('',*,*,#5826,.F.);
#7613=ORIENTED_EDGE('',*,*,#5844,.F.);
#7614=ORIENTED_EDGE('',*,*,#5887,.F.);
#7615=ORIENTED_EDGE('',*,*,#5751,.T.);
#7616=ORIENTED_EDGE('',*,*,#5829,.F.);
#7617=ORIENTED_EDGE('',*,*,#5891,.F.);
#7618=ORIENTED_EDGE('',*,*,#5888,.T.);
#7619=ORIENTED_EDGE('',*,*,#5891,.T.);
#7620=ORIENTED_EDGE('',*,*,#5828,.F.);
#7621=ORIENTED_EDGE('',*,*,#5892,.F.);
#7622=ORIENTED_EDGE('',*,*,#5893,.F.);
#7623=ORIENTED_EDGE('',*,*,#5894,.F.);
#7624=ORIENTED_EDGE('',*,*,#5778,.F.);
#7625=ORIENTED_EDGE('',*,*,#5885,.F.);
#7626=ORIENTED_EDGE('',*,*,#5875,.T.);
#7627=ORIENTED_EDGE('',*,*,#5886,.T.);
#7628=ORIENTED_EDGE('',*,*,#5779,.F.);
#7629=ORIENTED_EDGE('',*,*,#5894,.T.);
#7630=ORIENTED_EDGE('',*,*,#5895,.F.);
#7631=ORIENTED_EDGE('',*,*,#5896,.F.);
#7632=ORIENTED_EDGE('',*,*,#5876,.T.);
#7633=ORIENTED_EDGE('',*,*,#5896,.T.);
#7634=ORIENTED_EDGE('',*,*,#5897,.F.);
#7635=ORIENTED_EDGE('',*,*,#5898,.F.);
#7636=ORIENTED_EDGE('',*,*,#5877,.T.);
#7637=ORIENTED_EDGE('',*,*,#5898,.T.);
#7638=ORIENTED_EDGE('',*,*,#5899,.F.);
#7639=ORIENTED_EDGE('',*,*,#5892,.T.);
#7640=ORIENTED_EDGE('',*,*,#5827,.F.);
#7641=ORIENTED_EDGE('',*,*,#5890,.F.);
#7642=ORIENTED_EDGE('',*,*,#5900,.F.);
#7643=ORIENTED_EDGE('',*,*,#5901,.F.);
#7644=ORIENTED_EDGE('',*,*,#5902,.F.);
#7645=ORIENTED_EDGE('',*,*,#5903,.F.);
#7646=ORIENTED_EDGE('',*,*,#5899,.T.);
#7647=ORIENTED_EDGE('',*,*,#5897,.T.);
#7648=ORIENTED_EDGE('',*,*,#5895,.T.);
#7649=ORIENTED_EDGE('',*,*,#5893,.T.);
#7650=ORIENTED_EDGE('',*,*,#5902,.T.);
#7651=ORIENTED_EDGE('',*,*,#5904,.T.);
#7652=ORIENTED_EDGE('',*,*,#5772,.F.);
#7653=ORIENTED_EDGE('',*,*,#5905,.F.);
#7654=ORIENTED_EDGE('',*,*,#5901,.T.);
#7655=ORIENTED_EDGE('',*,*,#5906,.T.);
#7656=ORIENTED_EDGE('',*,*,#5773,.F.);
#7657=ORIENTED_EDGE('',*,*,#5904,.F.);
#7658=ORIENTED_EDGE('',*,*,#5903,.T.);
#7659=ORIENTED_EDGE('',*,*,#5905,.T.);
#7660=ORIENTED_EDGE('',*,*,#5771,.F.);
#7661=ORIENTED_EDGE('',*,*,#5907,.F.);
#7662=ORIENTED_EDGE('',*,*,#5900,.T.);
#7663=ORIENTED_EDGE('',*,*,#5907,.T.);
#7664=ORIENTED_EDGE('',*,*,#5774,.F.);
#7665=ORIENTED_EDGE('',*,*,#5906,.F.);
#7666=ORIENTED_EDGE('',*,*,#5908,.T.);
#7667=ORIENTED_EDGE('',*,*,#5909,.T.);
#7668=ORIENTED_EDGE('',*,*,#5910,.T.);
#7669=ORIENTED_EDGE('',*,*,#5911,.F.);
#7670=ORIENTED_EDGE('',*,*,#5912,.T.);
#7671=ORIENTED_EDGE('',*,*,#5911,.T.);
#7672=ORIENTED_EDGE('',*,*,#5913,.T.);
#7673=ORIENTED_EDGE('',*,*,#5914,.T.);
#7674=ORIENTED_EDGE('',*,*,#5915,.T.);
#7675=ORIENTED_EDGE('',*,*,#5916,.F.);
#7676=ORIENTED_EDGE('',*,*,#5917,.T.);
#7677=ORIENTED_EDGE('',*,*,#5918,.T.);
#7678=ORIENTED_EDGE('',*,*,#5919,.T.);
#7679=ORIENTED_EDGE('',*,*,#5920,.T.);
#7680=ORIENTED_EDGE('',*,*,#5921,.T.);
#7681=ORIENTED_EDGE('',*,*,#5922,.T.);
#7682=ORIENTED_EDGE('',*,*,#5923,.T.);
#7683=ORIENTED_EDGE('',*,*,#5924,.F.);
#7684=ORIENTED_EDGE('',*,*,#5925,.T.);
#7685=ORIENTED_EDGE('',*,*,#5926,.T.);
#7686=ORIENTED_EDGE('',*,*,#5927,.T.);
#7687=ORIENTED_EDGE('',*,*,#5928,.T.);
#7688=ORIENTED_EDGE('',*,*,#5929,.T.);
#7689=ORIENTED_EDGE('',*,*,#5920,.F.);
#7690=ORIENTED_EDGE('',*,*,#5930,.F.);
#7691=ORIENTED_EDGE('',*,*,#5931,.F.);
#7692=ORIENTED_EDGE('',*,*,#5932,.F.);
#7693=ORIENTED_EDGE('',*,*,#5933,.F.);
#7694=ORIENTED_EDGE('',*,*,#5934,.F.);
#7695=ORIENTED_EDGE('',*,*,#5933,.T.);
#7696=ORIENTED_EDGE('',*,*,#5935,.F.);
#7697=ORIENTED_EDGE('',*,*,#5936,.F.);
#7698=ORIENTED_EDGE('',*,*,#5937,.F.);
#7699=ORIENTED_EDGE('',*,*,#5932,.T.);
#7700=ORIENTED_EDGE('',*,*,#5938,.F.);
#7701=ORIENTED_EDGE('',*,*,#5909,.F.);
#7702=ORIENTED_EDGE('',*,*,#5939,.F.);
#7703=ORIENTED_EDGE('',*,*,#5928,.F.);
#7704=ORIENTED_EDGE('',*,*,#5940,.F.);
#7705=ORIENTED_EDGE('',*,*,#5941,.F.);
#7706=ORIENTED_EDGE('',*,*,#5935,.T.);
#7707=ORIENTED_EDGE('',*,*,#5937,.T.);
#7708=ORIENTED_EDGE('',*,*,#5942,.T.);
#7709=ORIENTED_EDGE('',*,*,#5943,.T.);
#7710=ORIENTED_EDGE('',*,*,#5944,.F.);
#7711=ORIENTED_EDGE('',*,*,#5924,.T.);
#7712=ORIENTED_EDGE('',*,*,#5945,.F.);
#7713=ORIENTED_EDGE('',*,*,#5916,.T.);
#7714=ORIENTED_EDGE('',*,*,#5946,.F.);
#7715=ORIENTED_EDGE('',*,*,#5947,.F.);
#7716=ORIENTED_EDGE('',*,*,#5942,.F.);
#7717=ORIENTED_EDGE('',*,*,#5948,.T.);
#7718=ORIENTED_EDGE('',*,*,#5949,.F.);
#7719=ORIENTED_EDGE('',*,*,#5948,.F.);
#7720=ORIENTED_EDGE('',*,*,#5941,.T.);
#7721=ORIENTED_EDGE('',*,*,#5950,.F.);
#7722=ORIENTED_EDGE('',*,*,#5950,.T.);
#7723=ORIENTED_EDGE('',*,*,#5940,.T.);
#7724=ORIENTED_EDGE('',*,*,#5951,.T.);
#7725=ORIENTED_EDGE('',*,*,#5939,.T.);
#7726=ORIENTED_EDGE('',*,*,#5952,.T.);
#7727=ORIENTED_EDGE('',*,*,#5938,.T.);
#7728=ORIENTED_EDGE('',*,*,#5931,.T.);
#7729=ORIENTED_EDGE('',*,*,#5953,.T.);
#7730=ORIENTED_EDGE('',*,*,#5954,.F.);
#7731=ORIENTED_EDGE('',*,*,#5955,.T.);
#7732=ORIENTED_EDGE('',*,*,#5956,.F.);
#7733=ORIENTED_EDGE('',*,*,#5957,.T.);
#7734=ORIENTED_EDGE('',*,*,#5958,.T.);
#7735=ORIENTED_EDGE('',*,*,#5959,.T.);
#7736=ORIENTED_EDGE('',*,*,#5960,.T.);
#7737=ORIENTED_EDGE('',*,*,#5961,.T.);
#7738=ORIENTED_EDGE('',*,*,#5962,.F.);
#7739=ORIENTED_EDGE('',*,*,#5963,.T.);
#7740=ORIENTED_EDGE('',*,*,#5964,.F.);
#7741=ORIENTED_EDGE('',*,*,#5965,.T.);
#7742=ORIENTED_EDGE('',*,*,#5966,.T.);
#7743=ORIENTED_EDGE('',*,*,#5967,.T.);
#7744=ORIENTED_EDGE('',*,*,#5968,.T.);
#7745=ORIENTED_EDGE('',*,*,#5969,.T.);
#7746=ORIENTED_EDGE('',*,*,#5970,.T.);
#7747=ORIENTED_EDGE('',*,*,#5971,.T.);
#7748=ORIENTED_EDGE('',*,*,#5972,.T.);
#7749=ORIENTED_EDGE('',*,*,#5973,.T.);
#7750=ORIENTED_EDGE('',*,*,#5974,.T.);
#7751=ORIENTED_EDGE('',*,*,#5975,.T.);
#7752=ORIENTED_EDGE('',*,*,#5976,.T.);
#7753=ORIENTED_EDGE('',*,*,#5977,.T.);
#7754=ORIENTED_EDGE('',*,*,#5978,.T.);
#7755=ORIENTED_EDGE('',*,*,#5979,.T.);
#7756=ORIENTED_EDGE('',*,*,#5980,.T.);
#7757=ORIENTED_EDGE('',*,*,#5981,.T.);
#7758=ORIENTED_EDGE('',*,*,#5982,.T.);
#7759=ORIENTED_EDGE('',*,*,#5983,.T.);
#7760=ORIENTED_EDGE('',*,*,#5984,.T.);
#7761=ORIENTED_EDGE('',*,*,#5985,.T.);
#7762=ORIENTED_EDGE('',*,*,#5986,.T.);
#7763=ORIENTED_EDGE('',*,*,#5987,.T.);
#7764=ORIENTED_EDGE('',*,*,#5988,.T.);
#7765=ORIENTED_EDGE('',*,*,#5989,.T.);
#7766=ORIENTED_EDGE('',*,*,#5990,.F.);
#7767=ORIENTED_EDGE('',*,*,#5960,.F.);
#7768=ORIENTED_EDGE('',*,*,#5991,.F.);
#7769=ORIENTED_EDGE('',*,*,#5992,.F.);
#7770=ORIENTED_EDGE('',*,*,#5993,.F.);
#7771=ORIENTED_EDGE('',*,*,#5992,.T.);
#7772=ORIENTED_EDGE('',*,*,#5994,.F.);
#7773=ORIENTED_EDGE('',*,*,#5995,.F.);
#7774=ORIENTED_EDGE('',*,*,#5991,.T.);
#7775=ORIENTED_EDGE('',*,*,#5959,.F.);
#7776=ORIENTED_EDGE('',*,*,#5996,.F.);
#7777=ORIENTED_EDGE('',*,*,#5994,.T.);
#7778=ORIENTED_EDGE('',*,*,#5995,.T.);
#7779=ORIENTED_EDGE('',*,*,#5997,.T.);
#7780=ORIENTED_EDGE('',*,*,#5998,.T.);
#7781=ORIENTED_EDGE('',*,*,#5999,.F.);
#7782=ORIENTED_EDGE('',*,*,#5997,.F.);
#7783=ORIENTED_EDGE('',*,*,#6000,.T.);
#7784=ORIENTED_EDGE('',*,*,#6001,.F.);
#7785=ORIENTED_EDGE('',*,*,#6000,.F.);
#7786=ORIENTED_EDGE('',*,*,#5996,.T.);
#7787=ORIENTED_EDGE('',*,*,#5958,.F.);
#7788=ORIENTED_EDGE('',*,*,#6002,.F.);
#7789=ORIENTED_EDGE('',*,*,#6003,.T.);
#7790=ORIENTED_EDGE('',*,*,#6004,.T.);
#7791=ORIENTED_EDGE('',*,*,#6005,.T.);
#7792=ORIENTED_EDGE('',*,*,#6006,.T.);
#7793=ORIENTED_EDGE('',*,*,#6003,.F.);
#7794=ORIENTED_EDGE('',*,*,#6007,.T.);
#7795=ORIENTED_EDGE('',*,*,#6008,.T.);
#7796=ORIENTED_EDGE('',*,*,#6009,.T.);
#7797=ORIENTED_EDGE('',*,*,#6010,.T.);
#7798=ORIENTED_EDGE('',*,*,#6008,.F.);
#7799=ORIENTED_EDGE('',*,*,#6011,.F.);
#7800=ORIENTED_EDGE('',*,*,#6012,.F.);
#7801=ORIENTED_EDGE('',*,*,#6013,.F.);
#7802=ORIENTED_EDGE('',*,*,#6014,.F.);
#7803=ORIENTED_EDGE('',*,*,#6015,.F.);
#7804=ORIENTED_EDGE('',*,*,#6016,.F.);
#7805=ORIENTED_EDGE('',*,*,#6017,.F.);
#7806=ORIENTED_EDGE('',*,*,#6018,.F.);
#7807=ORIENTED_EDGE('',*,*,#6019,.F.);
#7808=ORIENTED_EDGE('',*,*,#6020,.F.);
#7809=ORIENTED_EDGE('',*,*,#6021,.F.);
#7810=ORIENTED_EDGE('',*,*,#6022,.F.);
#7811=ORIENTED_EDGE('',*,*,#6023,.F.);
#7812=ORIENTED_EDGE('',*,*,#6024,.T.);
#7813=ORIENTED_EDGE('',*,*,#6025,.T.);
#7814=ORIENTED_EDGE('',*,*,#6026,.T.);
#7815=ORIENTED_EDGE('',*,*,#6027,.T.);
#7816=ORIENTED_EDGE('',*,*,#6028,.T.);
#7817=ORIENTED_EDGE('',*,*,#6029,.T.);
#7818=ORIENTED_EDGE('',*,*,#6030,.T.);
#7819=ORIENTED_EDGE('',*,*,#6031,.T.);
#7820=ORIENTED_EDGE('',*,*,#6032,.F.);
#7821=ORIENTED_EDGE('',*,*,#6004,.F.);
#7822=ORIENTED_EDGE('',*,*,#6006,.F.);
#7823=ORIENTED_EDGE('',*,*,#6033,.F.);
#7824=ORIENTED_EDGE('',*,*,#6034,.T.);
#7825=ORIENTED_EDGE('',*,*,#6035,.T.);
#7826=ORIENTED_EDGE('',*,*,#6036,.T.);
#7827=ORIENTED_EDGE('',*,*,#6037,.T.);
#7828=ORIENTED_EDGE('',*,*,#6038,.T.);
#7829=ORIENTED_EDGE('',*,*,#6039,.T.);
#7830=ORIENTED_EDGE('',*,*,#6040,.T.);
#7831=ORIENTED_EDGE('',*,*,#6041,.T.);
#7832=ORIENTED_EDGE('',*,*,#6042,.F.);
#7833=ORIENTED_EDGE('',*,*,#6043,.F.);
#7834=ORIENTED_EDGE('',*,*,#6044,.F.);
#7835=ORIENTED_EDGE('',*,*,#6045,.F.);
#7836=ORIENTED_EDGE('',*,*,#6046,.T.);
#7837=ORIENTED_EDGE('',*,*,#6047,.T.);
#7838=ORIENTED_EDGE('',*,*,#6048,.F.);
#7839=ORIENTED_EDGE('',*,*,#6007,.F.);
#7840=ORIENTED_EDGE('',*,*,#6009,.F.);
#7841=ORIENTED_EDGE('',*,*,#6010,.F.);
#7842=ORIENTED_EDGE('',*,*,#6049,.T.);
#7843=ORIENTED_EDGE('',*,*,#6050,.T.);
#7844=ORIENTED_EDGE('',*,*,#6051,.F.);
#7845=ORIENTED_EDGE('',*,*,#6052,.F.);
#7846=ORIENTED_EDGE('',*,*,#6053,.F.);
#7847=ORIENTED_EDGE('',*,*,#6054,.T.);
#7848=ORIENTED_EDGE('',*,*,#6049,.F.);
#7849=ORIENTED_EDGE('',*,*,#6032,.T.);
#7850=ORIENTED_EDGE('',*,*,#6055,.T.);
#7851=ORIENTED_EDGE('',*,*,#6056,.T.);
#7852=ORIENTED_EDGE('',*,*,#6057,.T.);
#7853=ORIENTED_EDGE('',*,*,#6055,.F.);
#7854=ORIENTED_EDGE('',*,*,#6033,.T.);
#7855=ORIENTED_EDGE('',*,*,#6005,.F.);
#7856=ORIENTED_EDGE('',*,*,#6002,.T.);
#7857=ORIENTED_EDGE('',*,*,#6057,.F.);
#7858=ORIENTED_EDGE('',*,*,#6058,.T.);
#7859=ORIENTED_EDGE('',*,*,#6059,.T.);
#7860=ORIENTED_EDGE('',*,*,#6060,.F.);
#7861=ORIENTED_EDGE('',*,*,#6061,.F.);
#7862=ORIENTED_EDGE('',*,*,#6062,.F.);
#7863=ORIENTED_EDGE('',*,*,#6063,.T.);
#7864=ORIENTED_EDGE('',*,*,#6058,.F.);
#7865=ORIENTED_EDGE('',*,*,#6056,.F.);
#7866=ORIENTED_EDGE('',*,*,#6048,.T.);
#7867=ORIENTED_EDGE('',*,*,#6064,.T.);
#7868=ORIENTED_EDGE('',*,*,#6065,.T.);
#7869=ORIENTED_EDGE('',*,*,#6066,.T.);
#7870=ORIENTED_EDGE('',*,*,#6064,.F.);
#7871=ORIENTED_EDGE('',*,*,#6065,.F.);
#7872=ORIENTED_EDGE('',*,*,#6066,.F.);
#7873=ORIENTED_EDGE('',*,*,#6067,.T.);
#7874=ORIENTED_EDGE('',*,*,#6068,.T.);
#7875=ORIENTED_EDGE('',*,*,#6067,.F.);
#7876=ORIENTED_EDGE('',*,*,#6023,.T.);
#7877=ORIENTED_EDGE('',*,*,#6069,.T.);
#7878=ORIENTED_EDGE('',*,*,#6070,.T.);
#7879=ORIENTED_EDGE('',*,*,#6071,.T.);
#7880=ORIENTED_EDGE('',*,*,#6069,.F.);
#7881=ORIENTED_EDGE('',*,*,#6070,.F.);
#7882=ORIENTED_EDGE('',*,*,#6071,.F.);
#7883=ORIENTED_EDGE('',*,*,#6072,.T.);
#7884=ORIENTED_EDGE('',*,*,#6073,.T.);
#7885=ORIENTED_EDGE('',*,*,#6072,.F.);
#7886=ORIENTED_EDGE('',*,*,#6073,.F.);
#7887=ORIENTED_EDGE('',*,*,#6074,.F.);
#7888=ORIENTED_EDGE('',*,*,#6075,.F.);
#7889=ORIENTED_EDGE('',*,*,#6050,.F.);
#7890=ORIENTED_EDGE('',*,*,#6054,.F.);
#7891=ORIENTED_EDGE('',*,*,#6076,.F.);
#7892=ORIENTED_EDGE('',*,*,#6052,.T.);
#7893=ORIENTED_EDGE('',*,*,#6077,.F.);
#7894=ORIENTED_EDGE('',*,*,#6078,.F.);
#7895=ORIENTED_EDGE('',*,*,#6079,.F.);
#7896=ORIENTED_EDGE('',*,*,#6080,.F.);
#7897=ORIENTED_EDGE('',*,*,#6081,.F.);
#7898=ORIENTED_EDGE('',*,*,#6061,.T.);
#7899=ORIENTED_EDGE('',*,*,#6082,.F.);
#7900=ORIENTED_EDGE('',*,*,#6083,.T.);
#7901=ORIENTED_EDGE('',*,*,#6084,.T.);
#7902=ORIENTED_EDGE('',*,*,#6085,.T.);
#7903=ORIENTED_EDGE('',*,*,#6086,.F.);
#7904=ORIENTED_EDGE('',*,*,#6087,.T.);
#7905=ORIENTED_EDGE('',*,*,#6088,.T.);
#7906=ORIENTED_EDGE('',*,*,#6089,.T.);
#7907=ORIENTED_EDGE('',*,*,#6090,.F.);
#7908=ORIENTED_EDGE('',*,*,#6091,.T.);
#7909=ORIENTED_EDGE('',*,*,#6092,.T.);
#7910=ORIENTED_EDGE('',*,*,#6093,.T.);
#7911=ORIENTED_EDGE('',*,*,#6094,.F.);
#7912=ORIENTED_EDGE('',*,*,#6095,.T.);
#7913=ORIENTED_EDGE('',*,*,#6096,.T.);
#7914=ORIENTED_EDGE('',*,*,#6097,.T.);
#7915=ORIENTED_EDGE('',*,*,#6098,.F.);
#7916=ORIENTED_EDGE('',*,*,#6099,.T.);
#7917=ORIENTED_EDGE('',*,*,#6100,.T.);
#7918=ORIENTED_EDGE('',*,*,#6101,.T.);
#7919=ORIENTED_EDGE('',*,*,#6102,.T.);
#7920=ORIENTED_EDGE('',*,*,#6063,.F.);
#7921=ORIENTED_EDGE('',*,*,#6103,.F.);
#7922=ORIENTED_EDGE('',*,*,#6059,.F.);
#7923=ORIENTED_EDGE('',*,*,#6104,.F.);
#7924=ORIENTED_EDGE('',*,*,#6068,.F.);
#7925=ORIENTED_EDGE('',*,*,#6105,.F.);
#7926=ORIENTED_EDGE('',*,*,#6105,.T.);
#7927=ORIENTED_EDGE('',*,*,#6106,.T.);
#7928=ORIENTED_EDGE('',*,*,#5967,.F.);
#7929=ORIENTED_EDGE('',*,*,#6106,.F.);
#7930=ORIENTED_EDGE('',*,*,#6074,.T.);
#7931=ORIENTED_EDGE('',*,*,#6107,.T.);
#7932=ORIENTED_EDGE('',*,*,#5968,.F.);
#7933=ORIENTED_EDGE('',*,*,#6107,.F.);
#7934=ORIENTED_EDGE('',*,*,#6076,.T.);
#7935=ORIENTED_EDGE('',*,*,#6108,.T.);
#7936=ORIENTED_EDGE('',*,*,#5969,.F.);
#7937=ORIENTED_EDGE('',*,*,#6108,.F.);
#7938=ORIENTED_EDGE('',*,*,#6104,.T.);
#7939=ORIENTED_EDGE('',*,*,#6109,.T.);
#7940=ORIENTED_EDGE('',*,*,#5966,.F.);
#7941=ORIENTED_EDGE('',*,*,#6109,.F.);
#7942=ORIENTED_EDGE('',*,*,#6039,.F.);
#7943=ORIENTED_EDGE('',*,*,#6110,.F.);
#7944=ORIENTED_EDGE('',*,*,#6096,.F.);
#7945=ORIENTED_EDGE('',*,*,#6111,.T.);
#7946=ORIENTED_EDGE('',*,*,#6038,.F.);
#7947=ORIENTED_EDGE('',*,*,#6112,.F.);
#7948=ORIENTED_EDGE('',*,*,#5975,.F.);
#7949=ORIENTED_EDGE('',*,*,#6113,.F.);
#7950=ORIENTED_EDGE('',*,*,#6097,.F.);
#7951=ORIENTED_EDGE('',*,*,#6110,.T.);
#7952=ORIENTED_EDGE('',*,*,#6041,.F.);
#7953=ORIENTED_EDGE('',*,*,#6114,.F.);
#7954=ORIENTED_EDGE('',*,*,#5976,.F.);
#7955=ORIENTED_EDGE('',*,*,#6112,.T.);
#7956=ORIENTED_EDGE('',*,*,#6040,.F.);
#7957=ORIENTED_EDGE('',*,*,#6111,.F.);
#7958=ORIENTED_EDGE('',*,*,#6095,.F.);
#7959=ORIENTED_EDGE('',*,*,#6115,.F.);
#7960=ORIENTED_EDGE('',*,*,#5977,.F.);
#7961=ORIENTED_EDGE('',*,*,#6114,.T.);
#7962=ORIENTED_EDGE('',*,*,#6035,.F.);
#7963=ORIENTED_EDGE('',*,*,#6116,.F.);
#7964=ORIENTED_EDGE('',*,*,#6088,.F.);
#7965=ORIENTED_EDGE('',*,*,#6117,.T.);
#7966=ORIENTED_EDGE('',*,*,#6034,.F.);
#7967=ORIENTED_EDGE('',*,*,#6118,.F.);
#7968=ORIENTED_EDGE('',*,*,#5983,.F.);
#7969=ORIENTED_EDGE('',*,*,#6119,.F.);
#7970=ORIENTED_EDGE('',*,*,#6089,.F.);
#7971=ORIENTED_EDGE('',*,*,#6116,.T.);
#7972=ORIENTED_EDGE('',*,*,#6037,.F.);
#7973=ORIENTED_EDGE('',*,*,#6120,.F.);
#7974=ORIENTED_EDGE('',*,*,#5984,.F.);
#7975=ORIENTED_EDGE('',*,*,#6118,.T.);
#7976=ORIENTED_EDGE('',*,*,#6036,.F.);
#7977=ORIENTED_EDGE('',*,*,#6117,.F.);
#7978=ORIENTED_EDGE('',*,*,#6087,.F.);
#7979=ORIENTED_EDGE('',*,*,#6121,.F.);
#7980=ORIENTED_EDGE('',*,*,#5985,.F.);
#7981=ORIENTED_EDGE('',*,*,#6120,.T.);
#7982=ORIENTED_EDGE('',*,*,#6029,.F.);
#7983=ORIENTED_EDGE('',*,*,#6122,.F.);
#7984=ORIENTED_EDGE('',*,*,#5988,.F.);
#7985=ORIENTED_EDGE('',*,*,#6123,.T.);
#7986=ORIENTED_EDGE('',*,*,#6028,.F.);
#7987=ORIENTED_EDGE('',*,*,#6124,.F.);
#7988=ORIENTED_EDGE('',*,*,#6083,.F.);
#7989=ORIENTED_EDGE('',*,*,#6125,.F.);
#7990=ORIENTED_EDGE('',*,*,#5989,.F.);
#7991=ORIENTED_EDGE('',*,*,#6122,.T.);
#7992=ORIENTED_EDGE('',*,*,#6031,.F.);
#7993=ORIENTED_EDGE('',*,*,#6126,.F.);
#7994=ORIENTED_EDGE('',*,*,#6084,.F.);
#7995=ORIENTED_EDGE('',*,*,#6124,.T.);
#7996=ORIENTED_EDGE('',*,*,#6030,.F.);
#7997=ORIENTED_EDGE('',*,*,#6123,.F.);
#7998=ORIENTED_EDGE('',*,*,#5987,.F.);
#7999=ORIENTED_EDGE('',*,*,#6127,.F.);
#8000=ORIENTED_EDGE('',*,*,#6085,.F.);
#8001=ORIENTED_EDGE('',*,*,#6126,.T.);
#8002=ORIENTED_EDGE('',*,*,#6025,.F.);
#8003=ORIENTED_EDGE('',*,*,#6128,.F.);
#8004=ORIENTED_EDGE('',*,*,#6092,.F.);
#8005=ORIENTED_EDGE('',*,*,#6129,.T.);
#8006=ORIENTED_EDGE('',*,*,#6024,.F.);
#8007=ORIENTED_EDGE('',*,*,#6130,.F.);
#8008=ORIENTED_EDGE('',*,*,#5979,.F.);
#8009=ORIENTED_EDGE('',*,*,#6131,.F.);
#8010=ORIENTED_EDGE('',*,*,#6093,.F.);
#8011=ORIENTED_EDGE('',*,*,#6128,.T.);
#8012=ORIENTED_EDGE('',*,*,#6027,.F.);
#8013=ORIENTED_EDGE('',*,*,#6132,.F.);
#8014=ORIENTED_EDGE('',*,*,#5980,.F.);
#8015=ORIENTED_EDGE('',*,*,#6130,.T.);
#8016=ORIENTED_EDGE('',*,*,#6026,.F.);
#8017=ORIENTED_EDGE('',*,*,#6129,.F.);
#8018=ORIENTED_EDGE('',*,*,#6091,.F.);
#8019=ORIENTED_EDGE('',*,*,#6133,.F.);
#8020=ORIENTED_EDGE('',*,*,#5981,.F.);
#8021=ORIENTED_EDGE('',*,*,#6132,.T.);
#8022=ORIENTED_EDGE('',*,*,#6053,.T.);
#8023=ORIENTED_EDGE('',*,*,#6098,.T.);
#8024=ORIENTED_EDGE('',*,*,#6113,.T.);
#8025=ORIENTED_EDGE('',*,*,#5974,.F.);
#8026=ORIENTED_EDGE('',*,*,#6134,.F.);
#8027=ORIENTED_EDGE('',*,*,#6077,.T.);
#8028=ORIENTED_EDGE('',*,*,#6051,.T.);
#8029=ORIENTED_EDGE('',*,*,#6075,.T.);
#8030=ORIENTED_EDGE('',*,*,#5970,.F.);
#8031=ORIENTED_EDGE('',*,*,#6125,.T.);
#8032=ORIENTED_EDGE('',*,*,#6082,.T.);
#8033=ORIENTED_EDGE('',*,*,#6060,.T.);
#8034=ORIENTED_EDGE('',*,*,#6103,.T.);
#8035=ORIENTED_EDGE('',*,*,#6062,.T.);
#8036=ORIENTED_EDGE('',*,*,#6081,.T.);
#8037=ORIENTED_EDGE('',*,*,#6135,.T.);
#8038=ORIENTED_EDGE('',*,*,#6127,.T.);
#8039=ORIENTED_EDGE('',*,*,#5986,.F.);
#8040=ORIENTED_EDGE('',*,*,#6121,.T.);
#8041=ORIENTED_EDGE('',*,*,#6086,.T.);
#8042=ORIENTED_EDGE('',*,*,#6133,.T.);
#8043=ORIENTED_EDGE('',*,*,#6090,.T.);
#8044=ORIENTED_EDGE('',*,*,#6119,.T.);
#8045=ORIENTED_EDGE('',*,*,#5982,.F.);
#8046=ORIENTED_EDGE('',*,*,#6131,.T.);
#8047=ORIENTED_EDGE('',*,*,#5978,.F.);
#8048=ORIENTED_EDGE('',*,*,#6115,.T.);
#8049=ORIENTED_EDGE('',*,*,#6094,.T.);
#8050=ORIENTED_EDGE('',*,*,#6136,.T.);
#8051=ORIENTED_EDGE('',*,*,#6043,.T.);
#8052=ORIENTED_EDGE('',*,*,#6137,.T.);
#8053=ORIENTED_EDGE('',*,*,#6138,.T.);
#8054=ORIENTED_EDGE('',*,*,#6138,.F.);
#8055=ORIENTED_EDGE('',*,*,#6139,.F.);
#8056=ORIENTED_EDGE('',*,*,#6100,.F.);
#8057=ORIENTED_EDGE('',*,*,#6140,.F.);
#8058=ORIENTED_EDGE('',*,*,#6042,.T.);
#8059=ORIENTED_EDGE('',*,*,#6141,.F.);
#8060=ORIENTED_EDGE('',*,*,#6142,.T.);
#8061=ORIENTED_EDGE('',*,*,#6137,.F.);
#8062=ORIENTED_EDGE('',*,*,#6141,.T.);
#8063=ORIENTED_EDGE('',*,*,#6045,.T.);
#8064=ORIENTED_EDGE('',*,*,#6143,.T.);
#8065=ORIENTED_EDGE('',*,*,#6144,.T.);
#8066=ORIENTED_EDGE('',*,*,#6145,.T.);
#8067=ORIENTED_EDGE('',*,*,#6143,.F.);
#8068=ORIENTED_EDGE('',*,*,#6044,.T.);
#8069=ORIENTED_EDGE('',*,*,#6136,.F.);
#8070=ORIENTED_EDGE('',*,*,#6146,.F.);
#8071=ORIENTED_EDGE('',*,*,#6147,.F.);
#8072=ORIENTED_EDGE('',*,*,#5926,.F.);
#8073=ORIENTED_EDGE('',*,*,#6148,.F.);
#8074=ORIENTED_EDGE('',*,*,#5922,.F.);
#8075=ORIENTED_EDGE('',*,*,#6149,.F.);
#8076=ORIENTED_EDGE('',*,*,#6150,.F.);
#8077=ORIENTED_EDGE('',*,*,#5919,.F.);
#8078=ORIENTED_EDGE('',*,*,#6150,.T.);
#8079=ORIENTED_EDGE('',*,*,#6151,.T.);
#8080=ORIENTED_EDGE('',*,*,#6146,.T.);
#8081=ORIENTED_EDGE('',*,*,#6151,.F.);
#8082=ORIENTED_EDGE('',*,*,#6149,.T.);
#8083=ORIENTED_EDGE('',*,*,#5921,.F.);
#8084=ORIENTED_EDGE('',*,*,#5929,.F.);
#8085=ORIENTED_EDGE('',*,*,#5951,.F.);
#8086=ORIENTED_EDGE('',*,*,#5927,.F.);
#8087=ORIENTED_EDGE('',*,*,#6046,.F.);
#8088=ORIENTED_EDGE('',*,*,#6152,.T.);
#8089=ORIENTED_EDGE('',*,*,#6147,.T.);
#8090=ORIENTED_EDGE('',*,*,#6152,.F.);
#8091=ORIENTED_EDGE('',*,*,#6153,.F.);
#8092=ORIENTED_EDGE('',*,*,#6154,.F.);
#8093=ORIENTED_EDGE('',*,*,#5918,.F.);
#8094=ORIENTED_EDGE('',*,*,#6155,.F.);
#8095=ORIENTED_EDGE('',*,*,#5914,.F.);
#8096=ORIENTED_EDGE('',*,*,#6156,.F.);
#8097=ORIENTED_EDGE('',*,*,#6157,.F.);
#8098=ORIENTED_EDGE('',*,*,#5912,.F.);
#8099=ORIENTED_EDGE('',*,*,#6157,.T.);
#8100=ORIENTED_EDGE('',*,*,#6158,.T.);
#8101=ORIENTED_EDGE('',*,*,#6153,.T.);
#8102=ORIENTED_EDGE('',*,*,#6158,.F.);
#8103=ORIENTED_EDGE('',*,*,#6156,.T.);
#8104=ORIENTED_EDGE('',*,*,#5913,.F.);
#8105=ORIENTED_EDGE('',*,*,#5910,.F.);
#8106=ORIENTED_EDGE('',*,*,#5952,.F.);
#8107=ORIENTED_EDGE('',*,*,#5908,.F.);
#8108=ORIENTED_EDGE('',*,*,#6047,.F.);
#8109=ORIENTED_EDGE('',*,*,#6159,.T.);
#8110=ORIENTED_EDGE('',*,*,#6154,.T.);
#8111=ORIENTED_EDGE('',*,*,#6159,.F.);
#8112=ORIENTED_EDGE('',*,*,#6148,.T.);
#8113=ORIENTED_EDGE('',*,*,#5925,.F.);
#8114=ORIENTED_EDGE('',*,*,#6160,.F.);
#8115=ORIENTED_EDGE('',*,*,#6161,.T.);
#8116=ORIENTED_EDGE('',*,*,#6162,.F.);
#8117=ORIENTED_EDGE('',*,*,#5923,.F.);
#8118=ORIENTED_EDGE('',*,*,#6163,.F.);
#8119=ORIENTED_EDGE('',*,*,#6161,.F.);
#8120=ORIENTED_EDGE('',*,*,#6164,.F.);
#8121=ORIENTED_EDGE('',*,*,#6165,.F.);
#8122=ORIENTED_EDGE('',*,*,#6155,.T.);
#8123=ORIENTED_EDGE('',*,*,#5917,.F.);
#8124=ORIENTED_EDGE('',*,*,#6166,.F.);
#8125=ORIENTED_EDGE('',*,*,#6165,.T.);
#8126=ORIENTED_EDGE('',*,*,#6167,.F.);
#8127=ORIENTED_EDGE('',*,*,#5915,.F.);
#8128=ORIENTED_EDGE('',*,*,#5944,.T.);
#8129=ORIENTED_EDGE('',*,*,#6168,.T.);
#8130=ORIENTED_EDGE('',*,*,#6169,.F.);
#8131=ORIENTED_EDGE('',*,*,#6170,.F.);
#8132=ORIENTED_EDGE('',*,*,#5936,.T.);
#8133=ORIENTED_EDGE('',*,*,#5946,.T.);
#8134=ORIENTED_EDGE('',*,*,#6167,.T.);
#8135=ORIENTED_EDGE('',*,*,#6164,.T.);
#8136=ORIENTED_EDGE('',*,*,#6166,.T.);
#8137=ORIENTED_EDGE('',*,*,#5945,.T.);
#8138=ORIENTED_EDGE('',*,*,#6162,.T.);
#8139=ORIENTED_EDGE('',*,*,#6163,.T.);
#8140=ORIENTED_EDGE('',*,*,#6160,.T.);
#8141=ORIENTED_EDGE('',*,*,#6144,.F.);
#8142=ORIENTED_EDGE('',*,*,#6171,.F.);
#8143=ORIENTED_EDGE('',*,*,#6102,.F.);
#8144=ORIENTED_EDGE('',*,*,#6172,.T.);
#8145=ORIENTED_EDGE('',*,*,#6173,.T.);
#8146=ORIENTED_EDGE('',*,*,#6174,.T.);
#8147=ORIENTED_EDGE('',*,*,#6175,.T.);
#8148=ORIENTED_EDGE('',*,*,#6176,.T.);
#8149=ORIENTED_EDGE('',*,*,#6177,.T.);
#8150=ORIENTED_EDGE('',*,*,#6178,.T.);
#8151=ORIENTED_EDGE('',*,*,#6179,.T.);
#8152=ORIENTED_EDGE('',*,*,#6180,.T.);
#8153=ORIENTED_EDGE('',*,*,#6181,.T.);
#8154=ORIENTED_EDGE('',*,*,#6176,.F.);
#8155=ORIENTED_EDGE('',*,*,#6173,.F.);
#8156=ORIENTED_EDGE('',*,*,#6182,.T.);
#8157=ORIENTED_EDGE('',*,*,#6183,.F.);
#8158=ORIENTED_EDGE('',*,*,#6184,.T.);
#8159=ORIENTED_EDGE('',*,*,#6177,.F.);
#8160=ORIENTED_EDGE('',*,*,#6181,.F.);
#8161=ORIENTED_EDGE('',*,*,#6185,.F.);
#8162=ORIENTED_EDGE('',*,*,#6186,.F.);
#8163=ORIENTED_EDGE('',*,*,#6187,.F.);
#8164=ORIENTED_EDGE('',*,*,#6182,.F.);
#8165=ORIENTED_EDGE('',*,*,#6180,.F.);
#8166=ORIENTED_EDGE('',*,*,#6188,.T.);
#8167=ORIENTED_EDGE('',*,*,#6019,.T.);
#8168=ORIENTED_EDGE('',*,*,#6189,.T.);
#8169=ORIENTED_EDGE('',*,*,#6190,.F.);
#8170=ORIENTED_EDGE('',*,*,#6185,.T.);
#8171=ORIENTED_EDGE('',*,*,#6186,.T.);
#8172=ORIENTED_EDGE('',*,*,#6190,.T.);
#8173=ORIENTED_EDGE('',*,*,#6191,.T.);
#8174=ORIENTED_EDGE('',*,*,#6192,.T.);
#8175=ORIENTED_EDGE('',*,*,#6193,.T.);
#8176=ORIENTED_EDGE('',*,*,#6194,.T.);
#8177=ORIENTED_EDGE('',*,*,#6195,.T.);
#8178=ORIENTED_EDGE('',*,*,#6183,.T.);
#8179=ORIENTED_EDGE('',*,*,#6187,.T.);
#8180=ORIENTED_EDGE('',*,*,#6193,.F.);
#8181=ORIENTED_EDGE('',*,*,#6194,.F.);
#8182=ORIENTED_EDGE('',*,*,#6192,.F.);
#8183=ORIENTED_EDGE('',*,*,#6196,.F.);
#8184=ORIENTED_EDGE('',*,*,#6197,.F.);
#8185=ORIENTED_EDGE('',*,*,#6170,.T.);
#8186=ORIENTED_EDGE('',*,*,#6198,.T.);
#8187=ORIENTED_EDGE('',*,*,#6191,.F.);
#8188=ORIENTED_EDGE('',*,*,#6189,.F.);
#8189=ORIENTED_EDGE('',*,*,#6018,.T.);
#8190=ORIENTED_EDGE('',*,*,#6199,.T.);
#8191=ORIENTED_EDGE('',*,*,#6196,.T.);
#8192=ORIENTED_EDGE('',*,*,#6013,.T.);
#8193=ORIENTED_EDGE('',*,*,#6200,.T.);
#8194=ORIENTED_EDGE('',*,*,#6201,.T.);
#8195=ORIENTED_EDGE('',*,*,#6202,.F.);
#8196=ORIENTED_EDGE('',*,*,#6012,.T.);
#8197=ORIENTED_EDGE('',*,*,#6203,.T.);
#8198=ORIENTED_EDGE('',*,*,#6204,.T.);
#8199=ORIENTED_EDGE('',*,*,#6200,.F.);
#8200=ORIENTED_EDGE('',*,*,#6011,.T.);
#8201=ORIENTED_EDGE('',*,*,#6205,.T.);
#8202=ORIENTED_EDGE('',*,*,#6206,.T.);
#8203=ORIENTED_EDGE('',*,*,#6203,.F.);
#8204=ORIENTED_EDGE('',*,*,#6022,.T.);
#8205=ORIENTED_EDGE('',*,*,#6207,.T.);
#8206=ORIENTED_EDGE('',*,*,#6208,.T.);
#8207=ORIENTED_EDGE('',*,*,#6205,.F.);
#8208=ORIENTED_EDGE('',*,*,#6021,.T.);
#8209=ORIENTED_EDGE('',*,*,#6209,.T.);
#8210=ORIENTED_EDGE('',*,*,#6210,.T.);
#8211=ORIENTED_EDGE('',*,*,#6207,.F.);
#8212=ORIENTED_EDGE('',*,*,#6179,.F.);
#8213=ORIENTED_EDGE('',*,*,#6211,.T.);
#8214=ORIENTED_EDGE('',*,*,#6209,.F.);
#8215=ORIENTED_EDGE('',*,*,#6020,.T.);
#8216=ORIENTED_EDGE('',*,*,#6188,.F.);
#8217=ORIENTED_EDGE('',*,*,#6212,.T.);
#8218=ORIENTED_EDGE('',*,*,#6199,.F.);
#8219=ORIENTED_EDGE('',*,*,#6017,.T.);
#8220=ORIENTED_EDGE('',*,*,#6213,.T.);
#8221=ORIENTED_EDGE('',*,*,#6214,.T.);
#8222=ORIENTED_EDGE('',*,*,#6213,.F.);
#8223=ORIENTED_EDGE('',*,*,#6016,.T.);
#8224=ORIENTED_EDGE('',*,*,#6215,.T.);
#8225=ORIENTED_EDGE('',*,*,#6216,.T.);
#8226=ORIENTED_EDGE('',*,*,#6215,.F.);
#8227=ORIENTED_EDGE('',*,*,#6015,.T.);
#8228=ORIENTED_EDGE('',*,*,#6217,.T.);
#8229=ORIENTED_EDGE('',*,*,#6218,.T.);
#8230=ORIENTED_EDGE('',*,*,#6217,.F.);
#8231=ORIENTED_EDGE('',*,*,#6014,.T.);
#8232=ORIENTED_EDGE('',*,*,#6202,.T.);
#8233=ORIENTED_EDGE('',*,*,#6204,.F.);
#8234=ORIENTED_EDGE('',*,*,#6219,.T.);
#8235=ORIENTED_EDGE('',*,*,#5962,.T.);
#8236=ORIENTED_EDGE('',*,*,#6220,.T.);
#8237=ORIENTED_EDGE('',*,*,#6206,.F.);
#8238=ORIENTED_EDGE('',*,*,#6221,.F.);
#8239=ORIENTED_EDGE('',*,*,#5963,.F.);
#8240=ORIENTED_EDGE('',*,*,#6219,.F.);
#8241=ORIENTED_EDGE('',*,*,#6208,.F.);
#8242=ORIENTED_EDGE('',*,*,#6222,.T.);
#8243=ORIENTED_EDGE('',*,*,#5964,.T.);
#8244=ORIENTED_EDGE('',*,*,#6221,.T.);
#8245=ORIENTED_EDGE('',*,*,#6210,.F.);
#8246=ORIENTED_EDGE('',*,*,#6223,.T.);
#8247=ORIENTED_EDGE('',*,*,#5943,.F.);
#8248=ORIENTED_EDGE('',*,*,#5947,.T.);
#8249=ORIENTED_EDGE('',*,*,#5949,.T.);
#8250=ORIENTED_EDGE('',*,*,#5965,.F.);
#8251=ORIENTED_EDGE('',*,*,#6222,.F.);
#8252=ORIENTED_EDGE('',*,*,#6175,.F.);
#8253=ORIENTED_EDGE('',*,*,#6224,.T.);
#8254=ORIENTED_EDGE('',*,*,#6168,.F.);
#8255=ORIENTED_EDGE('',*,*,#6223,.F.);
#8256=ORIENTED_EDGE('',*,*,#6211,.F.);
#8257=ORIENTED_EDGE('',*,*,#6178,.F.);
#8258=ORIENTED_EDGE('',*,*,#6201,.F.);
#8259=ORIENTED_EDGE('',*,*,#6220,.F.);
#8260=ORIENTED_EDGE('',*,*,#5961,.F.);
#8261=ORIENTED_EDGE('',*,*,#5990,.T.);
#8262=ORIENTED_EDGE('',*,*,#5993,.T.);
#8263=ORIENTED_EDGE('',*,*,#5998,.F.);
#8264=ORIENTED_EDGE('',*,*,#5999,.T.);
#8265=ORIENTED_EDGE('',*,*,#6001,.T.);
#8266=ORIENTED_EDGE('',*,*,#5957,.F.);
#8267=ORIENTED_EDGE('',*,*,#6225,.F.);
#8268=ORIENTED_EDGE('',*,*,#6214,.F.);
#8269=ORIENTED_EDGE('',*,*,#6226,.T.);
#8270=ORIENTED_EDGE('',*,*,#5954,.T.);
#8271=ORIENTED_EDGE('',*,*,#6227,.T.);
#8272=ORIENTED_EDGE('',*,*,#6212,.F.);
#8273=ORIENTED_EDGE('',*,*,#6227,.F.);
#8274=ORIENTED_EDGE('',*,*,#5953,.F.);
#8275=ORIENTED_EDGE('',*,*,#5930,.T.);
#8276=ORIENTED_EDGE('',*,*,#5934,.T.);
#8277=ORIENTED_EDGE('',*,*,#6197,.T.);
#8278=ORIENTED_EDGE('',*,*,#6218,.F.);
#8279=ORIENTED_EDGE('',*,*,#6225,.T.);
#8280=ORIENTED_EDGE('',*,*,#5956,.T.);
#8281=ORIENTED_EDGE('',*,*,#6228,.T.);
#8282=ORIENTED_EDGE('',*,*,#6174,.F.);
#8283=ORIENTED_EDGE('',*,*,#6184,.F.);
#8284=ORIENTED_EDGE('',*,*,#6195,.F.);
#8285=ORIENTED_EDGE('',*,*,#6198,.F.);
#8286=ORIENTED_EDGE('',*,*,#6169,.T.);
#8287=ORIENTED_EDGE('',*,*,#6224,.F.);
#8288=ORIENTED_EDGE('',*,*,#6145,.F.);
#8289=ORIENTED_EDGE('',*,*,#6140,.T.);
#8290=ORIENTED_EDGE('',*,*,#6099,.F.);
#8291=ORIENTED_EDGE('',*,*,#6171,.T.);
#8292=ORIENTED_EDGE('',*,*,#6142,.F.);
#8293=ORIENTED_EDGE('',*,*,#6172,.F.);
#8294=ORIENTED_EDGE('',*,*,#6101,.F.);
#8295=ORIENTED_EDGE('',*,*,#6139,.T.);
#8296=ORIENTED_EDGE('',*,*,#6080,.T.);
#8297=ORIENTED_EDGE('',*,*,#6229,.T.);
#8298=ORIENTED_EDGE('',*,*,#5971,.F.);
#8299=ORIENTED_EDGE('',*,*,#6135,.F.);
#8300=ORIENTED_EDGE('',*,*,#6079,.T.);
#8301=ORIENTED_EDGE('',*,*,#6230,.T.);
#8302=ORIENTED_EDGE('',*,*,#5972,.F.);
#8303=ORIENTED_EDGE('',*,*,#6229,.F.);
#8304=ORIENTED_EDGE('',*,*,#6078,.T.);
#8305=ORIENTED_EDGE('',*,*,#6134,.T.);
#8306=ORIENTED_EDGE('',*,*,#5973,.F.);
#8307=ORIENTED_EDGE('',*,*,#6230,.F.);
#8308=ORIENTED_EDGE('',*,*,#6216,.F.);
#8309=ORIENTED_EDGE('',*,*,#6228,.F.);
#8310=ORIENTED_EDGE('',*,*,#5955,.F.);
#8311=ORIENTED_EDGE('',*,*,#6226,.F.);
#8312=ORIENTED_EDGE('',*,*,#6231,.F.);
#8313=ORIENTED_EDGE('',*,*,#6232,.F.);
#8314=ORIENTED_EDGE('',*,*,#6233,.F.);
#8315=ORIENTED_EDGE('',*,*,#6234,.F.);
#8316=ORIENTED_EDGE('',*,*,#6235,.F.);
#8317=ORIENTED_EDGE('',*,*,#6236,.F.);
#8318=ORIENTED_EDGE('',*,*,#6237,.F.);
#8319=ORIENTED_EDGE('',*,*,#6238,.F.);
#8320=ORIENTED_EDGE('',*,*,#6239,.F.);
#8321=ORIENTED_EDGE('',*,*,#6240,.F.);
#8322=ORIENTED_EDGE('',*,*,#6232,.T.);
#8323=ORIENTED_EDGE('',*,*,#6241,.F.);
#8324=ORIENTED_EDGE('',*,*,#6234,.T.);
#8325=ORIENTED_EDGE('',*,*,#6242,.F.);
#8326=ORIENTED_EDGE('',*,*,#6238,.T.);
#8327=ORIENTED_EDGE('',*,*,#6243,.F.);
#8328=ORIENTED_EDGE('',*,*,#6244,.T.);
#8329=ORIENTED_EDGE('',*,*,#6245,.F.);
#8330=ORIENTED_EDGE('',*,*,#6246,.T.);
#8331=ORIENTED_EDGE('',*,*,#6247,.T.);
#8332=ORIENTED_EDGE('',*,*,#6248,.F.);
#8333=ORIENTED_EDGE('',*,*,#6249,.F.);
#8334=ORIENTED_EDGE('',*,*,#6250,.F.);
#8335=ORIENTED_EDGE('',*,*,#6240,.T.);
#8336=ORIENTED_EDGE('',*,*,#6251,.F.);
#8337=ORIENTED_EDGE('',*,*,#6236,.T.);
#8338=ORIENTED_EDGE('',*,*,#6252,.F.);
#8339=ORIENTED_EDGE('',*,*,#6253,.F.);
#8340=ORIENTED_EDGE('',*,*,#6254,.F.);
#8341=ORIENTED_EDGE('',*,*,#6255,.F.);
#8342=ORIENTED_EDGE('',*,*,#6256,.F.);
#8343=ORIENTED_EDGE('',*,*,#6257,.T.);
#8344=ORIENTED_EDGE('',*,*,#6258,.F.);
#8345=ORIENTED_EDGE('',*,*,#6259,.T.);
#8346=ORIENTED_EDGE('',*,*,#6257,.F.);
#8347=ORIENTED_EDGE('',*,*,#6259,.F.);
#8348=ORIENTED_EDGE('',*,*,#6260,.F.);
#8349=ORIENTED_EDGE('',*,*,#6261,.F.);
#8350=ORIENTED_EDGE('',*,*,#6262,.F.);
#8351=ORIENTED_EDGE('',*,*,#6263,.F.);
#8352=ORIENTED_EDGE('',*,*,#6258,.T.);
#8353=ORIENTED_EDGE('',*,*,#6263,.T.);
#8354=ORIENTED_EDGE('',*,*,#6264,.F.);
#8355=ORIENTED_EDGE('',*,*,#6265,.F.);
#8356=ORIENTED_EDGE('',*,*,#6266,.T.);
#8357=ORIENTED_EDGE('',*,*,#6255,.T.);
#8358=ORIENTED_EDGE('',*,*,#6267,.T.);
#8359=ORIENTED_EDGE('',*,*,#6268,.F.);
#8360=ORIENTED_EDGE('',*,*,#6269,.F.);
#8361=ORIENTED_EDGE('',*,*,#6254,.T.);
#8362=ORIENTED_EDGE('',*,*,#6270,.F.);
#8363=ORIENTED_EDGE('',*,*,#6271,.F.);
#8364=ORIENTED_EDGE('',*,*,#6272,.F.);
#8365=ORIENTED_EDGE('',*,*,#6273,.F.);
#8366=ORIENTED_EDGE('',*,*,#6274,.F.);
#8367=ORIENTED_EDGE('',*,*,#6275,.F.);
#8368=ORIENTED_EDGE('',*,*,#6276,.F.);
#8369=ORIENTED_EDGE('',*,*,#6277,.F.);
#8370=ORIENTED_EDGE('',*,*,#6278,.T.);
#8371=ORIENTED_EDGE('',*,*,#6279,.T.);
#8372=ORIENTED_EDGE('',*,*,#6280,.F.);
#8373=ORIENTED_EDGE('',*,*,#6281,.T.);
#8374=ORIENTED_EDGE('',*,*,#6282,.T.);
#8375=ORIENTED_EDGE('',*,*,#6283,.F.);
#8376=ORIENTED_EDGE('',*,*,#6284,.T.);
#8377=ORIENTED_EDGE('',*,*,#6285,.T.);
#8378=ORIENTED_EDGE('',*,*,#6286,.T.);
#8379=ORIENTED_EDGE('',*,*,#6287,.F.);
#8380=ORIENTED_EDGE('',*,*,#6288,.F.);
#8381=ORIENTED_EDGE('',*,*,#6289,.F.);
#8382=ORIENTED_EDGE('',*,*,#6290,.F.);
#8383=ORIENTED_EDGE('',*,*,#6267,.F.);
#8384=ORIENTED_EDGE('',*,*,#6291,.T.);
#8385=ORIENTED_EDGE('',*,*,#6292,.T.);
#8386=ORIENTED_EDGE('',*,*,#6293,.T.);
#8387=ORIENTED_EDGE('',*,*,#6294,.T.);
#8388=ORIENTED_EDGE('',*,*,#6295,.T.);
#8389=ORIENTED_EDGE('',*,*,#6296,.T.);
#8390=ORIENTED_EDGE('',*,*,#6297,.T.);
#8391=ORIENTED_EDGE('',*,*,#6298,.T.);
#8392=ORIENTED_EDGE('',*,*,#6299,.T.);
#8393=ORIENTED_EDGE('',*,*,#6300,.T.);
#8394=ORIENTED_EDGE('',*,*,#6301,.T.);
#8395=ORIENTED_EDGE('',*,*,#6302,.T.);
#8396=ORIENTED_EDGE('',*,*,#6303,.T.);
#8397=ORIENTED_EDGE('',*,*,#6304,.T.);
#8398=ORIENTED_EDGE('',*,*,#6305,.T.);
#8399=ORIENTED_EDGE('',*,*,#6306,.T.);
#8400=ORIENTED_EDGE('',*,*,#6307,.T.);
#8401=ORIENTED_EDGE('',*,*,#6308,.T.);
#8402=ORIENTED_EDGE('',*,*,#6309,.T.);
#8403=ORIENTED_EDGE('',*,*,#6310,.T.);
#8404=ORIENTED_EDGE('',*,*,#6311,.T.);
#8405=ORIENTED_EDGE('',*,*,#6312,.T.);
#8406=ORIENTED_EDGE('',*,*,#6313,.T.);
#8407=ORIENTED_EDGE('',*,*,#6314,.T.);
#8408=ORIENTED_EDGE('',*,*,#6315,.T.);
#8409=ORIENTED_EDGE('',*,*,#6316,.T.);
#8410=ORIENTED_EDGE('',*,*,#6317,.T.);
#8411=ORIENTED_EDGE('',*,*,#6318,.F.);
#8412=ORIENTED_EDGE('',*,*,#6319,.F.);
#8413=ORIENTED_EDGE('',*,*,#6320,.T.);
#8414=ORIENTED_EDGE('',*,*,#6321,.T.);
#8415=ORIENTED_EDGE('',*,*,#6322,.T.);
#8416=ORIENTED_EDGE('',*,*,#6323,.T.);
#8417=ORIENTED_EDGE('',*,*,#6324,.T.);
#8418=ORIENTED_EDGE('',*,*,#6325,.T.);
#8419=ORIENTED_EDGE('',*,*,#6326,.T.);
#8420=ORIENTED_EDGE('',*,*,#6327,.T.);
#8421=ORIENTED_EDGE('',*,*,#6328,.T.);
#8422=ORIENTED_EDGE('',*,*,#6329,.T.);
#8423=ORIENTED_EDGE('',*,*,#6330,.T.);
#8424=ORIENTED_EDGE('',*,*,#6331,.T.);
#8425=ORIENTED_EDGE('',*,*,#6332,.T.);
#8426=ORIENTED_EDGE('',*,*,#6333,.T.);
#8427=ORIENTED_EDGE('',*,*,#6260,.T.);
#8428=ORIENTED_EDGE('',*,*,#6266,.F.);
#8429=ORIENTED_EDGE('',*,*,#6334,.F.);
#8430=ORIENTED_EDGE('',*,*,#6335,.F.);
#8431=ORIENTED_EDGE('',*,*,#6336,.T.);
#8432=ORIENTED_EDGE('',*,*,#6337,.T.);
#8433=ORIENTED_EDGE('',*,*,#6338,.T.);
#8434=ORIENTED_EDGE('',*,*,#6339,.T.);
#8435=ORIENTED_EDGE('',*,*,#6340,.T.);
#8436=ORIENTED_EDGE('',*,*,#6341,.T.);
#8437=ORIENTED_EDGE('',*,*,#6342,.T.);
#8438=ORIENTED_EDGE('',*,*,#6343,.T.);
#8439=ORIENTED_EDGE('',*,*,#6344,.T.);
#8440=ORIENTED_EDGE('',*,*,#6345,.T.);
#8441=ORIENTED_EDGE('',*,*,#6346,.T.);
#8442=ORIENTED_EDGE('',*,*,#6347,.T.);
#8443=ORIENTED_EDGE('',*,*,#6348,.T.);
#8444=ORIENTED_EDGE('',*,*,#6340,.F.);
#8445=ORIENTED_EDGE('',*,*,#6349,.T.);
#8446=ORIENTED_EDGE('',*,*,#6350,.T.);
#8447=ORIENTED_EDGE('',*,*,#6351,.T.);
#8448=ORIENTED_EDGE('',*,*,#6345,.F.);
#8449=ORIENTED_EDGE('',*,*,#6352,.T.);
#8450=ORIENTED_EDGE('',*,*,#6350,.F.);
#8451=ORIENTED_EDGE('',*,*,#6353,.T.);
#8452=ORIENTED_EDGE('',*,*,#6347,.F.);
#8453=ORIENTED_EDGE('',*,*,#6336,.F.);
#8454=ORIENTED_EDGE('',*,*,#6348,.F.);
#8455=ORIENTED_EDGE('',*,*,#6354,.T.);
#8456=ORIENTED_EDGE('',*,*,#6355,.F.);
#8457=ORIENTED_EDGE('',*,*,#6353,.F.);
#8458=ORIENTED_EDGE('',*,*,#6356,.T.);
#8459=ORIENTED_EDGE('',*,*,#6357,.F.);
#8460=ORIENTED_EDGE('',*,*,#6354,.F.);
#8461=ORIENTED_EDGE('',*,*,#6349,.F.);
#8462=ORIENTED_EDGE('',*,*,#6344,.F.);
#8463=ORIENTED_EDGE('',*,*,#6358,.F.);
#8464=ORIENTED_EDGE('',*,*,#6356,.F.);
#8465=ORIENTED_EDGE('',*,*,#6342,.F.);
#8466=ORIENTED_EDGE('',*,*,#6359,.F.);
#8467=ORIENTED_EDGE('',*,*,#6360,.F.);
#8468=ORIENTED_EDGE('',*,*,#6361,.T.);
#8469=ORIENTED_EDGE('',*,*,#6341,.F.);
#8470=ORIENTED_EDGE('',*,*,#6362,.T.);
#8471=ORIENTED_EDGE('',*,*,#6363,.T.);
#8472=ORIENTED_EDGE('',*,*,#6359,.T.);
#8473=ORIENTED_EDGE('',*,*,#6337,.F.);
#8474=ORIENTED_EDGE('',*,*,#6355,.T.);
#8475=ORIENTED_EDGE('',*,*,#6357,.T.);
#8476=ORIENTED_EDGE('',*,*,#6358,.T.);
#8477=ORIENTED_EDGE('',*,*,#6343,.F.);
#8478=ORIENTED_EDGE('',*,*,#6361,.F.);
#8479=ORIENTED_EDGE('',*,*,#6364,.F.);
#8480=ORIENTED_EDGE('',*,*,#6365,.T.);
#8481=ORIENTED_EDGE('',*,*,#6366,.T.);
#8482=ORIENTED_EDGE('',*,*,#6367,.F.);
#8483=ORIENTED_EDGE('',*,*,#6368,.F.);
#8484=ORIENTED_EDGE('',*,*,#6279,.F.);
#8485=ORIENTED_EDGE('',*,*,#6369,.T.);
#8486=ORIENTED_EDGE('',*,*,#6370,.T.);
#8487=ORIENTED_EDGE('',*,*,#6371,.T.);
#8488=ORIENTED_EDGE('',*,*,#6372,.T.);
#8489=ORIENTED_EDGE('',*,*,#6272,.T.);
#8490=ORIENTED_EDGE('',*,*,#6373,.T.);
#8491=ORIENTED_EDGE('',*,*,#6374,.F.);
#8492=ORIENTED_EDGE('',*,*,#6339,.F.);
#8493=ORIENTED_EDGE('',*,*,#6375,.T.);
#8494=ORIENTED_EDGE('',*,*,#6376,.T.);
#8495=ORIENTED_EDGE('',*,*,#6377,.T.);
#8496=ORIENTED_EDGE('',*,*,#6378,.T.);
#8497=ORIENTED_EDGE('',*,*,#6379,.T.);
#8498=ORIENTED_EDGE('',*,*,#6375,.F.);
#8499=ORIENTED_EDGE('',*,*,#6338,.F.);
#8500=ORIENTED_EDGE('',*,*,#6374,.T.);
#8501=ORIENTED_EDGE('',*,*,#6380,.T.);
#8502=ORIENTED_EDGE('',*,*,#6381,.T.);
#8503=ORIENTED_EDGE('',*,*,#6256,.T.);
#8504=ORIENTED_EDGE('',*,*,#6269,.T.);
#8505=ORIENTED_EDGE('',*,*,#6382,.T.);
#8506=ORIENTED_EDGE('',*,*,#6383,.T.);
#8507=ORIENTED_EDGE('',*,*,#6384,.T.);
#8508=ORIENTED_EDGE('',*,*,#6385,.T.);
#8509=ORIENTED_EDGE('',*,*,#6386,.F.);
#8510=ORIENTED_EDGE('',*,*,#6387,.F.);
#8511=ORIENTED_EDGE('',*,*,#6388,.T.);
#8512=ORIENTED_EDGE('',*,*,#6264,.T.);
#8513=ORIENTED_EDGE('',*,*,#6262,.T.);
#8514=ORIENTED_EDGE('',*,*,#6389,.T.);
#8515=ORIENTED_EDGE('',*,*,#6390,.T.);
#8516=ORIENTED_EDGE('',*,*,#6391,.T.);
#8517=ORIENTED_EDGE('',*,*,#6392,.F.);
#8518=ORIENTED_EDGE('',*,*,#6393,.T.);
#8519=ORIENTED_EDGE('',*,*,#6394,.T.);
#8520=ORIENTED_EDGE('',*,*,#6395,.T.);
#8521=ORIENTED_EDGE('',*,*,#6390,.F.);
#8522=ORIENTED_EDGE('',*,*,#6396,.T.);
#8523=ORIENTED_EDGE('',*,*,#6397,.T.);
#8524=ORIENTED_EDGE('',*,*,#6398,.T.);
#8525=ORIENTED_EDGE('',*,*,#6394,.F.);
#8526=ORIENTED_EDGE('',*,*,#6399,.T.);
#8527=ORIENTED_EDGE('',*,*,#6400,.T.);
#8528=ORIENTED_EDGE('',*,*,#6401,.T.);
#8529=ORIENTED_EDGE('',*,*,#6402,.T.);
#8530=ORIENTED_EDGE('',*,*,#6403,.T.);
#8531=ORIENTED_EDGE('',*,*,#6404,.T.);
#8532=ORIENTED_EDGE('',*,*,#6397,.F.);
#8533=ORIENTED_EDGE('',*,*,#6346,.F.);
#8534=ORIENTED_EDGE('',*,*,#6377,.F.);
#8535=ORIENTED_EDGE('',*,*,#6405,.F.);
#8536=ORIENTED_EDGE('',*,*,#6406,.F.);
#8537=ORIENTED_EDGE('',*,*,#6407,.F.);
#8538=ORIENTED_EDGE('',*,*,#6408,.F.);
#8539=ORIENTED_EDGE('',*,*,#6409,.F.);
#8540=ORIENTED_EDGE('',*,*,#6410,.F.);
#8541=ORIENTED_EDGE('',*,*,#6411,.F.);
#8542=ORIENTED_EDGE('',*,*,#6412,.F.);
#8543=ORIENTED_EDGE('',*,*,#6413,.F.);
#8544=ORIENTED_EDGE('',*,*,#6414,.F.);
#8545=ORIENTED_EDGE('',*,*,#6415,.F.);
#8546=ORIENTED_EDGE('',*,*,#6416,.T.);
#8547=ORIENTED_EDGE('',*,*,#6362,.F.);
#8548=ORIENTED_EDGE('',*,*,#6351,.F.);
#8549=ORIENTED_EDGE('',*,*,#6352,.F.);
#8550=ORIENTED_EDGE('',*,*,#6391,.F.);
#8551=ORIENTED_EDGE('',*,*,#6417,.F.);
#8552=ORIENTED_EDGE('',*,*,#6418,.T.);
#8553=ORIENTED_EDGE('',*,*,#6414,.T.);
#8554=ORIENTED_EDGE('',*,*,#6395,.F.);
#8555=ORIENTED_EDGE('',*,*,#6419,.F.);
#8556=ORIENTED_EDGE('',*,*,#6420,.T.);
#8557=ORIENTED_EDGE('',*,*,#6417,.T.);
#8558=ORIENTED_EDGE('',*,*,#6398,.F.);
#8559=ORIENTED_EDGE('',*,*,#6421,.F.);
#8560=ORIENTED_EDGE('',*,*,#6422,.T.);
#8561=ORIENTED_EDGE('',*,*,#6419,.T.);
#8562=ORIENTED_EDGE('',*,*,#6404,.F.);
#8563=ORIENTED_EDGE('',*,*,#6423,.F.);
#8564=ORIENTED_EDGE('',*,*,#6424,.F.);
#8565=ORIENTED_EDGE('',*,*,#6425,.F.);
#8566=ORIENTED_EDGE('',*,*,#6246,.F.);
#8567=ORIENTED_EDGE('',*,*,#6426,.F.);
#8568=ORIENTED_EDGE('',*,*,#6427,.F.);
#8569=ORIENTED_EDGE('',*,*,#6428,.F.);
#8570=ORIENTED_EDGE('',*,*,#6429,.F.);
#8571=ORIENTED_EDGE('',*,*,#6430,.F.);
#8572=ORIENTED_EDGE('',*,*,#6431,.F.);
#8573=ORIENTED_EDGE('',*,*,#6421,.T.);
#8574=ORIENTED_EDGE('',*,*,#6403,.F.);
#8575=ORIENTED_EDGE('',*,*,#6432,.F.);
#8576=ORIENTED_EDGE('',*,*,#6433,.F.);
#8577=ORIENTED_EDGE('',*,*,#6434,.T.);
#8578=ORIENTED_EDGE('',*,*,#6435,.T.);
#8579=ORIENTED_EDGE('',*,*,#6423,.T.);
#8580=ORIENTED_EDGE('',*,*,#6402,.F.);
#8581=ORIENTED_EDGE('',*,*,#6436,.T.);
#8582=ORIENTED_EDGE('',*,*,#6437,.F.);
#8583=ORIENTED_EDGE('',*,*,#6432,.T.);
#8584=ORIENTED_EDGE('',*,*,#6401,.F.);
#8585=ORIENTED_EDGE('',*,*,#6438,.T.);
#8586=ORIENTED_EDGE('',*,*,#6439,.F.);
#8587=ORIENTED_EDGE('',*,*,#6436,.F.);
#8588=ORIENTED_EDGE('',*,*,#6400,.F.);
#8589=ORIENTED_EDGE('',*,*,#6440,.F.);
#8590=ORIENTED_EDGE('',*,*,#6441,.F.);
#8591=ORIENTED_EDGE('',*,*,#6442,.T.);
#8592=ORIENTED_EDGE('',*,*,#6284,.F.);
#8593=ORIENTED_EDGE('',*,*,#6443,.F.);
#8594=ORIENTED_EDGE('',*,*,#6438,.F.);
#8595=ORIENTED_EDGE('',*,*,#6444,.F.);
#8596=ORIENTED_EDGE('',*,*,#6445,.T.);
#8597=ORIENTED_EDGE('',*,*,#6446,.F.);
#8598=ORIENTED_EDGE('',*,*,#6447,.F.);
#8599=ORIENTED_EDGE('',*,*,#6448,.F.);
#8600=ORIENTED_EDGE('',*,*,#6447,.T.);
#8601=ORIENTED_EDGE('',*,*,#6449,.F.);
#8602=ORIENTED_EDGE('',*,*,#6450,.F.);
#8603=ORIENTED_EDGE('',*,*,#6451,.F.);
#8604=ORIENTED_EDGE('',*,*,#6450,.T.);
#8605=ORIENTED_EDGE('',*,*,#6452,.F.);
#8606=ORIENTED_EDGE('',*,*,#6453,.F.);
#8607=ORIENTED_EDGE('',*,*,#6454,.F.);
#8608=ORIENTED_EDGE('',*,*,#6453,.T.);
#8609=ORIENTED_EDGE('',*,*,#6455,.F.);
#8610=ORIENTED_EDGE('',*,*,#6445,.F.);
#8611=ORIENTED_EDGE('',*,*,#6456,.F.);
#8612=ORIENTED_EDGE('',*,*,#6457,.T.);
#8613=ORIENTED_EDGE('',*,*,#6458,.F.);
#8614=ORIENTED_EDGE('',*,*,#6459,.F.);
#8615=ORIENTED_EDGE('',*,*,#6460,.F.);
#8616=ORIENTED_EDGE('',*,*,#6459,.T.);
#8617=ORIENTED_EDGE('',*,*,#6461,.F.);
#8618=ORIENTED_EDGE('',*,*,#6462,.F.);
#8619=ORIENTED_EDGE('',*,*,#6463,.F.);
#8620=ORIENTED_EDGE('',*,*,#6462,.T.);
#8621=ORIENTED_EDGE('',*,*,#6464,.F.);
#8622=ORIENTED_EDGE('',*,*,#6465,.F.);
#8623=ORIENTED_EDGE('',*,*,#6466,.F.);
#8624=ORIENTED_EDGE('',*,*,#6465,.T.);
#8625=ORIENTED_EDGE('',*,*,#6467,.F.);
#8626=ORIENTED_EDGE('',*,*,#6457,.F.);
#8627=ORIENTED_EDGE('',*,*,#6468,.F.);
#8628=ORIENTED_EDGE('',*,*,#6469,.T.);
#8629=ORIENTED_EDGE('',*,*,#6470,.F.);
#8630=ORIENTED_EDGE('',*,*,#6471,.F.);
#8631=ORIENTED_EDGE('',*,*,#6472,.F.);
#8632=ORIENTED_EDGE('',*,*,#6471,.T.);
#8633=ORIENTED_EDGE('',*,*,#6473,.F.);
#8634=ORIENTED_EDGE('',*,*,#6474,.F.);
#8635=ORIENTED_EDGE('',*,*,#6475,.F.);
#8636=ORIENTED_EDGE('',*,*,#6474,.T.);
#8637=ORIENTED_EDGE('',*,*,#6476,.F.);
#8638=ORIENTED_EDGE('',*,*,#6477,.F.);
#8639=ORIENTED_EDGE('',*,*,#6478,.F.);
#8640=ORIENTED_EDGE('',*,*,#6477,.T.);
#8641=ORIENTED_EDGE('',*,*,#6479,.F.);
#8642=ORIENTED_EDGE('',*,*,#6469,.F.);
#8643=ORIENTED_EDGE('',*,*,#6322,.F.);
#8644=ORIENTED_EDGE('',*,*,#6480,.T.);
#8645=ORIENTED_EDGE('',*,*,#6481,.T.);
#8646=ORIENTED_EDGE('',*,*,#6482,.F.);
#8647=ORIENTED_EDGE('',*,*,#6321,.F.);
#8648=ORIENTED_EDGE('',*,*,#6483,.T.);
#8649=ORIENTED_EDGE('',*,*,#6484,.T.);
#8650=ORIENTED_EDGE('',*,*,#6480,.F.);
#8651=ORIENTED_EDGE('',*,*,#6320,.F.);
#8652=ORIENTED_EDGE('',*,*,#6485,.F.);
#8653=ORIENTED_EDGE('',*,*,#6486,.T.);
#8654=ORIENTED_EDGE('',*,*,#6483,.F.);
#8655=ORIENTED_EDGE('',*,*,#6315,.F.);
#8656=ORIENTED_EDGE('',*,*,#6487,.F.);
#8657=ORIENTED_EDGE('',*,*,#6488,.T.);
#8658=ORIENTED_EDGE('',*,*,#6489,.F.);
#8659=ORIENTED_EDGE('',*,*,#6329,.F.);
#8660=ORIENTED_EDGE('',*,*,#6490,.F.);
#8661=ORIENTED_EDGE('',*,*,#6491,.T.);
#8662=ORIENTED_EDGE('',*,*,#6492,.F.);
#8663=ORIENTED_EDGE('',*,*,#6323,.F.);
#8664=ORIENTED_EDGE('',*,*,#6482,.T.);
#8665=ORIENTED_EDGE('',*,*,#6493,.T.);
#8666=ORIENTED_EDGE('',*,*,#6494,.F.);
#8667=ORIENTED_EDGE('',*,*,#6493,.F.);
#8668=ORIENTED_EDGE('',*,*,#6481,.F.);
#8669=ORIENTED_EDGE('',*,*,#6484,.F.);
#8670=ORIENTED_EDGE('',*,*,#6486,.F.);
#8671=ORIENTED_EDGE('',*,*,#6495,.F.);
#8672=ORIENTED_EDGE('',*,*,#6496,.F.);
#8673=ORIENTED_EDGE('',*,*,#6488,.F.);
#8674=ORIENTED_EDGE('',*,*,#6497,.F.);
#8675=ORIENTED_EDGE('',*,*,#6498,.F.);
#8676=ORIENTED_EDGE('',*,*,#6491,.F.);
#8677=ORIENTED_EDGE('',*,*,#6499,.F.);
#8678=ORIENTED_EDGE('',*,*,#6451,.T.);
#8679=ORIENTED_EDGE('',*,*,#6454,.T.);
#8680=ORIENTED_EDGE('',*,*,#6444,.T.);
#8681=ORIENTED_EDGE('',*,*,#6448,.T.);
#8682=ORIENTED_EDGE('',*,*,#6463,.T.);
#8683=ORIENTED_EDGE('',*,*,#6466,.T.);
#8684=ORIENTED_EDGE('',*,*,#6456,.T.);
#8685=ORIENTED_EDGE('',*,*,#6460,.T.);
#8686=ORIENTED_EDGE('',*,*,#6475,.T.);
#8687=ORIENTED_EDGE('',*,*,#6478,.T.);
#8688=ORIENTED_EDGE('',*,*,#6468,.T.);
#8689=ORIENTED_EDGE('',*,*,#6472,.T.);
#8690=ORIENTED_EDGE('',*,*,#6497,.T.);
#8691=ORIENTED_EDGE('',*,*,#6487,.T.);
#8692=ORIENTED_EDGE('',*,*,#6333,.F.);
#8693=ORIENTED_EDGE('',*,*,#6500,.T.);
#8694=ORIENTED_EDGE('',*,*,#6501,.F.);
#8695=ORIENTED_EDGE('',*,*,#6502,.F.);
#8696=ORIENTED_EDGE('',*,*,#6489,.T.);
#8697=ORIENTED_EDGE('',*,*,#6496,.T.);
#8698=ORIENTED_EDGE('',*,*,#6503,.T.);
#8699=ORIENTED_EDGE('',*,*,#6504,.F.);
#8700=ORIENTED_EDGE('',*,*,#6505,.F.);
#8701=ORIENTED_EDGE('',*,*,#6316,.F.);
#8702=ORIENTED_EDGE('',*,*,#6495,.T.);
#8703=ORIENTED_EDGE('',*,*,#6485,.T.);
#8704=ORIENTED_EDGE('',*,*,#6319,.T.);
#8705=ORIENTED_EDGE('',*,*,#6506,.T.);
#8706=ORIENTED_EDGE('',*,*,#6507,.F.);
#8707=ORIENTED_EDGE('',*,*,#6503,.F.);
#8708=ORIENTED_EDGE('',*,*,#6508,.T.);
#8709=ORIENTED_EDGE('',*,*,#6509,.F.);
#8710=ORIENTED_EDGE('',*,*,#6428,.T.);
#8711=ORIENTED_EDGE('',*,*,#6510,.T.);
#8712=ORIENTED_EDGE('',*,*,#6271,.T.);
#8713=ORIENTED_EDGE('',*,*,#6511,.T.);
#8714=ORIENTED_EDGE('',*,*,#6380,.F.);
#8715=ORIENTED_EDGE('',*,*,#6373,.F.);
#8716=ORIENTED_EDGE('',*,*,#6253,.T.);
#8717=ORIENTED_EDGE('',*,*,#6381,.F.);
#8718=ORIENTED_EDGE('',*,*,#6511,.F.);
#8719=ORIENTED_EDGE('',*,*,#6270,.T.);
#8720=ORIENTED_EDGE('',*,*,#6261,.T.);
#8721=ORIENTED_EDGE('',*,*,#6335,.T.);
#8722=ORIENTED_EDGE('',*,*,#6512,.F.);
#8723=ORIENTED_EDGE('',*,*,#6378,.F.);
#8724=ORIENTED_EDGE('',*,*,#6513,.F.);
#8725=ORIENTED_EDGE('',*,*,#6379,.F.);
#8726=ORIENTED_EDGE('',*,*,#6512,.T.);
#8727=ORIENTED_EDGE('',*,*,#6334,.T.);
#8728=ORIENTED_EDGE('',*,*,#6265,.T.);
#8729=ORIENTED_EDGE('',*,*,#6388,.F.);
#8730=ORIENTED_EDGE('',*,*,#6508,.F.);
#8731=ORIENTED_EDGE('',*,*,#6514,.F.);
#8732=ORIENTED_EDGE('',*,*,#6405,.T.);
#8733=ORIENTED_EDGE('',*,*,#6376,.F.);
#8734=ORIENTED_EDGE('',*,*,#6513,.T.);
#8735=ORIENTED_EDGE('',*,*,#6515,.T.);
#8736=ORIENTED_EDGE('',*,*,#6516,.T.);
#8737=ORIENTED_EDGE('',*,*,#6517,.F.);
#8738=ORIENTED_EDGE('',*,*,#6407,.T.);
#8739=ORIENTED_EDGE('',*,*,#6518,.F.);
#8740=ORIENTED_EDGE('',*,*,#6276,.T.);
#8741=ORIENTED_EDGE('',*,*,#6275,.T.);
#8742=ORIENTED_EDGE('',*,*,#6519,.T.);
#8743=ORIENTED_EDGE('',*,*,#6520,.F.);
#8744=ORIENTED_EDGE('',*,*,#6516,.F.);
#8745=ORIENTED_EDGE('',*,*,#6274,.T.);
#8746=ORIENTED_EDGE('',*,*,#6521,.F.);
#8747=ORIENTED_EDGE('',*,*,#6522,.F.);
#8748=ORIENTED_EDGE('',*,*,#6523,.F.);
#8749=ORIENTED_EDGE('',*,*,#6524,.F.);
#8750=ORIENTED_EDGE('',*,*,#6519,.F.);
#8751=ORIENTED_EDGE('',*,*,#6437,.T.);
#8752=ORIENTED_EDGE('',*,*,#6439,.T.);
#8753=ORIENTED_EDGE('',*,*,#6443,.T.);
#8754=ORIENTED_EDGE('',*,*,#6283,.T.);
#8755=ORIENTED_EDGE('',*,*,#6433,.T.);
#8756=ORIENTED_EDGE('',*,*,#6525,.T.);
#8757=ORIENTED_EDGE('',*,*,#6280,.T.);
#8758=ORIENTED_EDGE('',*,*,#6368,.T.);
#8759=ORIENTED_EDGE('',*,*,#6526,.T.);
#8760=ORIENTED_EDGE('',*,*,#6527,.T.);
#8761=ORIENTED_EDGE('',*,*,#6528,.F.);
#8762=ORIENTED_EDGE('',*,*,#6406,.T.);
#8763=ORIENTED_EDGE('',*,*,#6529,.T.);
#8764=ORIENTED_EDGE('',*,*,#6530,.T.);
#8765=ORIENTED_EDGE('',*,*,#6392,.T.);
#8766=ORIENTED_EDGE('',*,*,#6413,.T.);
#8767=ORIENTED_EDGE('',*,*,#6531,.T.);
#8768=ORIENTED_EDGE('',*,*,#6532,.T.);
#8769=ORIENTED_EDGE('',*,*,#6533,.T.);
#8770=ORIENTED_EDGE('',*,*,#6527,.F.);
#8771=ORIENTED_EDGE('',*,*,#6534,.T.);
#8772=ORIENTED_EDGE('',*,*,#6535,.T.);
#8773=ORIENTED_EDGE('',*,*,#6536,.T.);
#8774=ORIENTED_EDGE('',*,*,#6537,.T.);
#8775=ORIENTED_EDGE('',*,*,#6538,.T.);
#8776=ORIENTED_EDGE('',*,*,#6539,.T.);
#8777=ORIENTED_EDGE('',*,*,#6534,.F.);
#8778=ORIENTED_EDGE('',*,*,#6540,.T.);
#8779=ORIENTED_EDGE('',*,*,#6541,.T.);
#8780=ORIENTED_EDGE('',*,*,#6542,.T.);
#8781=ORIENTED_EDGE('',*,*,#6538,.F.);
#8782=ORIENTED_EDGE('',*,*,#6543,.T.);
#8783=ORIENTED_EDGE('',*,*,#6536,.F.);
#8784=ORIENTED_EDGE('',*,*,#6544,.T.);
#8785=ORIENTED_EDGE('',*,*,#6541,.F.);
#8786=ORIENTED_EDGE('',*,*,#6545,.T.);
#8787=ORIENTED_EDGE('',*,*,#6540,.F.);
#8788=ORIENTED_EDGE('',*,*,#6546,.F.);
#8789=ORIENTED_EDGE('',*,*,#6304,.F.);
#8790=ORIENTED_EDGE('',*,*,#6547,.T.);
#8791=ORIENTED_EDGE('',*,*,#6537,.F.);
#8792=ORIENTED_EDGE('',*,*,#6548,.F.);
#8793=ORIENTED_EDGE('',*,*,#6305,.F.);
#8794=ORIENTED_EDGE('',*,*,#6546,.T.);
#8795=ORIENTED_EDGE('',*,*,#6530,.F.);
#8796=ORIENTED_EDGE('',*,*,#6549,.F.);
#8797=ORIENTED_EDGE('',*,*,#6550,.F.);
#8798=ORIENTED_EDGE('',*,*,#6551,.T.);
#8799=ORIENTED_EDGE('',*,*,#6552,.F.);
#8800=ORIENTED_EDGE('',*,*,#6553,.F.);
#8801=ORIENTED_EDGE('',*,*,#6554,.F.);
#8802=ORIENTED_EDGE('',*,*,#6440,.T.);
#8803=ORIENTED_EDGE('',*,*,#6399,.F.);
#8804=ORIENTED_EDGE('',*,*,#6396,.F.);
#8805=ORIENTED_EDGE('',*,*,#6393,.F.);
#8806=ORIENTED_EDGE('',*,*,#6389,.F.);
#8807=ORIENTED_EDGE('',*,*,#6452,.T.);
#8808=ORIENTED_EDGE('',*,*,#6449,.T.);
#8809=ORIENTED_EDGE('',*,*,#6446,.T.);
#8810=ORIENTED_EDGE('',*,*,#6455,.T.);
#8811=ORIENTED_EDGE('',*,*,#6464,.T.);
#8812=ORIENTED_EDGE('',*,*,#6461,.T.);
#8813=ORIENTED_EDGE('',*,*,#6458,.T.);
#8814=ORIENTED_EDGE('',*,*,#6467,.T.);
#8815=ORIENTED_EDGE('',*,*,#6476,.T.);
#8816=ORIENTED_EDGE('',*,*,#6473,.T.);
#8817=ORIENTED_EDGE('',*,*,#6470,.T.);
#8818=ORIENTED_EDGE('',*,*,#6479,.T.);
#8819=ORIENTED_EDGE('',*,*,#6526,.F.);
#8820=ORIENTED_EDGE('',*,*,#6367,.T.);
#8821=ORIENTED_EDGE('',*,*,#6555,.T.);
#8822=ORIENTED_EDGE('',*,*,#6556,.T.);
#8823=ORIENTED_EDGE('',*,*,#6557,.F.);
#8824=ORIENTED_EDGE('',*,*,#6558,.F.);
#8825=ORIENTED_EDGE('',*,*,#6559,.F.);
#8826=ORIENTED_EDGE('',*,*,#6560,.F.);
#8827=ORIENTED_EDGE('',*,*,#6561,.F.);
#8828=ORIENTED_EDGE('',*,*,#6562,.F.);
#8829=ORIENTED_EDGE('',*,*,#6563,.F.);
#8830=ORIENTED_EDGE('',*,*,#6564,.F.);
#8831=ORIENTED_EDGE('',*,*,#6565,.F.);
#8832=ORIENTED_EDGE('',*,*,#6566,.F.);
#8833=ORIENTED_EDGE('',*,*,#6567,.F.);
#8834=ORIENTED_EDGE('',*,*,#6568,.F.);
#8835=ORIENTED_EDGE('',*,*,#6569,.F.);
#8836=ORIENTED_EDGE('',*,*,#6570,.F.);
#8837=ORIENTED_EDGE('',*,*,#6571,.F.);
#8838=ORIENTED_EDGE('',*,*,#6572,.F.);
#8839=ORIENTED_EDGE('',*,*,#6573,.F.);
#8840=ORIENTED_EDGE('',*,*,#6574,.F.);
#8841=ORIENTED_EDGE('',*,*,#6575,.F.);
#8842=ORIENTED_EDGE('',*,*,#6576,.F.);
#8843=ORIENTED_EDGE('',*,*,#6577,.F.);
#8844=ORIENTED_EDGE('',*,*,#6578,.F.);
#8845=ORIENTED_EDGE('',*,*,#6579,.F.);
#8846=ORIENTED_EDGE('',*,*,#6580,.F.);
#8847=ORIENTED_EDGE('',*,*,#6581,.F.);
#8848=ORIENTED_EDGE('',*,*,#6582,.F.);
#8849=ORIENTED_EDGE('',*,*,#6583,.F.);
#8850=ORIENTED_EDGE('',*,*,#6584,.F.);
#8851=ORIENTED_EDGE('',*,*,#6585,.F.);
#8852=ORIENTED_EDGE('',*,*,#6586,.F.);
#8853=ORIENTED_EDGE('',*,*,#6587,.F.);
#8854=ORIENTED_EDGE('',*,*,#6588,.F.);
#8855=ORIENTED_EDGE('',*,*,#6535,.F.);
#8856=ORIENTED_EDGE('',*,*,#6539,.F.);
#8857=ORIENTED_EDGE('',*,*,#6542,.F.);
#8858=ORIENTED_EDGE('',*,*,#6544,.F.);
#8859=ORIENTED_EDGE('',*,*,#6589,.T.);
#8860=ORIENTED_EDGE('',*,*,#6557,.T.);
#8861=ORIENTED_EDGE('',*,*,#6590,.T.);
#8862=ORIENTED_EDGE('',*,*,#6591,.T.);
#8863=ORIENTED_EDGE('',*,*,#6592,.T.);
#8864=ORIENTED_EDGE('',*,*,#6558,.T.);
#8865=ORIENTED_EDGE('',*,*,#6589,.F.);
#8866=ORIENTED_EDGE('',*,*,#6593,.T.);
#8867=ORIENTED_EDGE('',*,*,#6594,.T.);
#8868=ORIENTED_EDGE('',*,*,#6559,.T.);
#8869=ORIENTED_EDGE('',*,*,#6592,.F.);
#8870=ORIENTED_EDGE('',*,*,#6595,.T.);
#8871=ORIENTED_EDGE('',*,*,#6590,.F.);
#8872=ORIENTED_EDGE('',*,*,#6560,.T.);
#8873=ORIENTED_EDGE('',*,*,#6594,.F.);
#8874=ORIENTED_EDGE('',*,*,#6596,.T.);
#8875=ORIENTED_EDGE('',*,*,#6593,.F.);
#8876=ORIENTED_EDGE('',*,*,#6597,.F.);
#8877=ORIENTED_EDGE('',*,*,#6300,.F.);
#8878=ORIENTED_EDGE('',*,*,#6598,.T.);
#8879=ORIENTED_EDGE('',*,*,#6591,.F.);
#8880=ORIENTED_EDGE('',*,*,#6599,.F.);
#8881=ORIENTED_EDGE('',*,*,#6301,.F.);
#8882=ORIENTED_EDGE('',*,*,#6597,.T.);
#8883=ORIENTED_EDGE('',*,*,#6600,.T.);
#8884=ORIENTED_EDGE('',*,*,#6585,.T.);
#8885=ORIENTED_EDGE('',*,*,#6601,.T.);
#8886=ORIENTED_EDGE('',*,*,#6602,.T.);
#8887=ORIENTED_EDGE('',*,*,#6603,.T.);
#8888=ORIENTED_EDGE('',*,*,#6586,.T.);
#8889=ORIENTED_EDGE('',*,*,#6600,.F.);
#8890=ORIENTED_EDGE('',*,*,#6604,.T.);
#8891=ORIENTED_EDGE('',*,*,#6605,.T.);
#8892=ORIENTED_EDGE('',*,*,#6587,.T.);
#8893=ORIENTED_EDGE('',*,*,#6603,.F.);
#8894=ORIENTED_EDGE('',*,*,#6606,.T.);
#8895=ORIENTED_EDGE('',*,*,#6601,.F.);
#8896=ORIENTED_EDGE('',*,*,#6588,.T.);
#8897=ORIENTED_EDGE('',*,*,#6605,.F.);
#8898=ORIENTED_EDGE('',*,*,#6607,.T.);
#8899=ORIENTED_EDGE('',*,*,#6604,.F.);
#8900=ORIENTED_EDGE('',*,*,#6608,.F.);
#8901=ORIENTED_EDGE('',*,*,#6310,.F.);
#8902=ORIENTED_EDGE('',*,*,#6609,.T.);
#8903=ORIENTED_EDGE('',*,*,#6602,.F.);
#8904=ORIENTED_EDGE('',*,*,#6610,.F.);
#8905=ORIENTED_EDGE('',*,*,#6307,.F.);
#8906=ORIENTED_EDGE('',*,*,#6608,.T.);
#8907=ORIENTED_EDGE('',*,*,#6611,.T.);
#8908=ORIENTED_EDGE('',*,*,#6561,.T.);
#8909=ORIENTED_EDGE('',*,*,#6612,.T.);
#8910=ORIENTED_EDGE('',*,*,#6613,.T.);
#8911=ORIENTED_EDGE('',*,*,#6614,.T.);
#8912=ORIENTED_EDGE('',*,*,#6562,.T.);
#8913=ORIENTED_EDGE('',*,*,#6611,.F.);
#8914=ORIENTED_EDGE('',*,*,#6615,.T.);
#8915=ORIENTED_EDGE('',*,*,#6616,.T.);
#8916=ORIENTED_EDGE('',*,*,#6563,.T.);
#8917=ORIENTED_EDGE('',*,*,#6614,.F.);
#8918=ORIENTED_EDGE('',*,*,#6617,.T.);
#8919=ORIENTED_EDGE('',*,*,#6612,.F.);
#8920=ORIENTED_EDGE('',*,*,#6564,.T.);
#8921=ORIENTED_EDGE('',*,*,#6616,.F.);
#8922=ORIENTED_EDGE('',*,*,#6618,.T.);
#8923=ORIENTED_EDGE('',*,*,#6615,.F.);
#8924=ORIENTED_EDGE('',*,*,#6619,.F.);
#8925=ORIENTED_EDGE('',*,*,#6296,.F.);
#8926=ORIENTED_EDGE('',*,*,#6620,.T.);
#8927=ORIENTED_EDGE('',*,*,#6613,.F.);
#8928=ORIENTED_EDGE('',*,*,#6621,.F.);
#8929=ORIENTED_EDGE('',*,*,#6297,.F.);
#8930=ORIENTED_EDGE('',*,*,#6619,.T.);
#8931=ORIENTED_EDGE('',*,*,#6622,.T.);
#8932=ORIENTED_EDGE('',*,*,#6581,.T.);
#8933=ORIENTED_EDGE('',*,*,#6623,.T.);
#8934=ORIENTED_EDGE('',*,*,#6624,.T.);
#8935=ORIENTED_EDGE('',*,*,#6625,.T.);
#8936=ORIENTED_EDGE('',*,*,#6582,.T.);
#8937=ORIENTED_EDGE('',*,*,#6622,.F.);
#8938=ORIENTED_EDGE('',*,*,#6626,.T.);
#8939=ORIENTED_EDGE('',*,*,#6627,.T.);
#8940=ORIENTED_EDGE('',*,*,#6583,.T.);
#8941=ORIENTED_EDGE('',*,*,#6625,.F.);
#8942=ORIENTED_EDGE('',*,*,#6628,.T.);
#8943=ORIENTED_EDGE('',*,*,#6623,.F.);
#8944=ORIENTED_EDGE('',*,*,#6584,.T.);
#8945=ORIENTED_EDGE('',*,*,#6627,.F.);
#8946=ORIENTED_EDGE('',*,*,#6629,.T.);
#8947=ORIENTED_EDGE('',*,*,#6626,.F.);
#8948=ORIENTED_EDGE('',*,*,#6630,.F.);
#8949=ORIENTED_EDGE('',*,*,#6314,.F.);
#8950=ORIENTED_EDGE('',*,*,#6631,.T.);
#8951=ORIENTED_EDGE('',*,*,#6624,.F.);
#8952=ORIENTED_EDGE('',*,*,#6632,.F.);
#8953=ORIENTED_EDGE('',*,*,#6311,.F.);
#8954=ORIENTED_EDGE('',*,*,#6630,.T.);
#8955=ORIENTED_EDGE('',*,*,#6633,.T.);
#8956=ORIENTED_EDGE('',*,*,#6565,.T.);
#8957=ORIENTED_EDGE('',*,*,#6634,.T.);
#8958=ORIENTED_EDGE('',*,*,#6635,.T.);
#8959=ORIENTED_EDGE('',*,*,#6636,.T.);
#8960=ORIENTED_EDGE('',*,*,#6566,.T.);
#8961=ORIENTED_EDGE('',*,*,#6633,.F.);
#8962=ORIENTED_EDGE('',*,*,#6637,.T.);
#8963=ORIENTED_EDGE('',*,*,#6638,.T.);
#8964=ORIENTED_EDGE('',*,*,#6567,.T.);
#8965=ORIENTED_EDGE('',*,*,#6636,.F.);
#8966=ORIENTED_EDGE('',*,*,#6639,.T.);
#8967=ORIENTED_EDGE('',*,*,#6634,.F.);
#8968=ORIENTED_EDGE('',*,*,#6568,.T.);
#8969=ORIENTED_EDGE('',*,*,#6638,.F.);
#8970=ORIENTED_EDGE('',*,*,#6640,.T.);
#8971=ORIENTED_EDGE('',*,*,#6637,.F.);
#8972=ORIENTED_EDGE('',*,*,#6641,.F.);
#8973=ORIENTED_EDGE('',*,*,#6292,.F.);
#8974=ORIENTED_EDGE('',*,*,#6642,.T.);
#8975=ORIENTED_EDGE('',*,*,#6635,.F.);
#8976=ORIENTED_EDGE('',*,*,#6643,.F.);
#8977=ORIENTED_EDGE('',*,*,#6293,.F.);
#8978=ORIENTED_EDGE('',*,*,#6641,.T.);
#8979=ORIENTED_EDGE('',*,*,#6644,.T.);
#8980=ORIENTED_EDGE('',*,*,#6577,.T.);
#8981=ORIENTED_EDGE('',*,*,#6645,.T.);
#8982=ORIENTED_EDGE('',*,*,#6646,.T.);
#8983=ORIENTED_EDGE('',*,*,#6647,.T.);
#8984=ORIENTED_EDGE('',*,*,#6578,.T.);
#8985=ORIENTED_EDGE('',*,*,#6644,.F.);
#8986=ORIENTED_EDGE('',*,*,#6648,.T.);
#8987=ORIENTED_EDGE('',*,*,#6649,.T.);
#8988=ORIENTED_EDGE('',*,*,#6579,.T.);
#8989=ORIENTED_EDGE('',*,*,#6647,.F.);
#8990=ORIENTED_EDGE('',*,*,#6650,.T.);
#8991=ORIENTED_EDGE('',*,*,#6645,.F.);
#8992=ORIENTED_EDGE('',*,*,#6580,.T.);
#8993=ORIENTED_EDGE('',*,*,#6649,.F.);
#8994=ORIENTED_EDGE('',*,*,#6651,.T.);
#8995=ORIENTED_EDGE('',*,*,#6648,.F.);
#8996=ORIENTED_EDGE('',*,*,#6652,.F.);
#8997=ORIENTED_EDGE('',*,*,#6326,.F.);
#8998=ORIENTED_EDGE('',*,*,#6653,.T.);
#8999=ORIENTED_EDGE('',*,*,#6646,.F.);
#9000=ORIENTED_EDGE('',*,*,#6654,.F.);
#9001=ORIENTED_EDGE('',*,*,#6327,.F.);
#9002=ORIENTED_EDGE('',*,*,#6652,.T.);
#9003=ORIENTED_EDGE('',*,*,#6655,.T.);
#9004=ORIENTED_EDGE('',*,*,#6569,.T.);
#9005=ORIENTED_EDGE('',*,*,#6656,.T.);
#9006=ORIENTED_EDGE('',*,*,#6657,.T.);
#9007=ORIENTED_EDGE('',*,*,#6658,.T.);
#9008=ORIENTED_EDGE('',*,*,#6570,.T.);
#9009=ORIENTED_EDGE('',*,*,#6655,.F.);
#9010=ORIENTED_EDGE('',*,*,#6659,.T.);
#9011=ORIENTED_EDGE('',*,*,#6660,.T.);
#9012=ORIENTED_EDGE('',*,*,#6571,.T.);
#9013=ORIENTED_EDGE('',*,*,#6658,.F.);
#9014=ORIENTED_EDGE('',*,*,#6661,.T.);
#9015=ORIENTED_EDGE('',*,*,#6656,.F.);
#9016=ORIENTED_EDGE('',*,*,#6572,.T.);
#9017=ORIENTED_EDGE('',*,*,#6660,.F.);
#9018=ORIENTED_EDGE('',*,*,#6501,.T.);
#9019=ORIENTED_EDGE('',*,*,#6659,.F.);
#9020=ORIENTED_EDGE('',*,*,#6662,.F.);
#9021=ORIENTED_EDGE('',*,*,#6331,.F.);
#9022=ORIENTED_EDGE('',*,*,#6663,.T.);
#9023=ORIENTED_EDGE('',*,*,#6657,.F.);
#9024=ORIENTED_EDGE('',*,*,#6500,.F.);
#9025=ORIENTED_EDGE('',*,*,#6332,.F.);
#9026=ORIENTED_EDGE('',*,*,#6662,.T.);
#9027=ORIENTED_EDGE('',*,*,#6664,.T.);
#9028=ORIENTED_EDGE('',*,*,#6573,.T.);
#9029=ORIENTED_EDGE('',*,*,#6665,.T.);
#9030=ORIENTED_EDGE('',*,*,#6666,.T.);
#9031=ORIENTED_EDGE('',*,*,#6667,.T.);
#9032=ORIENTED_EDGE('',*,*,#6574,.T.);
#9033=ORIENTED_EDGE('',*,*,#6664,.F.);
#9034=ORIENTED_EDGE('',*,*,#6668,.T.);
#9035=ORIENTED_EDGE('',*,*,#6669,.T.);
#9036=ORIENTED_EDGE('',*,*,#6575,.T.);
#9037=ORIENTED_EDGE('',*,*,#6667,.F.);
#9038=ORIENTED_EDGE('',*,*,#6504,.T.);
#9039=ORIENTED_EDGE('',*,*,#6665,.F.);
#9040=ORIENTED_EDGE('',*,*,#6576,.T.);
#9041=ORIENTED_EDGE('',*,*,#6669,.F.);
#9042=ORIENTED_EDGE('',*,*,#6507,.T.);
#9043=ORIENTED_EDGE('',*,*,#6668,.F.);
#9044=ORIENTED_EDGE('',*,*,#6670,.F.);
#9045=ORIENTED_EDGE('',*,*,#6317,.F.);
#9046=ORIENTED_EDGE('',*,*,#6505,.T.);
#9047=ORIENTED_EDGE('',*,*,#6318,.T.);
#9048=ORIENTED_EDGE('',*,*,#6670,.T.);
#9049=ORIENTED_EDGE('',*,*,#6666,.F.);
#9050=ORIENTED_EDGE('',*,*,#6506,.F.);
#9051=ORIENTED_EDGE('',*,*,#6671,.F.);
#9052=ORIENTED_EDGE('',*,*,#6672,.F.);
#9053=ORIENTED_EDGE('',*,*,#6510,.F.);
#9054=ORIENTED_EDGE('',*,*,#6515,.F.);
#9055=ORIENTED_EDGE('',*,*,#6673,.F.);
#9056=ORIENTED_EDGE('',*,*,#6529,.F.);
#9057=ORIENTED_EDGE('',*,*,#6672,.T.);
#9058=ORIENTED_EDGE('',*,*,#6549,.T.);
#9059=ORIENTED_EDGE('',*,*,#6673,.T.);
#9060=ORIENTED_EDGE('',*,*,#6514,.T.);
#9061=ORIENTED_EDGE('',*,*,#6674,.T.);
#9062=ORIENTED_EDGE('',*,*,#6550,.T.);
#9063=ORIENTED_EDGE('',*,*,#6671,.T.);
#9064=ORIENTED_EDGE('',*,*,#6427,.T.);
#9065=ORIENTED_EDGE('',*,*,#6675,.T.);
#9066=ORIENTED_EDGE('',*,*,#6533,.F.);
#9067=ORIENTED_EDGE('',*,*,#6676,.T.);
#9068=ORIENTED_EDGE('',*,*,#6677,.F.);
#9069=ORIENTED_EDGE('',*,*,#6277,.T.);
#9070=ORIENTED_EDGE('',*,*,#6518,.T.);
#9071=ORIENTED_EDGE('',*,*,#6528,.T.);
#9072=ORIENTED_EDGE('',*,*,#6674,.F.);
#9073=ORIENTED_EDGE('',*,*,#6678,.T.);
#9074=ORIENTED_EDGE('',*,*,#6679,.T.);
#9075=ORIENTED_EDGE('',*,*,#6490,.T.);
#9076=ORIENTED_EDGE('',*,*,#6328,.F.);
#9077=ORIENTED_EDGE('',*,*,#6654,.T.);
#9078=ORIENTED_EDGE('',*,*,#6651,.F.);
#9079=ORIENTED_EDGE('',*,*,#6680,.F.);
#9080=ORIENTED_EDGE('',*,*,#6324,.F.);
#9081=ORIENTED_EDGE('',*,*,#6494,.T.);
#9082=ORIENTED_EDGE('',*,*,#6499,.T.);
#9083=ORIENTED_EDGE('',*,*,#6650,.F.);
#9084=ORIENTED_EDGE('',*,*,#6653,.F.);
#9085=ORIENTED_EDGE('',*,*,#6325,.F.);
#9086=ORIENTED_EDGE('',*,*,#6680,.T.);
#9087=ORIENTED_EDGE('',*,*,#6629,.F.);
#9088=ORIENTED_EDGE('',*,*,#6681,.F.);
#9089=ORIENTED_EDGE('',*,*,#6312,.F.);
#9090=ORIENTED_EDGE('',*,*,#6632,.T.);
#9091=ORIENTED_EDGE('',*,*,#6628,.F.);
#9092=ORIENTED_EDGE('',*,*,#6631,.F.);
#9093=ORIENTED_EDGE('',*,*,#6313,.F.);
#9094=ORIENTED_EDGE('',*,*,#6681,.T.);
#9095=ORIENTED_EDGE('',*,*,#6607,.F.);
#9096=ORIENTED_EDGE('',*,*,#6682,.F.);
#9097=ORIENTED_EDGE('',*,*,#6308,.F.);
#9098=ORIENTED_EDGE('',*,*,#6610,.T.);
#9099=ORIENTED_EDGE('',*,*,#6606,.F.);
#9100=ORIENTED_EDGE('',*,*,#6609,.F.);
#9101=ORIENTED_EDGE('',*,*,#6309,.F.);
#9102=ORIENTED_EDGE('',*,*,#6682,.T.);
#9103=ORIENTED_EDGE('',*,*,#6545,.F.);
#9104=ORIENTED_EDGE('',*,*,#6683,.F.);
#9105=ORIENTED_EDGE('',*,*,#6306,.F.);
#9106=ORIENTED_EDGE('',*,*,#6548,.T.);
#9107=ORIENTED_EDGE('',*,*,#6543,.F.);
#9108=ORIENTED_EDGE('',*,*,#6547,.F.);
#9109=ORIENTED_EDGE('',*,*,#6303,.F.);
#9110=ORIENTED_EDGE('',*,*,#6683,.T.);
#9111=ORIENTED_EDGE('',*,*,#6596,.F.);
#9112=ORIENTED_EDGE('',*,*,#6684,.F.);
#9113=ORIENTED_EDGE('',*,*,#6302,.F.);
#9114=ORIENTED_EDGE('',*,*,#6599,.T.);
#9115=ORIENTED_EDGE('',*,*,#6595,.F.);
#9116=ORIENTED_EDGE('',*,*,#6598,.F.);
#9117=ORIENTED_EDGE('',*,*,#6299,.F.);
#9118=ORIENTED_EDGE('',*,*,#6684,.T.);
#9119=ORIENTED_EDGE('',*,*,#6618,.F.);
#9120=ORIENTED_EDGE('',*,*,#6685,.F.);
#9121=ORIENTED_EDGE('',*,*,#6298,.F.);
#9122=ORIENTED_EDGE('',*,*,#6621,.T.);
#9123=ORIENTED_EDGE('',*,*,#6617,.F.);
#9124=ORIENTED_EDGE('',*,*,#6620,.F.);
#9125=ORIENTED_EDGE('',*,*,#6295,.F.);
#9126=ORIENTED_EDGE('',*,*,#6685,.T.);
#9127=ORIENTED_EDGE('',*,*,#6640,.F.);
#9128=ORIENTED_EDGE('',*,*,#6686,.F.);
#9129=ORIENTED_EDGE('',*,*,#6294,.F.);
#9130=ORIENTED_EDGE('',*,*,#6643,.T.);
#9131=ORIENTED_EDGE('',*,*,#6639,.F.);
#9132=ORIENTED_EDGE('',*,*,#6642,.F.);
#9133=ORIENTED_EDGE('',*,*,#6291,.F.);
#9134=ORIENTED_EDGE('',*,*,#6686,.T.);
#9135=ORIENTED_EDGE('',*,*,#6498,.T.);
#9136=ORIENTED_EDGE('',*,*,#6502,.T.);
#9137=ORIENTED_EDGE('',*,*,#6661,.F.);
#9138=ORIENTED_EDGE('',*,*,#6663,.F.);
#9139=ORIENTED_EDGE('',*,*,#6330,.F.);
#9140=ORIENTED_EDGE('',*,*,#6492,.T.);
#9141=ORIENTED_EDGE('',*,*,#6675,.F.);
#9142=ORIENTED_EDGE('',*,*,#6687,.T.);
#9143=ORIENTED_EDGE('',*,*,#6688,.T.);
#9144=ORIENTED_EDGE('',*,*,#6552,.T.);
#9145=ORIENTED_EDGE('',*,*,#6689,.T.);
#9146=ORIENTED_EDGE('',*,*,#6678,.F.);
#9147=ORIENTED_EDGE('',*,*,#6690,.T.);
#9148=ORIENTED_EDGE('',*,*,#6691,.T.);
#9149=ORIENTED_EDGE('',*,*,#6553,.T.);
#9150=ORIENTED_EDGE('',*,*,#6688,.F.);
#9151=ORIENTED_EDGE('',*,*,#6692,.T.);
#9152=ORIENTED_EDGE('',*,*,#6441,.T.);
#9153=ORIENTED_EDGE('',*,*,#6554,.T.);
#9154=ORIENTED_EDGE('',*,*,#6691,.F.);
#9155=ORIENTED_EDGE('',*,*,#6679,.F.);
#9156=ORIENTED_EDGE('',*,*,#6689,.F.);
#9157=ORIENTED_EDGE('',*,*,#6551,.F.);
#9158=ORIENTED_EDGE('',*,*,#6690,.F.);
#9159=ORIENTED_EDGE('',*,*,#6693,.T.);
#9160=ORIENTED_EDGE('',*,*,#6286,.F.);
#9161=ORIENTED_EDGE('',*,*,#6694,.T.);
#9162=ORIENTED_EDGE('',*,*,#6692,.F.);
#9163=ORIENTED_EDGE('',*,*,#6694,.F.);
#9164=ORIENTED_EDGE('',*,*,#6285,.F.);
#9165=ORIENTED_EDGE('',*,*,#6442,.F.);
#9166=ORIENTED_EDGE('',*,*,#6231,.T.);
#9167=ORIENTED_EDGE('',*,*,#6252,.T.);
#9168=ORIENTED_EDGE('',*,*,#6235,.T.);
#9169=ORIENTED_EDGE('',*,*,#6251,.T.);
#9170=ORIENTED_EDGE('',*,*,#6239,.T.);
#9171=ORIENTED_EDGE('',*,*,#6250,.T.);
#9172=ORIENTED_EDGE('',*,*,#6695,.T.);
#9173=ORIENTED_EDGE('',*,*,#6281,.F.);
#9174=ORIENTED_EDGE('',*,*,#6525,.F.);
#9175=ORIENTED_EDGE('',*,*,#6556,.F.);
#9176=ORIENTED_EDGE('',*,*,#6696,.T.);
#9177=ORIENTED_EDGE('',*,*,#6697,.T.);
#9178=ORIENTED_EDGE('',*,*,#6383,.F.);
#9179=ORIENTED_EDGE('',*,*,#6698,.F.);
#9180=ORIENTED_EDGE('',*,*,#6289,.T.);
#9181=ORIENTED_EDGE('',*,*,#6699,.T.);
#9182=ORIENTED_EDGE('',*,*,#6243,.T.);
#9183=ORIENTED_EDGE('',*,*,#6237,.T.);
#9184=ORIENTED_EDGE('',*,*,#6242,.T.);
#9185=ORIENTED_EDGE('',*,*,#6233,.T.);
#9186=ORIENTED_EDGE('',*,*,#6241,.T.);
#9187=ORIENTED_EDGE('',*,*,#6700,.F.);
#9188=ORIENTED_EDGE('',*,*,#6701,.F.);
#9189=ORIENTED_EDGE('',*,*,#6370,.F.);
#9190=ORIENTED_EDGE('',*,*,#6702,.F.);
#9191=ORIENTED_EDGE('',*,*,#6703,.F.);
#9192=ORIENTED_EDGE('',*,*,#6704,.F.);
#9193=ORIENTED_EDGE('',*,*,#6705,.F.);
#9194=ORIENTED_EDGE('',*,*,#6365,.F.);
#9195=ORIENTED_EDGE('',*,*,#6706,.F.);
#9196=ORIENTED_EDGE('',*,*,#6707,.F.);
#9197=ORIENTED_EDGE('',*,*,#6708,.F.);
#9198=ORIENTED_EDGE('',*,*,#6704,.T.);
#9199=ORIENTED_EDGE('',*,*,#6697,.F.);
#9200=ORIENTED_EDGE('',*,*,#6709,.F.);
#9201=ORIENTED_EDGE('',*,*,#6710,.T.);
#9202=ORIENTED_EDGE('',*,*,#6384,.F.);
#9203=ORIENTED_EDGE('',*,*,#6288,.T.);
#9204=ORIENTED_EDGE('',*,*,#6711,.F.);
#9205=ORIENTED_EDGE('',*,*,#6244,.F.);
#9206=ORIENTED_EDGE('',*,*,#6699,.F.);
#9207=ORIENTED_EDGE('',*,*,#6700,.T.);
#9208=ORIENTED_EDGE('',*,*,#6712,.T.);
#9209=ORIENTED_EDGE('',*,*,#6411,.T.);
#9210=ORIENTED_EDGE('',*,*,#6713,.F.);
#9211=ORIENTED_EDGE('',*,*,#6714,.T.);
#9212=ORIENTED_EDGE('',*,*,#6713,.T.);
#9213=ORIENTED_EDGE('',*,*,#6410,.T.);
#9214=ORIENTED_EDGE('',*,*,#6715,.F.);
#9215=ORIENTED_EDGE('',*,*,#6716,.T.);
#9216=ORIENTED_EDGE('',*,*,#6715,.T.);
#9217=ORIENTED_EDGE('',*,*,#6409,.T.);
#9218=ORIENTED_EDGE('',*,*,#6717,.T.);
#9219=ORIENTED_EDGE('',*,*,#6408,.T.);
#9220=ORIENTED_EDGE('',*,*,#6517,.T.);
#9221=ORIENTED_EDGE('',*,*,#6718,.T.);
#9222=ORIENTED_EDGE('',*,*,#6717,.F.);
#9223=ORIENTED_EDGE('',*,*,#6719,.F.);
#9224=ORIENTED_EDGE('',*,*,#6385,.F.);
#9225=ORIENTED_EDGE('',*,*,#6710,.F.);
#9226=ORIENTED_EDGE('',*,*,#6720,.F.);
#9227=ORIENTED_EDGE('',*,*,#6721,.F.);
#9228=ORIENTED_EDGE('',*,*,#6720,.T.);
#9229=ORIENTED_EDGE('',*,*,#6709,.T.);
#9230=ORIENTED_EDGE('',*,*,#6722,.T.);
#9231=ORIENTED_EDGE('',*,*,#6707,.T.);
#9232=ORIENTED_EDGE('',*,*,#6723,.F.);
#9233=ORIENTED_EDGE('',*,*,#6386,.T.);
#9234=ORIENTED_EDGE('',*,*,#6719,.T.);
#9235=ORIENTED_EDGE('',*,*,#6724,.F.);
#9236=ORIENTED_EDGE('',*,*,#6725,.T.);
#9237=ORIENTED_EDGE('',*,*,#6721,.T.);
#9238=ORIENTED_EDGE('',*,*,#6726,.F.);
#9239=ORIENTED_EDGE('',*,*,#6727,.T.);
#9240=ORIENTED_EDGE('',*,*,#6724,.T.);
#9241=ORIENTED_EDGE('',*,*,#6364,.T.);
#9242=ORIENTED_EDGE('',*,*,#6360,.T.);
#9243=ORIENTED_EDGE('',*,*,#6728,.T.);
#9244=ORIENTED_EDGE('',*,*,#6729,.F.);
#9245=ORIENTED_EDGE('',*,*,#6703,.T.);
#9246=ORIENTED_EDGE('',*,*,#6729,.T.);
#9247=ORIENTED_EDGE('',*,*,#6730,.T.);
#9248=ORIENTED_EDGE('',*,*,#6731,.F.);
#9249=ORIENTED_EDGE('',*,*,#6706,.T.);
#9250=ORIENTED_EDGE('',*,*,#6731,.T.);
#9251=ORIENTED_EDGE('',*,*,#6732,.T.);
#9252=ORIENTED_EDGE('',*,*,#6726,.T.);
#9253=ORIENTED_EDGE('',*,*,#6424,.T.);
#9254=ORIENTED_EDGE('',*,*,#6435,.F.);
#9255=ORIENTED_EDGE('',*,*,#6248,.T.);
#9256=ORIENTED_EDGE('',*,*,#6733,.T.);
#9257=ORIENTED_EDGE('',*,*,#6426,.T.);
#9258=ORIENTED_EDGE('',*,*,#6245,.T.);
#9259=ORIENTED_EDGE('',*,*,#6711,.T.);
#9260=ORIENTED_EDGE('',*,*,#6287,.T.);
#9261=ORIENTED_EDGE('',*,*,#6693,.F.);
#9262=ORIENTED_EDGE('',*,*,#6687,.F.);
#9263=ORIENTED_EDGE('',*,*,#6247,.F.);
#9264=ORIENTED_EDGE('',*,*,#6425,.T.);
#9265=ORIENTED_EDGE('',*,*,#6733,.F.);
#9266=ORIENTED_EDGE('',*,*,#6418,.F.);
#9267=ORIENTED_EDGE('',*,*,#6734,.T.);
#9268=ORIENTED_EDGE('',*,*,#6735,.T.);
#9269=ORIENTED_EDGE('',*,*,#6415,.T.);
#9270=ORIENTED_EDGE('',*,*,#6736,.F.);
#9271=ORIENTED_EDGE('',*,*,#6725,.F.);
#9272=ORIENTED_EDGE('',*,*,#6727,.F.);
#9273=ORIENTED_EDGE('',*,*,#6732,.F.);
#9274=ORIENTED_EDGE('',*,*,#6730,.F.);
#9275=ORIENTED_EDGE('',*,*,#6728,.F.);
#9276=ORIENTED_EDGE('',*,*,#6363,.F.);
#9277=ORIENTED_EDGE('',*,*,#6416,.F.);
#9278=ORIENTED_EDGE('',*,*,#6735,.F.);
#9279=ORIENTED_EDGE('',*,*,#6737,.F.);
#9280=ORIENTED_EDGE('',*,*,#6738,.F.);
#9281=ORIENTED_EDGE('',*,*,#6430,.T.);
#9282=ORIENTED_EDGE('',*,*,#6420,.F.);
#9283=ORIENTED_EDGE('',*,*,#6739,.F.);
#9284=ORIENTED_EDGE('',*,*,#6737,.T.);
#9285=ORIENTED_EDGE('',*,*,#6734,.F.);
#9286=ORIENTED_EDGE('',*,*,#6422,.F.);
#9287=ORIENTED_EDGE('',*,*,#6431,.T.);
#9288=ORIENTED_EDGE('',*,*,#6738,.T.);
#9289=ORIENTED_EDGE('',*,*,#6739,.T.);
#9290=ORIENTED_EDGE('',*,*,#6509,.T.);
#9291=ORIENTED_EDGE('',*,*,#6387,.T.);
#9292=ORIENTED_EDGE('',*,*,#6723,.T.);
#9293=ORIENTED_EDGE('',*,*,#6736,.T.);
#9294=ORIENTED_EDGE('',*,*,#6429,.T.);
#9295=ORIENTED_EDGE('',*,*,#6522,.T.);
#9296=ORIENTED_EDGE('',*,*,#6740,.T.);
#9297=ORIENTED_EDGE('',*,*,#6371,.F.);
#9298=ORIENTED_EDGE('',*,*,#6701,.T.);
#9299=ORIENTED_EDGE('',*,*,#6714,.F.);
#9300=ORIENTED_EDGE('',*,*,#6741,.T.);
#9301=ORIENTED_EDGE('',*,*,#6523,.T.);
#9302=ORIENTED_EDGE('',*,*,#6741,.F.);
#9303=ORIENTED_EDGE('',*,*,#6716,.F.);
#9304=ORIENTED_EDGE('',*,*,#6742,.F.);
#9305=ORIENTED_EDGE('',*,*,#6524,.T.);
#9306=ORIENTED_EDGE('',*,*,#6742,.T.);
#9307=ORIENTED_EDGE('',*,*,#6718,.F.);
#9308=ORIENTED_EDGE('',*,*,#6520,.T.);
#9309=ORIENTED_EDGE('',*,*,#6531,.F.);
#9310=ORIENTED_EDGE('',*,*,#6412,.T.);
#9311=ORIENTED_EDGE('',*,*,#6712,.F.);
#9312=ORIENTED_EDGE('',*,*,#6743,.T.);
#9313=ORIENTED_EDGE('',*,*,#6676,.F.);
#9314=ORIENTED_EDGE('',*,*,#6532,.F.);
#9315=ORIENTED_EDGE('',*,*,#6695,.F.);
#9316=ORIENTED_EDGE('',*,*,#6249,.T.);
#9317=ORIENTED_EDGE('',*,*,#6434,.F.);
#9318=ORIENTED_EDGE('',*,*,#6282,.F.);
#9319=ORIENTED_EDGE('',*,*,#6702,.T.);
#9320=ORIENTED_EDGE('',*,*,#6369,.F.);
#9321=ORIENTED_EDGE('',*,*,#6278,.F.);
#9322=ORIENTED_EDGE('',*,*,#6677,.T.);
#9323=ORIENTED_EDGE('',*,*,#6743,.F.);
#9324=ORIENTED_EDGE('',*,*,#6366,.F.);
#9325=ORIENTED_EDGE('',*,*,#6705,.T.);
#9326=ORIENTED_EDGE('',*,*,#6708,.T.);
#9327=ORIENTED_EDGE('',*,*,#6722,.F.);
#9328=ORIENTED_EDGE('',*,*,#6696,.F.);
#9329=ORIENTED_EDGE('',*,*,#6555,.F.);
#9330=ORIENTED_EDGE('',*,*,#6290,.T.);
#9331=ORIENTED_EDGE('',*,*,#6698,.T.);
#9332=ORIENTED_EDGE('',*,*,#6382,.F.);
#9333=ORIENTED_EDGE('',*,*,#6268,.T.);
#9334=ORIENTED_EDGE('',*,*,#6273,.T.);
#9335=ORIENTED_EDGE('',*,*,#6372,.F.);
#9336=ORIENTED_EDGE('',*,*,#6740,.F.);
#9337=ORIENTED_EDGE('',*,*,#6521,.T.);
#9338=ORIENTED_EDGE('',*,*,#6744,.F.);
#9339=ORIENTED_EDGE('',*,*,#6745,.T.);
#9340=ORIENTED_EDGE('',*,*,#6746,.F.);
#9341=ORIENTED_EDGE('',*,*,#6747,.T.);
#9342=ORIENTED_EDGE('',*,*,#6748,.F.);
#9343=ORIENTED_EDGE('',*,*,#6749,.F.);
#9344=ORIENTED_EDGE('',*,*,#6750,.F.);
#9345=ORIENTED_EDGE('',*,*,#6745,.F.);
#9346=ORIENTED_EDGE('',*,*,#6751,.F.);
#9347=ORIENTED_EDGE('',*,*,#6752,.T.);
#9348=ORIENTED_EDGE('',*,*,#6753,.F.);
#9349=ORIENTED_EDGE('',*,*,#6754,.T.);
#9350=ORIENTED_EDGE('',*,*,#6755,.F.);
#9351=ORIENTED_EDGE('',*,*,#6756,.F.);
#9352=ORIENTED_EDGE('',*,*,#6757,.F.);
#9353=ORIENTED_EDGE('',*,*,#6758,.T.);
#9354=ORIENTED_EDGE('',*,*,#6759,.F.);
#9355=ORIENTED_EDGE('',*,*,#6760,.T.);
#9356=ORIENTED_EDGE('',*,*,#6761,.F.);
#9357=ORIENTED_EDGE('',*,*,#6762,.T.);
#9358=ORIENTED_EDGE('',*,*,#6763,.F.);
#9359=ORIENTED_EDGE('',*,*,#6764,.T.);
#9360=ORIENTED_EDGE('',*,*,#6765,.F.);
#9361=ORIENTED_EDGE('',*,*,#6764,.F.);
#9362=ORIENTED_EDGE('',*,*,#6766,.F.);
#9363=ORIENTED_EDGE('',*,*,#6767,.F.);
#9364=ORIENTED_EDGE('',*,*,#6768,.F.);
#9365=ORIENTED_EDGE('',*,*,#6769,.F.);
#9366=ORIENTED_EDGE('',*,*,#6770,.F.);
#9367=ORIENTED_EDGE('',*,*,#6752,.F.);
#9368=ORIENTED_EDGE('',*,*,#6771,.F.);
#9369=ORIENTED_EDGE('',*,*,#6772,.F.);
#9370=ORIENTED_EDGE('',*,*,#6773,.F.);
#9371=ORIENTED_EDGE('',*,*,#6754,.F.);
#9372=ORIENTED_EDGE('',*,*,#6774,.F.);
#9373=ORIENTED_EDGE('',*,*,#6775,.F.);
#9374=ORIENTED_EDGE('',*,*,#6776,.F.);
#9375=ORIENTED_EDGE('',*,*,#6758,.F.);
#9376=ORIENTED_EDGE('',*,*,#6777,.F.);
#9377=ORIENTED_EDGE('',*,*,#6760,.F.);
#9378=ORIENTED_EDGE('',*,*,#6778,.F.);
#9379=ORIENTED_EDGE('',*,*,#6779,.F.);
#9380=ORIENTED_EDGE('',*,*,#6780,.F.);
#9381=ORIENTED_EDGE('',*,*,#6762,.F.);
#9382=ORIENTED_EDGE('',*,*,#6781,.F.);
#9383=ORIENTED_EDGE('',*,*,#6782,.F.);
#9384=ORIENTED_EDGE('',*,*,#6783,.F.);
#9385=ORIENTED_EDGE('',*,*,#6747,.F.);
#9386=ORIENTED_EDGE('',*,*,#6784,.F.);
#9387=ORIENTED_EDGE('',*,*,#6785,.F.);
#9388=ORIENTED_EDGE('',*,*,#6766,.T.);
#9389=ORIENTED_EDGE('',*,*,#6763,.T.);
#9390=ORIENTED_EDGE('',*,*,#6780,.T.);
#9391=ORIENTED_EDGE('',*,*,#6786,.T.);
#9392=ORIENTED_EDGE('',*,*,#6787,.T.);
#9393=ORIENTED_EDGE('',*,*,#6788,.T.);
#9394=ORIENTED_EDGE('',*,*,#6789,.T.);
#9395=ORIENTED_EDGE('',*,*,#6790,.T.);
#9396=ORIENTED_EDGE('',*,*,#6781,.T.);
#9397=ORIENTED_EDGE('',*,*,#6761,.T.);
#9398=ORIENTED_EDGE('',*,*,#6777,.T.);
#9399=ORIENTED_EDGE('',*,*,#6791,.T.);
#9400=ORIENTED_EDGE('',*,*,#6792,.T.);
#9401=ORIENTED_EDGE('',*,*,#6793,.T.);
#9402=ORIENTED_EDGE('',*,*,#6794,.F.);
#9403=ORIENTED_EDGE('',*,*,#6795,.T.);
#9404=ORIENTED_EDGE('',*,*,#6784,.T.);
#9405=ORIENTED_EDGE('',*,*,#6746,.T.);
#9406=ORIENTED_EDGE('',*,*,#6750,.T.);
#9407=ORIENTED_EDGE('',*,*,#6796,.T.);
#9408=ORIENTED_EDGE('',*,*,#6755,.T.);
#9409=ORIENTED_EDGE('',*,*,#6773,.T.);
#9410=ORIENTED_EDGE('',*,*,#6797,.T.);
#9411=ORIENTED_EDGE('',*,*,#6778,.T.);
#9412=ORIENTED_EDGE('',*,*,#6759,.T.);
#9413=ORIENTED_EDGE('',*,*,#6776,.T.);
#9414=ORIENTED_EDGE('',*,*,#6798,.F.);
#9415=ORIENTED_EDGE('',*,*,#6799,.T.);
#9416=ORIENTED_EDGE('',*,*,#6800,.T.);
#9417=ORIENTED_EDGE('',*,*,#6801,.F.);
#9418=ORIENTED_EDGE('',*,*,#6802,.F.);
#9419=ORIENTED_EDGE('',*,*,#6785,.T.);
#9420=ORIENTED_EDGE('',*,*,#6797,.F.);
#9421=ORIENTED_EDGE('',*,*,#6772,.T.);
#9422=ORIENTED_EDGE('',*,*,#6803,.F.);
#9423=ORIENTED_EDGE('',*,*,#6804,.F.);
#9424=ORIENTED_EDGE('',*,*,#6805,.T.);
#9425=ORIENTED_EDGE('',*,*,#6806,.T.);
#9426=ORIENTED_EDGE('',*,*,#6807,.T.);
#9427=ORIENTED_EDGE('',*,*,#6808,.F.);
#9428=ORIENTED_EDGE('',*,*,#6809,.F.);
#9429=ORIENTED_EDGE('',*,*,#6769,.T.);
#9430=ORIENTED_EDGE('',*,*,#6810,.F.);
#9431=ORIENTED_EDGE('',*,*,#6811,.F.);
#9432=ORIENTED_EDGE('',*,*,#6812,.T.);
#9433=ORIENTED_EDGE('',*,*,#6813,.T.);
#9434=ORIENTED_EDGE('',*,*,#6814,.T.);
#9435=ORIENTED_EDGE('',*,*,#6815,.F.);
#9436=ORIENTED_EDGE('',*,*,#6816,.F.);
#9437=ORIENTED_EDGE('',*,*,#6767,.T.);
#9438=ORIENTED_EDGE('',*,*,#6790,.F.);
#9439=ORIENTED_EDGE('',*,*,#6817,.F.);
#9440=ORIENTED_EDGE('',*,*,#6818,.T.);
#9441=ORIENTED_EDGE('',*,*,#6819,.T.);
#9442=ORIENTED_EDGE('',*,*,#6820,.T.);
#9443=ORIENTED_EDGE('',*,*,#6821,.F.);
#9444=ORIENTED_EDGE('',*,*,#6786,.F.);
#9445=ORIENTED_EDGE('',*,*,#6782,.T.);
#9446=ORIENTED_EDGE('',*,*,#6795,.F.);
#9447=ORIENTED_EDGE('',*,*,#6822,.F.);
#9448=ORIENTED_EDGE('',*,*,#6823,.T.);
#9449=ORIENTED_EDGE('',*,*,#6824,.T.);
#9450=ORIENTED_EDGE('',*,*,#6825,.T.);
#9451=ORIENTED_EDGE('',*,*,#6826,.F.);
#9452=ORIENTED_EDGE('',*,*,#6791,.F.);
#9453=ORIENTED_EDGE('',*,*,#6779,.T.);
#9454=ORIENTED_EDGE('',*,*,#6802,.T.);
#9455=ORIENTED_EDGE('',*,*,#6827,.T.);
#9456=ORIENTED_EDGE('',*,*,#6828,.F.);
#9457=ORIENTED_EDGE('',*,*,#6829,.F.);
#9458=ORIENTED_EDGE('',*,*,#6798,.T.);
#9459=ORIENTED_EDGE('',*,*,#6775,.T.);
#9460=ORIENTED_EDGE('',*,*,#6830,.F.);
#9461=ORIENTED_EDGE('',*,*,#6749,.T.);
#9462=ORIENTED_EDGE('',*,*,#6831,.F.);
#9463=ORIENTED_EDGE('',*,*,#6756,.T.);
#9464=ORIENTED_EDGE('',*,*,#6796,.F.);
#9465=ORIENTED_EDGE('',*,*,#6832,.F.);
#9466=ORIENTED_EDGE('',*,*,#6833,.F.);
#9467=ORIENTED_EDGE('',*,*,#6834,.F.);
#9468=ORIENTED_EDGE('',*,*,#6835,.F.);
#9469=ORIENTED_EDGE('',*,*,#6836,.F.);
#9470=ORIENTED_EDGE('',*,*,#6837,.F.);
#9471=ORIENTED_EDGE('',*,*,#6838,.F.);
#9472=ORIENTED_EDGE('',*,*,#6788,.F.);
#9473=ORIENTED_EDGE('',*,*,#6839,.F.);
#9474=ORIENTED_EDGE('',*,*,#6793,.F.);
#9475=ORIENTED_EDGE('',*,*,#6840,.F.);
#9476=ORIENTED_EDGE('',*,*,#6800,.F.);
#9477=ORIENTED_EDGE('',*,*,#6841,.F.);
#9478=ORIENTED_EDGE('',*,*,#6842,.F.);
#9479=ORIENTED_EDGE('',*,*,#6843,.F.);
#9480=ORIENTED_EDGE('',*,*,#6844,.F.);
#9481=ORIENTED_EDGE('',*,*,#6845,.F.);
#9482=ORIENTED_EDGE('',*,*,#6846,.F.);
#9483=ORIENTED_EDGE('',*,*,#6847,.F.);
#9484=ORIENTED_EDGE('',*,*,#6848,.F.);
#9485=ORIENTED_EDGE('',*,*,#6849,.T.);
#9486=ORIENTED_EDGE('',*,*,#6806,.F.);
#9487=ORIENTED_EDGE('',*,*,#6850,.T.);
#9488=ORIENTED_EDGE('',*,*,#6832,.T.);
#9489=ORIENTED_EDGE('',*,*,#6851,.T.);
#9490=ORIENTED_EDGE('',*,*,#6833,.T.);
#9491=ORIENTED_EDGE('',*,*,#6850,.F.);
#9492=ORIENTED_EDGE('',*,*,#6805,.F.);
#9493=ORIENTED_EDGE('',*,*,#6770,.T.);
#9494=ORIENTED_EDGE('',*,*,#6809,.T.);
#9495=ORIENTED_EDGE('',*,*,#6852,.T.);
#9496=ORIENTED_EDGE('',*,*,#6835,.T.);
#9497=ORIENTED_EDGE('',*,*,#6853,.T.);
#9498=ORIENTED_EDGE('',*,*,#6803,.T.);
#9499=ORIENTED_EDGE('',*,*,#6771,.T.);
#9500=ORIENTED_EDGE('',*,*,#6753,.T.);
#9501=ORIENTED_EDGE('',*,*,#6853,.F.);
#9502=ORIENTED_EDGE('',*,*,#6834,.T.);
#9503=ORIENTED_EDGE('',*,*,#6851,.F.);
#9504=ORIENTED_EDGE('',*,*,#6804,.T.);
#9505=ORIENTED_EDGE('',*,*,#6808,.T.);
#9506=ORIENTED_EDGE('',*,*,#6854,.T.);
#9507=ORIENTED_EDGE('',*,*,#6855,.T.);
#9508=ORIENTED_EDGE('',*,*,#6852,.F.);
#9509=ORIENTED_EDGE('',*,*,#6807,.F.);
#9510=ORIENTED_EDGE('',*,*,#6849,.F.);
#9511=ORIENTED_EDGE('',*,*,#6856,.T.);
#9512=ORIENTED_EDGE('',*,*,#6857,.T.);
#9513=ORIENTED_EDGE('',*,*,#6854,.F.);
#9514=ORIENTED_EDGE('',*,*,#6858,.T.);
#9515=ORIENTED_EDGE('',*,*,#6813,.F.);
#9516=ORIENTED_EDGE('',*,*,#6859,.T.);
#9517=ORIENTED_EDGE('',*,*,#6847,.T.);
#9518=ORIENTED_EDGE('',*,*,#6856,.F.);
#9519=ORIENTED_EDGE('',*,*,#6848,.T.);
#9520=ORIENTED_EDGE('',*,*,#6859,.F.);
#9521=ORIENTED_EDGE('',*,*,#6812,.F.);
#9522=ORIENTED_EDGE('',*,*,#6860,.T.);
#9523=ORIENTED_EDGE('',*,*,#6765,.T.);
#9524=ORIENTED_EDGE('',*,*,#6816,.T.);
#9525=ORIENTED_EDGE('',*,*,#6861,.T.);
#9526=ORIENTED_EDGE('',*,*,#6837,.T.);
#9527=ORIENTED_EDGE('',*,*,#6862,.T.);
#9528=ORIENTED_EDGE('',*,*,#6810,.T.);
#9529=ORIENTED_EDGE('',*,*,#6768,.T.);
#9530=ORIENTED_EDGE('',*,*,#6751,.T.);
#9531=ORIENTED_EDGE('',*,*,#6857,.F.);
#9532=ORIENTED_EDGE('',*,*,#6860,.F.);
#9533=ORIENTED_EDGE('',*,*,#6811,.T.);
#9534=ORIENTED_EDGE('',*,*,#6862,.F.);
#9535=ORIENTED_EDGE('',*,*,#6836,.T.);
#9536=ORIENTED_EDGE('',*,*,#6855,.F.);
#9537=ORIENTED_EDGE('',*,*,#6815,.T.);
#9538=ORIENTED_EDGE('',*,*,#6863,.T.);
#9539=ORIENTED_EDGE('',*,*,#6864,.T.);
#9540=ORIENTED_EDGE('',*,*,#6861,.F.);
#9541=ORIENTED_EDGE('',*,*,#6814,.F.);
#9542=ORIENTED_EDGE('',*,*,#6858,.F.);
#9543=ORIENTED_EDGE('',*,*,#6865,.T.);
#9544=ORIENTED_EDGE('',*,*,#6866,.T.);
#9545=ORIENTED_EDGE('',*,*,#6863,.F.);
#9546=ORIENTED_EDGE('',*,*,#6867,.T.);
#9547=ORIENTED_EDGE('',*,*,#6819,.F.);
#9548=ORIENTED_EDGE('',*,*,#6868,.T.);
#9549=ORIENTED_EDGE('',*,*,#6845,.T.);
#9550=ORIENTED_EDGE('',*,*,#6865,.F.);
#9551=ORIENTED_EDGE('',*,*,#6846,.T.);
#9552=ORIENTED_EDGE('',*,*,#6868,.F.);
#9553=ORIENTED_EDGE('',*,*,#6818,.F.);
#9554=ORIENTED_EDGE('',*,*,#6869,.T.);
#9555=ORIENTED_EDGE('',*,*,#6866,.F.);
#9556=ORIENTED_EDGE('',*,*,#6869,.F.);
#9557=ORIENTED_EDGE('',*,*,#6817,.T.);
#9558=ORIENTED_EDGE('',*,*,#6789,.F.);
#9559=ORIENTED_EDGE('',*,*,#6838,.T.);
#9560=ORIENTED_EDGE('',*,*,#6864,.F.);
#9561=ORIENTED_EDGE('',*,*,#6821,.T.);
#9562=ORIENTED_EDGE('',*,*,#6870,.T.);
#9563=ORIENTED_EDGE('',*,*,#6871,.T.);
#9564=ORIENTED_EDGE('',*,*,#6787,.F.);
#9565=ORIENTED_EDGE('',*,*,#6820,.F.);
#9566=ORIENTED_EDGE('',*,*,#6867,.F.);
#9567=ORIENTED_EDGE('',*,*,#6872,.T.);
#9568=ORIENTED_EDGE('',*,*,#6873,.T.);
#9569=ORIENTED_EDGE('',*,*,#6870,.F.);
#9570=ORIENTED_EDGE('',*,*,#6873,.F.);
#9571=ORIENTED_EDGE('',*,*,#6874,.T.);
#9572=ORIENTED_EDGE('',*,*,#6822,.T.);
#9573=ORIENTED_EDGE('',*,*,#6794,.T.);
#9574=ORIENTED_EDGE('',*,*,#6839,.T.);
#9575=ORIENTED_EDGE('',*,*,#6871,.F.);
#9576=ORIENTED_EDGE('',*,*,#6872,.F.);
#9577=ORIENTED_EDGE('',*,*,#6844,.T.);
#9578=ORIENTED_EDGE('',*,*,#6875,.T.);
#9579=ORIENTED_EDGE('',*,*,#6823,.F.);
#9580=ORIENTED_EDGE('',*,*,#6874,.F.);
#9581=ORIENTED_EDGE('',*,*,#6876,.T.);
#9582=ORIENTED_EDGE('',*,*,#6824,.F.);
#9583=ORIENTED_EDGE('',*,*,#6875,.F.);
#9584=ORIENTED_EDGE('',*,*,#6843,.T.);
#9585=ORIENTED_EDGE('',*,*,#6826,.T.);
#9586=ORIENTED_EDGE('',*,*,#6877,.T.);
#9587=ORIENTED_EDGE('',*,*,#6878,.T.);
#9588=ORIENTED_EDGE('',*,*,#6792,.F.);
#9589=ORIENTED_EDGE('',*,*,#6825,.F.);
#9590=ORIENTED_EDGE('',*,*,#6876,.F.);
#9591=ORIENTED_EDGE('',*,*,#6879,.T.);
#9592=ORIENTED_EDGE('',*,*,#6880,.T.);
#9593=ORIENTED_EDGE('',*,*,#6877,.F.);
#9594=ORIENTED_EDGE('',*,*,#6879,.F.);
#9595=ORIENTED_EDGE('',*,*,#6842,.T.);
#9596=ORIENTED_EDGE('',*,*,#6881,.T.);
#9597=ORIENTED_EDGE('',*,*,#6828,.T.);
#9598=ORIENTED_EDGE('',*,*,#6882,.F.);
#9599=ORIENTED_EDGE('',*,*,#6880,.F.);
#9600=ORIENTED_EDGE('',*,*,#6882,.T.);
#9601=ORIENTED_EDGE('',*,*,#6827,.F.);
#9602=ORIENTED_EDGE('',*,*,#6801,.T.);
#9603=ORIENTED_EDGE('',*,*,#6840,.T.);
#9604=ORIENTED_EDGE('',*,*,#6878,.F.);
#9605=ORIENTED_EDGE('',*,*,#6881,.F.);
#9606=ORIENTED_EDGE('',*,*,#6841,.T.);
#9607=ORIENTED_EDGE('',*,*,#6799,.F.);
#9608=ORIENTED_EDGE('',*,*,#6829,.T.);
#9609=ORIENTED_EDGE('',*,*,#6783,.T.);
#9610=ORIENTED_EDGE('',*,*,#6830,.T.);
#9611=ORIENTED_EDGE('',*,*,#6774,.T.);
#9612=ORIENTED_EDGE('',*,*,#6757,.T.);
#9613=ORIENTED_EDGE('',*,*,#6831,.T.);
#9614=ORIENTED_EDGE('',*,*,#6748,.T.);
#9615=ORIENTED_EDGE('',*,*,#6744,.T.);
#9616=ORIENTED_EDGE('',*,*,#6883,.F.);
#9617=ORIENTED_EDGE('',*,*,#6884,.F.);
#9618=ORIENTED_EDGE('',*,*,#6885,.T.);
#9619=ORIENTED_EDGE('',*,*,#6886,.T.);
#9620=ORIENTED_EDGE('',*,*,#6887,.T.);
#9621=ORIENTED_EDGE('',*,*,#6888,.T.);
#9622=ORIENTED_EDGE('',*,*,#6889,.T.);
#9623=ORIENTED_EDGE('',*,*,#6890,.F.);
#9624=ORIENTED_EDGE('',*,*,#6891,.T.);
#9625=ORIENTED_EDGE('',*,*,#6892,.F.);
#9626=ORIENTED_EDGE('',*,*,#6893,.F.);
#9627=ORIENTED_EDGE('',*,*,#6894,.T.);
#9628=ORIENTED_EDGE('',*,*,#6895,.F.);
#9629=ORIENTED_EDGE('',*,*,#6896,.F.);
#9630=ORIENTED_EDGE('',*,*,#6897,.T.);
#9631=ORIENTED_EDGE('',*,*,#6898,.F.);
#9632=ORIENTED_EDGE('',*,*,#6899,.F.);
#9633=ORIENTED_EDGE('',*,*,#6900,.F.);
#9634=ORIENTED_EDGE('',*,*,#6901,.F.);
#9635=ORIENTED_EDGE('',*,*,#6902,.T.);
#9636=ORIENTED_EDGE('',*,*,#6903,.T.);
#9637=ORIENTED_EDGE('',*,*,#6904,.T.);
#9638=ORIENTED_EDGE('',*,*,#6905,.F.);
#9639=ORIENTED_EDGE('',*,*,#6906,.T.);
#9640=ORIENTED_EDGE('',*,*,#6907,.F.);
#9641=ORIENTED_EDGE('',*,*,#6908,.T.);
#9642=ORIENTED_EDGE('',*,*,#6909,.T.);
#9643=ORIENTED_EDGE('',*,*,#6910,.T.);
#9644=ORIENTED_EDGE('',*,*,#6911,.F.);
#9645=ORIENTED_EDGE('',*,*,#6912,.T.);
#9646=ORIENTED_EDGE('',*,*,#6913,.T.);
#9647=ORIENTED_EDGE('',*,*,#6914,.F.);
#9648=ORIENTED_EDGE('',*,*,#6915,.T.);
#9649=ORIENTED_EDGE('',*,*,#6916,.T.);
#9650=ORIENTED_EDGE('',*,*,#6917,.T.);
#9651=ORIENTED_EDGE('',*,*,#6918,.F.);
#9652=ORIENTED_EDGE('',*,*,#6919,.F.);
#9653=ORIENTED_EDGE('',*,*,#6920,.F.);
#9654=ORIENTED_EDGE('',*,*,#6921,.F.);
#9655=ORIENTED_EDGE('',*,*,#6922,.F.);
#9656=ORIENTED_EDGE('',*,*,#6891,.F.);
#9657=ORIENTED_EDGE('',*,*,#6923,.F.);
#9658=ORIENTED_EDGE('',*,*,#6908,.F.);
#9659=ORIENTED_EDGE('',*,*,#6924,.F.);
#9660=ORIENTED_EDGE('',*,*,#6906,.F.);
#9661=ORIENTED_EDGE('',*,*,#6925,.F.);
#9662=ORIENTED_EDGE('',*,*,#6926,.F.);
#9663=ORIENTED_EDGE('',*,*,#6927,.F.);
#9664=ORIENTED_EDGE('',*,*,#6912,.F.);
#9665=ORIENTED_EDGE('',*,*,#6928,.T.);
#9666=ORIENTED_EDGE('',*,*,#6902,.F.);
#9667=ORIENTED_EDGE('',*,*,#6929,.T.);
#9668=ORIENTED_EDGE('',*,*,#6930,.F.);
#9669=ORIENTED_EDGE('',*,*,#6931,.T.);
#9670=ORIENTED_EDGE('',*,*,#6887,.F.);
#9671=ORIENTED_EDGE('',*,*,#6932,.T.);
#9672=ORIENTED_EDGE('',*,*,#6933,.F.);
#9673=ORIENTED_EDGE('',*,*,#6934,.T.);
#9674=ORIENTED_EDGE('',*,*,#6935,.T.);
#9675=ORIENTED_EDGE('',*,*,#6936,.F.);
#9676=ORIENTED_EDGE('',*,*,#6937,.F.);
#9677=ORIENTED_EDGE('',*,*,#6938,.F.);
#9678=ORIENTED_EDGE('',*,*,#6939,.F.);
#9679=ORIENTED_EDGE('',*,*,#6940,.T.);
#9680=ORIENTED_EDGE('',*,*,#6941,.F.);
#9681=ORIENTED_EDGE('',*,*,#6930,.T.);
#9682=ORIENTED_EDGE('',*,*,#6942,.T.);
#9683=ORIENTED_EDGE('',*,*,#6943,.F.);
#9684=ORIENTED_EDGE('',*,*,#6944,.F.);
#9685=ORIENTED_EDGE('',*,*,#6945,.F.);
#9686=ORIENTED_EDGE('',*,*,#6946,.F.);
#9687=ORIENTED_EDGE('',*,*,#6947,.T.);
#9688=ORIENTED_EDGE('',*,*,#6948,.T.);
#9689=ORIENTED_EDGE('',*,*,#6949,.F.);
#9690=ORIENTED_EDGE('',*,*,#6950,.F.);
#9691=ORIENTED_EDGE('',*,*,#6951,.F.);
#9692=ORIENTED_EDGE('',*,*,#6952,.F.);
#9693=ORIENTED_EDGE('',*,*,#6953,.F.);
#9694=ORIENTED_EDGE('',*,*,#6954,.F.);
#9695=ORIENTED_EDGE('',*,*,#6955,.F.);
#9696=ORIENTED_EDGE('',*,*,#6956,.F.);
#9697=ORIENTED_EDGE('',*,*,#6957,.F.);
#9698=ORIENTED_EDGE('',*,*,#6958,.F.);
#9699=ORIENTED_EDGE('',*,*,#6959,.F.);
#9700=ORIENTED_EDGE('',*,*,#6960,.T.);
#9701=ORIENTED_EDGE('',*,*,#6952,.T.);
#9702=ORIENTED_EDGE('',*,*,#6961,.T.);
#9703=ORIENTED_EDGE('',*,*,#6962,.T.);
#9704=ORIENTED_EDGE('',*,*,#6963,.T.);
#9705=ORIENTED_EDGE('',*,*,#6962,.F.);
#9706=ORIENTED_EDGE('',*,*,#6964,.T.);
#9707=ORIENTED_EDGE('',*,*,#6965,.T.);
#9708=ORIENTED_EDGE('',*,*,#6966,.F.);
#9709=ORIENTED_EDGE('',*,*,#6967,.F.);
#9710=ORIENTED_EDGE('',*,*,#6968,.F.);
#9711=ORIENTED_EDGE('',*,*,#6969,.F.);
#9712=ORIENTED_EDGE('',*,*,#6970,.T.);
#9713=ORIENTED_EDGE('',*,*,#6971,.F.);
#9714=ORIENTED_EDGE('',*,*,#6972,.F.);
#9715=ORIENTED_EDGE('',*,*,#6973,.F.);
#9716=ORIENTED_EDGE('',*,*,#6974,.F.);
#9717=ORIENTED_EDGE('',*,*,#6975,.F.);
#9718=ORIENTED_EDGE('',*,*,#6976,.F.);
#9719=ORIENTED_EDGE('',*,*,#6977,.F.);
#9720=ORIENTED_EDGE('',*,*,#6978,.T.);
#9721=ORIENTED_EDGE('',*,*,#6979,.T.);
#9722=ORIENTED_EDGE('',*,*,#6967,.T.);
#9723=ORIENTED_EDGE('',*,*,#6980,.T.);
#9724=ORIENTED_EDGE('',*,*,#6979,.F.);
#9725=ORIENTED_EDGE('',*,*,#6981,.T.);
#9726=ORIENTED_EDGE('',*,*,#6982,.F.);
#9727=ORIENTED_EDGE('',*,*,#6968,.T.);
#9728=ORIENTED_EDGE('',*,*,#6983,.T.);
#9729=ORIENTED_EDGE('',*,*,#6984,.T.);
#9730=ORIENTED_EDGE('',*,*,#6985,.T.);
#9731=ORIENTED_EDGE('',*,*,#6986,.T.);
#9732=ORIENTED_EDGE('',*,*,#6983,.F.);
#9733=ORIENTED_EDGE('',*,*,#6987,.T.);
#9734=ORIENTED_EDGE('',*,*,#6988,.T.);
#9735=ORIENTED_EDGE('',*,*,#6989,.F.);
#9736=ORIENTED_EDGE('',*,*,#6990,.F.);
#9737=ORIENTED_EDGE('',*,*,#6991,.F.);
#9738=ORIENTED_EDGE('',*,*,#6992,.F.);
#9739=ORIENTED_EDGE('',*,*,#6993,.F.);
#9740=ORIENTED_EDGE('',*,*,#6994,.F.);
#9741=ORIENTED_EDGE('',*,*,#6995,.T.);
#9742=ORIENTED_EDGE('',*,*,#6996,.T.);
#9743=ORIENTED_EDGE('',*,*,#6990,.T.);
#9744=ORIENTED_EDGE('',*,*,#6997,.T.);
#9745=ORIENTED_EDGE('',*,*,#6996,.F.);
#9746=ORIENTED_EDGE('',*,*,#6998,.T.);
#9747=ORIENTED_EDGE('',*,*,#6999,.F.);
#9748=ORIENTED_EDGE('',*,*,#7000,.T.);
#9749=ORIENTED_EDGE('',*,*,#7001,.F.);
#9750=ORIENTED_EDGE('',*,*,#7002,.T.);
#9751=ORIENTED_EDGE('',*,*,#7003,.T.);
#9752=ORIENTED_EDGE('',*,*,#6991,.T.);
#9753=ORIENTED_EDGE('',*,*,#7004,.T.);
#9754=ORIENTED_EDGE('',*,*,#7005,.T.);
#9755=ORIENTED_EDGE('',*,*,#7006,.T.);
#9756=ORIENTED_EDGE('',*,*,#7007,.T.);
#9757=ORIENTED_EDGE('',*,*,#7004,.F.);
#9758=ORIENTED_EDGE('',*,*,#7008,.T.);
#9759=ORIENTED_EDGE('',*,*,#7009,.T.);
#9760=ORIENTED_EDGE('',*,*,#7010,.F.);
#9761=ORIENTED_EDGE('',*,*,#7011,.F.);
#9762=ORIENTED_EDGE('',*,*,#7012,.F.);
#9763=ORIENTED_EDGE('',*,*,#7013,.F.);
#9764=ORIENTED_EDGE('',*,*,#7014,.F.);
#9765=ORIENTED_EDGE('',*,*,#7015,.F.);
#9766=ORIENTED_EDGE('',*,*,#6933,.T.);
#9767=ORIENTED_EDGE('',*,*,#7016,.T.);
#9768=ORIENTED_EDGE('',*,*,#7011,.T.);
#9769=ORIENTED_EDGE('',*,*,#7017,.T.);
#9770=ORIENTED_EDGE('',*,*,#7016,.F.);
#9771=ORIENTED_EDGE('',*,*,#6941,.T.);
#9772=ORIENTED_EDGE('',*,*,#7018,.T.);
#9773=ORIENTED_EDGE('',*,*,#7012,.T.);
#9774=ORIENTED_EDGE('',*,*,#7019,.T.);
#9775=ORIENTED_EDGE('',*,*,#6959,.T.);
#9776=ORIENTED_EDGE('',*,*,#7020,.T.);
#9777=ORIENTED_EDGE('',*,*,#7021,.T.);
#9778=ORIENTED_EDGE('',*,*,#6946,.T.);
#9779=ORIENTED_EDGE('',*,*,#7022,.T.);
#9780=ORIENTED_EDGE('',*,*,#6937,.T.);
#9781=ORIENTED_EDGE('',*,*,#7023,.T.);
#9782=ORIENTED_EDGE('',*,*,#6985,.F.);
#9783=ORIENTED_EDGE('',*,*,#7024,.F.);
#9784=ORIENTED_EDGE('',*,*,#7025,.F.);
#9785=ORIENTED_EDGE('',*,*,#7026,.T.);
#9786=ORIENTED_EDGE('',*,*,#7027,.F.);
#9787=ORIENTED_EDGE('',*,*,#7028,.F.);
#9788=ORIENTED_EDGE('',*,*,#7029,.T.);
#9789=ORIENTED_EDGE('',*,*,#7030,.T.);
#9790=ORIENTED_EDGE('',*,*,#7031,.T.);
#9791=ORIENTED_EDGE('',*,*,#7032,.F.);
#9792=ORIENTED_EDGE('',*,*,#6981,.F.);
#9793=ORIENTED_EDGE('',*,*,#6978,.F.);
#9794=ORIENTED_EDGE('',*,*,#7033,.T.);
#9795=ORIENTED_EDGE('',*,*,#7034,.T.);
#9796=ORIENTED_EDGE('',*,*,#7035,.F.);
#9797=ORIENTED_EDGE('',*,*,#7006,.F.);
#9798=ORIENTED_EDGE('',*,*,#7036,.F.);
#9799=ORIENTED_EDGE('',*,*,#7037,.F.);
#9800=ORIENTED_EDGE('',*,*,#7038,.T.);
#9801=ORIENTED_EDGE('',*,*,#7002,.F.);
#9802=ORIENTED_EDGE('',*,*,#7039,.F.);
#9803=ORIENTED_EDGE('',*,*,#7040,.T.);
#9804=ORIENTED_EDGE('',*,*,#7041,.T.);
#9805=ORIENTED_EDGE('',*,*,#7042,.T.);
#9806=ORIENTED_EDGE('',*,*,#7043,.F.);
#9807=ORIENTED_EDGE('',*,*,#6998,.F.);
#9808=ORIENTED_EDGE('',*,*,#6995,.F.);
#9809=ORIENTED_EDGE('',*,*,#7044,.T.);
#9810=ORIENTED_EDGE('',*,*,#7045,.T.);
#9811=ORIENTED_EDGE('',*,*,#7046,.F.);
#9812=ORIENTED_EDGE('',*,*,#7005,.F.);
#9813=ORIENTED_EDGE('',*,*,#7015,.T.);
#9814=ORIENTED_EDGE('',*,*,#7047,.F.);
#9815=ORIENTED_EDGE('',*,*,#7036,.T.);
#9816=ORIENTED_EDGE('',*,*,#7037,.T.);
#9817=ORIENTED_EDGE('',*,*,#7047,.T.);
#9818=ORIENTED_EDGE('',*,*,#7014,.T.);
#9819=ORIENTED_EDGE('',*,*,#7048,.F.);
#9820=ORIENTED_EDGE('',*,*,#6984,.F.);
#9821=ORIENTED_EDGE('',*,*,#6994,.T.);
#9822=ORIENTED_EDGE('',*,*,#7049,.F.);
#9823=ORIENTED_EDGE('',*,*,#7024,.T.);
#9824=ORIENTED_EDGE('',*,*,#7025,.T.);
#9825=ORIENTED_EDGE('',*,*,#7049,.T.);
#9826=ORIENTED_EDGE('',*,*,#6993,.T.);
#9827=ORIENTED_EDGE('',*,*,#7050,.F.);
#9828=ORIENTED_EDGE('',*,*,#6963,.F.);
#9829=ORIENTED_EDGE('',*,*,#6977,.T.);
#9830=ORIENTED_EDGE('',*,*,#7051,.F.);
#9831=ORIENTED_EDGE('',*,*,#6953,.T.);
#9832=ORIENTED_EDGE('',*,*,#6954,.T.);
#9833=ORIENTED_EDGE('',*,*,#7051,.T.);
#9834=ORIENTED_EDGE('',*,*,#6976,.T.);
#9835=ORIENTED_EDGE('',*,*,#7052,.F.);
#9836=ORIENTED_EDGE('',*,*,#7053,.F.);
#9837=ORIENTED_EDGE('',*,*,#6892,.T.);
#9838=ORIENTED_EDGE('',*,*,#6924,.T.);
#9839=ORIENTED_EDGE('',*,*,#7054,.T.);
#9840=ORIENTED_EDGE('',*,*,#7055,.F.);
#9841=ORIENTED_EDGE('',*,*,#6883,.T.);
#9842=ORIENTED_EDGE('',*,*,#6922,.T.);
#9843=ORIENTED_EDGE('',*,*,#6907,.T.);
#9844=ORIENTED_EDGE('',*,*,#6884,.T.);
#9845=ORIENTED_EDGE('',*,*,#7055,.T.);
#9846=ORIENTED_EDGE('',*,*,#6921,.T.);
#9847=ORIENTED_EDGE('',*,*,#7056,.T.);
#9848=ORIENTED_EDGE('',*,*,#7022,.F.);
#9849=ORIENTED_EDGE('',*,*,#6945,.T.);
#9850=ORIENTED_EDGE('',*,*,#7057,.F.);
#9851=ORIENTED_EDGE('',*,*,#6938,.T.);
#9852=ORIENTED_EDGE('',*,*,#6939,.T.);
#9853=ORIENTED_EDGE('',*,*,#7057,.T.);
#9854=ORIENTED_EDGE('',*,*,#6944,.T.);
#9855=ORIENTED_EDGE('',*,*,#7058,.T.);
#9856=ORIENTED_EDGE('',*,*,#7059,.T.);
#9857=ORIENTED_EDGE('',*,*,#7060,.T.);
#9858=ORIENTED_EDGE('',*,*,#7061,.T.);
#9859=ORIENTED_EDGE('',*,*,#7062,.T.);
#9860=ORIENTED_EDGE('',*,*,#6914,.T.);
#9861=ORIENTED_EDGE('',*,*,#7063,.T.);
#9862=ORIENTED_EDGE('',*,*,#6900,.T.);
#9863=ORIENTED_EDGE('',*,*,#7064,.T.);
#9864=ORIENTED_EDGE('',*,*,#7065,.T.);
#9865=ORIENTED_EDGE('',*,*,#7066,.T.);
#9866=ORIENTED_EDGE('',*,*,#7067,.T.);
#9867=ORIENTED_EDGE('',*,*,#7068,.T.);
#9868=ORIENTED_EDGE('',*,*,#6918,.T.);
#9869=ORIENTED_EDGE('',*,*,#7069,.T.);
#9870=ORIENTED_EDGE('',*,*,#6896,.T.);
#9871=ORIENTED_EDGE('',*,*,#7070,.T.);
#9872=ORIENTED_EDGE('',*,*,#6886,.F.);
#9873=ORIENTED_EDGE('',*,*,#7071,.T.);
#9874=ORIENTED_EDGE('',*,*,#6942,.F.);
#9875=ORIENTED_EDGE('',*,*,#6932,.F.);
#9876=ORIENTED_EDGE('',*,*,#7072,.T.);
#9877=ORIENTED_EDGE('',*,*,#7062,.F.);
#9878=ORIENTED_EDGE('',*,*,#7073,.T.);
#9879=ORIENTED_EDGE('',*,*,#7068,.F.);
#9880=ORIENTED_EDGE('',*,*,#6916,.F.);
#9881=ORIENTED_EDGE('',*,*,#7074,.T.);
#9882=ORIENTED_EDGE('',*,*,#7075,.T.);
#9883=ORIENTED_EDGE('',*,*,#7076,.T.);
#9884=ORIENTED_EDGE('',*,*,#6901,.T.);
#9885=ORIENTED_EDGE('',*,*,#7063,.F.);
#9886=ORIENTED_EDGE('',*,*,#6913,.F.);
#9887=ORIENTED_EDGE('',*,*,#6929,.F.);
#9888=ORIENTED_EDGE('',*,*,#6895,.T.);
#9889=ORIENTED_EDGE('',*,*,#7077,.T.);
#9890=ORIENTED_EDGE('',*,*,#6919,.T.);
#9891=ORIENTED_EDGE('',*,*,#7070,.F.);
#9892=ORIENTED_EDGE('',*,*,#7028,.T.);
#9893=ORIENTED_EDGE('',*,*,#7078,.T.);
#9894=ORIENTED_EDGE('',*,*,#6973,.T.);
#9895=ORIENTED_EDGE('',*,*,#7079,.T.);
#9896=ORIENTED_EDGE('',*,*,#7032,.T.);
#9897=ORIENTED_EDGE('',*,*,#7080,.T.);
#9898=ORIENTED_EDGE('',*,*,#6969,.T.);
#9899=ORIENTED_EDGE('',*,*,#6982,.T.);
#9900=ORIENTED_EDGE('',*,*,#7027,.T.);
#9901=ORIENTED_EDGE('',*,*,#7081,.T.);
#9902=ORIENTED_EDGE('',*,*,#6974,.T.);
#9903=ORIENTED_EDGE('',*,*,#7078,.F.);
#9904=ORIENTED_EDGE('',*,*,#7030,.F.);
#9905=ORIENTED_EDGE('',*,*,#7082,.T.);
#9906=ORIENTED_EDGE('',*,*,#7083,.T.);
#9907=ORIENTED_EDGE('',*,*,#7084,.T.);
#9908=ORIENTED_EDGE('',*,*,#7039,.T.);
#9909=ORIENTED_EDGE('',*,*,#7001,.T.);
#9910=ORIENTED_EDGE('',*,*,#7085,.T.);
#9911=ORIENTED_EDGE('',*,*,#7086,.T.);
#9912=ORIENTED_EDGE('',*,*,#7043,.T.);
#9913=ORIENTED_EDGE('',*,*,#7087,.T.);
#9914=ORIENTED_EDGE('',*,*,#7088,.T.);
#9915=ORIENTED_EDGE('',*,*,#6999,.T.);
#9916=ORIENTED_EDGE('',*,*,#7041,.F.);
#9917=ORIENTED_EDGE('',*,*,#7089,.T.);
#9918=ORIENTED_EDGE('',*,*,#7090,.T.);
#9919=ORIENTED_EDGE('',*,*,#7091,.T.);
#9920=ORIENTED_EDGE('',*,*,#7092,.T.);
#9921=ORIENTED_EDGE('',*,*,#7093,.F.);
#9922=ORIENTED_EDGE('',*,*,#7094,.F.);
#9923=ORIENTED_EDGE('',*,*,#7090,.F.);
#9924=ORIENTED_EDGE('',*,*,#7092,.F.);
#9925=ORIENTED_EDGE('',*,*,#7089,.F.);
#9926=ORIENTED_EDGE('',*,*,#7040,.F.);
#9927=ORIENTED_EDGE('',*,*,#7086,.F.);
#9928=ORIENTED_EDGE('',*,*,#7095,.T.);
#9929=ORIENTED_EDGE('',*,*,#7096,.F.);
#9930=ORIENTED_EDGE('',*,*,#7097,.T.);
#9931=ORIENTED_EDGE('',*,*,#7098,.F.);
#9932=ORIENTED_EDGE('',*,*,#6970,.F.);
#9933=ORIENTED_EDGE('',*,*,#7080,.F.);
#9934=ORIENTED_EDGE('',*,*,#7031,.F.);
#9935=ORIENTED_EDGE('',*,*,#7084,.F.);
#9936=ORIENTED_EDGE('',*,*,#7094,.T.);
#9937=ORIENTED_EDGE('',*,*,#7099,.F.);
#9938=ORIENTED_EDGE('',*,*,#7100,.F.);
#9939=ORIENTED_EDGE('',*,*,#7087,.F.);
#9940=ORIENTED_EDGE('',*,*,#7042,.F.);
#9941=ORIENTED_EDGE('',*,*,#7091,.F.);
#9942=ORIENTED_EDGE('',*,*,#7100,.T.);
#9943=ORIENTED_EDGE('',*,*,#7101,.F.);
#9944=ORIENTED_EDGE('',*,*,#7095,.F.);
#9945=ORIENTED_EDGE('',*,*,#7085,.F.);
#9946=ORIENTED_EDGE('',*,*,#7000,.F.);
#9947=ORIENTED_EDGE('',*,*,#7088,.F.);
#9948=ORIENTED_EDGE('',*,*,#7102,.T.);
#9949=ORIENTED_EDGE('',*,*,#7103,.F.);
#9950=ORIENTED_EDGE('',*,*,#7104,.F.);
#9951=ORIENTED_EDGE('',*,*,#7059,.F.);
#9952=ORIENTED_EDGE('',*,*,#7072,.F.);
#9953=ORIENTED_EDGE('',*,*,#7067,.F.);
#9954=ORIENTED_EDGE('',*,*,#7104,.T.);
#9955=ORIENTED_EDGE('',*,*,#7105,.F.);
#9956=ORIENTED_EDGE('',*,*,#7106,.F.);
#9957=ORIENTED_EDGE('',*,*,#7060,.F.);
#9958=ORIENTED_EDGE('',*,*,#7106,.T.);
#9959=ORIENTED_EDGE('',*,*,#7107,.F.);
#9960=ORIENTED_EDGE('',*,*,#7108,.F.);
#9961=ORIENTED_EDGE('',*,*,#7065,.F.);
#9962=ORIENTED_EDGE('',*,*,#7073,.F.);
#9963=ORIENTED_EDGE('',*,*,#7061,.F.);
#9964=ORIENTED_EDGE('',*,*,#7108,.T.);
#9965=ORIENTED_EDGE('',*,*,#7109,.F.);
#9966=ORIENTED_EDGE('',*,*,#7102,.F.);
#9967=ORIENTED_EDGE('',*,*,#7066,.F.);
#9968=ORIENTED_EDGE('',*,*,#7110,.T.);
#9969=ORIENTED_EDGE('',*,*,#7111,.F.);
#9970=ORIENTED_EDGE('',*,*,#7097,.F.);
#9971=ORIENTED_EDGE('',*,*,#7083,.F.);
#9972=ORIENTED_EDGE('',*,*,#6972,.T.);
#9973=ORIENTED_EDGE('',*,*,#7112,.F.);
#9974=ORIENTED_EDGE('',*,*,#7110,.F.);
#9975=ORIENTED_EDGE('',*,*,#7082,.F.);
#9976=ORIENTED_EDGE('',*,*,#7029,.F.);
#9977=ORIENTED_EDGE('',*,*,#7079,.F.);
#9978=ORIENTED_EDGE('',*,*,#6899,.T.);
#9979=ORIENTED_EDGE('',*,*,#7113,.F.);
#9980=ORIENTED_EDGE('',*,*,#7114,.F.);
#9981=ORIENTED_EDGE('',*,*,#7074,.F.);
#9982=ORIENTED_EDGE('',*,*,#6915,.F.);
#9983=ORIENTED_EDGE('',*,*,#7064,.F.);
#9984=ORIENTED_EDGE('',*,*,#7114,.T.);
#9985=ORIENTED_EDGE('',*,*,#7115,.F.);
#9986=ORIENTED_EDGE('',*,*,#7116,.F.);
#9987=ORIENTED_EDGE('',*,*,#7075,.F.);
#9988=ORIENTED_EDGE('',*,*,#7116,.T.);
#9989=ORIENTED_EDGE('',*,*,#7117,.F.);
#9990=ORIENTED_EDGE('',*,*,#6897,.F.);
#9991=ORIENTED_EDGE('',*,*,#7069,.F.);
#9992=ORIENTED_EDGE('',*,*,#6917,.F.);
#9993=ORIENTED_EDGE('',*,*,#7076,.F.);
#9994=ORIENTED_EDGE('',*,*,#7118,.F.);
#9995=ORIENTED_EDGE('',*,*,#7119,.F.);
#9996=ORIENTED_EDGE('',*,*,#7021,.F.);
#9997=ORIENTED_EDGE('',*,*,#7120,.T.);
#9998=ORIENTED_EDGE('',*,*,#7121,.T.);
#9999=ORIENTED_EDGE('',*,*,#7122,.F.);
#10000=ORIENTED_EDGE('',*,*,#6955,.T.);
#10001=ORIENTED_EDGE('',*,*,#7052,.T.);
#10002=ORIENTED_EDGE('',*,*,#6975,.T.);
#10003=ORIENTED_EDGE('',*,*,#7081,.F.);
#10004=ORIENTED_EDGE('',*,*,#7026,.F.);
#10005=ORIENTED_EDGE('',*,*,#7050,.T.);
#10006=ORIENTED_EDGE('',*,*,#6992,.T.);
#10007=ORIENTED_EDGE('',*,*,#7003,.F.);
#10008=ORIENTED_EDGE('',*,*,#7038,.F.);
#10009=ORIENTED_EDGE('',*,*,#7048,.T.);
#10010=ORIENTED_EDGE('',*,*,#7013,.T.);
#10011=ORIENTED_EDGE('',*,*,#7018,.F.);
#10012=ORIENTED_EDGE('',*,*,#6940,.F.);
#10013=ORIENTED_EDGE('',*,*,#7058,.F.);
#10014=ORIENTED_EDGE('',*,*,#6943,.T.);
#10015=ORIENTED_EDGE('',*,*,#7071,.F.);
#10016=ORIENTED_EDGE('',*,*,#6885,.F.);
#10017=ORIENTED_EDGE('',*,*,#7056,.F.);
#10018=ORIENTED_EDGE('',*,*,#6920,.T.);
#10019=ORIENTED_EDGE('',*,*,#7077,.F.);
#10020=ORIENTED_EDGE('',*,*,#6894,.F.);
#10021=ORIENTED_EDGE('',*,*,#7123,.T.);
#10022=ORIENTED_EDGE('',*,*,#7124,.T.);
#10023=ORIENTED_EDGE('',*,*,#7125,.T.);
#10024=ORIENTED_EDGE('',*,*,#7123,.F.);
#10025=ORIENTED_EDGE('',*,*,#6893,.T.);
#10026=ORIENTED_EDGE('',*,*,#7053,.T.);
#10027=ORIENTED_EDGE('',*,*,#7126,.T.);
#10028=ORIENTED_EDGE('',*,*,#7127,.T.);
#10029=ORIENTED_EDGE('',*,*,#7126,.F.);
#10030=ORIENTED_EDGE('',*,*,#7054,.F.);
#10031=ORIENTED_EDGE('',*,*,#6927,.T.);
#10032=ORIENTED_EDGE('',*,*,#6926,.T.);
#10033=ORIENTED_EDGE('',*,*,#7128,.F.);
#10034=ORIENTED_EDGE('',*,*,#7124,.F.);
#10035=ORIENTED_EDGE('',*,*,#7127,.F.);
#10036=ORIENTED_EDGE('',*,*,#7129,.F.);
#10037=ORIENTED_EDGE('',*,*,#7130,.F.);
#10038=ORIENTED_EDGE('',*,*,#7121,.F.);
#10039=ORIENTED_EDGE('',*,*,#7125,.F.);
#10040=ORIENTED_EDGE('',*,*,#7128,.T.);
#10041=ORIENTED_EDGE('',*,*,#7131,.F.);
#10042=ORIENTED_EDGE('',*,*,#7132,.T.);
#10043=ORIENTED_EDGE('',*,*,#7008,.F.);
#10044=ORIENTED_EDGE('',*,*,#7007,.F.);
#10045=ORIENTED_EDGE('',*,*,#7046,.T.);
#10046=ORIENTED_EDGE('',*,*,#7133,.T.);
#10047=ORIENTED_EDGE('',*,*,#7044,.F.);
#10048=ORIENTED_EDGE('',*,*,#6997,.F.);
#10049=ORIENTED_EDGE('',*,*,#6989,.T.);
#10050=ORIENTED_EDGE('',*,*,#7134,.T.);
#10051=ORIENTED_EDGE('',*,*,#6987,.F.);
#10052=ORIENTED_EDGE('',*,*,#6986,.F.);
#10053=ORIENTED_EDGE('',*,*,#7035,.T.);
#10054=ORIENTED_EDGE('',*,*,#7135,.T.);
#10055=ORIENTED_EDGE('',*,*,#7033,.F.);
#10056=ORIENTED_EDGE('',*,*,#6980,.F.);
#10057=ORIENTED_EDGE('',*,*,#6966,.T.);
#10058=ORIENTED_EDGE('',*,*,#7136,.T.);
#10059=ORIENTED_EDGE('',*,*,#6964,.F.);
#10060=ORIENTED_EDGE('',*,*,#6961,.F.);
#10061=ORIENTED_EDGE('',*,*,#6951,.T.);
#10062=ORIENTED_EDGE('',*,*,#7137,.T.);
#10063=ORIENTED_EDGE('',*,*,#7138,.F.);
#10064=ORIENTED_EDGE('',*,*,#6957,.T.);
#10065=ORIENTED_EDGE('',*,*,#7139,.T.);
#10066=ORIENTED_EDGE('',*,*,#7140,.T.);
#10067=ORIENTED_EDGE('',*,*,#7131,.T.);
#10068=ORIENTED_EDGE('',*,*,#6925,.T.);
#10069=ORIENTED_EDGE('',*,*,#6905,.T.);
#10070=ORIENTED_EDGE('',*,*,#7141,.T.);
#10071=ORIENTED_EDGE('',*,*,#6903,.F.);
#10072=ORIENTED_EDGE('',*,*,#6928,.F.);
#10073=ORIENTED_EDGE('',*,*,#6911,.T.);
#10074=ORIENTED_EDGE('',*,*,#7142,.T.);
#10075=ORIENTED_EDGE('',*,*,#6909,.F.);
#10076=ORIENTED_EDGE('',*,*,#6923,.T.);
#10077=ORIENTED_EDGE('',*,*,#6890,.T.);
#10078=ORIENTED_EDGE('',*,*,#7143,.T.);
#10079=ORIENTED_EDGE('',*,*,#6888,.F.);
#10080=ORIENTED_EDGE('',*,*,#6931,.F.);
#10081=ORIENTED_EDGE('',*,*,#6949,.T.);
#10082=ORIENTED_EDGE('',*,*,#7144,.T.);
#10083=ORIENTED_EDGE('',*,*,#6947,.F.);
#10084=ORIENTED_EDGE('',*,*,#7023,.F.);
#10085=ORIENTED_EDGE('',*,*,#6936,.T.);
#10086=ORIENTED_EDGE('',*,*,#7145,.T.);
#10087=ORIENTED_EDGE('',*,*,#6934,.F.);
#10088=ORIENTED_EDGE('',*,*,#7017,.F.);
#10089=ORIENTED_EDGE('',*,*,#7010,.T.);
#10090=ORIENTED_EDGE('',*,*,#7146,.F.);
#10091=ORIENTED_EDGE('',*,*,#7137,.F.);
#10092=ORIENTED_EDGE('',*,*,#7147,.T.);
#10093=ORIENTED_EDGE('',*,*,#7148,.T.);
#10094=ORIENTED_EDGE('',*,*,#7129,.T.);
#10095=ORIENTED_EDGE('',*,*,#7140,.F.);
#10096=ORIENTED_EDGE('',*,*,#6904,.F.);
#10097=ORIENTED_EDGE('',*,*,#7141,.F.);
#10098=ORIENTED_EDGE('',*,*,#6910,.F.);
#10099=ORIENTED_EDGE('',*,*,#7142,.F.);
#10100=ORIENTED_EDGE('',*,*,#6889,.F.);
#10101=ORIENTED_EDGE('',*,*,#7143,.F.);
#10102=ORIENTED_EDGE('',*,*,#6948,.F.);
#10103=ORIENTED_EDGE('',*,*,#7144,.F.);
#10104=ORIENTED_EDGE('',*,*,#6935,.F.);
#10105=ORIENTED_EDGE('',*,*,#7145,.F.);
#10106=ORIENTED_EDGE('',*,*,#7009,.F.);
#10107=ORIENTED_EDGE('',*,*,#7132,.F.);
#10108=ORIENTED_EDGE('',*,*,#7045,.F.);
#10109=ORIENTED_EDGE('',*,*,#7133,.F.);
#10110=ORIENTED_EDGE('',*,*,#6988,.F.);
#10111=ORIENTED_EDGE('',*,*,#7134,.F.);
#10112=ORIENTED_EDGE('',*,*,#7034,.F.);
#10113=ORIENTED_EDGE('',*,*,#7135,.F.);
#10114=ORIENTED_EDGE('',*,*,#6965,.F.);
#10115=ORIENTED_EDGE('',*,*,#7136,.F.);
#10116=ORIENTED_EDGE('',*,*,#6950,.T.);
#10117=ORIENTED_EDGE('',*,*,#7149,.T.);
#10118=ORIENTED_EDGE('',*,*,#7148,.F.);
#10119=ORIENTED_EDGE('',*,*,#7150,.T.);
#10120=ORIENTED_EDGE('',*,*,#7118,.T.);
#10121=ORIENTED_EDGE('',*,*,#7151,.T.);
#10122=ORIENTED_EDGE('',*,*,#7149,.F.);
#10123=ORIENTED_EDGE('',*,*,#6956,.T.);
#10124=ORIENTED_EDGE('',*,*,#7122,.T.);
#10125=ORIENTED_EDGE('',*,*,#7130,.T.);
#10126=ORIENTED_EDGE('',*,*,#7115,.T.);
#10127=ORIENTED_EDGE('',*,*,#7113,.T.);
#10128=ORIENTED_EDGE('',*,*,#6898,.T.);
#10129=ORIENTED_EDGE('',*,*,#7117,.T.);
#10130=ORIENTED_EDGE('',*,*,#6971,.T.);
#10131=ORIENTED_EDGE('',*,*,#7098,.T.);
#10132=ORIENTED_EDGE('',*,*,#7111,.T.);
#10133=ORIENTED_EDGE('',*,*,#7112,.T.);
#10134=ORIENTED_EDGE('',*,*,#7107,.T.);
#10135=ORIENTED_EDGE('',*,*,#7105,.T.);
#10136=ORIENTED_EDGE('',*,*,#7103,.T.);
#10137=ORIENTED_EDGE('',*,*,#7109,.T.);
#10138=ORIENTED_EDGE('',*,*,#7101,.T.);
#10139=ORIENTED_EDGE('',*,*,#7099,.T.);
#10140=ORIENTED_EDGE('',*,*,#7093,.T.);
#10141=ORIENTED_EDGE('',*,*,#7096,.T.);
#10142=ORIENTED_EDGE('',*,*,#7146,.T.);
#10143=ORIENTED_EDGE('',*,*,#7151,.F.);
#10144=ORIENTED_EDGE('',*,*,#7120,.F.);
#10145=ORIENTED_EDGE('',*,*,#7020,.F.);
#10146=ORIENTED_EDGE('',*,*,#6958,.T.);
#10147=ORIENTED_EDGE('',*,*,#7138,.T.);
#10148=ORIENTED_EDGE('',*,*,#7147,.F.);
#10149=ORIENTED_EDGE('',*,*,#7139,.F.);
#10150=ORIENTED_EDGE('',*,*,#6960,.F.);
#10151=ORIENTED_EDGE('',*,*,#7019,.F.);
#10152=ORIENTED_EDGE('',*,*,#7119,.T.);
#10153=ORIENTED_EDGE('',*,*,#7150,.F.);
#10154=ORIENTED_EDGE('',*,*,#7152,.T.);
#10155=ORIENTED_EDGE('',*,*,#7153,.T.);
#10156=ORIENTED_EDGE('',*,*,#7154,.T.);
#10157=ORIENTED_EDGE('',*,*,#7155,.T.);
#10158=ORIENTED_EDGE('',*,*,#7153,.F.);
#10159=ORIENTED_EDGE('',*,*,#7156,.T.);
#10160=ORIENTED_EDGE('',*,*,#7157,.F.);
#10161=ORIENTED_EDGE('',*,*,#7158,.T.);
#10162=ORIENTED_EDGE('',*,*,#7152,.F.);
#10163=ORIENTED_EDGE('',*,*,#7159,.F.);
#10164=ORIENTED_EDGE('',*,*,#7160,.F.);
#10165=ORIENTED_EDGE('',*,*,#7161,.F.);
#10166=ORIENTED_EDGE('',*,*,#7162,.F.);
#10167=ORIENTED_EDGE('',*,*,#7163,.F.);
#10168=ORIENTED_EDGE('',*,*,#7164,.F.);
#10169=ORIENTED_EDGE('',*,*,#7156,.F.);
#10170=ORIENTED_EDGE('',*,*,#7165,.F.);
#10171=ORIENTED_EDGE('',*,*,#7166,.F.);
#10172=ORIENTED_EDGE('',*,*,#7167,.F.);
#10173=ORIENTED_EDGE('',*,*,#7168,.F.);
#10174=ORIENTED_EDGE('',*,*,#7169,.T.);
#10175=ORIENTED_EDGE('',*,*,#7157,.T.);
#10176=ORIENTED_EDGE('',*,*,#7164,.T.);
#10177=ORIENTED_EDGE('',*,*,#7170,.T.);
#10178=ORIENTED_EDGE('',*,*,#7170,.F.);
#10179=ORIENTED_EDGE('',*,*,#7163,.T.);
#10180=ORIENTED_EDGE('',*,*,#7171,.F.);
#10181=ORIENTED_EDGE('',*,*,#7172,.F.);
#10182=ORIENTED_EDGE('',*,*,#7173,.T.);
#10183=ORIENTED_EDGE('',*,*,#7174,.T.);
#10184=ORIENTED_EDGE('',*,*,#7175,.T.);
#10185=ORIENTED_EDGE('',*,*,#7160,.T.);
#10186=ORIENTED_EDGE('',*,*,#7176,.T.);
#10187=ORIENTED_EDGE('',*,*,#7155,.F.);
#10188=ORIENTED_EDGE('',*,*,#7177,.F.);
#10189=ORIENTED_EDGE('',*,*,#7176,.F.);
#10190=ORIENTED_EDGE('',*,*,#7159,.T.);
#10191=ORIENTED_EDGE('',*,*,#7175,.F.);
#10192=ORIENTED_EDGE('',*,*,#7178,.F.);
#10193=ORIENTED_EDGE('',*,*,#7179,.F.);
#10194=ORIENTED_EDGE('',*,*,#7161,.T.);
#10195=ORIENTED_EDGE('',*,*,#7179,.T.);
#10196=ORIENTED_EDGE('',*,*,#7180,.T.);
#10197=ORIENTED_EDGE('',*,*,#7181,.T.);
#10198=ORIENTED_EDGE('',*,*,#7171,.T.);
#10199=ORIENTED_EDGE('',*,*,#7162,.T.);
#10200=ORIENTED_EDGE('',*,*,#7174,.F.);
#10201=ORIENTED_EDGE('',*,*,#7182,.T.);
#10202=ORIENTED_EDGE('',*,*,#7183,.T.);
#10203=ORIENTED_EDGE('',*,*,#7184,.T.);
#10204=ORIENTED_EDGE('',*,*,#7180,.F.);
#10205=ORIENTED_EDGE('',*,*,#7178,.T.);
#10206=ORIENTED_EDGE('',*,*,#7166,.T.);
#10207=ORIENTED_EDGE('',*,*,#7185,.T.);
#10208=ORIENTED_EDGE('',*,*,#7183,.F.);
#10209=ORIENTED_EDGE('',*,*,#7186,.F.);
#10210=ORIENTED_EDGE('',*,*,#7167,.T.);
#10211=ORIENTED_EDGE('',*,*,#7186,.T.);
#10212=ORIENTED_EDGE('',*,*,#7187,.F.);
#10213=ORIENTED_EDGE('',*,*,#7188,.F.);
#10214=ORIENTED_EDGE('',*,*,#7168,.T.);
#10215=ORIENTED_EDGE('',*,*,#7188,.T.);
#10216=ORIENTED_EDGE('',*,*,#7189,.F.);
#10217=ORIENTED_EDGE('',*,*,#7190,.F.);
#10218=ORIENTED_EDGE('',*,*,#7165,.T.);
#10219=ORIENTED_EDGE('',*,*,#7190,.T.);
#10220=ORIENTED_EDGE('',*,*,#7191,.F.);
#10221=ORIENTED_EDGE('',*,*,#7185,.F.);
#10222=ORIENTED_EDGE('',*,*,#7154,.F.);
#10223=ORIENTED_EDGE('',*,*,#7158,.F.);
#10224=ORIENTED_EDGE('',*,*,#7169,.F.);
#10225=ORIENTED_EDGE('',*,*,#7172,.T.);
#10226=ORIENTED_EDGE('',*,*,#7181,.F.);
#10227=ORIENTED_EDGE('',*,*,#7184,.F.);
#10228=ORIENTED_EDGE('',*,*,#7191,.T.);
#10229=ORIENTED_EDGE('',*,*,#7189,.T.);
#10230=ORIENTED_EDGE('',*,*,#7187,.T.);
#10231=ORIENTED_EDGE('',*,*,#7182,.F.);
#10232=ORIENTED_EDGE('',*,*,#7173,.F.);
#10233=ORIENTED_EDGE('',*,*,#7177,.T.);
#10234=ORIENTED_EDGE('',*,*,#7192,.F.);
#10235=ORIENTED_EDGE('',*,*,#7193,.F.);
#10236=ORIENTED_EDGE('',*,*,#7194,.F.);
#10237=ORIENTED_EDGE('',*,*,#7195,.F.);
#10238=ORIENTED_EDGE('',*,*,#7196,.F.);
#10239=ORIENTED_EDGE('',*,*,#7197,.F.);
#10240=ORIENTED_EDGE('',*,*,#7198,.F.);
#10241=ORIENTED_EDGE('',*,*,#7195,.T.);
#10242=ORIENTED_EDGE('',*,*,#7199,.T.);
#10243=ORIENTED_EDGE('',*,*,#7200,.F.);
#10244=ORIENTED_EDGE('',*,*,#7201,.F.);
#10245=ORIENTED_EDGE('',*,*,#7202,.F.);
#10246=ORIENTED_EDGE('',*,*,#7203,.T.);
#10247=ORIENTED_EDGE('',*,*,#7193,.T.);
#10248=ORIENTED_EDGE('',*,*,#7204,.F.);
#10249=ORIENTED_EDGE('',*,*,#7205,.F.);
#10250=ORIENTED_EDGE('',*,*,#7206,.F.);
#10251=ORIENTED_EDGE('',*,*,#7199,.F.);
#10252=ORIENTED_EDGE('',*,*,#7194,.T.);
#10253=ORIENTED_EDGE('',*,*,#7203,.F.);
#10254=ORIENTED_EDGE('',*,*,#7205,.T.);
#10255=ORIENTED_EDGE('',*,*,#7207,.T.);
#10256=ORIENTED_EDGE('',*,*,#7208,.T.);
#10257=ORIENTED_EDGE('',*,*,#7209,.F.);
#10258=ORIENTED_EDGE('',*,*,#7210,.F.);
#10259=ORIENTED_EDGE('',*,*,#7197,.T.);
#10260=ORIENTED_EDGE('',*,*,#7211,.F.);
#10261=ORIENTED_EDGE('',*,*,#7212,.T.);
#10262=ORIENTED_EDGE('',*,*,#7213,.T.);
#10263=ORIENTED_EDGE('',*,*,#7214,.T.);
#10264=ORIENTED_EDGE('',*,*,#7196,.T.);
#10265=ORIENTED_EDGE('',*,*,#7215,.F.);
#10266=ORIENTED_EDGE('',*,*,#7216,.T.);
#10267=ORIENTED_EDGE('',*,*,#7217,.T.);
#10268=ORIENTED_EDGE('',*,*,#7218,.F.);
#10269=ORIENTED_EDGE('',*,*,#7219,.T.);
#10270=ORIENTED_EDGE('',*,*,#7220,.T.);
#10271=ORIENTED_EDGE('',*,*,#7221,.T.);
#10272=ORIENTED_EDGE('',*,*,#7222,.F.);
#10273=ORIENTED_EDGE('',*,*,#7223,.F.);
#10274=ORIENTED_EDGE('',*,*,#7201,.T.);
#10275=ORIENTED_EDGE('',*,*,#7210,.T.);
#10276=ORIENTED_EDGE('',*,*,#7224,.T.);
#10277=ORIENTED_EDGE('',*,*,#7225,.T.);
#10278=ORIENTED_EDGE('',*,*,#7226,.T.);
#10279=ORIENTED_EDGE('',*,*,#7227,.T.);
#10280=ORIENTED_EDGE('',*,*,#7228,.T.);
#10281=ORIENTED_EDGE('',*,*,#7229,.T.);
#10282=ORIENTED_EDGE('',*,*,#7211,.T.);
#10283=ORIENTED_EDGE('',*,*,#7200,.T.);
#10284=ORIENTED_EDGE('',*,*,#7206,.T.);
#10285=ORIENTED_EDGE('',*,*,#7202,.T.);
#10286=ORIENTED_EDGE('',*,*,#7223,.T.);
#10287=ORIENTED_EDGE('',*,*,#7230,.T.);
#10288=ORIENTED_EDGE('',*,*,#7231,.F.);
#10289=ORIENTED_EDGE('',*,*,#7232,.F.);
#10290=ORIENTED_EDGE('',*,*,#7233,.F.);
#10291=ORIENTED_EDGE('',*,*,#7234,.F.);
#10292=ORIENTED_EDGE('',*,*,#7215,.T.);
#10293=ORIENTED_EDGE('',*,*,#7235,.T.);
#10294=ORIENTED_EDGE('',*,*,#7225,.F.);
#10295=ORIENTED_EDGE('',*,*,#7236,.T.);
#10296=ORIENTED_EDGE('',*,*,#7237,.T.);
#10297=ORIENTED_EDGE('',*,*,#7238,.F.);
#10298=ORIENTED_EDGE('',*,*,#7239,.T.);
#10299=ORIENTED_EDGE('',*,*,#7240,.F.);
#10300=ORIENTED_EDGE('',*,*,#7241,.F.);
#10301=ORIENTED_EDGE('',*,*,#7242,.F.);
#10302=ORIENTED_EDGE('',*,*,#7239,.F.);
#10303=ORIENTED_EDGE('',*,*,#7243,.F.);
#10304=ORIENTED_EDGE('',*,*,#7213,.F.);
#10305=ORIENTED_EDGE('',*,*,#7198,.T.);
#10306=ORIENTED_EDGE('',*,*,#7214,.F.);
#10307=ORIENTED_EDGE('',*,*,#7243,.T.);
#10308=ORIENTED_EDGE('',*,*,#7244,.T.);
#10309=ORIENTED_EDGE('',*,*,#7245,.T.);
#10310=ORIENTED_EDGE('',*,*,#7207,.F.);
#10311=ORIENTED_EDGE('',*,*,#7204,.T.);
#10312=ORIENTED_EDGE('',*,*,#7192,.T.);
#10313=ORIENTED_EDGE('',*,*,#7238,.T.);
#10314=ORIENTED_EDGE('',*,*,#7246,.F.);
#10315=ORIENTED_EDGE('',*,*,#7247,.T.);
#10316=ORIENTED_EDGE('',*,*,#7244,.F.);
#10317=ORIENTED_EDGE('',*,*,#7248,.F.);
#10318=ORIENTED_EDGE('',*,*,#7241,.T.);
#10319=ORIENTED_EDGE('',*,*,#7249,.F.);
#10320=ORIENTED_EDGE('',*,*,#7250,.F.);
#10321=ORIENTED_EDGE('',*,*,#7251,.F.);
#10322=ORIENTED_EDGE('',*,*,#7250,.T.);
#10323=ORIENTED_EDGE('',*,*,#7252,.F.);
#10324=ORIENTED_EDGE('',*,*,#7253,.F.);
#10325=ORIENTED_EDGE('',*,*,#7229,.F.);
#10326=ORIENTED_EDGE('',*,*,#7254,.F.);
#10327=ORIENTED_EDGE('',*,*,#7254,.T.);
#10328=ORIENTED_EDGE('',*,*,#7228,.F.);
#10329=ORIENTED_EDGE('',*,*,#7255,.T.);
#10330=ORIENTED_EDGE('',*,*,#7249,.T.);
#10331=ORIENTED_EDGE('',*,*,#7240,.T.);
#10332=ORIENTED_EDGE('',*,*,#7242,.T.);
#10333=ORIENTED_EDGE('',*,*,#7212,.F.);
#10334=ORIENTED_EDGE('',*,*,#7245,.F.);
#10335=ORIENTED_EDGE('',*,*,#7256,.T.);
#10336=ORIENTED_EDGE('',*,*,#7257,.F.);
#10337=ORIENTED_EDGE('',*,*,#7208,.F.);
#10338=ORIENTED_EDGE('',*,*,#7258,.F.);
#10339=ORIENTED_EDGE('',*,*,#7259,.T.);
#10340=ORIENTED_EDGE('',*,*,#7256,.F.);
#10341=ORIENTED_EDGE('',*,*,#7247,.F.);
#10342=ORIENTED_EDGE('',*,*,#7260,.F.);
#10343=ORIENTED_EDGE('',*,*,#7258,.T.);
#10344=ORIENTED_EDGE('',*,*,#7261,.F.);
#10345=ORIENTED_EDGE('',*,*,#7262,.F.);
#10346=ORIENTED_EDGE('',*,*,#7261,.T.);
#10347=ORIENTED_EDGE('',*,*,#7246,.T.);
#10348=ORIENTED_EDGE('',*,*,#7248,.T.);
#10349=ORIENTED_EDGE('',*,*,#7251,.T.);
#10350=ORIENTED_EDGE('',*,*,#7263,.T.);
#10351=ORIENTED_EDGE('',*,*,#7264,.T.);
#10352=ORIENTED_EDGE('',*,*,#7265,.F.);
#10353=ORIENTED_EDGE('',*,*,#7263,.F.);
#10354=ORIENTED_EDGE('',*,*,#7253,.T.);
#10355=ORIENTED_EDGE('',*,*,#7266,.F.);
#10356=ORIENTED_EDGE('',*,*,#7252,.T.);
#10357=ORIENTED_EDGE('',*,*,#7255,.F.);
#10358=ORIENTED_EDGE('',*,*,#7227,.F.);
#10359=ORIENTED_EDGE('',*,*,#7267,.F.);
#10360=ORIENTED_EDGE('',*,*,#7224,.F.);
#10361=ORIENTED_EDGE('',*,*,#7209,.T.);
#10362=ORIENTED_EDGE('',*,*,#7257,.T.);
#10363=ORIENTED_EDGE('',*,*,#7259,.F.);
#10364=ORIENTED_EDGE('',*,*,#7260,.T.);
#10365=ORIENTED_EDGE('',*,*,#7236,.F.);
#10366=ORIENTED_EDGE('',*,*,#7237,.F.);
#10367=ORIENTED_EDGE('',*,*,#7262,.T.);
#10368=ORIENTED_EDGE('',*,*,#7264,.F.);
#10369=ORIENTED_EDGE('',*,*,#7265,.T.);
#10370=ORIENTED_EDGE('',*,*,#7235,.F.);
#10371=ORIENTED_EDGE('',*,*,#7266,.T.);
#10372=ORIENTED_EDGE('',*,*,#7267,.T.);
#10373=ORIENTED_EDGE('',*,*,#7226,.F.);
#10374=ORIENTED_EDGE('',*,*,#7268,.T.);
#10375=ORIENTED_EDGE('',*,*,#7269,.T.);
#10376=ORIENTED_EDGE('',*,*,#7270,.T.);
#10377=ORIENTED_EDGE('',*,*,#7271,.F.);
#10378=ORIENTED_EDGE('',*,*,#7272,.T.);
#10379=ORIENTED_EDGE('',*,*,#7233,.T.);
#10380=ORIENTED_EDGE('',*,*,#7273,.T.);
#10381=ORIENTED_EDGE('',*,*,#7274,.T.);
#10382=ORIENTED_EDGE('',*,*,#7275,.T.);
#10383=ORIENTED_EDGE('',*,*,#7276,.T.);
#10384=ORIENTED_EDGE('',*,*,#7277,.T.);
#10385=ORIENTED_EDGE('',*,*,#7274,.F.);
#10386=ORIENTED_EDGE('',*,*,#7278,.T.);
#10387=ORIENTED_EDGE('',*,*,#7279,.T.);
#10388=ORIENTED_EDGE('',*,*,#7280,.T.);
#10389=ORIENTED_EDGE('',*,*,#7276,.F.);
#10390=ORIENTED_EDGE('',*,*,#7281,.T.);
#10391=ORIENTED_EDGE('',*,*,#7282,.T.);
#10392=ORIENTED_EDGE('',*,*,#7283,.T.);
#10393=ORIENTED_EDGE('',*,*,#7279,.F.);
#10394=ORIENTED_EDGE('',*,*,#7284,.T.);
#10395=ORIENTED_EDGE('',*,*,#7285,.T.);
#10396=ORIENTED_EDGE('',*,*,#7286,.T.);
#10397=ORIENTED_EDGE('',*,*,#7287,.T.);
#10398=ORIENTED_EDGE('',*,*,#7282,.F.);
#10399=ORIENTED_EDGE('',*,*,#7283,.F.);
#10400=ORIENTED_EDGE('',*,*,#7288,.T.);
#10401=ORIENTED_EDGE('',*,*,#7218,.T.);
#10402=ORIENTED_EDGE('',*,*,#7289,.T.);
#10403=ORIENTED_EDGE('',*,*,#7287,.F.);
#10404=ORIENTED_EDGE('',*,*,#7290,.F.);
#10405=ORIENTED_EDGE('',*,*,#7219,.F.);
#10406=ORIENTED_EDGE('',*,*,#7288,.F.);
#10407=ORIENTED_EDGE('',*,*,#7286,.F.);
#10408=ORIENTED_EDGE('',*,*,#7291,.F.);
#10409=ORIENTED_EDGE('',*,*,#7292,.F.);
#10410=ORIENTED_EDGE('',*,*,#7220,.F.);
#10411=ORIENTED_EDGE('',*,*,#7290,.T.);
#10412=ORIENTED_EDGE('',*,*,#7293,.T.);
#10413=ORIENTED_EDGE('',*,*,#7231,.T.);
#10414=ORIENTED_EDGE('',*,*,#7294,.T.);
#10415=ORIENTED_EDGE('',*,*,#7270,.F.);
#10416=ORIENTED_EDGE('',*,*,#7275,.F.);
#10417=ORIENTED_EDGE('',*,*,#7295,.T.);
#10418=ORIENTED_EDGE('',*,*,#7269,.F.);
#10419=ORIENTED_EDGE('',*,*,#7296,.T.);
#10420=ORIENTED_EDGE('',*,*,#7273,.F.);
#10421=ORIENTED_EDGE('',*,*,#7232,.T.);
#10422=ORIENTED_EDGE('',*,*,#7293,.F.);
#10423=ORIENTED_EDGE('',*,*,#7295,.F.);
#10424=ORIENTED_EDGE('',*,*,#7297,.F.);
#10425=ORIENTED_EDGE('',*,*,#7297,.T.);
#10426=ORIENTED_EDGE('',*,*,#7216,.F.);
#10427=ORIENTED_EDGE('',*,*,#7234,.T.);
#10428=ORIENTED_EDGE('',*,*,#7272,.F.);
#10429=ORIENTED_EDGE('',*,*,#7277,.F.);
#10430=ORIENTED_EDGE('',*,*,#7280,.F.);
#10431=ORIENTED_EDGE('',*,*,#7289,.F.);
#10432=ORIENTED_EDGE('',*,*,#7217,.F.);
#10433=ORIENTED_EDGE('',*,*,#7298,.F.);
#10434=ORIENTED_EDGE('',*,*,#7299,.F.);
#10435=ORIENTED_EDGE('',*,*,#7221,.F.);
#10436=ORIENTED_EDGE('',*,*,#7292,.T.);
#10437=ORIENTED_EDGE('',*,*,#7300,.T.);
#10438=ORIENTED_EDGE('',*,*,#7301,.F.);
#10439=ORIENTED_EDGE('',*,*,#7298,.T.);
#10440=ORIENTED_EDGE('',*,*,#7291,.T.);
#10441=ORIENTED_EDGE('',*,*,#7285,.F.);
#10442=ORIENTED_EDGE('',*,*,#7302,.F.);
#10443=ORIENTED_EDGE('',*,*,#7300,.F.);
#10444=ORIENTED_EDGE('',*,*,#7284,.F.);
#10445=ORIENTED_EDGE('',*,*,#7281,.F.);
#10446=ORIENTED_EDGE('',*,*,#7278,.F.);
#10447=ORIENTED_EDGE('',*,*,#7296,.F.);
#10448=ORIENTED_EDGE('',*,*,#7303,.T.);
#10449=ORIENTED_EDGE('',*,*,#7301,.T.);
#10450=ORIENTED_EDGE('',*,*,#7302,.T.);
#10451=ORIENTED_EDGE('',*,*,#7268,.F.);
#10452=ORIENTED_EDGE('',*,*,#7222,.T.);
#10453=ORIENTED_EDGE('',*,*,#7299,.T.);
#10454=ORIENTED_EDGE('',*,*,#7303,.F.);
#10455=ORIENTED_EDGE('',*,*,#7271,.T.);
#10456=ORIENTED_EDGE('',*,*,#7294,.F.);
#10457=ORIENTED_EDGE('',*,*,#7230,.F.);
#10458=CYLINDRICAL_SURFACE('',#11097,2.1);
#10459=CYLINDRICAL_SURFACE('',#11101,2.1);
#10460=CYLINDRICAL_SURFACE('',#11105,2.1);
#10461=CYLINDRICAL_SURFACE('',#11109,2.1);
#10462=CYLINDRICAL_SURFACE('',#11208,0.99999999999998);
#10463=CYLINDRICAL_SURFACE('',#11229,3.);
#10464=CYLINDRICAL_SURFACE('',#11236,3.);
#10465=CYLINDRICAL_SURFACE('',#11243,3.);
#10466=CYLINDRICAL_SURFACE('',#11248,3.);
#10467=CYLINDRICAL_SURFACE('',#11263,1.875);
#10468=CYLINDRICAL_SURFACE('',#11264,1.875);
#10469=CYLINDRICAL_SURFACE('',#11265,1.875);
#10470=CYLINDRICAL_SURFACE('',#11266,1.875);
#10471=CYLINDRICAL_SURFACE('',#11267,0.99999999999998);
#10472=CYLINDRICAL_SURFACE('',#11269,0.99999999999998);
#10473=CYLINDRICAL_SURFACE('',#11271,0.99999999999998);
#10474=CYLINDRICAL_SURFACE('',#11273,0.99999999999998);
#10475=CYLINDRICAL_SURFACE('',#11275,0.99999999999998);
#10476=CYLINDRICAL_SURFACE('',#11277,0.99999999999998);
#10477=CYLINDRICAL_SURFACE('',#11279,0.99999999999998);
#10478=CYLINDRICAL_SURFACE('',#11281,0.99999999999998);
#10479=CYLINDRICAL_SURFACE('',#11300,4.25);
#10480=CYLINDRICAL_SURFACE('',#11301,3.25);
#10481=CYLINDRICAL_SURFACE('',#11309,4.25);
#10482=CYLINDRICAL_SURFACE('',#11310,3.25);
#10483=CYLINDRICAL_SURFACE('',#11311,3.25);
#10484=CYLINDRICAL_SURFACE('',#11316,3.25);
#10485=CYLINDRICAL_SURFACE('',#11354,1.26865641489782);
#10486=CYLINDRICAL_SURFACE('',#11357,1.26865641489782);
#10487=CYLINDRICAL_SURFACE('',#11360,1.26865641489782);
#10488=CYLINDRICAL_SURFACE('',#11363,1.26865641489782);
#10489=CYLINDRICAL_SURFACE('',#11366,1.26865641489782);
#10490=CYLINDRICAL_SURFACE('',#11372,3.25);
#10491=CYLINDRICAL_SURFACE('',#11425,1.00000001490116);
#10492=CYLINDRICAL_SURFACE('',#11429,1.00000001490116);
#10493=CYLINDRICAL_SURFACE('',#11433,1.00000001490116);
#10494=CYLINDRICAL_SURFACE('',#11437,1.00000001490116);
#10495=CYLINDRICAL_SURFACE('',#11441,1.00000001490116);
#10496=CYLINDRICAL_SURFACE('',#11445,1.00000001490116);
#10497=CYLINDRICAL_SURFACE('',#11458,1.91052601911439);
#10498=CYLINDRICAL_SURFACE('',#11461,1.91052601911439);
#10499=CYLINDRICAL_SURFACE('',#11484,1.91052601911439);
#10500=CYLINDRICAL_SURFACE('',#11509,1.91052601911439);
#10501=CYLINDRICAL_SURFACE('',#11517,1.91052601911439);
#10502=CYLINDRICAL_SURFACE('',#11525,1.91052601911439);
#10503=CYLINDRICAL_SURFACE('',#11533,1.91052601911439);
#10504=CYLINDRICAL_SURFACE('',#11541,1.91052601911439);
#10505=CYLINDRICAL_SURFACE('',#11549,1.91052601911439);
#10506=CYLINDRICAL_SURFACE('',#11556,1.91052601911439);
#10507=CYLINDRICAL_SURFACE('',#11563,1.91052601911439);
#10508=CYLINDRICAL_SURFACE('',#11571,1.91052601911439);
#10509=CYLINDRICAL_SURFACE('',#11573,1.91052601911439);
#10510=CYLINDRICAL_SURFACE('',#11575,1.91052601911439);
#10511=CYLINDRICAL_SURFACE('',#11577,1.91052601911439);
#10512=CYLINDRICAL_SURFACE('',#11579,1.91052601911439);
#10513=CYLINDRICAL_SURFACE('',#11581,1.91052601911439);
#10514=CYLINDRICAL_SURFACE('',#11583,1.91052601911439);
#10515=ADVANCED_FACE('',(#650),#10458,.F.);
#10516=ADVANCED_FACE('',(#651),#186,.F.);
#10517=ADVANCED_FACE('',(#652),#10459,.F.);
#10518=ADVANCED_FACE('',(#653),#187,.F.);
#10519=ADVANCED_FACE('',(#654),#10460,.F.);
#10520=ADVANCED_FACE('',(#655),#188,.F.);
#10521=ADVANCED_FACE('',(#656),#10461,.F.);
#10522=ADVANCED_FACE('',(#657),#189,.F.);
#10523=ADVANCED_FACE('',(#658),#190,.T.);
#10524=ADVANCED_FACE('',(#659),#191,.T.);
#10525=ADVANCED_FACE('',(#660),#192,.T.);
#10526=ADVANCED_FACE('',(#661,#124),#193,.T.);
#10527=ADVANCED_FACE('',(#662),#194,.T.);
#10528=ADVANCED_FACE('',(#663,#125),#195,.T.);
#10529=ADVANCED_FACE('',(#664),#196,.T.);
#10530=ADVANCED_FACE('',(#665),#197,.T.);
#10531=ADVANCED_FACE('',(#666),#198,.T.);
#10532=ADVANCED_FACE('',(#667),#199,.T.);
#10533=ADVANCED_FACE('',(#668,#126),#200,.T.);
#10534=ADVANCED_FACE('',(#669),#201,.T.);
#10535=ADVANCED_FACE('',(#670),#202,.T.);
#10536=ADVANCED_FACE('',(#671),#203,.T.);
#10537=ADVANCED_FACE('',(#672),#204,.T.);
#10538=ADVANCED_FACE('',(#673),#205,.T.);
#10539=ADVANCED_FACE('',(#674,#127),#206,.T.);
#10540=ADVANCED_FACE('',(#675),#207,.T.);
#10541=ADVANCED_FACE('',(#676),#208,.T.);
#10542=ADVANCED_FACE('',(#677),#209,.T.);
#10543=ADVANCED_FACE('',(#678,#128),#210,.T.);
#10544=ADVANCED_FACE('',(#679),#211,.T.);
#10545=ADVANCED_FACE('',(#680),#212,.T.);
#10546=ADVANCED_FACE('',(#681),#213,.T.);
#10547=ADVANCED_FACE('',(#682),#214,.F.);
#10548=ADVANCED_FACE('',(#683),#215,.F.);
#10549=ADVANCED_FACE('',(#684),#216,.F.);
#10550=ADVANCED_FACE('',(#685),#217,.T.);
#10551=ADVANCED_FACE('',(#686),#218,.T.);
#10552=ADVANCED_FACE('',(#687),#219,.F.);
#10553=ADVANCED_FACE('',(#688),#220,.F.);
#10554=ADVANCED_FACE('',(#689),#221,.F.);
#10555=ADVANCED_FACE('',(#690),#222,.T.);
#10556=ADVANCED_FACE('',(#691),#223,.T.);
#10557=ADVANCED_FACE('',(#692),#224,.T.);
#10558=ADVANCED_FACE('',(#693),#225,.T.);
#10559=ADVANCED_FACE('',(#694),#226,.T.);
#10560=ADVANCED_FACE('',(#695),#227,.T.);
#10561=ADVANCED_FACE('',(#696),#228,.F.);
#10562=ADVANCED_FACE('',(#697),#229,.T.);
#10563=ADVANCED_FACE('',(#698),#230,.F.);
#10564=ADVANCED_FACE('',(#699),#231,.F.);
#10565=ADVANCED_FACE('',(#700),#232,.F.);
#10566=ADVANCED_FACE('',(#701),#233,.F.);
#10567=ADVANCED_FACE('',(#702),#234,.F.);
#10568=ADVANCED_FACE('',(#703),#235,.T.);
#10569=ADVANCED_FACE('',(#704),#236,.T.);
#10570=ADVANCED_FACE('',(#705),#237,.T.);
#10571=ADVANCED_FACE('',(#706),#238,.T.);
#10572=ADVANCED_FACE('',(#707),#239,.F.);
#10573=ADVANCED_FACE('',(#708),#240,.T.);
#10574=ADVANCED_FACE('',(#709),#241,.T.);
#10575=ADVANCED_FACE('',(#710),#242,.T.);
#10576=ADVANCED_FACE('',(#711),#243,.T.);
#10577=ADVANCED_FACE('',(#712),#244,.T.);
#10578=ADVANCED_FACE('',(#713),#245,.T.);
#10579=ADVANCED_FACE('',(#714),#246,.T.);
#10580=ADVANCED_FACE('',(#715),#247,.T.);
#10581=ADVANCED_FACE('',(#716,#129),#248,.T.);
#10582=ADVANCED_FACE('',(#717),#249,.T.);
#10583=ADVANCED_FACE('',(#718),#250,.T.);
#10584=ADVANCED_FACE('',(#719),#251,.T.);
#10585=ADVANCED_FACE('',(#720),#252,.T.);
#10586=ADVANCED_FACE('',(#721),#253,.T.);
#10587=ADVANCED_FACE('',(#722),#254,.T.);
#10588=ADVANCED_FACE('',(#723),#255,.T.);
#10589=ADVANCED_FACE('',(#724),#256,.T.);
#10590=ADVANCED_FACE('',(#725),#257,.T.);
#10591=ADVANCED_FACE('',(#726),#258,.T.);
#10592=ADVANCED_FACE('',(#727),#259,.T.);
#10593=ADVANCED_FACE('',(#728),#260,.T.);
#10594=ADVANCED_FACE('',(#729),#261,.T.);
#10595=ADVANCED_FACE('',(#730),#262,.T.);
#10596=ADVANCED_FACE('',(#731,#130,#131,#132,#133,#134),#263,.T.);
#10597=ADVANCED_FACE('',(#732),#264,.T.);
#10598=ADVANCED_FACE('',(#733),#265,.T.);
#10599=ADVANCED_FACE('',(#734),#266,.T.);
#10600=ADVANCED_FACE('',(#735),#267,.T.);
#10601=ADVANCED_FACE('',(#736),#268,.T.);
#10602=ADVANCED_FACE('',(#737),#269,.T.);
#10603=ADVANCED_FACE('',(#738),#270,.T.);
#10604=ADVANCED_FACE('',(#739),#10462,.T.);
#10605=ADVANCED_FACE('',(#740),#25,.F.);
#10606=ADVANCED_FACE('',(#741,#135,#136,#137,#138,#139,#140,#141,#142,#143,
#144,#145),#271,.T.);
#10607=ADVANCED_FACE('',(#742),#10463,.F.);
#10608=ADVANCED_FACE('',(#743),#26,.F.);
#10609=ADVANCED_FACE('',(#744),#10464,.F.);
#10610=ADVANCED_FACE('',(#745),#27,.F.);
#10611=ADVANCED_FACE('',(#746),#10465,.F.);
#10612=ADVANCED_FACE('',(#747),#28,.F.);
#10613=ADVANCED_FACE('',(#748),#10466,.F.);
#10614=ADVANCED_FACE('',(#749,#146),#272,.F.);
#10615=ADVANCED_FACE('',(#750,#147),#273,.F.);
#10616=ADVANCED_FACE('',(#751,#148),#274,.T.);
#10617=ADVANCED_FACE('',(#752,#149),#275,.F.);
#10618=ADVANCED_FACE('',(#753,#150),#276,.F.);
#10619=ADVANCED_FACE('',(#754),#10467,.F.);
#10620=ADVANCED_FACE('',(#755),#10468,.F.);
#10621=ADVANCED_FACE('',(#756),#10469,.F.);
#10622=ADVANCED_FACE('',(#757),#10470,.F.);
#10623=ADVANCED_FACE('',(#758),#10471,.F.);
#10624=ADVANCED_FACE('',(#759),#277,.F.);
#10625=ADVANCED_FACE('',(#760),#10472,.F.);
#10626=ADVANCED_FACE('',(#761),#278,.F.);
#10627=ADVANCED_FACE('',(#762),#10473,.F.);
#10628=ADVANCED_FACE('',(#763),#279,.F.);
#10629=ADVANCED_FACE('',(#764),#10474,.F.);
#10630=ADVANCED_FACE('',(#765),#280,.F.);
#10631=ADVANCED_FACE('',(#766),#10475,.F.);
#10632=ADVANCED_FACE('',(#767),#281,.F.);
#10633=ADVANCED_FACE('',(#768),#10476,.F.);
#10634=ADVANCED_FACE('',(#769),#282,.F.);
#10635=ADVANCED_FACE('',(#770),#10477,.F.);
#10636=ADVANCED_FACE('',(#771),#283,.F.);
#10637=ADVANCED_FACE('',(#772),#10478,.F.);
#10638=ADVANCED_FACE('',(#773),#284,.F.);
#10639=ADVANCED_FACE('',(#774),#285,.T.);
#10640=ADVANCED_FACE('',(#775),#286,.T.);
#10641=ADVANCED_FACE('',(#776),#287,.T.);
#10642=ADVANCED_FACE('',(#777),#288,.T.);
#10643=ADVANCED_FACE('',(#778),#289,.T.);
#10644=ADVANCED_FACE('',(#779),#290,.T.);
#10645=ADVANCED_FACE('',(#780),#291,.T.);
#10646=ADVANCED_FACE('',(#781),#292,.T.);
#10647=ADVANCED_FACE('',(#782),#293,.T.);
#10648=ADVANCED_FACE('',(#783),#294,.T.);
#10649=ADVANCED_FACE('',(#784,#151),#295,.F.);
#10650=ADVANCED_FACE('',(#785),#296,.F.);
#10651=ADVANCED_FACE('',(#786),#10479,.F.);
#10652=ADVANCED_FACE('',(#787),#10480,.F.);
#10653=ADVANCED_FACE('',(#788,#152),#297,.F.);
#10654=ADVANCED_FACE('',(#789),#298,.F.);
#10655=ADVANCED_FACE('',(#790),#10481,.F.);
#10656=ADVANCED_FACE('',(#791),#10482,.F.);
#10657=ADVANCED_FACE('',(#792),#10483,.F.);
#10658=ADVANCED_FACE('',(#793),#299,.F.);
#10659=ADVANCED_FACE('',(#794),#300,.F.);
#10660=ADVANCED_FACE('',(#795),#10484,.F.);
#10661=ADVANCED_FACE('',(#796),#301,.T.);
#10662=ADVANCED_FACE('',(#797),#302,.T.);
#10663=ADVANCED_FACE('',(#798),#303,.T.);
#10664=ADVANCED_FACE('',(#799),#304,.T.);
#10665=ADVANCED_FACE('',(#800),#305,.T.);
#10666=ADVANCED_FACE('',(#801),#306,.T.);
#10667=ADVANCED_FACE('',(#802),#307,.T.);
#10668=ADVANCED_FACE('',(#803),#308,.T.);
#10669=ADVANCED_FACE('',(#804),#309,.T.);
#10670=ADVANCED_FACE('',(#805),#310,.T.);
#10671=ADVANCED_FACE('',(#806),#311,.T.);
#10672=ADVANCED_FACE('',(#807),#312,.T.);
#10673=ADVANCED_FACE('',(#808),#313,.T.);
#10674=ADVANCED_FACE('',(#809),#314,.T.);
#10675=ADVANCED_FACE('',(#810),#315,.T.);
#10676=ADVANCED_FACE('',(#811),#316,.T.);
#10677=ADVANCED_FACE('',(#812),#317,.T.);
#10678=ADVANCED_FACE('',(#813),#318,.T.);
#10679=ADVANCED_FACE('',(#814),#319,.T.);
#10680=ADVANCED_FACE('',(#815),#320,.T.);
#10681=ADVANCED_FACE('',(#816),#321,.T.);
#10682=ADVANCED_FACE('',(#817),#322,.T.);
#10683=ADVANCED_FACE('',(#818),#323,.T.);
#10684=ADVANCED_FACE('',(#819),#324,.T.);
#10685=ADVANCED_FACE('',(#820),#325,.T.);
#10686=ADVANCED_FACE('',(#821),#326,.T.);
#10687=ADVANCED_FACE('',(#822),#327,.T.);
#10688=ADVANCED_FACE('',(#823),#328,.T.);
#10689=ADVANCED_FACE('',(#824),#329,.T.);
#10690=ADVANCED_FACE('',(#825),#330,.T.);
#10691=ADVANCED_FACE('',(#826),#331,.T.);
#10692=ADVANCED_FACE('',(#827),#332,.T.);
#10693=ADVANCED_FACE('',(#828),#333,.T.);
#10694=ADVANCED_FACE('',(#829),#334,.T.);
#10695=ADVANCED_FACE('',(#830),#335,.T.);
#10696=ADVANCED_FACE('',(#831),#336,.T.);
#10697=ADVANCED_FACE('',(#832),#337,.T.);
#10698=ADVANCED_FACE('',(#833),#10485,.F.);
#10699=ADVANCED_FACE('',(#834),#10486,.F.);
#10700=ADVANCED_FACE('',(#835),#10487,.F.);
#10701=ADVANCED_FACE('',(#836),#10488,.F.);
#10702=ADVANCED_FACE('',(#837),#10489,.F.);
#10703=ADVANCED_FACE('',(#838),#338,.F.);
#10704=ADVANCED_FACE('',(#839,#153),#339,.T.);
#10705=ADVANCED_FACE('',(#840),#10490,.F.);
#10706=ADVANCED_FACE('',(#841,#154),#340,.F.);
#10707=ADVANCED_FACE('',(#842),#341,.F.);
#10708=ADVANCED_FACE('',(#843),#342,.F.);
#10709=ADVANCED_FACE('',(#844,#155,#156,#157,#158,#159,#160,#161),#343,
 .F.);
#10710=ADVANCED_FACE('',(#845),#344,.F.);
#10711=ADVANCED_FACE('',(#846),#345,.T.);
#10712=ADVANCED_FACE('',(#847),#346,.T.);
#10713=ADVANCED_FACE('',(#848),#347,.T.);
#10714=ADVANCED_FACE('',(#849),#348,.T.);
#10715=ADVANCED_FACE('',(#850),#349,.T.);
#10716=ADVANCED_FACE('',(#851),#350,.F.);
#10717=ADVANCED_FACE('',(#852),#351,.F.);
#10718=ADVANCED_FACE('',(#853),#352,.F.);
#10719=ADVANCED_FACE('',(#854),#353,.T.);
#10720=ADVANCED_FACE('',(#855),#354,.T.);
#10721=ADVANCED_FACE('',(#856),#355,.F.);
#10722=ADVANCED_FACE('',(#857),#356,.T.);
#10723=ADVANCED_FACE('',(#858),#357,.T.);
#10724=ADVANCED_FACE('',(#859),#358,.T.);
#10725=ADVANCED_FACE('',(#860),#359,.T.);
#10726=ADVANCED_FACE('',(#861),#360,.T.);
#10727=ADVANCED_FACE('',(#862),#361,.T.);
#10728=ADVANCED_FACE('',(#863),#362,.T.);
#10729=ADVANCED_FACE('',(#864),#363,.T.);
#10730=ADVANCED_FACE('',(#865),#364,.T.);
#10731=ADVANCED_FACE('',(#866),#365,.T.);
#10732=ADVANCED_FACE('',(#867),#366,.T.);
#10733=ADVANCED_FACE('',(#868),#367,.T.);
#10734=ADVANCED_FACE('',(#869),#368,.T.);
#10735=ADVANCED_FACE('',(#870),#369,.T.);
#10736=ADVANCED_FACE('',(#871),#370,.F.);
#10737=ADVANCED_FACE('',(#872),#371,.F.);
#10738=ADVANCED_FACE('',(#873),#10491,.F.);
#10739=ADVANCED_FACE('',(#874),#372,.F.);
#10740=ADVANCED_FACE('',(#875),#10492,.F.);
#10741=ADVANCED_FACE('',(#876),#373,.F.);
#10742=ADVANCED_FACE('',(#877),#10493,.F.);
#10743=ADVANCED_FACE('',(#878),#374,.F.);
#10744=ADVANCED_FACE('',(#879),#10494,.F.);
#10745=ADVANCED_FACE('',(#880),#375,.F.);
#10746=ADVANCED_FACE('',(#881),#10495,.F.);
#10747=ADVANCED_FACE('',(#882),#376,.F.);
#10748=ADVANCED_FACE('',(#883),#10496,.F.);
#10749=ADVANCED_FACE('',(#884),#377,.F.);
#10750=ADVANCED_FACE('',(#885),#378,.F.);
#10751=ADVANCED_FACE('',(#886),#379,.F.);
#10752=ADVANCED_FACE('',(#887),#380,.F.);
#10753=ADVANCED_FACE('',(#888),#381,.F.);
#10754=ADVANCED_FACE('',(#889),#382,.F.);
#10755=ADVANCED_FACE('',(#890,#162,#163,#164),#383,.T.);
#10756=ADVANCED_FACE('',(#891),#10497,.F.);
#10757=ADVANCED_FACE('',(#892),#384,.F.);
#10758=ADVANCED_FACE('',(#893),#10498,.F.);
#10759=ADVANCED_FACE('',(#894),#385,.T.);
#10760=ADVANCED_FACE('',(#895),#386,.F.);
#10761=ADVANCED_FACE('',(#896),#387,.F.);
#10762=ADVANCED_FACE('',(#897),#388,.F.);
#10763=ADVANCED_FACE('',(#898),#389,.T.);
#10764=ADVANCED_FACE('',(#899),#390,.T.);
#10765=ADVANCED_FACE('',(#900),#391,.T.);
#10766=ADVANCED_FACE('',(#901),#392,.F.);
#10767=ADVANCED_FACE('',(#902),#393,.T.);
#10768=ADVANCED_FACE('',(#903),#394,.T.);
#10769=ADVANCED_FACE('',(#904),#395,.T.);
#10770=ADVANCED_FACE('',(#905),#396,.T.);
#10771=ADVANCED_FACE('',(#906),#397,.T.);
#10772=ADVANCED_FACE('',(#907),#398,.T.);
#10773=ADVANCED_FACE('',(#908),#29,.F.);
#10774=ADVANCED_FACE('',(#909),#399,.T.);
#10775=ADVANCED_FACE('',(#910),#30,.F.);
#10776=ADVANCED_FACE('',(#911),#10499,.F.);
#10777=ADVANCED_FACE('',(#912),#400,.F.);
#10778=ADVANCED_FACE('',(#913,#165,#166,#167,#168,#169,#170,#171,#172,#173,
#174,#175,#176,#177),#401,.F.);
#10779=ADVANCED_FACE('',(#914),#402,.T.);
#10780=ADVANCED_FACE('',(#915),#31,.F.);
#10781=ADVANCED_FACE('',(#916),#403,.T.);
#10782=ADVANCED_FACE('',(#917),#32,.F.);
#10783=ADVANCED_FACE('',(#918),#10500,.F.);
#10784=ADVANCED_FACE('',(#919),#404,.F.);
#10785=ADVANCED_FACE('',(#920),#405,.T.);
#10786=ADVANCED_FACE('',(#921),#33,.F.);
#10787=ADVANCED_FACE('',(#922),#406,.T.);
#10788=ADVANCED_FACE('',(#923),#34,.F.);
#10789=ADVANCED_FACE('',(#924),#10501,.F.);
#10790=ADVANCED_FACE('',(#925),#407,.F.);
#10791=ADVANCED_FACE('',(#926),#408,.T.);
#10792=ADVANCED_FACE('',(#927),#35,.F.);
#10793=ADVANCED_FACE('',(#928),#409,.T.);
#10794=ADVANCED_FACE('',(#929),#36,.F.);
#10795=ADVANCED_FACE('',(#930),#10502,.F.);
#10796=ADVANCED_FACE('',(#931),#410,.F.);
#10797=ADVANCED_FACE('',(#932),#411,.T.);
#10798=ADVANCED_FACE('',(#933),#37,.F.);
#10799=ADVANCED_FACE('',(#934),#412,.T.);
#10800=ADVANCED_FACE('',(#935),#38,.F.);
#10801=ADVANCED_FACE('',(#936),#10503,.F.);
#10802=ADVANCED_FACE('',(#937),#413,.F.);
#10803=ADVANCED_FACE('',(#938),#414,.T.);
#10804=ADVANCED_FACE('',(#939),#39,.F.);
#10805=ADVANCED_FACE('',(#940),#415,.T.);
#10806=ADVANCED_FACE('',(#941),#40,.F.);
#10807=ADVANCED_FACE('',(#942),#10504,.F.);
#10808=ADVANCED_FACE('',(#943),#416,.F.);
#10809=ADVANCED_FACE('',(#944),#417,.T.);
#10810=ADVANCED_FACE('',(#945),#41,.F.);
#10811=ADVANCED_FACE('',(#946),#418,.T.);
#10812=ADVANCED_FACE('',(#947),#42,.F.);
#10813=ADVANCED_FACE('',(#948),#10505,.F.);
#10814=ADVANCED_FACE('',(#949),#419,.F.);
#10815=ADVANCED_FACE('',(#950),#420,.T.);
#10816=ADVANCED_FACE('',(#951),#43,.F.);
#10817=ADVANCED_FACE('',(#952),#421,.T.);
#10818=ADVANCED_FACE('',(#953),#44,.F.);
#10819=ADVANCED_FACE('',(#954),#10506,.F.);
#10820=ADVANCED_FACE('',(#955),#422,.F.);
#10821=ADVANCED_FACE('',(#956),#423,.T.);
#10822=ADVANCED_FACE('',(#957),#45,.F.);
#10823=ADVANCED_FACE('',(#958),#424,.T.);
#10824=ADVANCED_FACE('',(#959),#46,.F.);
#10825=ADVANCED_FACE('',(#960),#10507,.F.);
#10826=ADVANCED_FACE('',(#961),#425,.F.);
#10827=ADVANCED_FACE('',(#962),#426,.T.);
#10828=ADVANCED_FACE('',(#963),#427,.T.);
#10829=ADVANCED_FACE('',(#964),#428,.T.);
#10830=ADVANCED_FACE('',(#965),#429,.T.);
#10831=ADVANCED_FACE('',(#966),#430,.T.);
#10832=ADVANCED_FACE('',(#967),#431,.T.);
#10833=ADVANCED_FACE('',(#968),#10508,.F.);
#10834=ADVANCED_FACE('',(#969),#432,.F.);
#10835=ADVANCED_FACE('',(#970),#10509,.F.);
#10836=ADVANCED_FACE('',(#971),#433,.F.);
#10837=ADVANCED_FACE('',(#972),#10510,.F.);
#10838=ADVANCED_FACE('',(#973),#434,.F.);
#10839=ADVANCED_FACE('',(#974),#10511,.F.);
#10840=ADVANCED_FACE('',(#975),#435,.F.);
#10841=ADVANCED_FACE('',(#976),#10512,.F.);
#10842=ADVANCED_FACE('',(#977),#436,.F.);
#10843=ADVANCED_FACE('',(#978),#10513,.F.);
#10844=ADVANCED_FACE('',(#979),#437,.F.);
#10845=ADVANCED_FACE('',(#980),#10514,.F.);
#10846=ADVANCED_FACE('',(#981),#438,.F.);
#10847=ADVANCED_FACE('',(#982),#439,.F.);
#10848=ADVANCED_FACE('',(#983),#440,.T.);
#10849=ADVANCED_FACE('',(#984),#441,.T.);
#10850=ADVANCED_FACE('',(#985),#442,.T.);
#10851=ADVANCED_FACE('',(#986),#443,.F.);
#10852=ADVANCED_FACE('',(#987),#444,.F.);
#10853=ADVANCED_FACE('',(#988),#445,.F.);
#10854=ADVANCED_FACE('',(#989),#446,.F.);
#10855=ADVANCED_FACE('',(#990),#447,.F.);
#10856=ADVANCED_FACE('',(#991),#448,.F.);
#10857=ADVANCED_FACE('',(#992),#449,.T.);
#10858=ADVANCED_FACE('',(#993),#450,.T.);
#10859=ADVANCED_FACE('',(#994),#451,.F.);
#10860=ADVANCED_FACE('',(#995),#452,.T.);
#10861=ADVANCED_FACE('',(#996),#453,.T.);
#10862=ADVANCED_FACE('',(#997),#454,.T.);
#10863=ADVANCED_FACE('',(#998),#455,.T.);
#10864=ADVANCED_FACE('',(#999),#456,.F.);
#10865=ADVANCED_FACE('',(#1000),#457,.T.);
#10866=ADVANCED_FACE('',(#1001),#458,.T.);
#10867=ADVANCED_FACE('',(#1002),#459,.T.);
#10868=ADVANCED_FACE('',(#1003),#460,.T.);
#10869=ADVANCED_FACE('',(#1004),#461,.T.);
#10870=ADVANCED_FACE('',(#1005),#462,.T.);
#10871=ADVANCED_FACE('',(#1006),#463,.T.);
#10872=ADVANCED_FACE('',(#1007),#464,.F.);
#10873=ADVANCED_FACE('',(#1008),#465,.T.);
#10874=ADVANCED_FACE('',(#1009),#466,.T.);
#10875=ADVANCED_FACE('',(#1010),#467,.T.);
#10876=ADVANCED_FACE('',(#1011),#468,.T.);
#10877=ADVANCED_FACE('',(#1012),#469,.T.);
#10878=ADVANCED_FACE('',(#1013),#470,.T.);
#10879=ADVANCED_FACE('',(#1014),#471,.F.);
#10880=ADVANCED_FACE('',(#1015),#472,.F.);
#10881=ADVANCED_FACE('',(#1016),#473,.F.);
#10882=ADVANCED_FACE('',(#1017),#474,.T.);
#10883=ADVANCED_FACE('',(#1018),#475,.F.);
#10884=ADVANCED_FACE('',(#1019),#476,.F.);
#10885=ADVANCED_FACE('',(#1020),#477,.F.);
#10886=ADVANCED_FACE('',(#1021),#478,.F.);
#10887=ADVANCED_FACE('',(#1022),#479,.T.);
#10888=ADVANCED_FACE('',(#1023),#480,.T.);
#10889=ADVANCED_FACE('',(#1024),#481,.F.);
#10890=ADVANCED_FACE('',(#1025),#482,.T.);
#10891=ADVANCED_FACE('',(#1026),#483,.T.);
#10892=ADVANCED_FACE('',(#1027),#484,.T.);
#10893=ADVANCED_FACE('',(#1028),#485,.T.);
#10894=ADVANCED_FACE('',(#1029),#486,.T.);
#10895=ADVANCED_FACE('',(#1030),#487,.T.);
#10896=ADVANCED_FACE('',(#1031),#488,.T.);
#10897=ADVANCED_FACE('',(#1032),#489,.T.);
#10898=ADVANCED_FACE('',(#1033),#47,.F.);
#10899=ADVANCED_FACE('',(#1034),#48,.F.);
#10900=ADVANCED_FACE('',(#1035),#490,.T.);
#10901=ADVANCED_FACE('',(#1036),#49,.F.);
#10902=ADVANCED_FACE('',(#1037),#491,.F.);
#10903=ADVANCED_FACE('',(#1038,#178),#492,.T.);
#10904=ADVANCED_FACE('',(#1039),#493,.T.);
#10905=ADVANCED_FACE('',(#1040),#50,.F.);
#10906=ADVANCED_FACE('',(#1041),#51,.F.);
#10907=ADVANCED_FACE('',(#1042),#494,.T.);
#10908=ADVANCED_FACE('',(#1043),#17,.T.);
#10909=ADVANCED_FACE('',(#1044),#18,.T.);
#10910=ADVANCED_FACE('',(#1045),#495,.T.);
#10911=ADVANCED_FACE('',(#1046),#52,.F.);
#10912=ADVANCED_FACE('',(#1047),#53,.F.);
#10913=ADVANCED_FACE('',(#1048),#496,.T.);
#10914=ADVANCED_FACE('',(#1049),#19,.T.);
#10915=ADVANCED_FACE('',(#1050),#20,.T.);
#10916=ADVANCED_FACE('',(#1051),#497,.T.);
#10917=ADVANCED_FACE('',(#1052),#54,.F.);
#10918=ADVANCED_FACE('',(#1053),#498,.T.);
#10919=ADVANCED_FACE('',(#1054),#21,.T.);
#10920=ADVANCED_FACE('',(#1055),#22,.T.);
#10921=ADVANCED_FACE('',(#1056),#499,.T.);
#10922=ADVANCED_FACE('',(#1057),#55,.F.);
#10923=ADVANCED_FACE('',(#1058),#500,.T.);
#10924=ADVANCED_FACE('',(#1059),#23,.T.);
#10925=ADVANCED_FACE('',(#1060),#24,.T.);
#10926=ADVANCED_FACE('',(#1061),#56,.F.);
#10927=ADVANCED_FACE('',(#1062),#501,.T.);
#10928=ADVANCED_FACE('',(#1063),#502,.T.);
#10929=ADVANCED_FACE('',(#1064),#503,.T.);
#10930=ADVANCED_FACE('',(#1065),#504,.T.);
#10931=ADVANCED_FACE('',(#1066),#505,.F.);
#10932=ADVANCED_FACE('',(#1067),#506,.T.);
#10933=ADVANCED_FACE('',(#1068),#507,.F.);
#10934=ADVANCED_FACE('',(#1069),#508,.F.);
#10935=ADVANCED_FACE('',(#1070),#509,.T.);
#10936=ADVANCED_FACE('',(#1071),#510,.T.);
#10937=ADVANCED_FACE('',(#1072),#511,.T.);
#10938=ADVANCED_FACE('',(#1073),#512,.T.);
#10939=ADVANCED_FACE('',(#1074),#513,.T.);
#10940=ADVANCED_FACE('',(#1075),#514,.F.);
#10941=ADVANCED_FACE('',(#1076),#515,.T.);
#10942=ADVANCED_FACE('',(#1077),#516,.F.);
#10943=ADVANCED_FACE('',(#1078),#517,.T.);
#10944=ADVANCED_FACE('',(#1079),#518,.T.);
#10945=ADVANCED_FACE('',(#1080),#519,.T.);
#10946=ADVANCED_FACE('',(#1081),#520,.T.);
#10947=ADVANCED_FACE('',(#1082),#521,.T.);
#10948=ADVANCED_FACE('',(#1083),#522,.T.);
#10949=ADVANCED_FACE('',(#1084),#523,.T.);
#10950=ADVANCED_FACE('',(#1085),#524,.T.);
#10951=ADVANCED_FACE('',(#1086),#525,.T.);
#10952=ADVANCED_FACE('',(#1087,#179),#526,.T.);
#10953=ADVANCED_FACE('',(#1088),#527,.T.);
#10954=ADVANCED_FACE('',(#1089),#528,.T.);
#10955=ADVANCED_FACE('',(#1090),#529,.T.);
#10956=ADVANCED_FACE('',(#1091),#530,.T.);
#10957=ADVANCED_FACE('',(#1092),#531,.T.);
#10958=ADVANCED_FACE('',(#1093),#532,.T.);
#10959=ADVANCED_FACE('',(#1094),#533,.T.);
#10960=ADVANCED_FACE('',(#1095),#534,.T.);
#10961=ADVANCED_FACE('',(#1096),#535,.T.);
#10962=ADVANCED_FACE('',(#1097),#536,.T.);
#10963=ADVANCED_FACE('',(#1098),#537,.T.);
#10964=ADVANCED_FACE('',(#1099),#538,.T.);
#10965=ADVANCED_FACE('',(#1100),#539,.T.);
#10966=ADVANCED_FACE('',(#1101),#540,.T.);
#10967=ADVANCED_FACE('',(#1102),#541,.T.);
#10968=ADVANCED_FACE('',(#1103),#542,.T.);
#10969=ADVANCED_FACE('',(#1104),#543,.T.);
#10970=ADVANCED_FACE('',(#1105),#544,.T.);
#10971=ADVANCED_FACE('',(#1106,#180),#545,.T.);
#10972=ADVANCED_FACE('',(#1107),#546,.F.);
#10973=ADVANCED_FACE('',(#1108),#547,.T.);
#10974=ADVANCED_FACE('',(#1109),#548,.T.);
#10975=ADVANCED_FACE('',(#1110),#549,.T.);
#10976=ADVANCED_FACE('',(#1111),#550,.T.);
#10977=ADVANCED_FACE('',(#1112),#551,.T.);
#10978=ADVANCED_FACE('',(#1113),#552,.F.);
#10979=ADVANCED_FACE('',(#1114),#553,.T.);
#10980=ADVANCED_FACE('',(#1115),#554,.T.);
#10981=ADVANCED_FACE('',(#1116),#555,.F.);
#10982=ADVANCED_FACE('',(#1117),#556,.F.);
#10983=ADVANCED_FACE('',(#1118),#557,.F.);
#10984=ADVANCED_FACE('',(#1119),#558,.F.);
#10985=ADVANCED_FACE('',(#1120),#559,.F.);
#10986=ADVANCED_FACE('',(#1121),#560,.F.);
#10987=ADVANCED_FACE('',(#1122),#561,.F.);
#10988=ADVANCED_FACE('',(#1123),#562,.F.);
#10989=ADVANCED_FACE('',(#1124),#563,.F.);
#10990=ADVANCED_FACE('',(#1125),#564,.F.);
#10991=ADVANCED_FACE('',(#1126),#565,.F.);
#10992=ADVANCED_FACE('',(#1127),#566,.F.);
#10993=ADVANCED_FACE('',(#1128),#567,.F.);
#10994=ADVANCED_FACE('',(#1129),#568,.F.);
#10995=ADVANCED_FACE('',(#1130),#569,.F.);
#10996=ADVANCED_FACE('',(#1131),#570,.F.);
#10997=ADVANCED_FACE('',(#1132),#571,.T.);
#10998=ADVANCED_FACE('',(#1133),#572,.T.);
#10999=ADVANCED_FACE('',(#1134),#573,.T.);
#11000=ADVANCED_FACE('',(#1135),#574,.T.);
#11001=ADVANCED_FACE('',(#1136),#575,.T.);
#11002=ADVANCED_FACE('',(#1137),#576,.T.);
#11003=ADVANCED_FACE('',(#1138),#577,.T.);
#11004=ADVANCED_FACE('',(#1139),#578,.T.);
#11005=ADVANCED_FACE('',(#1140),#579,.T.);
#11006=ADVANCED_FACE('',(#1141),#580,.T.);
#11007=ADVANCED_FACE('',(#1142),#581,.T.);
#11008=ADVANCED_FACE('',(#1143),#582,.T.);
#11009=ADVANCED_FACE('',(#1144),#583,.T.);
#11010=ADVANCED_FACE('',(#1145),#584,.T.);
#11011=ADVANCED_FACE('',(#1146),#585,.T.);
#11012=ADVANCED_FACE('',(#1147),#586,.T.);
#11013=ADVANCED_FACE('',(#1148),#587,.T.);
#11014=ADVANCED_FACE('',(#1149),#588,.F.);
#11015=ADVANCED_FACE('',(#1150,#181,#182,#183,#184),#589,.F.);
#11016=ADVANCED_FACE('',(#1151),#590,.F.);
#11017=ADVANCED_FACE('',(#1152),#591,.F.);
#11018=ADVANCED_FACE('',(#1153),#592,.T.);
#11019=ADVANCED_FACE('',(#1154),#593,.T.);
#11020=ADVANCED_FACE('',(#1155,#185),#594,.F.);
#11021=ADVANCED_FACE('',(#1156),#595,.T.);
#11022=ADVANCED_FACE('',(#1157),#596,.T.);
#11023=ADVANCED_FACE('',(#1158),#597,.T.);
#11024=ADVANCED_FACE('',(#1159),#598,.T.);
#11025=ADVANCED_FACE('',(#1160),#599,.T.);
#11026=ADVANCED_FACE('',(#1161),#600,.T.);
#11027=ADVANCED_FACE('',(#1162),#601,.T.);
#11028=ADVANCED_FACE('',(#1163),#602,.T.);
#11029=ADVANCED_FACE('',(#1164),#603,.T.);
#11030=ADVANCED_FACE('',(#1165),#604,.T.);
#11031=ADVANCED_FACE('',(#1166),#605,.T.);
#11032=ADVANCED_FACE('',(#1167),#606,.T.);
#11033=ADVANCED_FACE('',(#1168),#607,.F.);
#11034=ADVANCED_FACE('',(#1169),#608,.F.);
#11035=ADVANCED_FACE('',(#1170),#609,.F.);
#11036=ADVANCED_FACE('',(#1171),#610,.F.);
#11037=ADVANCED_FACE('',(#1172),#611,.F.);
#11038=ADVANCED_FACE('',(#1173),#612,.F.);
#11039=ADVANCED_FACE('',(#1174),#613,.T.);
#11040=ADVANCED_FACE('',(#1175),#614,.T.);
#11041=ADVANCED_FACE('',(#1176),#615,.F.);
#11042=ADVANCED_FACE('',(#1177),#616,.F.);
#11043=ADVANCED_FACE('',(#1178),#617,.F.);
#11044=ADVANCED_FACE('',(#1179),#618,.F.);
#11045=ADVANCED_FACE('',(#1180),#619,.F.);
#11046=ADVANCED_FACE('',(#1181),#620,.F.);
#11047=ADVANCED_FACE('',(#1182),#621,.F.);
#11048=ADVANCED_FACE('',(#1183),#622,.F.);
#11049=ADVANCED_FACE('',(#1184),#623,.F.);
#11050=ADVANCED_FACE('',(#1185),#624,.F.);
#11051=ADVANCED_FACE('',(#1186),#625,.F.);
#11052=ADVANCED_FACE('',(#1187),#626,.T.);
#11053=ADVANCED_FACE('',(#1188),#627,.F.);
#11054=ADVANCED_FACE('',(#1189),#628,.F.);
#11055=ADVANCED_FACE('',(#1190),#629,.F.);
#11056=ADVANCED_FACE('',(#1191),#630,.F.);
#11057=ADVANCED_FACE('',(#1192),#631,.F.);
#11058=ADVANCED_FACE('',(#1193),#632,.T.);
#11059=ADVANCED_FACE('',(#1194),#633,.T.);
#11060=ADVANCED_FACE('',(#1195),#634,.T.);
#11061=ADVANCED_FACE('',(#1196),#635,.T.);
#11062=ADVANCED_FACE('',(#1197),#636,.T.);
#11063=ADVANCED_FACE('',(#1198),#637,.T.);
#11064=ADVANCED_FACE('',(#1199),#638,.T.);
#11065=ADVANCED_FACE('',(#1200),#639,.T.);
#11066=ADVANCED_FACE('',(#1201),#640,.T.);
#11067=ADVANCED_FACE('',(#1202),#641,.T.);
#11068=ADVANCED_FACE('',(#1203),#642,.T.);
#11069=ADVANCED_FACE('',(#1204),#643,.T.);
#11070=ADVANCED_FACE('',(#1205),#644,.T.);
#11071=ADVANCED_FACE('',(#1206),#645,.T.);
#11072=ADVANCED_FACE('',(#1207),#646,.T.);
#11073=ADVANCED_FACE('',(#1208),#647,.F.);
#11074=ADVANCED_FACE('',(#1209),#648,.T.);
#11075=ADVANCED_FACE('',(#1210),#649,.T.);
#11076=CLOSED_SHELL('',(#10515,#10516,#10517,#10518,#10519,#10520,#10521,
#10522,#10523,#10524,#10525,#10526,#10527,#10528,#10529,#10530,#10531,#10532,
#10533,#10534,#10535,#10536,#10537,#10538,#10539,#10540,#10541,#10542,#10543,
#10544,#10545,#10546,#10547,#10548,#10549,#10550,#10551,#10552,#10553,#10554,
#10555,#10556,#10557,#10558,#10559,#10560,#10561,#10562,#10563,#10564,#10565,
#10566,#10567,#10568,#10569,#10570,#10571,#10572,#10573,#10574,#10575,#10576,
#10577,#10578,#10579,#10580,#10581,#10582,#10583,#10584,#10585));
#11077=CLOSED_SHELL('',(#10586,#10587,#10588,#10589,#10590,#10591,#10592,
#10593,#10594,#10595,#10596,#10597,#10598,#10599,#10600,#10601,#10602,#10603,
#10604,#10605,#10606,#10607,#10608,#10609,#10610,#10611,#10612,#10613,#10614,
#10615,#10616,#10617,#10618,#10619,#10620,#10621,#10622,#10623,#10624,#10625,
#10626,#10627,#10628,#10629,#10630,#10631,#10632,#10633,#10634,#10635,#10636,
#10637,#10638,#10639,#10640,#10641,#10642,#10643,#10644,#10645,#10646,#10647,
#10648,#10649,#10650,#10651,#10652,#10653,#10654,#10655,#10656,#10657,#10658,
#10659,#10660,#10661,#10662,#10663,#10664,#10665,#10666,#10667,#10668,#10669,
#10670,#10671,#10672,#10673,#10674,#10675,#10676,#10677,#10678,#10679,#10680,
#10681,#10682,#10683,#10684,#10685,#10686,#10687,#10688,#10689,#10690,#10691,
#10692,#10693,#10694,#10695,#10696,#10697));
#11078=CLOSED_SHELL('',(#10698,#10699,#10700,#10701,#10702,#10703,#10704,
#10705,#10706,#10707,#10708,#10709,#10710,#10711,#10712,#10713,#10714,#10715,
#10716,#10717,#10718,#10719,#10720,#10721,#10722,#10723,#10724,#10725,#10726,
#10727,#10728,#10729,#10730,#10731,#10732,#10733,#10734,#10735,#10736,#10737,
#10738,#10739,#10740,#10741,#10742,#10743,#10744,#10745,#10746,#10747,#10748,
#10749,#10750,#10751,#10752,#10753,#10754,#10755,#10756,#10757,#10758,#10759,
#10760,#10761,#10762,#10763,#10764,#10765,#10766,#10767,#10768,#10769,#10770,
#10771,#10772,#10773,#10774,#10775,#10776,#10777,#10778,#10779,#10780,#10781,
#10782,#10783,#10784,#10785,#10786,#10787,#10788,#10789,#10790,#10791,#10792,
#10793,#10794,#10795,#10796,#10797,#10798,#10799,#10800,#10801,#10802,#10803,
#10804,#10805,#10806,#10807,#10808,#10809,#10810,#10811,#10812,#10813,#10814,
#10815,#10816,#10817,#10818,#10819,#10820,#10821,#10822,#10823,#10824,#10825,
#10826,#10827,#10828,#10829,#10830,#10831,#10832,#10833,#10834,#10835,#10836,
#10837,#10838,#10839,#10840,#10841,#10842,#10843,#10844,#10845,#10846,#10847,
#10848,#10849,#10850,#10851,#10852,#10853,#10854,#10855,#10856,#10857,#10858,
#10859,#10860,#10861,#10862,#10863,#10864,#10865,#10866,#10867,#10868,#10869,
#10870,#10871,#10872,#10873,#10874,#10875,#10876,#10877,#10878,#10879,#10880,
#10881,#10882,#10883,#10884,#10885,#10886,#10887));
#11079=CLOSED_SHELL('',(#10888,#10889,#10890,#10891,#10892,#10893,#10894,
#10895,#10896,#10897,#10898,#10899,#10900,#10901,#10902,#10903,#10904,#10905,
#10906,#10907,#10908,#10909,#10910,#10911,#10912,#10913,#10914,#10915,#10916,
#10917,#10918,#10919,#10920,#10921,#10922,#10923,#10924,#10925,#10926,#10927,
#10928,#10929));
#11080=CLOSED_SHELL('',(#10930,#10931,#10932,#10933,#10934,#10935,#10936,
#10937,#10938,#10939,#10940,#10941,#10942,#10943,#10944,#10945,#10946,#10947,
#10948,#10949,#10950,#10951,#10952,#10953,#10954,#10955,#10956,#10957,#10958,
#10959,#10960,#10961,#10962,#10963,#10964,#10965,#10966,#10967,#10968,#10969,
#10970,#10971,#10972,#10973,#10974,#10975,#10976,#10977,#10978,#10979,#10980,
#10981,#10982,#10983,#10984,#10985,#10986,#10987,#10988,#10989,#10990,#10991,
#10992,#10993,#10994,#10995,#10996,#10997,#10998,#10999,#11000,#11001,#11002,
#11003,#11004,#11005,#11006,#11007,#11008,#11009,#11010,#11011,#11012,#11013,
#11014,#11015,#11016,#11017));
#11081=CLOSED_SHELL('',(#11018,#11019,#11020,#11021,#11022,#11023,#11024,
#11025,#11026,#11027,#11028,#11029,#11030,#11031,#11032));
#11082=CLOSED_SHELL('',(#11033,#11034,#11035,#11036,#11037,#11038,#11039,
#11040,#11041,#11042,#11043,#11044,#11045,#11046,#11047,#11048,#11049,#11050,
#11051,#11052,#11053,#11054,#11055,#11056,#11057,#11058,#11059,#11060,#11061,
#11062,#11063,#11064,#11065,#11066,#11067,#11068,#11069,#11070,#11071,#11072,
#11073,#11074,#11075));
#11083=DERIVED_UNIT_ELEMENT(#11085,1.);
#11084=DERIVED_UNIT_ELEMENT(#18059,-3.);
#11085=(
MASS_UNIT()
NAMED_UNIT(*)
SI_UNIT(.KILO.,.GRAM.)
);
#11086=DERIVED_UNIT((#11083,#11084));
#11087=MEASURE_REPRESENTATION_ITEM('density measure',
POSITIVE_RATIO_MEASURE(7850.),#11086);
#11088=PROPERTY_DEFINITION_REPRESENTATION(#11093,#11090);
#11089=PROPERTY_DEFINITION_REPRESENTATION(#11094,#11091);
#11090=REPRESENTATION('material name',(#11092),#18056);
#11091=REPRESENTATION('density',(#11087),#18056);
#11092=DESCRIPTIVE_REPRESENTATION_ITEM('Steel','Steel');
#11093=PROPERTY_DEFINITION('material property','material name',#18071);
#11094=PROPERTY_DEFINITION('material property','density of part',#18071);
#11095=AXIS2_PLACEMENT_3D('',#14714,#11847,#11848);
#11096=AXIS2_PLACEMENT_3D('',#14715,#11849,#11850);
#11097=AXIS2_PLACEMENT_3D('',#14716,#11851,#11852);
#11098=AXIS2_PLACEMENT_3D('',#14718,#11853,#11854);
#11099=AXIS2_PLACEMENT_3D('',#14721,#11856,#11857);
#11100=AXIS2_PLACEMENT_3D('',#14722,#11858,#11859);
#11101=AXIS2_PLACEMENT_3D('',#14723,#11860,#11861);
#11102=AXIS2_PLACEMENT_3D('',#14725,#11862,#11863);
#11103=AXIS2_PLACEMENT_3D('',#14728,#11865,#11866);
#11104=AXIS2_PLACEMENT_3D('',#14729,#11867,#11868);
#11105=AXIS2_PLACEMENT_3D('',#14730,#11869,#11870);
#11106=AXIS2_PLACEMENT_3D('',#14732,#11871,#11872);
#11107=AXIS2_PLACEMENT_3D('',#14735,#11874,#11875);
#11108=AXIS2_PLACEMENT_3D('',#14736,#11876,#11877);
#11109=AXIS2_PLACEMENT_3D('',#14737,#11878,#11879);
#11110=AXIS2_PLACEMENT_3D('',#14739,#11880,#11881);
#11111=AXIS2_PLACEMENT_3D('',#14742,#11883,#11884);
#11112=AXIS2_PLACEMENT_3D('',#14743,#11885,#11886);
#11113=AXIS2_PLACEMENT_3D('',#14744,#11887,#11888);
#11114=AXIS2_PLACEMENT_3D('',#14753,#11893,#11894);
#11115=AXIS2_PLACEMENT_3D('',#14761,#11899,#11900);
#11116=AXIS2_PLACEMENT_3D('',#14777,#11909,#11910);
#11117=AXIS2_PLACEMENT_3D('',#14817,#11931,#11932);
#11118=AXIS2_PLACEMENT_3D('',#14821,#11935,#11936);
#11119=AXIS2_PLACEMENT_3D('',#14831,#11942,#11943);
#11120=AXIS2_PLACEMENT_3D('',#14837,#11947,#11948);
#11121=AXIS2_PLACEMENT_3D('',#14845,#11953,#11954);
#11122=AXIS2_PLACEMENT_3D('',#14851,#11958,#11959);
#11123=AXIS2_PLACEMENT_3D('',#14859,#11964,#11965);
#11124=AXIS2_PLACEMENT_3D('',#14865,#11969,#11970);
#11125=AXIS2_PLACEMENT_3D('',#14869,#11973,#11974);
#11126=AXIS2_PLACEMENT_3D('',#14878,#11979,#11980);
#11127=AXIS2_PLACEMENT_3D('',#14883,#11984,#11985);
#11128=AXIS2_PLACEMENT_3D('',#14891,#11990,#11991);
#11129=AXIS2_PLACEMENT_3D('',#14895,#11994,#11995);
#11130=AXIS2_PLACEMENT_3D('',#14901,#11999,#12000);
#11131=AXIS2_PLACEMENT_3D('',#14907,#12004,#12005);
#11132=AXIS2_PLACEMENT_3D('',#14913,#12009,#12010);
#11133=AXIS2_PLACEMENT_3D('',#14917,#12013,#12014);
#11134=AXIS2_PLACEMENT_3D('',#14927,#12020,#12021);
#11135=AXIS2_PLACEMENT_3D('',#14931,#12024,#12025);
#11136=AXIS2_PLACEMENT_3D('',#14937,#12029,#12030);
#11137=AXIS2_PLACEMENT_3D('',#14939,#12032,#12033);
#11138=AXIS2_PLACEMENT_3D('',#14943,#12036,#12037);
#11139=AXIS2_PLACEMENT_3D('',#14947,#12040,#12041);
#11140=AXIS2_PLACEMENT_3D('',#14949,#12043,#12044);
#11141=AXIS2_PLACEMENT_3D('',#14951,#12046,#12047);
#11142=AXIS2_PLACEMENT_3D('',#14957,#12051,#12052);
#11143=AXIS2_PLACEMENT_3D('',#14961,#12055,#12056);
#11144=AXIS2_PLACEMENT_3D('',#14965,#12059,#12060);
#11145=AXIS2_PLACEMENT_3D('',#14967,#12062,#12063);
#11146=AXIS2_PLACEMENT_3D('',#14973,#12067,#12068);
#11147=AXIS2_PLACEMENT_3D('',#14977,#12071,#12072);
#11148=AXIS2_PLACEMENT_3D('',#14981,#12075,#12076);
#11149=AXIS2_PLACEMENT_3D('',#14985,#12079,#12080);
#11150=AXIS2_PLACEMENT_3D('',#14989,#12083,#12084);
#11151=AXIS2_PLACEMENT_3D('',#14993,#12087,#12088);
#11152=AXIS2_PLACEMENT_3D('',#14997,#12091,#12092);
#11153=AXIS2_PLACEMENT_3D('',#15001,#12095,#12096);
#11154=AXIS2_PLACEMENT_3D('',#15005,#12099,#12100);
#11155=AXIS2_PLACEMENT_3D('',#15026,#12113,#12114);
#11156=AXIS2_PLACEMENT_3D('',#15029,#12117,#12118);
#11157=AXIS2_PLACEMENT_3D('',#15030,#12119,#12120);
#11158=AXIS2_PLACEMENT_3D('',#15031,#12121,#12122);
#11159=AXIS2_PLACEMENT_3D('',#15033,#12124,#12125);
#11160=AXIS2_PLACEMENT_3D('',#15034,#12126,#12127);
#11161=AXIS2_PLACEMENT_3D('',#15038,#12130,#12131);
#11162=AXIS2_PLACEMENT_3D('',#15040,#12133,#12134);
#11163=AXIS2_PLACEMENT_3D('',#15044,#12137,#12138);
#11164=AXIS2_PLACEMENT_3D('',#15046,#12140,#12141);
#11165=AXIS2_PLACEMENT_3D('',#15047,#12142,#12143);
#11166=AXIS2_PLACEMENT_3D('',#15049,#12145,#12146);
#11167=AXIS2_PLACEMENT_3D('',#15051,#12148,#12149);
#11168=AXIS2_PLACEMENT_3D('',#15057,#12153,#12154);
#11169=AXIS2_PLACEMENT_3D('',#15061,#12157,#12158);
#11170=AXIS2_PLACEMENT_3D('',#15065,#12161,#12162);
#11171=AXIS2_PLACEMENT_3D('',#15067,#12164,#12165);
#11172=AXIS2_PLACEMENT_3D('',#15076,#12170,#12171);
#11173=AXIS2_PLACEMENT_3D('',#15079,#12174,#12175);
#11174=AXIS2_PLACEMENT_3D('',#15081,#12177,#12178);
#11175=AXIS2_PLACEMENT_3D('',#15083,#12180,#12181);
#11176=AXIS2_PLACEMENT_3D('',#15084,#12182,#12183);
#11177=AXIS2_PLACEMENT_3D('',#15087,#12184,#12185);
#11178=AXIS2_PLACEMENT_3D('',#15091,#12187,#12188);
#11179=AXIS2_PLACEMENT_3D('',#15093,#12190,#12191);
#11180=AXIS2_PLACEMENT_3D('',#15107,#12199,#12200);
#11181=AXIS2_PLACEMENT_3D('',#15124,#12209,#12210);
#11182=AXIS2_PLACEMENT_3D('',#15126,#12211,#12212);
#11183=AXIS2_PLACEMENT_3D('',#15129,#12214,#12215);
#11184=AXIS2_PLACEMENT_3D('',#15130,#12216,#12217);
#11185=AXIS2_PLACEMENT_3D('',#15139,#12222,#12223);
#11186=AXIS2_PLACEMENT_3D('',#15145,#12227,#12228);
#11187=AXIS2_PLACEMENT_3D('',#15153,#12234,#12235);
#11188=AXIS2_PLACEMENT_3D('',#15161,#12241,#12242);
#11189=AXIS2_PLACEMENT_3D('',#15165,#12245,#12246);
#11190=AXIS2_PLACEMENT_3D('',#15169,#12249,#12250);
#11191=AXIS2_PLACEMENT_3D('',#15170,#12251,#12252);
#11192=AXIS2_PLACEMENT_3D('',#15171,#12253,#12254);
#11193=AXIS2_PLACEMENT_3D('',#15198,#12268,#12269);
#11194=AXIS2_PLACEMENT_3D('',#15200,#12270,#12271);
#11195=AXIS2_PLACEMENT_3D('',#15202,#12272,#12273);
#11196=AXIS2_PLACEMENT_3D('',#15204,#12274,#12275);
#11197=AXIS2_PLACEMENT_3D('',#15219,#12282,#12283);
#11198=AXIS2_PLACEMENT_3D('',#15227,#12287,#12288);
#11199=AXIS2_PLACEMENT_3D('',#15235,#12292,#12293);
#11200=AXIS2_PLACEMENT_3D('',#15243,#12297,#12298);
#11201=AXIS2_PLACEMENT_3D('',#15245,#12300,#12301);
#11202=AXIS2_PLACEMENT_3D('',#15251,#12305,#12306);
#11203=AXIS2_PLACEMENT_3D('',#15255,#12309,#12310);
#11204=AXIS2_PLACEMENT_3D('',#15259,#12313,#12314);
#11205=AXIS2_PLACEMENT_3D('',#15263,#12317,#12318);
#11206=AXIS2_PLACEMENT_3D('',#15267,#12321,#12322);
#11207=AXIS2_PLACEMENT_3D('',#15269,#12324,#12325);
#11208=AXIS2_PLACEMENT_3D('',#15278,#12328,#12329);
#11209=AXIS2_PLACEMENT_3D('',#15286,#12330,#12331);
#11210=AXIS2_PLACEMENT_3D('',#15287,#12332,#12333);
#11211=AXIS2_PLACEMENT_3D('',#15289,#12334,#12335);
#11212=AXIS2_PLACEMENT_3D('',#15293,#12337,#12338);
#11213=AXIS2_PLACEMENT_3D('',#15294,#12339,#12340);
#11214=AXIS2_PLACEMENT_3D('',#15295,#12341,#12342);
#11215=AXIS2_PLACEMENT_3D('',#15321,#12355,#12356);
#11216=AXIS2_PLACEMENT_3D('',#15326,#12358,#12359);
#11217=AXIS2_PLACEMENT_3D('',#15329,#12361,#12362);
#11218=AXIS2_PLACEMENT_3D('',#15334,#12364,#12365);
#11219=AXIS2_PLACEMENT_3D('',#15337,#12367,#12368);
#11220=AXIS2_PLACEMENT_3D('',#15339,#12369,#12370);
#11221=AXIS2_PLACEMENT_3D('',#15340,#12371,#12372);
#11222=AXIS2_PLACEMENT_3D('',#15345,#12374,#12375);
#11223=AXIS2_PLACEMENT_3D('',#15348,#12377,#12378);
#11224=AXIS2_PLACEMENT_3D('',#15353,#12380,#12381);
#11225=AXIS2_PLACEMENT_3D('',#15356,#12383,#12384);
#11226=AXIS2_PLACEMENT_3D('',#15366,#12389,#12390);
#11227=AXIS2_PLACEMENT_3D('',#15368,#12391,#12392);
#11228=AXIS2_PLACEMENT_3D('',#15370,#12393,#12394);
#11229=AXIS2_PLACEMENT_3D('',#15371,#12395,#12396);
#11230=AXIS2_PLACEMENT_3D('',#15375,#12398,#12399);
#11231=AXIS2_PLACEMENT_3D('',#15379,#12401,#12402);
#11232=AXIS2_PLACEMENT_3D('',#15382,#12404,#12405);
#11233=AXIS2_PLACEMENT_3D('',#15383,#12406,#12407);
#11234=AXIS2_PLACEMENT_3D('',#15387,#12409,#12410);
#11235=AXIS2_PLACEMENT_3D('',#15388,#12411,#12412);
#11236=AXIS2_PLACEMENT_3D('',#15389,#12413,#12414);
#11237=AXIS2_PLACEMENT_3D('',#15393,#12416,#12417);
#11238=AXIS2_PLACEMENT_3D('',#15397,#12419,#12420);
#11239=AXIS2_PLACEMENT_3D('',#15400,#12422,#12423);
#11240=AXIS2_PLACEMENT_3D('',#15401,#12424,#12425);
#11241=AXIS2_PLACEMENT_3D('',#15405,#12427,#12428);
#11242=AXIS2_PLACEMENT_3D('',#15406,#12429,#12430);
#11243=AXIS2_PLACEMENT_3D('',#15407,#12431,#12432);
#11244=AXIS2_PLACEMENT_3D('',#15410,#12434,#12435);
#11245=AXIS2_PLACEMENT_3D('',#15411,#12436,#12437);
#11246=AXIS2_PLACEMENT_3D('',#15415,#12439,#12440);
#11247=AXIS2_PLACEMENT_3D('',#15416,#12441,#12442);
#11248=AXIS2_PLACEMENT_3D('',#15417,#12443,#12444);
#11249=AXIS2_PLACEMENT_3D('',#15420,#12446,#12447);
#11250=AXIS2_PLACEMENT_3D('',#15421,#12448,#12449);
#11251=AXIS2_PLACEMENT_3D('',#15423,#12450,#12451);
#11252=AXIS2_PLACEMENT_3D('',#15424,#12452,#12453);
#11253=AXIS2_PLACEMENT_3D('',#15427,#12455,#12456);
#11254=AXIS2_PLACEMENT_3D('',#15428,#12457,#12458);
#11255=AXIS2_PLACEMENT_3D('',#15443,#12466,#12467);
#11256=AXIS2_PLACEMENT_3D('',#15451,#12471,#12472);
#11257=AXIS2_PLACEMENT_3D('',#15459,#12476,#12477);
#11258=AXIS2_PLACEMENT_3D('',#15467,#12481,#12482);
#11259=AXIS2_PLACEMENT_3D('',#15479,#12489,#12490);
#11260=AXIS2_PLACEMENT_3D('',#15482,#12492,#12493);
#11261=AXIS2_PLACEMENT_3D('',#15483,#12494,#12495);
#11262=AXIS2_PLACEMENT_3D('',#15485,#12496,#12497);
#11263=AXIS2_PLACEMENT_3D('',#15486,#12498,#12499);
#11264=AXIS2_PLACEMENT_3D('',#15488,#12501,#12502);
#11265=AXIS2_PLACEMENT_3D('',#15490,#12504,#12505);
#11266=AXIS2_PLACEMENT_3D('',#15492,#12507,#12508);
#11267=AXIS2_PLACEMENT_3D('',#15494,#12510,#12511);
#11268=AXIS2_PLACEMENT_3D('',#15497,#12514,#12515);
#11269=AXIS2_PLACEMENT_3D('',#15500,#12518,#12519);
#11270=AXIS2_PLACEMENT_3D('',#15502,#12521,#12522);
#11271=AXIS2_PLACEMENT_3D('',#15504,#12524,#12525);
#11272=AXIS2_PLACEMENT_3D('',#15507,#12528,#12529);
#11273=AXIS2_PLACEMENT_3D('',#15510,#12532,#12533);
#11274=AXIS2_PLACEMENT_3D('',#15512,#12535,#12536);
#11275=AXIS2_PLACEMENT_3D('',#15514,#12538,#12539);
#11276=AXIS2_PLACEMENT_3D('',#15517,#12542,#12543);
#11277=AXIS2_PLACEMENT_3D('',#15520,#12546,#12547);
#11278=AXIS2_PLACEMENT_3D('',#15522,#12549,#12550);
#11279=AXIS2_PLACEMENT_3D('',#15524,#12552,#12553);
#11280=AXIS2_PLACEMENT_3D('',#15527,#12556,#12557);
#11281=AXIS2_PLACEMENT_3D('',#15530,#12560,#12561);
#11282=AXIS2_PLACEMENT_3D('',#15532,#12563,#12564);
#11283=AXIS2_PLACEMENT_3D('',#15534,#12566,#12567);
#11284=AXIS2_PLACEMENT_3D('',#15536,#12569,#12570);
#11285=AXIS2_PLACEMENT_3D('',#15538,#12572,#12573);
#11286=AXIS2_PLACEMENT_3D('',#15539,#12574,#12575);
#11287=AXIS2_PLACEMENT_3D('',#15540,#12576,#12577);
#11288=AXIS2_PLACEMENT_3D('',#15541,#12578,#12579);
#11289=AXIS2_PLACEMENT_3D('',#15547,#12583,#12584);
#11290=AXIS2_PLACEMENT_3D('',#15550,#12587,#12588);
#11291=AXIS2_PLACEMENT_3D('',#15554,#12591,#12592);
#11292=AXIS2_PLACEMENT_3D('',#15558,#12595,#12596);
#11293=AXIS2_PLACEMENT_3D('',#15560,#12598,#12599);
#11294=AXIS2_PLACEMENT_3D('',#15562,#12600,#12601);
#11295=AXIS2_PLACEMENT_3D('',#15564,#12602,#12603);
#11296=AXIS2_PLACEMENT_3D('',#15565,#12604,#12605);
#11297=AXIS2_PLACEMENT_3D('',#15566,#12606,#12607);
#11298=AXIS2_PLACEMENT_3D('',#15568,#12608,#12609);
#11299=AXIS2_PLACEMENT_3D('',#15569,#12610,#12611);
#11300=AXIS2_PLACEMENT_3D('',#15570,#12612,#12613);
#11301=AXIS2_PLACEMENT_3D('',#15572,#12615,#12616);
#11302=AXIS2_PLACEMENT_3D('',#15574,#12618,#12619);
#11303=AXIS2_PLACEMENT_3D('',#15576,#12620,#12621);
#11304=AXIS2_PLACEMENT_3D('',#15578,#12622,#12623);
#11305=AXIS2_PLACEMENT_3D('',#15579,#12624,#12625);
#11306=AXIS2_PLACEMENT_3D('',#15580,#12626,#12627);
#11307=AXIS2_PLACEMENT_3D('',#15582,#12628,#12629);
#11308=AXIS2_PLACEMENT_3D('',#15583,#12630,#12631);
#11309=AXIS2_PLACEMENT_3D('',#15584,#12632,#12633);
#11310=AXIS2_PLACEMENT_3D('',#15586,#12635,#12636);
#11311=AXIS2_PLACEMENT_3D('',#15588,#12638,#12639);
#11312=AXIS2_PLACEMENT_3D('',#15592,#12641,#12642);
#11313=AXIS2_PLACEMENT_3D('',#15594,#12644,#12645);
#11314=AXIS2_PLACEMENT_3D('',#15596,#12647,#12648);
#11315=AXIS2_PLACEMENT_3D('',#15600,#12650,#12651);
#11316=AXIS2_PLACEMENT_3D('',#15601,#12652,#12653);
#11317=AXIS2_PLACEMENT_3D('',#15604,#12656,#12657);
#11318=AXIS2_PLACEMENT_3D('',#15610,#12661,#12662);
#11319=AXIS2_PLACEMENT_3D('',#15613,#12665,#12666);
#11320=AXIS2_PLACEMENT_3D('',#15624,#12672,#12673);
#11321=AXIS2_PLACEMENT_3D('',#15632,#12678,#12679);
#11322=AXIS2_PLACEMENT_3D('',#15638,#12683,#12684);
#11323=AXIS2_PLACEMENT_3D('',#15644,#12688,#12689);
#11324=AXIS2_PLACEMENT_3D('',#15649,#12693,#12694);
#11325=AXIS2_PLACEMENT_3D('',#15655,#12698,#12699);
#11326=AXIS2_PLACEMENT_3D('',#15659,#12702,#12703);
#11327=AXIS2_PLACEMENT_3D('',#15664,#12707,#12708);
#11328=AXIS2_PLACEMENT_3D('',#15666,#12710,#12711);
#11329=AXIS2_PLACEMENT_3D('',#15672,#12715,#12716);
#11330=AXIS2_PLACEMENT_3D('',#15676,#12719,#12720);
#11331=AXIS2_PLACEMENT_3D('',#15680,#12723,#12724);
#11332=AXIS2_PLACEMENT_3D('',#15684,#12727,#12728);
#11333=AXIS2_PLACEMENT_3D('',#15688,#12731,#12732);
#11334=AXIS2_PLACEMENT_3D('',#15690,#12734,#12735);
#11335=AXIS2_PLACEMENT_3D('',#15694,#12738,#12739);
#11336=AXIS2_PLACEMENT_3D('',#15698,#12742,#12743);
#11337=AXIS2_PLACEMENT_3D('',#15702,#12746,#12747);
#11338=AXIS2_PLACEMENT_3D('',#15704,#12749,#12750);
#11339=AXIS2_PLACEMENT_3D('',#15707,#12753,#12754);
#11340=AXIS2_PLACEMENT_3D('',#15709,#12756,#12757);
#11341=AXIS2_PLACEMENT_3D('',#15711,#12759,#12760);
#11342=AXIS2_PLACEMENT_3D('',#15713,#12762,#12763);
#11343=AXIS2_PLACEMENT_3D('',#15715,#12765,#12766);
#11344=AXIS2_PLACEMENT_3D('',#15717,#12768,#12769);
#11345=AXIS2_PLACEMENT_3D('',#15720,#12772,#12773);
#11346=AXIS2_PLACEMENT_3D('',#15721,#12774,#12775);
#11347=AXIS2_PLACEMENT_3D('',#15723,#12777,#12778);
#11348=AXIS2_PLACEMENT_3D('',#15724,#12779,#12780);
#11349=AXIS2_PLACEMENT_3D('',#15725,#12781,#12782);
#11350=AXIS2_PLACEMENT_3D('',#15726,#12783,#12784);
#11351=AXIS2_PLACEMENT_3D('',#15728,#12786,#12787);
#11352=AXIS2_PLACEMENT_3D('',#15730,#12789,#12790);
#11353=AXIS2_PLACEMENT_3D('',#15731,#12791,#12792);
#11354=AXIS2_PLACEMENT_3D('',#15732,#12793,#12794);
#11355=AXIS2_PLACEMENT_3D('',#15735,#12795,#12796);
#11356=AXIS2_PLACEMENT_3D('',#15736,#12797,#12798);
#11357=AXIS2_PLACEMENT_3D('',#15737,#12799,#12800);
#11358=AXIS2_PLACEMENT_3D('',#15740,#12801,#12802);
#11359=AXIS2_PLACEMENT_3D('',#15741,#12803,#12804);
#11360=AXIS2_PLACEMENT_3D('',#15742,#12805,#12806);
#11361=AXIS2_PLACEMENT_3D('',#15745,#12807,#12808);
#11362=AXIS2_PLACEMENT_3D('',#15746,#12809,#12810);
#11363=AXIS2_PLACEMENT_3D('',#15747,#12811,#12812);
#11364=AXIS2_PLACEMENT_3D('',#15750,#12813,#12814);
#11365=AXIS2_PLACEMENT_3D('',#15751,#12815,#12816);
#11366=AXIS2_PLACEMENT_3D('',#15752,#12817,#12818);
#11367=AXIS2_PLACEMENT_3D('',#15755,#12819,#12820);
#11368=AXIS2_PLACEMENT_3D('',#15756,#12821,#12822);
#11369=AXIS2_PLACEMENT_3D('',#15757,#12823,#12824);
#11370=AXIS2_PLACEMENT_3D('',#15777,#12837,#12838);
#11371=AXIS2_PLACEMENT_3D('',#15787,#12843,#12844);
#11372=AXIS2_PLACEMENT_3D('',#15788,#12845,#12846);
#11373=AXIS2_PLACEMENT_3D('',#15790,#12847,#12848);
#11374=AXIS2_PLACEMENT_3D('',#15792,#12850,#12851);
#11375=AXIS2_PLACEMENT_3D('',#15801,#12856,#12857);
#11376=AXIS2_PLACEMENT_3D('',#15807,#12861,#12862);
#11377=AXIS2_PLACEMENT_3D('',#15813,#12866,#12867);
#11378=AXIS2_PLACEMENT_3D('',#15859,#12890,#12891);
#11379=AXIS2_PLACEMENT_3D('',#15862,#12893,#12894);
#11380=AXIS2_PLACEMENT_3D('',#15867,#12896,#12897);
#11381=AXIS2_PLACEMENT_3D('',#15870,#12899,#12900);
#11382=AXIS2_PLACEMENT_3D('',#15875,#12902,#12903);
#11383=AXIS2_PLACEMENT_3D('',#15878,#12905,#12906);
#11384=AXIS2_PLACEMENT_3D('',#15883,#12908,#12909);
#11385=AXIS2_PLACEMENT_3D('',#15886,#12911,#12912);
#11386=AXIS2_PLACEMENT_3D('',#15891,#12914,#12915);
#11387=AXIS2_PLACEMENT_3D('',#15894,#12917,#12918);
#11388=AXIS2_PLACEMENT_3D('',#15899,#12920,#12921);
#11389=AXIS2_PLACEMENT_3D('',#15902,#12923,#12924);
#11390=AXIS2_PLACEMENT_3D('',#15909,#12927,#12928);
#11391=AXIS2_PLACEMENT_3D('',#15913,#12930,#12931);
#11392=AXIS2_PLACEMENT_3D('',#15923,#12936,#12937);
#11393=AXIS2_PLACEMENT_3D('',#15927,#12939,#12940);
#11394=AXIS2_PLACEMENT_3D('',#15931,#12942,#12943);
#11395=AXIS2_PLACEMENT_3D('',#15937,#12946,#12947);
#11396=AXIS2_PLACEMENT_3D('',#15940,#12949,#12950);
#11397=AXIS2_PLACEMENT_3D('',#15941,#12951,#12952);
#11398=AXIS2_PLACEMENT_3D('',#15945,#12955,#12956);
#11399=AXIS2_PLACEMENT_3D('',#15956,#12962,#12963);
#11400=AXIS2_PLACEMENT_3D('',#15967,#12969,#12970);
#11401=AXIS2_PLACEMENT_3D('',#15973,#12974,#12975);
#11402=AXIS2_PLACEMENT_3D('',#15979,#12979,#12980);
#11403=AXIS2_PLACEMENT_3D('',#15982,#12983,#12984);
#11404=AXIS2_PLACEMENT_3D('',#15986,#12987,#12988);
#11405=AXIS2_PLACEMENT_3D('',#15990,#12991,#12992);
#11406=AXIS2_PLACEMENT_3D('',#15992,#12994,#12995);
#11407=AXIS2_PLACEMENT_3D('',#15998,#12999,#13000);
#11408=AXIS2_PLACEMENT_3D('',#16002,#13003,#13004);
#11409=AXIS2_PLACEMENT_3D('',#16022,#13016,#13017);
#11410=AXIS2_PLACEMENT_3D('',#16028,#13021,#13022);
#11411=AXIS2_PLACEMENT_3D('',#16048,#13034,#13035);
#11412=AXIS2_PLACEMENT_3D('',#16057,#13040,#13041);
#11413=AXIS2_PLACEMENT_3D('',#16063,#13045,#13046);
#11414=AXIS2_PLACEMENT_3D('',#16069,#13050,#13051);
#11415=AXIS2_PLACEMENT_3D('',#16081,#13058,#13059);
#11416=AXIS2_PLACEMENT_3D('',#16104,#13072,#13073);
#11417=AXIS2_PLACEMENT_3D('',#16108,#13076,#13077);
#11418=AXIS2_PLACEMENT_3D('',#16112,#13080,#13081);
#11419=AXIS2_PLACEMENT_3D('',#16116,#13084,#13085);
#11420=AXIS2_PLACEMENT_3D('',#16133,#13095,#13096);
#11421=AXIS2_PLACEMENT_3D('',#16139,#13101,#13102);
#11422=AXIS2_PLACEMENT_3D('',#16143,#13105,#13106);
#11423=AXIS2_PLACEMENT_3D('',#16147,#13109,#13110);
#11424=AXIS2_PLACEMENT_3D('',#16154,#13115,#13116);
#11425=AXIS2_PLACEMENT_3D('',#16163,#13121,#13122);
#11426=AXIS2_PLACEMENT_3D('',#16165,#13123,#13124);
#11427=AXIS2_PLACEMENT_3D('',#16167,#13125,#13126);
#11428=AXIS2_PLACEMENT_3D('',#16169,#13128,#13129);
#11429=AXIS2_PLACEMENT_3D('',#16175,#13133,#13134);
#11430=AXIS2_PLACEMENT_3D('',#16176,#13135,#13136);
#11431=AXIS2_PLACEMENT_3D('',#16177,#13137,#13138);
#11432=AXIS2_PLACEMENT_3D('',#16178,#13139,#13140);
#11433=AXIS2_PLACEMENT_3D('',#16187,#13145,#13146);
#11434=AXIS2_PLACEMENT_3D('',#16189,#13147,#13148);
#11435=AXIS2_PLACEMENT_3D('',#16191,#13149,#13150);
#11436=AXIS2_PLACEMENT_3D('',#16193,#13152,#13153);
#11437=AXIS2_PLACEMENT_3D('',#16199,#13157,#13158);
#11438=AXIS2_PLACEMENT_3D('',#16200,#13159,#13160);
#11439=AXIS2_PLACEMENT_3D('',#16201,#13161,#13162);
#11440=AXIS2_PLACEMENT_3D('',#16202,#13163,#13164);
#11441=AXIS2_PLACEMENT_3D('',#16211,#13169,#13170);
#11442=AXIS2_PLACEMENT_3D('',#16213,#13171,#13172);
#11443=AXIS2_PLACEMENT_3D('',#16215,#13173,#13174);
#11444=AXIS2_PLACEMENT_3D('',#16217,#13176,#13177);
#11445=AXIS2_PLACEMENT_3D('',#16223,#13181,#13182);
#11446=AXIS2_PLACEMENT_3D('',#16224,#13183,#13184);
#11447=AXIS2_PLACEMENT_3D('',#16225,#13185,#13186);
#11448=AXIS2_PLACEMENT_3D('',#16226,#13187,#13188);
#11449=AXIS2_PLACEMENT_3D('',#16232,#13192,#13193);
#11450=AXIS2_PLACEMENT_3D('',#16236,#13196,#13197);
#11451=AXIS2_PLACEMENT_3D('',#16240,#13200,#13201);
#11452=AXIS2_PLACEMENT_3D('',#16246,#13205,#13206);
#11453=AXIS2_PLACEMENT_3D('',#16252,#13210,#13211);
#11454=AXIS2_PLACEMENT_3D('',#16256,#13214,#13215);
#11455=AXIS2_PLACEMENT_3D('',#16258,#13216,#13217);
#11456=AXIS2_PLACEMENT_3D('',#16261,#13219,#13220);
#11457=AXIS2_PLACEMENT_3D('',#16263,#13222,#13223);
#11458=AXIS2_PLACEMENT_3D('',#16264,#13224,#13225);
#11459=AXIS2_PLACEMENT_3D('',#16268,#13227,#13228);
#11460=AXIS2_PLACEMENT_3D('',#16270,#13230,#13231);
#11461=AXIS2_PLACEMENT_3D('',#16276,#13235,#13236);
#11462=AXIS2_PLACEMENT_3D('',#16279,#13238,#13239);
#11463=AXIS2_PLACEMENT_3D('',#16280,#13240,#13241);
#11464=AXIS2_PLACEMENT_3D('',#16285,#13245,#13246);
#11465=AXIS2_PLACEMENT_3D('',#16287,#13248,#13249);
#11466=AXIS2_PLACEMENT_3D('',#16288,#13250,#13251);
#11467=AXIS2_PLACEMENT_3D('',#16290,#13253,#13254);
#11468=AXIS2_PLACEMENT_3D('',#16294,#13257,#13258);
#11469=AXIS2_PLACEMENT_3D('',#16296,#13260,#13261);
#11470=AXIS2_PLACEMENT_3D('',#16301,#13265,#13266);
#11471=AXIS2_PLACEMENT_3D('',#16305,#13269,#13270);
#11472=AXIS2_PLACEMENT_3D('',#16313,#13275,#13276);
#11473=AXIS2_PLACEMENT_3D('',#16314,#13277,#13278);
#11474=AXIS2_PLACEMENT_3D('',#16318,#13281,#13282);
#11475=AXIS2_PLACEMENT_3D('',#16327,#13288,#13289);
#11476=AXIS2_PLACEMENT_3D('',#16331,#13292,#13293);
#11477=AXIS2_PLACEMENT_3D('',#16340,#13298,#13299);
#11478=AXIS2_PLACEMENT_3D('',#16344,#13301,#13302);
#11479=AXIS2_PLACEMENT_3D('',#16345,#13303,#13304);
#11480=AXIS2_PLACEMENT_3D('',#16346,#13305,#13306);
#11481=AXIS2_PLACEMENT_3D('',#16352,#13310,#13311);
#11482=AXIS2_PLACEMENT_3D('',#16353,#13312,#13313);
#11483=AXIS2_PLACEMENT_3D('',#16354,#13314,#13315);
#11484=AXIS2_PLACEMENT_3D('',#16355,#13316,#13317);
#11485=AXIS2_PLACEMENT_3D('',#16358,#13320,#13321);
#11486=AXIS2_PLACEMENT_3D('',#16360,#13323,#13324);
#11487=AXIS2_PLACEMENT_3D('',#16379,#13334,#13335);
#11488=AXIS2_PLACEMENT_3D('',#16382,#13337,#13338);
#11489=AXIS2_PLACEMENT_3D('',#16387,#13340,#13341);
#11490=AXIS2_PLACEMENT_3D('',#16390,#13343,#13344);
#11491=AXIS2_PLACEMENT_3D('',#16395,#13346,#13347);
#11492=AXIS2_PLACEMENT_3D('',#16398,#13349,#13350);
#11493=AXIS2_PLACEMENT_3D('',#16403,#13352,#13353);
#11494=AXIS2_PLACEMENT_3D('',#16406,#13355,#13356);
#11495=AXIS2_PLACEMENT_3D('',#16411,#13358,#13359);
#11496=AXIS2_PLACEMENT_3D('',#16414,#13361,#13362);
#11497=AXIS2_PLACEMENT_3D('',#16419,#13364,#13365);
#11498=AXIS2_PLACEMENT_3D('',#16422,#13367,#13368);
#11499=AXIS2_PLACEMENT_3D('',#16427,#13370,#13371);
#11500=AXIS2_PLACEMENT_3D('',#16430,#13373,#13374);
#11501=AXIS2_PLACEMENT_3D('',#16435,#13376,#13377);
#11502=AXIS2_PLACEMENT_3D('',#16438,#13379,#13380);
#11503=AXIS2_PLACEMENT_3D('',#16439,#13381,#13382);
#11504=AXIS2_PLACEMENT_3D('',#16445,#13386,#13387);
#11505=AXIS2_PLACEMENT_3D('',#16448,#13389,#13390);
#11506=AXIS2_PLACEMENT_3D('',#16449,#13391,#13392);
#11507=AXIS2_PLACEMENT_3D('',#16453,#13395,#13396);
#11508=AXIS2_PLACEMENT_3D('',#16454,#13397,#13398);
#11509=AXIS2_PLACEMENT_3D('',#16455,#13399,#13400);
#11510=AXIS2_PLACEMENT_3D('',#16458,#13403,#13404);
#11511=AXIS2_PLACEMENT_3D('',#16460,#13406,#13407);
#11512=AXIS2_PLACEMENT_3D('',#16466,#13411,#13412);
#11513=AXIS2_PLACEMENT_3D('',#16469,#13414,#13415);
#11514=AXIS2_PLACEMENT_3D('',#16470,#13416,#13417);
#11515=AXIS2_PLACEMENT_3D('',#16474,#13420,#13421);
#11516=AXIS2_PLACEMENT_3D('',#16475,#13422,#13423);
#11517=AXIS2_PLACEMENT_3D('',#16476,#13424,#13425);
#11518=AXIS2_PLACEMENT_3D('',#16479,#13428,#13429);
#11519=AXIS2_PLACEMENT_3D('',#16481,#13431,#13432);
#11520=AXIS2_PLACEMENT_3D('',#16487,#13436,#13437);
#11521=AXIS2_PLACEMENT_3D('',#16490,#13439,#13440);
#11522=AXIS2_PLACEMENT_3D('',#16491,#13441,#13442);
#11523=AXIS2_PLACEMENT_3D('',#16495,#13445,#13446);
#11524=AXIS2_PLACEMENT_3D('',#16496,#13447,#13448);
#11525=AXIS2_PLACEMENT_3D('',#16497,#13449,#13450);
#11526=AXIS2_PLACEMENT_3D('',#16500,#13453,#13454);
#11527=AXIS2_PLACEMENT_3D('',#16502,#13456,#13457);
#11528=AXIS2_PLACEMENT_3D('',#16508,#13461,#13462);
#11529=AXIS2_PLACEMENT_3D('',#16511,#13464,#13465);
#11530=AXIS2_PLACEMENT_3D('',#16512,#13466,#13467);
#11531=AXIS2_PLACEMENT_3D('',#16516,#13470,#13471);
#11532=AXIS2_PLACEMENT_3D('',#16517,#13472,#13473);
#11533=AXIS2_PLACEMENT_3D('',#16518,#13474,#13475);
#11534=AXIS2_PLACEMENT_3D('',#16521,#13478,#13479);
#11535=AXIS2_PLACEMENT_3D('',#16523,#13481,#13482);
#11536=AXIS2_PLACEMENT_3D('',#16529,#13486,#13487);
#11537=AXIS2_PLACEMENT_3D('',#16532,#13489,#13490);
#11538=AXIS2_PLACEMENT_3D('',#16533,#13491,#13492);
#11539=AXIS2_PLACEMENT_3D('',#16537,#13495,#13496);
#11540=AXIS2_PLACEMENT_3D('',#16538,#13497,#13498);
#11541=AXIS2_PLACEMENT_3D('',#16539,#13499,#13500);
#11542=AXIS2_PLACEMENT_3D('',#16542,#13503,#13504);
#11543=AXIS2_PLACEMENT_3D('',#16544,#13506,#13507);
#11544=AXIS2_PLACEMENT_3D('',#16550,#13511,#13512);
#11545=AXIS2_PLACEMENT_3D('',#16553,#13514,#13515);
#11546=AXIS2_PLACEMENT_3D('',#16554,#13516,#13517);
#11547=AXIS2_PLACEMENT_3D('',#16558,#13520,#13521);
#11548=AXIS2_PLACEMENT_3D('',#16559,#13522,#13523);
#11549=AXIS2_PLACEMENT_3D('',#16560,#13524,#13525);
#11550=AXIS2_PLACEMENT_3D('',#16563,#13528,#13529);
#11551=AXIS2_PLACEMENT_3D('',#16565,#13531,#13532);
#11552=AXIS2_PLACEMENT_3D('',#16570,#13536,#13537);
#11553=AXIS2_PLACEMENT_3D('',#16573,#13539,#13540);
#11554=AXIS2_PLACEMENT_3D('',#16574,#13541,#13542);
#11555=AXIS2_PLACEMENT_3D('',#16577,#13545,#13546);
#11556=AXIS2_PLACEMENT_3D('',#16578,#13547,#13548);
#11557=AXIS2_PLACEMENT_3D('',#16581,#13551,#13552);
#11558=AXIS2_PLACEMENT_3D('',#16582,#13553,#13554);
#11559=AXIS2_PLACEMENT_3D('',#16587,#13558,#13559);
#11560=AXIS2_PLACEMENT_3D('',#16589,#13561,#13562);
#11561=AXIS2_PLACEMENT_3D('',#16590,#13563,#13564);
#11562=AXIS2_PLACEMENT_3D('',#16592,#13566,#13567);
#11563=AXIS2_PLACEMENT_3D('',#16593,#13568,#13569);
#11564=AXIS2_PLACEMENT_3D('',#16595,#13571,#13572);
#11565=AXIS2_PLACEMENT_3D('',#16596,#13573,#13574);
#11566=AXIS2_PLACEMENT_3D('',#16599,#13577,#13578);
#11567=AXIS2_PLACEMENT_3D('',#16601,#13580,#13581);
#11568=AXIS2_PLACEMENT_3D('',#16602,#13582,#13583);
#11569=AXIS2_PLACEMENT_3D('',#16606,#13586,#13587);
#11570=AXIS2_PLACEMENT_3D('',#16610,#13590,#13591);
#11571=AXIS2_PLACEMENT_3D('',#16614,#13594,#13595);
#11572=AXIS2_PLACEMENT_3D('',#16616,#13597,#13598);
#11573=AXIS2_PLACEMENT_3D('',#16617,#13599,#13600);
#11574=AXIS2_PLACEMENT_3D('',#16619,#13602,#13603);
#11575=AXIS2_PLACEMENT_3D('',#16620,#13604,#13605);
#11576=AXIS2_PLACEMENT_3D('',#16622,#13607,#13608);
#11577=AXIS2_PLACEMENT_3D('',#16623,#13609,#13610);
#11578=AXIS2_PLACEMENT_3D('',#16625,#13612,#13613);
#11579=AXIS2_PLACEMENT_3D('',#16626,#13614,#13615);
#11580=AXIS2_PLACEMENT_3D('',#16628,#13617,#13618);
#11581=AXIS2_PLACEMENT_3D('',#16629,#13619,#13620);
#11582=AXIS2_PLACEMENT_3D('',#16631,#13622,#13623);
#11583=AXIS2_PLACEMENT_3D('',#16632,#13624,#13625);
#11584=AXIS2_PLACEMENT_3D('',#16634,#13627,#13628);
#11585=AXIS2_PLACEMENT_3D('',#16635,#13629,#13630);
#11586=AXIS2_PLACEMENT_3D('',#16636,#13631,#13632);
#11587=AXIS2_PLACEMENT_3D('',#16641,#13636,#13637);
#11588=AXIS2_PLACEMENT_3D('',#16645,#13640,#13641);
#11589=AXIS2_PLACEMENT_3D('',#16647,#13643,#13644);
#11590=AXIS2_PLACEMENT_3D('',#16648,#13645,#13646);
#11591=AXIS2_PLACEMENT_3D('',#16651,#13649,#13650);
#11592=AXIS2_PLACEMENT_3D('',#16652,#13651,#13652);
#11593=AXIS2_PLACEMENT_3D('',#16659,#13658,#13659);
#11594=AXIS2_PLACEMENT_3D('',#16665,#13663,#13664);
#11595=AXIS2_PLACEMENT_3D('',#16671,#13668,#13669);
#11596=AXIS2_PLACEMENT_3D('',#16677,#13673,#13674);
#11597=AXIS2_PLACEMENT_3D('',#16681,#13677,#13678);
#11598=AXIS2_PLACEMENT_3D('',#16683,#13680,#13681);
#11599=AXIS2_PLACEMENT_3D('',#16686,#13684,#13685);
#11600=AXIS2_PLACEMENT_3D('',#16690,#13688,#13689);
#11601=AXIS2_PLACEMENT_3D('',#16694,#13692,#13693);
#11602=AXIS2_PLACEMENT_3D('',#16696,#13695,#13696);
#11603=AXIS2_PLACEMENT_3D('',#16700,#13699,#13700);
#11604=AXIS2_PLACEMENT_3D('',#16703,#13703,#13704);
#11605=AXIS2_PLACEMENT_3D('',#16709,#13708,#13709);
#11606=AXIS2_PLACEMENT_3D('',#16713,#13712,#13713);
#11607=AXIS2_PLACEMENT_3D('',#16717,#13716,#13717);
#11608=AXIS2_PLACEMENT_3D('',#16721,#13720,#13721);
#11609=AXIS2_PLACEMENT_3D('',#16723,#13723,#13724);
#11610=AXIS2_PLACEMENT_3D('',#16725,#13726,#13727);
#11611=AXIS2_PLACEMENT_3D('',#16726,#13728,#13729);
#11612=AXIS2_PLACEMENT_3D('',#16727,#13730,#13731);
#11613=AXIS2_PLACEMENT_3D('',#16731,#13734,#13735);
#11614=AXIS2_PLACEMENT_3D('',#16736,#13739,#13740);
#11615=AXIS2_PLACEMENT_3D('',#16738,#13742,#13743);
#11616=AXIS2_PLACEMENT_3D('',#16739,#13744,#13745);
#11617=AXIS2_PLACEMENT_3D('',#16740,#13746,#13747);
#11618=AXIS2_PLACEMENT_3D('',#16743,#13750,#13751);
#11619=AXIS2_PLACEMENT_3D('',#16745,#13753,#13754);
#11620=AXIS2_PLACEMENT_3D('',#16746,#13755,#13756);
#11621=AXIS2_PLACEMENT_3D('',#16748,#13758,#13759);
#11622=AXIS2_PLACEMENT_3D('',#16749,#13760,#13761);
#11623=AXIS2_PLACEMENT_3D('',#16750,#13762,#13763);
#11624=AXIS2_PLACEMENT_3D('',#16751,#13764,#13765);
#11625=AXIS2_PLACEMENT_3D('',#16752,#13766,#13767);
#11626=AXIS2_PLACEMENT_3D('',#16753,#13768,#13769);
#11627=AXIS2_PLACEMENT_3D('',#16762,#13774,#13775);
#11628=AXIS2_PLACEMENT_3D('',#16768,#13779,#13780);
#11629=AXIS2_PLACEMENT_3D('',#16771,#13781,#13782);
#11630=AXIS2_PLACEMENT_3D('',#16775,#13784,#13785);
#11631=AXIS2_PLACEMENT_3D('',#16787,#13791,#13792);
#11632=AXIS2_PLACEMENT_3D('',#16791,#13794,#13795);
#11633=AXIS2_PLACEMENT_3D('',#16795,#13797,#13798);
#11634=AXIS2_PLACEMENT_3D('',#16797,#13800,#13801);
#11635=AXIS2_PLACEMENT_3D('',#16799,#13802,#13803);
#11636=AXIS2_PLACEMENT_3D('',#16801,#13804,#13805);
#11637=AXIS2_PLACEMENT_3D('',#16803,#13807,#13808);
#11638=AXIS2_PLACEMENT_3D('',#16805,#13809,#13810);
#11639=AXIS2_PLACEMENT_3D('',#16808,#13812,#13813);
#11640=AXIS2_PLACEMENT_3D('',#16809,#13814,#13815);
#11641=AXIS2_PLACEMENT_3D('',#16811,#13816,#13817);
#11642=AXIS2_PLACEMENT_3D('',#16815,#13820,#13821);
#11643=AXIS2_PLACEMENT_3D('',#16820,#13824,#13825);
#11644=AXIS2_PLACEMENT_3D('',#16821,#13826,#13827);
#11645=AXIS2_PLACEMENT_3D('',#16823,#13828,#13829);
#11646=AXIS2_PLACEMENT_3D('',#16825,#13830,#13831);
#11647=AXIS2_PLACEMENT_3D('',#16827,#13833,#13834);
#11648=AXIS2_PLACEMENT_3D('',#16829,#13835,#13836);
#11649=AXIS2_PLACEMENT_3D('',#16831,#13837,#13838);
#11650=AXIS2_PLACEMENT_3D('',#16833,#13840,#13841);
#11651=AXIS2_PLACEMENT_3D('',#16839,#13845,#13846);
#11652=AXIS2_PLACEMENT_3D('',#16841,#13847,#13848);
#11653=AXIS2_PLACEMENT_3D('',#16845,#13850,#13851);
#11654=AXIS2_PLACEMENT_3D('',#16848,#13853,#13854);
#11655=AXIS2_PLACEMENT_3D('',#16849,#13855,#13856);
#11656=AXIS2_PLACEMENT_3D('',#16851,#13857,#13858);
#11657=AXIS2_PLACEMENT_3D('',#16855,#13860,#13861);
#11658=AXIS2_PLACEMENT_3D('',#16858,#13863,#13864);
#11659=AXIS2_PLACEMENT_3D('',#16859,#13865,#13866);
#11660=AXIS2_PLACEMENT_3D('',#16862,#13869,#13870);
#11661=AXIS2_PLACEMENT_3D('',#16864,#13871,#13872);
#11662=AXIS2_PLACEMENT_3D('',#16868,#13874,#13875);
#11663=AXIS2_PLACEMENT_3D('',#16871,#13877,#13878);
#11664=AXIS2_PLACEMENT_3D('',#16872,#13879,#13880);
#11665=AXIS2_PLACEMENT_3D('',#16874,#13881,#13882);
#11666=AXIS2_PLACEMENT_3D('',#16878,#13884,#13885);
#11667=AXIS2_PLACEMENT_3D('',#16888,#13888,#13889);
#11668=AXIS2_PLACEMENT_3D('',#16890,#13890,#13891);
#11669=AXIS2_PLACEMENT_3D('',#16894,#13893,#13894);
#11670=AXIS2_PLACEMENT_3D('',#16904,#13897,#13898);
#11671=AXIS2_PLACEMENT_3D('',#16908,#13900,#13901);
#11672=AXIS2_PLACEMENT_3D('',#16920,#13905,#13906);
#11673=AXIS2_PLACEMENT_3D('',#16932,#13910,#13911);
#11674=AXIS2_PLACEMENT_3D('',#16935,#13914,#13915);
#11675=AXIS2_PLACEMENT_3D('',#16941,#13918,#13919);
#11676=AXIS2_PLACEMENT_3D('',#16945,#13921,#13922);
#11677=AXIS2_PLACEMENT_3D('',#16949,#13924,#13925);
#11678=AXIS2_PLACEMENT_3D('',#16956,#13930,#13931);
#11679=AXIS2_PLACEMENT_3D('',#16960,#13933,#13934);
#11680=AXIS2_PLACEMENT_3D('',#16964,#13936,#13937);
#11681=AXIS2_PLACEMENT_3D('',#16967,#13939,#13940);
#11682=AXIS2_PLACEMENT_3D('',#16968,#13941,#13942);
#11683=AXIS2_PLACEMENT_3D('',#16971,#13945,#13946);
#11684=AXIS2_PLACEMENT_3D('',#16973,#13948,#13949);
#11685=AXIS2_PLACEMENT_3D('',#16976,#13952,#13953);
#11686=AXIS2_PLACEMENT_3D('',#17028,#13955,#13956);
#11687=AXIS2_PLACEMENT_3D('',#17031,#13959,#13960);
#11688=AXIS2_PLACEMENT_3D('',#17033,#13962,#13963);
#11689=AXIS2_PLACEMENT_3D('',#17036,#13966,#13967);
#11690=AXIS2_PLACEMENT_3D('',#17088,#13969,#13970);
#11691=AXIS2_PLACEMENT_3D('',#17091,#13973,#13974);
#11692=AXIS2_PLACEMENT_3D('',#17093,#13976,#13977);
#11693=AXIS2_PLACEMENT_3D('',#17145,#13979,#13980);
#11694=AXIS2_PLACEMENT_3D('',#17147,#13982,#13983);
#11695=AXIS2_PLACEMENT_3D('',#17149,#13985,#13986);
#11696=AXIS2_PLACEMENT_3D('',#17202,#13989,#13990);
#11697=AXIS2_PLACEMENT_3D('',#17205,#13993,#13994);
#11698=AXIS2_PLACEMENT_3D('',#17206,#13995,#13996);
#11699=AXIS2_PLACEMENT_3D('',#17207,#13997,#13998);
#11700=AXIS2_PLACEMENT_3D('',#17208,#13999,#14000);
#11701=AXIS2_PLACEMENT_3D('',#17227,#14010,#14011);
#11702=AXIS2_PLACEMENT_3D('',#17258,#14027,#14028);
#11703=AXIS2_PLACEMENT_3D('',#17289,#14044,#14045);
#11704=AXIS2_PLACEMENT_3D('',#17292,#14048,#14049);
#11705=AXIS2_PLACEMENT_3D('',#17300,#14054,#14055);
#11706=AXIS2_PLACEMENT_3D('',#17303,#14058,#14059);
#11707=AXIS2_PLACEMENT_3D('',#17309,#14063,#14064);
#11708=AXIS2_PLACEMENT_3D('',#17328,#14074,#14075);
#11709=AXIS2_PLACEMENT_3D('',#17344,#14084,#14085);
#11710=AXIS2_PLACEMENT_3D('',#17359,#14093,#14094);
#11711=AXIS2_PLACEMENT_3D('',#17368,#14099,#14100);
#11712=AXIS2_PLACEMENT_3D('',#17374,#14104,#14105);
#11713=AXIS2_PLACEMENT_3D('',#17402,#14120,#14121);
#11714=AXIS2_PLACEMENT_3D('',#17408,#14125,#14126);
#11715=AXIS2_PLACEMENT_3D('',#17412,#14129,#14130);
#11716=AXIS2_PLACEMENT_3D('',#17421,#14135,#14136);
#11717=AXIS2_PLACEMENT_3D('',#17437,#14145,#14146);
#11718=AXIS2_PLACEMENT_3D('',#17443,#14150,#14151);
#11719=AXIS2_PLACEMENT_3D('',#17455,#14158,#14159);
#11720=AXIS2_PLACEMENT_3D('',#17464,#14164,#14165);
#11721=AXIS2_PLACEMENT_3D('',#17480,#14174,#14175);
#11722=AXIS2_PLACEMENT_3D('',#17483,#14178,#14179);
#11723=AXIS2_PLACEMENT_3D('',#17490,#14184,#14185);
#11724=AXIS2_PLACEMENT_3D('',#17493,#14188,#14189);
#11725=AXIS2_PLACEMENT_3D('',#17516,#14202,#14203);
#11726=AXIS2_PLACEMENT_3D('',#17536,#14215,#14216);
#11727=AXIS2_PLACEMENT_3D('',#17538,#14218,#14219);
#11728=AXIS2_PLACEMENT_3D('',#17540,#14221,#14222);
#11729=AXIS2_PLACEMENT_3D('',#17542,#14224,#14225);
#11730=AXIS2_PLACEMENT_3D('',#17544,#14227,#14228);
#11731=AXIS2_PLACEMENT_3D('',#17546,#14230,#14231);
#11732=AXIS2_PLACEMENT_3D('',#17548,#14233,#14234);
#11733=AXIS2_PLACEMENT_3D('',#17552,#14237,#14238);
#11734=AXIS2_PLACEMENT_3D('',#17554,#14240,#14241);
#11735=AXIS2_PLACEMENT_3D('',#17556,#14243,#14244);
#11736=AXIS2_PLACEMENT_3D('',#17558,#14246,#14247);
#11737=AXIS2_PLACEMENT_3D('',#17560,#14249,#14250);
#11738=AXIS2_PLACEMENT_3D('',#17569,#14255,#14256);
#11739=AXIS2_PLACEMENT_3D('',#17572,#14259,#14260);
#11740=AXIS2_PLACEMENT_3D('',#17581,#14265,#14266);
#11741=AXIS2_PLACEMENT_3D('',#17584,#14269,#14270);
#11742=AXIS2_PLACEMENT_3D('',#17588,#14274,#14275);
#11743=AXIS2_PLACEMENT_3D('',#17594,#14279,#14280);
#11744=AXIS2_PLACEMENT_3D('',#17595,#14281,#14282);
#11745=AXIS2_PLACEMENT_3D('',#17597,#14284,#14285);
#11746=AXIS2_PLACEMENT_3D('',#17600,#14288,#14289);
#11747=AXIS2_PLACEMENT_3D('',#17602,#14291,#14292);
#11748=AXIS2_PLACEMENT_3D('',#17604,#14294,#14295);
#11749=AXIS2_PLACEMENT_3D('',#17610,#14299,#14300);
#11750=AXIS2_PLACEMENT_3D('',#17614,#14303,#14304);
#11751=AXIS2_PLACEMENT_3D('',#17618,#14307,#14308);
#11752=AXIS2_PLACEMENT_3D('',#17624,#14312,#14313);
#11753=AXIS2_PLACEMENT_3D('',#17630,#14317,#14318);
#11754=AXIS2_PLACEMENT_3D('',#17634,#14321,#14322);
#11755=AXIS2_PLACEMENT_3D('',#17638,#14325,#14326);
#11756=AXIS2_PLACEMENT_3D('',#17642,#14329,#14330);
#11757=AXIS2_PLACEMENT_3D('',#17644,#14332,#14333);
#11758=AXIS2_PLACEMENT_3D('',#17650,#14337,#14338);
#11759=AXIS2_PLACEMENT_3D('',#17654,#14341,#14342);
#11760=AXIS2_PLACEMENT_3D('',#17658,#14345,#14346);
#11761=AXIS2_PLACEMENT_3D('',#17660,#14348,#14349);
#11762=AXIS2_PLACEMENT_3D('',#17664,#14352,#14353);
#11763=AXIS2_PLACEMENT_3D('',#17666,#14355,#14356);
#11764=AXIS2_PLACEMENT_3D('',#17670,#14359,#14360);
#11765=AXIS2_PLACEMENT_3D('',#17674,#14363,#14364);
#11766=AXIS2_PLACEMENT_3D('',#17676,#14366,#14367);
#11767=AXIS2_PLACEMENT_3D('',#17682,#14371,#14372);
#11768=AXIS2_PLACEMENT_3D('',#17688,#14376,#14377);
#11769=AXIS2_PLACEMENT_3D('',#17694,#14381,#14382);
#11770=AXIS2_PLACEMENT_3D('',#17696,#14384,#14385);
#11771=AXIS2_PLACEMENT_3D('',#17698,#14387,#14388);
#11772=AXIS2_PLACEMENT_3D('',#17704,#14392,#14393);
#11773=AXIS2_PLACEMENT_3D('',#17706,#14395,#14396);
#11774=AXIS2_PLACEMENT_3D('',#17708,#14398,#14399);
#11775=AXIS2_PLACEMENT_3D('',#17710,#14401,#14402);
#11776=AXIS2_PLACEMENT_3D('',#17712,#14404,#14405);
#11777=AXIS2_PLACEMENT_3D('',#17714,#14407,#14408);
#11778=AXIS2_PLACEMENT_3D('',#17720,#14412,#14413);
#11779=AXIS2_PLACEMENT_3D('',#17722,#14415,#14416);
#11780=AXIS2_PLACEMENT_3D('',#17724,#14418,#14419);
#11781=AXIS2_PLACEMENT_3D('',#17726,#14421,#14422);
#11782=AXIS2_PLACEMENT_3D('',#17728,#14424,#14425);
#11783=AXIS2_PLACEMENT_3D('',#17730,#14427,#14428);
#11784=AXIS2_PLACEMENT_3D('',#17732,#14430,#14431);
#11785=AXIS2_PLACEMENT_3D('',#17739,#14436,#14437);
#11786=AXIS2_PLACEMENT_3D('',#17742,#14440,#14441);
#11787=AXIS2_PLACEMENT_3D('',#17743,#14442,#14443);
#11788=AXIS2_PLACEMENT_3D('',#17744,#14444,#14445);
#11789=AXIS2_PLACEMENT_3D('',#17753,#14450,#14451);
#11790=AXIS2_PLACEMENT_3D('',#17759,#14455,#14456);
#11791=AXIS2_PLACEMENT_3D('',#17779,#14467,#14468);
#11792=AXIS2_PLACEMENT_3D('',#17783,#14471,#14472);
#11793=AXIS2_PLACEMENT_3D('',#17787,#14475,#14476);
#11794=AXIS2_PLACEMENT_3D('',#17795,#14481,#14482);
#11795=AXIS2_PLACEMENT_3D('',#17797,#14484,#14485);
#11796=AXIS2_PLACEMENT_3D('',#17801,#14488,#14489);
#11797=AXIS2_PLACEMENT_3D('',#17805,#14492,#14493);
#11798=AXIS2_PLACEMENT_3D('',#17811,#14497,#14498);
#11799=AXIS2_PLACEMENT_3D('',#17814,#14501,#14502);
#11800=AXIS2_PLACEMENT_3D('',#17818,#14505,#14506);
#11801=AXIS2_PLACEMENT_3D('',#17822,#14509,#14510);
#11802=AXIS2_PLACEMENT_3D('',#17824,#14512,#14513);
#11803=AXIS2_PLACEMENT_3D('',#17825,#14514,#14515);
#11804=AXIS2_PLACEMENT_3D('',#17834,#14520,#14521);
#11805=AXIS2_PLACEMENT_3D('',#17844,#14527,#14528);
#11806=AXIS2_PLACEMENT_3D('',#17854,#14534,#14535);
#11807=AXIS2_PLACEMENT_3D('',#17856,#14537,#14538);
#11808=AXIS2_PLACEMENT_3D('',#17864,#14543,#14544);
#11809=AXIS2_PLACEMENT_3D('',#17872,#14549,#14550);
#11810=AXIS2_PLACEMENT_3D('',#17901,#14566,#14567);
#11811=AXIS2_PLACEMENT_3D('',#17911,#14573,#14574);
#11812=AXIS2_PLACEMENT_3D('',#17917,#14578,#14579);
#11813=AXIS2_PLACEMENT_3D('',#17926,#14584,#14585);
#11814=AXIS2_PLACEMENT_3D('',#17929,#14588,#14589);
#11815=AXIS2_PLACEMENT_3D('',#17933,#14592,#14593);
#11816=AXIS2_PLACEMENT_3D('',#17937,#14596,#14597);
#11817=AXIS2_PLACEMENT_3D('',#17943,#14601,#14602);
#11818=AXIS2_PLACEMENT_3D('',#17949,#14606,#14607);
#11819=AXIS2_PLACEMENT_3D('',#17953,#14610,#14611);
#11820=AXIS2_PLACEMENT_3D('',#17957,#14614,#14615);
#11821=AXIS2_PLACEMENT_3D('',#17961,#14618,#14619);
#11822=AXIS2_PLACEMENT_3D('',#17966,#14623,#14624);
#11823=AXIS2_PLACEMENT_3D('',#17970,#14627,#14628);
#11824=AXIS2_PLACEMENT_3D('',#17973,#14631,#14632);
#11825=AXIS2_PLACEMENT_3D('',#17975,#14634,#14635);
#11826=AXIS2_PLACEMENT_3D('',#17976,#14636,#14637);
#11827=AXIS2_PLACEMENT_3D('',#17977,#14638,#14639);
#11828=AXIS2_PLACEMENT_3D('',#17978,#14640,#14641);
#11829=AXIS2_PLACEMENT_3D('',#17987,#14646,#14647);
#11830=AXIS2_PLACEMENT_3D('',#17993,#14651,#14652);
#11831=AXIS2_PLACEMENT_3D('',#17999,#14656,#14657);
#11832=AXIS2_PLACEMENT_3D('',#18005,#14661,#14662);
#11833=AXIS2_PLACEMENT_3D('',#18011,#14666,#14667);
#11834=AXIS2_PLACEMENT_3D('',#18019,#14672,#14673);
#11835=AXIS2_PLACEMENT_3D('',#18022,#14676,#14677);
#11836=AXIS2_PLACEMENT_3D('',#18024,#14679,#14680);
#11837=AXIS2_PLACEMENT_3D('',#18028,#14683,#14684);
#11838=AXIS2_PLACEMENT_3D('',#18031,#14687,#14688);
#11839=AXIS2_PLACEMENT_3D('',#18034,#14691,#14692);
#11840=AXIS2_PLACEMENT_3D('',#18035,#14693,#14694);
#11841=AXIS2_PLACEMENT_3D('',#18038,#14696,#14697);
#11842=AXIS2_PLACEMENT_3D('',#18042,#14700,#14701);
#11843=AXIS2_PLACEMENT_3D('',#18046,#14704,#14705);
#11844=AXIS2_PLACEMENT_3D('',#18048,#14707,#14708);
#11845=AXIS2_PLACEMENT_3D('',#18050,#14710,#14711);
#11846=AXIS2_PLACEMENT_3D('',#18051,#14712,#14713);
#11847=DIRECTION('axis',(0.,0.,1.));
#11848=DIRECTION('refdir',(1.,0.,0.));
#11849=DIRECTION('axis',(0.,0.,1.));
#11850=DIRECTION('refdir',(1.,0.,0.));
#11851=DIRECTION('center_axis',(2.73691106313441E-48,-1.11022302462516E-16,
1.));
#11852=DIRECTION('ref_axis',(1.23259516440783E-32,1.,1.11022302462516E-16));
#11853=DIRECTION('center_axis',(2.73691106313441E-48,-1.11022302462516E-16,
1.));
#11854=DIRECTION('ref_axis',(1.23259516440783E-32,1.,1.11022302462516E-16));
#11855=DIRECTION('',(2.73691106313441E-48,-1.11022302462516E-16,1.));
#11856=DIRECTION('center_axis',(2.73691106313441E-48,-1.11022302462516E-16,
1.));
#11857=DIRECTION('ref_axis',(1.23259516440783E-32,1.,1.11022302462516E-16));
#11858=DIRECTION('center_axis',(2.73691106313441E-48,-1.11022302462516E-16,
1.));
#11859=DIRECTION('ref_axis',(1.23259516440783E-32,1.,1.11022302462516E-16));
#11860=DIRECTION('center_axis',(2.73691106313441E-48,-1.11022302462516E-16,
1.));
#11861=DIRECTION('ref_axis',(1.23259516440783E-32,1.,1.11022302462516E-16));
#11862=DIRECTION('center_axis',(2.73691106313441E-48,-1.11022302462516E-16,
1.));
#11863=DIRECTION('ref_axis',(1.23259516440783E-32,1.,1.11022302462516E-16));
#11864=DIRECTION('',(2.73691106313441E-48,-1.11022302462516E-16,1.));
#11865=DIRECTION('center_axis',(2.73691106313441E-48,-1.11022302462516E-16,
1.));
#11866=DIRECTION('ref_axis',(1.23259516440783E-32,1.,1.11022302462516E-16));
#11867=DIRECTION('center_axis',(2.73691106313441E-48,-1.11022302462516E-16,
1.));
#11868=DIRECTION('ref_axis',(1.23259516440783E-32,1.,1.11022302462516E-16));
#11869=DIRECTION('center_axis',(2.73691106313441E-48,-1.11022302462516E-16,
1.));
#11870=DIRECTION('ref_axis',(1.23259516440783E-32,1.,1.11022302462516E-16));
#11871=DIRECTION('center_axis',(2.73691106313441E-48,-1.11022302462516E-16,
1.));
#11872=DIRECTION('ref_axis',(1.23259516440783E-32,1.,1.11022302462516E-16));
#11873=DIRECTION('',(2.73691106313441E-48,-1.11022302462516E-16,1.));
#11874=DIRECTION('center_axis',(2.73691106313441E-48,-1.11022302462516E-16,
1.));
#11875=DIRECTION('ref_axis',(1.23259516440783E-32,1.,1.11022302462516E-16));
#11876=DIRECTION('center_axis',(2.73691106313441E-48,-1.11022302462516E-16,
1.));
#11877=DIRECTION('ref_axis',(1.23259516440783E-32,1.,1.11022302462516E-16));
#11878=DIRECTION('center_axis',(2.73691106313441E-48,-1.11022302462516E-16,
1.));
#11879=DIRECTION('ref_axis',(1.23259516440783E-32,1.,1.11022302462516E-16));
#11880=DIRECTION('center_axis',(2.73691106313441E-48,-1.11022302462516E-16,
1.));
#11881=DIRECTION('ref_axis',(1.23259516440783E-32,1.,1.11022302462516E-16));
#11882=DIRECTION('',(2.73691106313441E-48,-1.11022302462516E-16,1.));
#11883=DIRECTION('center_axis',(2.73691106313441E-48,-1.11022302462516E-16,
1.));
#11884=DIRECTION('ref_axis',(1.23259516440783E-32,1.,1.11022302462516E-16));
#11885=DIRECTION('center_axis',(2.73691106313441E-48,-1.11022302462516E-16,
1.));
#11886=DIRECTION('ref_axis',(1.23259516440783E-32,1.,1.11022302462516E-16));
#11887=DIRECTION('center_axis',(-0.707106781186541,0.707106781186554,7.85046229341894E-17));
#11888=DIRECTION('ref_axis',(-0.707106781186554,-0.707106781186541,-7.8504622934188E-17));
#11889=DIRECTION('',(-2.73691106313441E-48,1.11022302462516E-16,-1.));
#11890=DIRECTION('',(-0.707106781186554,-0.707106781186541,-7.8504622934188E-17));
#11891=DIRECTION('',(2.73691106313441E-48,-1.11022302462516E-16,1.));
#11892=DIRECTION('',(0.577350269189632,0.577350269189622,0.577350269189624));
#11893=DIRECTION('center_axis',(-0.707106781186543,-7.85046229341893E-17,
0.707106781186553));
#11894=DIRECTION('ref_axis',(-1.23259516440783E-32,-1.,-1.11022302462516E-16));
#11895=DIRECTION('',(-1.23259516440783E-32,-1.,-1.11022302462516E-16));
#11896=DIRECTION('',(0.577350269189632,0.577350269189622,0.577350269189624));
#11897=DIRECTION('',(1.23259516440783E-32,1.,1.11022302462516E-16));
#11898=DIRECTION('',(-0.707106781186553,7.85046229341882E-17,-0.707106781186543));
#11899=DIRECTION('center_axis',(1.23259516440783E-32,1.,1.11022302462516E-16));
#11900=DIRECTION('ref_axis',(-1.,1.23259516440783E-32,2.73691106313441E-48));
#11901=DIRECTION('',(-1.,1.23259516440783E-32,2.73691106313441E-48));
#11902=DIRECTION('',(-0.707106781186546,-7.85046229341889E-17,0.707106781186549));
#11903=DIRECTION('',(2.73691106313441E-48,-1.11022302462516E-16,1.));
#11904=DIRECTION('',(1.,-1.23259516440783E-32,-2.73691106313441E-48));
#11905=DIRECTION('',(-2.73691106313441E-48,1.11022302462516E-16,-1.));
#11906=DIRECTION('',(-1.,1.23259516440783E-32,2.73691106313441E-48));
#11907=DIRECTION('',(-2.73691106313441E-48,1.11022302462516E-16,-1.));
#11908=DIRECTION('',(1.,-1.23259516440783E-32,-2.73691106313441E-48));
#11909=DIRECTION('center_axis',(2.73691106313441E-48,-1.11022302462516E-16,
1.));
#11910=DIRECTION('ref_axis',(-1.23259516440783E-32,-1.,-1.11022302462516E-16));
#11911=DIRECTION('',(-1.,1.23259516440783E-32,2.73691106313441E-48));
#11912=DIRECTION('',(1.23259516440783E-32,1.,1.11022302462516E-16));
#11913=DIRECTION('',(1.,-1.23259516440783E-32,-2.73691106313441E-48));
#11914=DIRECTION('',(1.23259516440783E-32,1.,1.11022302462516E-16));
#11915=DIRECTION('',(1.,-1.23259516440783E-32,-2.73691106313441E-48));
#11916=DIRECTION('',(-1.23259516440783E-32,-1.,-1.11022302462516E-16));
#11917=DIRECTION('',(-0.196116135138183,-0.98058067569092,-1.08866324365455E-16));
#11918=DIRECTION('',(-1.,1.23259516440783E-32,2.73691106313441E-48));
#11919=DIRECTION('',(-0.196116135138183,0.98058067569092,1.08866324365455E-16));
#11920=DIRECTION('',(1.23259516440783E-32,1.,1.11022302462516E-16));
#11921=DIRECTION('',(1.,-1.23259516440783E-32,-2.73691106313441E-48));
#11922=DIRECTION('',(-1.23259516440783E-32,-1.,-1.11022302462516E-16));
#11923=DIRECTION('',(1.,-1.23259516440783E-32,-2.73691106313441E-48));
#11924=DIRECTION('',(-1.23259516440783E-32,-1.,-1.11022302462516E-16));
#11925=DIRECTION('',(-1.,1.23259516440783E-32,2.73691106313441E-48));
#11926=DIRECTION('',(-1.23259516440783E-32,-1.,-1.11022302462516E-16));
#11927=DIRECTION('',(1.23259516440783E-32,1.,1.11022302462516E-16));
#11928=DIRECTION('',(1.,-1.23259516440783E-32,-2.73691106313441E-48));
#11929=DIRECTION('',(-1.23259516440783E-32,-1.,-1.11022302462516E-16));
#11930=DIRECTION('',(-1.,1.23259516440783E-32,2.73691106313441E-48));
#11931=DIRECTION('center_axis',(-8.71576399210526E-33,-0.707106781186549,
0.707106781186546));
#11932=DIRECTION('ref_axis',(1.,-1.23259516440783E-32,-2.73691106313441E-48));
#11933=DIRECTION('',(1.,-1.23259516440783E-32,-2.73691106313441E-48));
#11934=DIRECTION('',(0.577350269189625,0.577350269189625,0.577350269189627));
#11935=DIRECTION('center_axis',(-2.73691106313441E-48,1.11022302462516E-16,
-1.));
#11936=DIRECTION('ref_axis',(1.23259516440783E-32,1.,1.11022302462516E-16));
#11937=DIRECTION('',(-1.23259516440783E-32,-1.,-1.11022302462516E-16));
#11938=DIRECTION('',(-1.,1.23259516440783E-32,2.73691106313441E-48));
#11939=DIRECTION('',(-1.23259516440783E-32,-1.,-1.11022302462516E-16));
#11940=DIRECTION('',(-1.,1.23259516440783E-32,2.73691106313441E-48));
#11941=DIRECTION('',(-1.23259516440783E-32,-1.,-1.11022302462516E-16));
#11942=DIRECTION('center_axis',(-1.,1.23259516440783E-32,2.73691106313441E-48));
#11943=DIRECTION('ref_axis',(-1.23259516440783E-32,-1.,-1.11022302462516E-16));
#11944=DIRECTION('',(2.73691106313441E-48,-1.11022302462516E-16,1.));
#11945=DIRECTION('',(1.23259516440783E-32,1.,1.11022302462516E-16));
#11946=DIRECTION('',(-2.73691106313441E-48,1.11022302462516E-16,-1.));
#11947=DIRECTION('center_axis',(-0.707106781186543,-7.85046229341893E-17,
0.707106781186553));
#11948=DIRECTION('ref_axis',(-1.23259516440783E-32,-1.,-1.11022302462516E-16));
#11949=DIRECTION('',(-0.577350269189631,0.577350269189623,-0.577350269189623));
#11950=DIRECTION('',(-1.23259516440783E-32,-1.,-1.11022302462516E-16));
#11951=DIRECTION('',(0.577350269189632,-0.577350269189622,0.577350269189624));
#11952=DIRECTION('',(0.707106781186553,-7.85046229341882E-17,0.707106781186543));
#11953=DIRECTION('center_axis',(-0.707106781186541,-0.707106781186554,-7.85046229341894E-17));
#11954=DIRECTION('ref_axis',(0.707106781186554,-0.707106781186541,-7.8504622934188E-17));
#11955=DIRECTION('',(-2.73691106313441E-48,1.11022302462516E-16,-1.));
#11956=DIRECTION('',(0.707106781186554,-0.707106781186541,-7.8504622934188E-17));
#11957=DIRECTION('',(2.73691106313441E-48,-1.11022302462516E-16,1.));
#11958=DIRECTION('center_axis',(-1.23259516440783E-32,-1.,-1.11022302462516E-16));
#11959=DIRECTION('ref_axis',(1.,-1.23259516440783E-32,-2.73691106313441E-48));
#11960=DIRECTION('',(-1.,1.23259516440783E-32,2.73691106313441E-48));
#11961=DIRECTION('',(-2.73691106313441E-48,1.11022302462516E-16,-1.));
#11962=DIRECTION('',(1.,-1.23259516440783E-32,-2.73691106313441E-48));
#11963=DIRECTION('',(-2.73691106313441E-48,1.11022302462516E-16,-1.));
#11964=DIRECTION('center_axis',(-2.73691106313441E-48,1.11022302462516E-16,
-1.));
#11965=DIRECTION('ref_axis',(1.23259516440783E-32,1.,1.11022302462516E-16));
#11966=DIRECTION('',(-1.23259516440783E-32,-1.,-1.11022302462516E-16));
#11967=DIRECTION('',(1.,-1.23259516440783E-32,-2.73691106313441E-48));
#11968=DIRECTION('',(-1.23259516440783E-32,-1.,-1.11022302462516E-16));
#11969=DIRECTION('center_axis',(8.71576399210525E-33,0.707106781186548,
0.707106781186548));
#11970=DIRECTION('ref_axis',(-1.,1.23259516440783E-32,2.73691106313441E-48));
#11971=DIRECTION('',(-0.577350269189624,0.577350269189627,-0.577350269189626));
#11972=DIRECTION('',(-1.,1.23259516440783E-32,2.73691106313441E-48));
#11973=DIRECTION('center_axis',(0.707106781186543,-0.707106781186553,-7.85046229341893E-17));
#11974=DIRECTION('ref_axis',(0.707106781186553,0.707106781186543,7.85046229341882E-17));
#11975=DIRECTION('',(-2.73691106313441E-48,1.11022302462516E-16,-1.));
#11976=DIRECTION('',(0.707106781186553,0.707106781186543,7.85046229341882E-17));
#11977=DIRECTION('',(2.73691106313441E-48,-1.11022302462516E-16,1.));
#11978=DIRECTION('',(-0.577350269189624,-0.577350269189617,0.577350269189637));
#11979=DIRECTION('center_axis',(0.707106781186549,-7.85046229341886E-17,
0.707106781186546));
#11980=DIRECTION('ref_axis',(1.23259516440783E-32,1.,1.11022302462516E-16));
#11981=DIRECTION('',(1.23259516440783E-32,1.,1.11022302462516E-16));
#11982=DIRECTION('',(-0.577350269189625,-0.577350269189627,0.577350269189626));
#11983=DIRECTION('',(0.707106781186546,7.85046229341889E-17,-0.707106781186549));
#11984=DIRECTION('center_axis',(-1.23259516440783E-32,-1.,-1.11022302462516E-16));
#11985=DIRECTION('ref_axis',(1.,-1.23259516440783E-32,-2.73691106313441E-48));
#11986=DIRECTION('',(2.73691106313441E-48,-1.11022302462516E-16,1.));
#11987=DIRECTION('',(1.,-1.23259516440783E-32,-2.73691106313441E-48));
#11988=DIRECTION('',(-2.73691106313441E-48,1.11022302462516E-16,-1.));
#11989=DIRECTION('',(-1.,1.23259516440783E-32,2.73691106313441E-48));
#11990=DIRECTION('center_axis',(8.71576399210525E-33,0.707106781186548,
0.707106781186548));
#11991=DIRECTION('ref_axis',(-1.,1.23259516440783E-32,2.73691106313441E-48));
#11992=DIRECTION('',(-1.,1.23259516440783E-32,2.73691106313441E-48));
#11993=DIRECTION('',(-0.577350269189631,-0.577350269189623,0.577350269189623));
#11994=DIRECTION('center_axis',(-2.73691106313441E-48,1.11022302462516E-16,
-1.));
#11995=DIRECTION('ref_axis',(1.23259516440783E-32,1.,1.11022302462516E-16));
#11996=DIRECTION('',(1.23259516440783E-32,1.,1.11022302462516E-16));
#11997=DIRECTION('',(1.,-1.23259516440783E-32,-2.73691106313441E-48));
#11998=DIRECTION('',(1.23259516440783E-32,1.,1.11022302462516E-16));
#11999=DIRECTION('center_axis',(1.,-1.23259516440783E-32,-2.73691106313441E-48));
#12000=DIRECTION('ref_axis',(1.23259516440783E-32,1.,1.11022302462516E-16));
#12001=DIRECTION('',(2.73691106313441E-48,-1.11022302462516E-16,1.));
#12002=DIRECTION('',(-1.23259516440783E-32,-1.,-1.11022302462516E-16));
#12003=DIRECTION('',(-2.73691106313441E-48,1.11022302462516E-16,-1.));
#12004=DIRECTION('center_axis',(0.707106781186549,-7.85046229341886E-17,
0.707106781186546));
#12005=DIRECTION('ref_axis',(1.23259516440783E-32,1.,1.11022302462516E-16));
#12006=DIRECTION('',(0.577350269189625,-0.577350269189625,-0.577350269189627));
#12007=DIRECTION('',(1.23259516440783E-32,1.,1.11022302462516E-16));
#12008=DIRECTION('',(-0.577350269189632,0.577350269189601,0.577350269189644));
#12009=DIRECTION('center_axis',(0.707106781186529,0.707106781186566,7.85046229341908E-17));
#12010=DIRECTION('ref_axis',(-0.707106781186566,0.707106781186529,7.85046229341867E-17));
#12011=DIRECTION('',(-2.73691106313441E-48,1.11022302462516E-16,-1.));
#12012=DIRECTION('',(-0.707106781186566,0.707106781186529,7.85046229341867E-17));
#12013=DIRECTION('center_axis',(-2.73691106313441E-48,1.11022302462516E-16,
-1.));
#12014=DIRECTION('ref_axis',(1.23259516440783E-32,1.,1.11022302462516E-16));
#12015=DIRECTION('',(1.23259516440783E-32,1.,1.11022302462516E-16));
#12016=DIRECTION('',(-1.,1.23259516440783E-32,2.73691106313441E-48));
#12017=DIRECTION('',(1.23259516440783E-32,1.,1.11022302462516E-16));
#12018=DIRECTION('',(-1.,1.23259516440783E-32,2.73691106313441E-48));
#12019=DIRECTION('',(1.23259516440783E-32,1.,1.11022302462516E-16));
#12020=DIRECTION('center_axis',(-8.71576399210526E-33,-0.707106781186549,
0.707106781186546));
#12021=DIRECTION('ref_axis',(1.,-1.23259516440783E-32,-2.73691106313441E-48));
#12022=DIRECTION('',(0.577350269189632,-0.577350269189622,-0.577350269189624));
#12023=DIRECTION('',(1.,-1.23259516440783E-32,-2.73691106313441E-48));
#12024=DIRECTION('center_axis',(-1.,1.23259516440783E-32,2.73691106313441E-48));
#12025=DIRECTION('ref_axis',(-1.23259516440783E-32,-1.,-1.11022302462516E-16));
#12026=DIRECTION('',(2.73691106313441E-48,-1.11022302462516E-16,1.));
#12027=DIRECTION('',(1.23259516440783E-32,1.,1.11022302462516E-16));
#12028=DIRECTION('',(-2.73691106313441E-48,1.11022302462516E-16,-1.));
#12029=DIRECTION('center_axis',(-0.707106781186549,-7.85046229341886E-17,
0.707106781186546));
#12030=DIRECTION('ref_axis',(-1.23259516440783E-32,-1.,-1.11022302462516E-16));
#12031=DIRECTION('',(-1.23259516440783E-32,-1.,-1.11022302462516E-16));
#12032=DIRECTION('center_axis',(-1.23259516440783E-32,-1.,-1.11022302462516E-16));
#12033=DIRECTION('ref_axis',(1.,-1.23259516440783E-32,-2.73691106313441E-48));
#12034=DIRECTION('',(-2.73691106313441E-48,1.11022302462516E-16,-1.));
#12035=DIRECTION('',(1.,-1.23259516440783E-32,-2.73691106313441E-48));
#12036=DIRECTION('center_axis',(1.,-1.23259516440783E-32,-2.73691106313441E-48));
#12037=DIRECTION('ref_axis',(1.23259516440783E-32,1.,1.11022302462516E-16));
#12038=DIRECTION('',(2.73691106313441E-48,-1.11022302462516E-16,1.));
#12039=DIRECTION('',(-1.23259516440783E-32,-1.,-1.11022302462516E-16));
#12040=DIRECTION('center_axis',(1.23259516440783E-32,1.,1.11022302462516E-16));
#12041=DIRECTION('ref_axis',(-1.,1.23259516440783E-32,2.73691106313441E-48));
#12042=DIRECTION('',(-1.,1.23259516440783E-32,2.73691106313441E-48));
#12043=DIRECTION('center_axis',(0.707106781186543,-7.85046229341893E-17,
0.707106781186553));
#12044=DIRECTION('ref_axis',(1.23259516440783E-32,1.,1.11022302462516E-16));
#12045=DIRECTION('',(1.23259516440783E-32,1.,1.11022302462516E-16));
#12046=DIRECTION('center_axis',(1.,-1.23259516440783E-32,-2.73691106313441E-48));
#12047=DIRECTION('ref_axis',(1.23259516440783E-32,1.,1.11022302462516E-16));
#12048=DIRECTION('',(2.73691106313441E-48,-1.11022302462516E-16,1.));
#12049=DIRECTION('',(-1.23259516440783E-32,-1.,-1.11022302462516E-16));
#12050=DIRECTION('',(-2.73691106313441E-48,1.11022302462516E-16,-1.));
#12051=DIRECTION('center_axis',(1.23259516440783E-32,1.,1.11022302462516E-16));
#12052=DIRECTION('ref_axis',(-1.,1.23259516440783E-32,2.73691106313441E-48));
#12053=DIRECTION('',(2.73691106313441E-48,-1.11022302462516E-16,1.));
#12054=DIRECTION('',(-1.,1.23259516440783E-32,2.73691106313441E-48));
#12055=DIRECTION('center_axis',(-1.,1.23259516440783E-32,2.73691106313441E-48));
#12056=DIRECTION('ref_axis',(-1.23259516440783E-32,-1.,-1.11022302462516E-16));
#12057=DIRECTION('',(2.73691106313441E-48,-1.11022302462516E-16,1.));
#12058=DIRECTION('',(-1.23259516440783E-32,-1.,-1.11022302462516E-16));
#12059=DIRECTION('center_axis',(-1.23259516440783E-32,-1.,-1.11022302462516E-16));
#12060=DIRECTION('ref_axis',(1.,-1.23259516440783E-32,-2.73691106313441E-48));
#12061=DIRECTION('',(1.,-1.23259516440783E-32,-2.73691106313441E-48));
#12062=DIRECTION('center_axis',(0.707106781186543,-7.85046229341893E-17,
0.707106781186553));
#12063=DIRECTION('ref_axis',(1.23259516440783E-32,1.,1.11022302462516E-16));
#12064=DIRECTION('',(0.577350269189628,0.57735026918963,-0.577350269189619));
#12065=DIRECTION('',(1.23259516440783E-32,1.,1.11022302462516E-16));
#12066=DIRECTION('',(-0.705379856727691,0.0698463703112662,0.705379856727681));
#12067=DIRECTION('center_axis',(0.693375245281538,-0.138675049056307,0.707106781186546));
#12068=DIRECTION('ref_axis',(0.196116135138183,0.98058067569092,1.08866324365455E-16));
#12069=DIRECTION('',(0.196116135138183,0.98058067569092,1.08866324365455E-16));
#12070=DIRECTION('',(-0.501516677995278,0.611752001097086,0.611752001097088));
#12071=DIRECTION('center_axis',(-8.71576399210525E-33,-0.707106781186548,
0.707106781186547));
#12072=DIRECTION('ref_axis',(1.,-1.23259516440783E-32,-2.73691106313441E-48));
#12073=DIRECTION('',(1.,-1.23259516440783E-32,-2.73691106313441E-48));
#12074=DIRECTION('',(0.501516677995278,0.611752001097086,0.611752001097088));
#12075=DIRECTION('center_axis',(-0.693375245281538,-0.138675049056307,0.707106781186546));
#12076=DIRECTION('ref_axis',(0.196116135138183,-0.98058067569092,-1.08866324365455E-16));
#12077=DIRECTION('',(0.196116135138183,-0.98058067569092,-1.08866324365455E-16));
#12078=DIRECTION('',(0.705379856727672,0.0698463703113952,0.705379856727687));
#12079=DIRECTION('center_axis',(-0.707106781186555,-7.85046229341879E-17,
0.70710678118654));
#12080=DIRECTION('ref_axis',(-1.23259516440783E-32,-1.,-1.11022302462516E-16));
#12081=DIRECTION('',(-1.23259516440783E-32,-1.,-1.11022302462516E-16));
#12082=DIRECTION('',(0.577350269189621,-0.577350269189623,0.577350269189633));
#12083=DIRECTION('center_axis',(-0.707106781186549,-0.707106781186546,-7.85046229341886E-17));
#12084=DIRECTION('ref_axis',(0.707106781186546,-0.707106781186549,-7.85046229341889E-17));
#12085=DIRECTION('',(-2.73691106313441E-48,1.11022302462516E-16,-1.));
#12086=DIRECTION('',(0.707106781186546,-0.707106781186549,-7.85046229341889E-17));
#12087=DIRECTION('center_axis',(1.,-1.23259516440783E-32,-2.73691106313441E-48));
#12088=DIRECTION('ref_axis',(1.23259516440783E-32,1.,1.11022302462516E-16));
#12089=DIRECTION('',(-2.73691106313441E-48,1.11022302462516E-16,-1.));
#12090=DIRECTION('',(1.23259516440783E-32,1.,1.11022302462516E-16));
#12091=DIRECTION('center_axis',(0.707106781186549,-0.707106781186546,-7.85046229341886E-17));
#12092=DIRECTION('ref_axis',(0.707106781186546,0.707106781186549,7.85046229341889E-17));
#12093=DIRECTION('',(0.707106781186546,0.707106781186549,7.85046229341889E-17));
#12094=DIRECTION('',(2.73691106313441E-48,-1.11022302462516E-16,1.));
#12095=DIRECTION('center_axis',(-1.,1.23259516440783E-32,2.73691106313441E-48));
#12096=DIRECTION('ref_axis',(-1.23259516440783E-32,-1.,-1.11022302462516E-16));
#12097=DIRECTION('',(-1.23259516440783E-32,-1.,-1.11022302462516E-16));
#12098=DIRECTION('',(2.73691106313441E-48,-1.11022302462516E-16,1.));
#12099=DIRECTION('center_axis',(2.73691106313441E-48,-1.11022302462516E-16,
1.));
#12100=DIRECTION('ref_axis',(1.,-1.23259516440783E-32,-2.73691106313441E-48));
#12101=DIRECTION('',(-0.196116135138183,0.98058067569092,1.08866324365455E-16));
#12102=DIRECTION('',(-1.,1.23259516440783E-32,2.73691106313441E-48));
#12103=DIRECTION('',(-0.196116135138183,-0.98058067569092,-1.08866324365455E-16));
#12104=DIRECTION('',(1.23259516440783E-32,1.,1.11022302462516E-16));
#12105=DIRECTION('',(-1.,1.23259516440783E-32,2.73691106313441E-48));
#12106=DIRECTION('',(1.,-1.23259516440783E-32,-2.73691106313441E-48));
#12107=DIRECTION('',(1.23259516440783E-32,1.,1.11022302462516E-16));
#12108=DIRECTION('',(-1.,1.23259516440783E-32,2.73691106313441E-48));
#12109=DIRECTION('',(-1.23259516440783E-32,-1.,-1.11022302462516E-16));
#12110=DIRECTION('',(1.,-1.23259516440783E-32,-2.73691106313441E-48));
#12111=DIRECTION('',(-1.,1.23259516440783E-32,2.73691106313441E-48));
#12112=DIRECTION('',(-1.23259516440783E-32,-1.,-1.11022302462516E-16));
#12113=DIRECTION('center_axis',(1.23259516440783E-32,1.,1.11022302462516E-16));
#12114=DIRECTION('ref_axis',(-1.,1.23259516440783E-32,2.73691106313441E-48));
#12115=DIRECTION('',(-2.73691106313441E-48,1.11022302462516E-16,-1.));
#12116=DIRECTION('',(2.73691106313441E-48,-1.11022302462516E-16,1.));
#12117=DIRECTION('center_axis',(0.98058067569092,0.196116135138183,2.1773264873091E-17));
#12118=DIRECTION('ref_axis',(-0.196116135138183,0.98058067569092,1.08866324365455E-16));
#12119=DIRECTION('center_axis',(-0.98058067569092,0.196116135138183,2.1773264873091E-17));
#12120=DIRECTION('ref_axis',(-0.196116135138183,-0.98058067569092,-1.08866324365455E-16));
#12121=DIRECTION('center_axis',(1.,-1.23259516440783E-32,-2.73691106313441E-48));
#12122=DIRECTION('ref_axis',(-1.23259516440783E-32,-1.,-1.11022302462516E-16));
#12123=DIRECTION('',(-2.73691106313441E-48,1.11022302462516E-16,-1.));
#12124=DIRECTION('center_axis',(1.23259516440783E-32,1.,1.11022302462516E-16));
#12125=DIRECTION('ref_axis',(1.,-1.23259516440783E-32,-2.73691106313441E-48));
#12126=DIRECTION('center_axis',(1.,-1.23259516440783E-32,-2.73691106313441E-48));
#12127=DIRECTION('ref_axis',(-1.23259516440783E-32,-1.,-1.11022302462516E-16));
#12128=DIRECTION('',(1.23259516440783E-32,1.,1.11022302462516E-16));
#12129=DIRECTION('',(-2.73691106313441E-48,1.11022302462516E-16,-1.));
#12130=DIRECTION('center_axis',(-1.23259516440783E-32,-1.,-1.11022302462516E-16));
#12131=DIRECTION('ref_axis',(-1.,1.23259516440783E-32,2.73691106313441E-48));
#12132=DIRECTION('',(-2.73691106313441E-48,1.11022302462516E-16,-1.));
#12133=DIRECTION('center_axis',(2.73691106313441E-48,-1.11022302462516E-16,
1.));
#12134=DIRECTION('ref_axis',(1.,-1.23259516440783E-32,-2.73691106313441E-48));
#12135=DIRECTION('',(-1.23259516440783E-32,-1.,-1.11022302462516E-16));
#12136=DIRECTION('',(1.,-1.23259516440783E-32,-2.73691106313441E-48));
#12137=DIRECTION('center_axis',(-1.,1.23259516440783E-32,2.73691106313441E-48));
#12138=DIRECTION('ref_axis',(1.23259516440783E-32,1.,1.11022302462516E-16));
#12139=DIRECTION('',(-2.73691106313441E-48,1.11022302462516E-16,-1.));
#12140=DIRECTION('center_axis',(1.23259516440783E-32,1.,1.11022302462516E-16));
#12141=DIRECTION('ref_axis',(1.,-1.23259516440783E-32,-2.73691106313441E-48));
#12142=DIRECTION('center_axis',(-1.23259516440783E-32,-1.,-1.11022302462516E-16));
#12143=DIRECTION('ref_axis',(-1.,1.23259516440783E-32,2.73691106313441E-48));
#12144=DIRECTION('',(-2.73691106313441E-48,1.11022302462516E-16,-1.));
#12145=DIRECTION('center_axis',(-1.,1.23259516440783E-32,2.73691106313441E-48));
#12146=DIRECTION('ref_axis',(1.23259516440783E-32,1.,1.11022302462516E-16));
#12147=DIRECTION('',(-2.73691106313441E-48,1.11022302462516E-16,-1.));
#12148=DIRECTION('center_axis',(-1.23259516440783E-32,-1.,-1.11022302462516E-16));
#12149=DIRECTION('ref_axis',(1.,-1.23259516440783E-32,-2.73691106313441E-48));
#12150=DIRECTION('',(-2.73691106313441E-48,1.11022302462516E-16,-1.));
#12151=DIRECTION('',(1.,-1.23259516440783E-32,-2.73691106313441E-48));
#12152=DIRECTION('',(2.73691106313441E-48,-1.11022302462516E-16,1.));
#12153=DIRECTION('center_axis',(1.,-1.23259516440783E-32,-2.73691106313441E-48));
#12154=DIRECTION('ref_axis',(1.23259516440783E-32,1.,1.11022302462516E-16));
#12155=DIRECTION('',(1.23259516440783E-32,1.,1.11022302462516E-16));
#12156=DIRECTION('',(2.73691106313441E-48,-1.11022302462516E-16,1.));
#12157=DIRECTION('center_axis',(1.23259516440783E-32,1.,1.11022302462516E-16));
#12158=DIRECTION('ref_axis',(-1.,1.23259516440783E-32,2.73691106313441E-48));
#12159=DIRECTION('',(-1.,1.23259516440783E-32,2.73691106313441E-48));
#12160=DIRECTION('',(2.73691106313441E-48,-1.11022302462516E-16,1.));
#12161=DIRECTION('center_axis',(-1.,1.23259516440783E-32,2.73691106313441E-48));
#12162=DIRECTION('ref_axis',(-1.23259516440783E-32,-1.,-1.11022302462516E-16));
#12163=DIRECTION('',(-1.23259516440783E-32,-1.,-1.11022302462516E-16));
#12164=DIRECTION('center_axis',(2.73691106313441E-48,-1.11022302462516E-16,
1.));
#12165=DIRECTION('ref_axis',(-1.23259516440783E-32,-1.,-1.11022302462516E-16));
#12166=DIRECTION('',(-1.,1.23259516440783E-32,2.73691106313441E-48));
#12167=DIRECTION('',(-1.23259516440783E-32,-1.,-1.11022302462516E-16));
#12168=DIRECTION('',(1.,-1.23259516440783E-32,-2.73691106313441E-48));
#12169=DIRECTION('',(1.23259516440783E-32,1.,1.11022302462516E-16));
#12170=DIRECTION('center_axis',(-1.23259516440783E-32,-1.,-1.11022302462516E-16));
#12171=DIRECTION('ref_axis',(1.,-1.23259516440783E-32,-2.73691106313441E-48));
#12172=DIRECTION('',(2.73691106313441E-48,-1.11022302462516E-16,1.));
#12173=DIRECTION('',(2.73691106313441E-48,-1.11022302462516E-16,1.));
#12174=DIRECTION('center_axis',(-1.,1.23259516440783E-32,2.73691106313441E-48));
#12175=DIRECTION('ref_axis',(-1.23259516440783E-32,-1.,-1.11022302462516E-16));
#12176=DIRECTION('',(2.73691106313441E-48,-1.11022302462516E-16,1.));
#12177=DIRECTION('center_axis',(1.,-1.23259516440783E-32,-2.73691106313441E-48));
#12178=DIRECTION('ref_axis',(1.23259516440783E-32,1.,1.11022302462516E-16));
#12179=DIRECTION('',(2.73691106313441E-48,-1.11022302462516E-16,1.));
#12180=DIRECTION('center_axis',(1.23259516440783E-32,1.,1.11022302462516E-16));
#12181=DIRECTION('ref_axis',(-1.,1.23259516440783E-32,2.73691106313441E-48));
#12182=DIRECTION('center_axis',(-1.22464679914735E-16,1.11022302462516E-16,
-1.));
#12183=DIRECTION('ref_axis',(-2.44929359829471E-16,-1.,-1.11022302462516E-16));
#12184=DIRECTION('center_axis',(1.22464679914735E-16,1.11022302462516E-16,
-1.));
#12185=DIRECTION('ref_axis',(-0.0174416567637275,-0.999847882734837,-1.13141400966245E-16));
#12186=DIRECTION('',(2.44929359829471E-16,1.,1.11022302462516E-16));
#12187=DIRECTION('center_axis',(1.22464679914735E-16,1.11022302462516E-16,
-1.));
#12188=DIRECTION('ref_axis',(-0.0174416567637275,-0.999847882734837,-1.13141400966245E-16));
#12189=DIRECTION('',(2.44929359829471E-16,1.,1.11022302462516E-16));
#12190=DIRECTION('center_axis',(1.,-2.44929359829471E-16,-1.22464679914735E-16));
#12191=DIRECTION('ref_axis',(2.44929359829471E-16,1.,1.11022302462516E-16));
#12192=DIRECTION('',(1.22460063571066E-16,0.0086826949996573,-0.999962304693303));
#12193=DIRECTION('',(-1.22460172063492E-16,-0.00858006076276198,0.999963190601188));
#12194=DIRECTION('',(1.05703893083737E-18,-0.999962748964018,-0.00863137789257563));
#12195=DIRECTION('',(-1.22464679914735E-16,-1.11022302462516E-16,1.));
#12196=DIRECTION('',(2.44929359829471E-16,1.,1.11022302462516E-16));
#12197=DIRECTION('',(1.22464679914735E-16,1.11022302462516E-16,-1.));
#12198=DIRECTION('',(1.05703893083737E-18,-0.999962748964018,-0.00863137789257563));
#12199=DIRECTION('center_axis',(1.,-2.44929359829471E-16,-1.22464679914735E-16));
#12200=DIRECTION('ref_axis',(2.44929359829471E-16,1.,1.11022302462516E-16));
#12201=DIRECTION('',(1.2246006345409E-16,0.00868280500461445,-0.999962303738122));
#12202=DIRECTION('',(2.44929359829471E-16,1.,1.11022302462516E-16));
#12203=DIRECTION('',(-1.22460172179084E-16,-0.00857995075769898,0.999963191545067));
#12204=DIRECTION('',(1.05703893083737E-18,-0.999962748964018,-0.00863137789257563));
#12205=DIRECTION('',(-1.22464679914735E-16,-1.11022302462516E-16,1.));
#12206=DIRECTION('',(2.44929359829471E-16,1.,1.11022302462516E-16));
#12207=DIRECTION('',(1.22464679914735E-16,1.11022302462516E-16,-1.));
#12208=DIRECTION('',(1.05703893083737E-18,-0.999962748964018,-0.00863137789257563));
#12209=DIRECTION('center_axis',(-1.22464679914735E-16,1.11022302462516E-16,
-1.));
#12210=DIRECTION('ref_axis',(-2.44929359829471E-16,-1.,-1.11022302462516E-16));
#12211=DIRECTION('center_axis',(1.22464679914735E-16,1.11022302462516E-16,
-1.));
#12212=DIRECTION('ref_axis',(-0.0174416567637275,-0.999847882734837,-1.13141400966245E-16));
#12213=DIRECTION('',(2.44929359829471E-16,1.,1.11022302462516E-16));
#12214=DIRECTION('center_axis',(1.22464679914735E-16,1.11022302462516E-16,
-1.));
#12215=DIRECTION('ref_axis',(-0.0174416567637275,-0.999847882734837,-1.13141400966245E-16));
#12216=DIRECTION('center_axis',(2.44929359829471E-16,1.,1.11022302462516E-16));
#12217=DIRECTION('ref_axis',(1.,-2.44929359829471E-16,-1.22464679914735E-16));
#12218=DIRECTION('',(1.22464679914735E-16,-1.11022302462516E-16,1.));
#12219=DIRECTION('',(1.,-2.44929359829471E-16,1.22464679914735E-16));
#12220=DIRECTION('',(-1.22464679914735E-16,1.11022302462516E-16,-1.));
#12221=DIRECTION('',(-1.,2.44929359829471E-16,1.22464679914735E-16));
#12222=DIRECTION('center_axis',(2.59786816870648E-16,0.707106781186549,
0.707106781186546));
#12223=DIRECTION('ref_axis',(1.,-2.44929359829471E-16,-1.22464679914735E-16));
#12224=DIRECTION('',(-8.65956056235489E-17,-0.707106781186546,0.707106781186549));
#12225=DIRECTION('',(-0.577350269189625,0.577350269189626,-0.577350269189627));
#12226=DIRECTION('',(-8.65956056235495E-17,-0.707106781186546,0.707106781186549));
#12227=DIRECTION('center_axis',(-1.,2.44929359829471E-16,1.22464679914735E-16));
#12228=DIRECTION('ref_axis',(2.44929359829471E-16,1.,1.11022302462516E-16));
#12229=DIRECTION('',(-2.44929359829471E-16,-1.,-1.11022302462516E-16));
#12230=DIRECTION('',(2.44929359829471E-16,1.,1.11022302462516E-16));
#12231=DIRECTION('',(2.44929359829471E-16,1.,1.11022302462516E-16));
#12232=DIRECTION('',(2.44929359829471E-16,1.,1.11022302462516E-16));
#12233=DIRECTION('',(-1.22464679914735E-16,1.11022302462516E-16,-1.));
#12234=DIRECTION('center_axis',(-0.707106781186549,9.46865883129104E-17,
0.707106781186546));
#12235=DIRECTION('ref_axis',(2.44929359829471E-16,1.,1.11022302462516E-16));
#12236=DIRECTION('',(0.577350269189624,0.577350269189627,0.577350269189626));
#12237=DIRECTION('',(2.44929359829471E-16,1.,1.11022302462516E-16));
#12238=DIRECTION('',(-4.23211472973156E-32,-1.,1.33907057366956E-16));
#12239=DIRECTION('',(-4.23211472973156E-32,-1.,1.33907057366956E-16));
#12240=DIRECTION('',(-4.23211472973156E-32,-1.,1.33907057366956E-16));
#12241=DIRECTION('center_axis',(-8.65956056235492E-17,-0.707106781186547,
0.707106781186548));
#12242=DIRECTION('ref_axis',(-1.,2.44929359829471E-16,1.22464679914735E-16));
#12243=DIRECTION('',(-2.59786816870648E-16,-0.707106781186548,-0.707106781186547));
#12244=DIRECTION('',(1.,-2.44929359829471E-16,-1.22464679914735E-16));
#12245=DIRECTION('center_axis',(-2.44929359829471E-16,-1.,-1.11022302462516E-16));
#12246=DIRECTION('ref_axis',(-1.,2.44929359829471E-16,1.22464679914735E-16));
#12247=DIRECTION('',(-1.22464679914735E-16,1.11022302462516E-16,-1.));
#12248=DIRECTION('',(-1.,2.44929359829471E-16,-1.22464679914735E-16));
#12249=DIRECTION('center_axis',(-1.22464679914735E-16,-1.11022302462516E-16,
1.));
#12250=DIRECTION('ref_axis',(1.23259516440783E-32,1.,1.11022302462516E-16));
#12251=DIRECTION('center_axis',(1.22464679914735E-16,1.11022302462516E-16,
-1.));
#12252=DIRECTION('ref_axis',(-0.0174416567637275,-0.999847882734837,-1.13141400966245E-16));
#12253=DIRECTION('center_axis',(1.22464679914735E-16,1.11022302462516E-16,
-1.));
#12254=DIRECTION('ref_axis',(-0.0174416567637275,-0.999847882734837,-1.13141400966245E-16));
#12255=DIRECTION('',(1.23259516440783E-32,1.,1.11022302462516E-16));
#12256=DIRECTION('',(0.707106781186554,-0.707106781186541,8.09098268936205E-18));
#12257=DIRECTION('',(-1.,2.59222623785472E-32,-1.22464679914735E-16));
#12258=DIRECTION('',(0.707106781186554,0.707106781186541,1.65100228557738E-16));
#12259=DIRECTION('',(-1.23259516440783E-32,-1.,-1.11022302462516E-16));
#12260=DIRECTION('',(1.,-1.22464679914735E-16,1.22464679914735E-16));
#12261=DIRECTION('',(-1.22464679914735E-16,-1.,-1.11022302462516E-16));
#12262=DIRECTION('',(-1.,1.22464679914735E-16,-1.22464679914735E-16));
#12263=DIRECTION('',(-1.23259516440783E-32,-1.,-1.11022302462516E-16));
#12264=DIRECTION('',(-0.707106781186554,0.707106781186541,-8.09098268936205E-18));
#12265=DIRECTION('',(1.,-2.59222623785472E-32,1.22464679914735E-16));
#12266=DIRECTION('',(-0.707106781186553,-0.707106781186542,-1.65100228557738E-16));
#12267=DIRECTION('',(1.23259516440783E-32,1.,1.11022302462516E-16));
#12268=DIRECTION('center_axis',(1.22464679914735E-16,1.11022302462516E-16,
-1.));
#12269=DIRECTION('ref_axis',(1.23259516440783E-32,1.,1.11022302462516E-16));
#12270=DIRECTION('center_axis',(1.22464679914735E-16,1.11022302462516E-16,
-1.));
#12271=DIRECTION('ref_axis',(1.23259516440783E-32,1.,1.11022302462516E-16));
#12272=DIRECTION('center_axis',(1.22464679914735E-16,1.11022302462516E-16,
-1.));
#12273=DIRECTION('ref_axis',(1.23259516440783E-32,1.,1.11022302462516E-16));
#12274=DIRECTION('center_axis',(1.22464679914735E-16,1.11022302462516E-16,
-1.));
#12275=DIRECTION('ref_axis',(1.23259516440783E-32,1.,1.11022302462516E-16));
#12276=DIRECTION('',(-1.,2.59222623785472E-32,-1.22464679914735E-16));
#12277=DIRECTION('',(1.23259516440783E-32,1.,1.11022302462516E-16));
#12278=DIRECTION('',(1.,-2.59222623785472E-32,1.22464679914735E-16));
#12279=DIRECTION('',(-1.23259516440783E-32,-1.,-1.11022302462516E-16));
#12280=DIRECTION('',(-1.,2.59222623785472E-32,-1.22464679914735E-16));
#12281=DIRECTION('',(0.624695047554424,-0.78086880944303,-1.01907741024557E-17));
#12282=DIRECTION('center_axis',(1.22464679914735E-16,1.11022302462516E-16,
-1.));
#12283=DIRECTION('ref_axis',(0.780868809443029,0.624695047554426,6.9355082516423E-17));
#12284=DIRECTION('',(-0.624695047554424,0.78086880944303,1.01907741024557E-17));
#12285=DIRECTION('',(-1.,2.59222623785472E-32,-1.22464679914735E-16));
#12286=DIRECTION('',(0.624695047554424,-0.78086880944303,-1.01907741024557E-17));
#12287=DIRECTION('center_axis',(1.22464679914735E-16,1.11022302462516E-16,
-1.));
#12288=DIRECTION('ref_axis',(0.780868809443029,0.624695047554426,6.9355082516423E-17));
#12289=DIRECTION('',(-0.624695047554424,0.78086880944303,1.01907741024557E-17));
#12290=DIRECTION('',(-1.,2.59222623785472E-32,-1.22464679914735E-16));
#12291=DIRECTION('',(0.624695047554424,-0.78086880944303,-1.01907741024557E-17));
#12292=DIRECTION('center_axis',(1.22464679914735E-16,1.11022302462516E-16,
-1.));
#12293=DIRECTION('ref_axis',(0.780868809443029,0.624695047554426,6.9355082516423E-17));
#12294=DIRECTION('',(-0.624695047554424,0.78086880944303,1.01907741024557E-17));
#12295=DIRECTION('',(-1.,2.59222623785472E-32,-1.22464679914735E-16));
#12296=DIRECTION('',(0.624695047554424,-0.78086880944303,-1.01907741024557E-17));
#12297=DIRECTION('center_axis',(1.22464679914735E-16,1.11022302462516E-16,
-1.));
#12298=DIRECTION('ref_axis',(0.780868809443029,0.624695047554426,6.9355082516423E-17));
#12299=DIRECTION('',(-0.624695047554424,0.78086880944303,1.01907741024557E-17));
#12300=DIRECTION('center_axis',(-1.22464679914735E-16,-1.,-1.11022302462516E-16));
#12301=DIRECTION('ref_axis',(-1.,1.22464679914735E-16,-1.22464679914735E-16));
#12302=DIRECTION('',(-1.22464679914735E-16,-1.11022302462516E-16,1.));
#12303=DIRECTION('',(1.22464679914735E-16,1.11022302462516E-16,-1.));
#12304=DIRECTION('',(1.,-1.22464679914735E-16,1.22464679914735E-16));
#12305=DIRECTION('center_axis',(-1.73191211247099E-16,-0.707106781186549,
0.707106781186546));
#12306=DIRECTION('ref_axis',(-1.,1.22464679914735E-16,-1.22464679914735E-16));
#12307=DIRECTION('',(-3.11758978753931E-31,0.707106781186546,0.707106781186549));
#12308=DIRECTION('',(0.577350269189625,-0.577350269189625,-0.577350269189627));
#12309=DIRECTION('center_axis',(1.,-1.22464679914735E-16,1.22464679914735E-16));
#12310=DIRECTION('ref_axis',(-1.22464679914735E-16,-1.,-1.11022302462516E-16));
#12311=DIRECTION('',(1.22464679914735E-16,1.,1.11022302462516E-16));
#12312=DIRECTION('',(1.22464679914735E-16,1.11022302462516E-16,-1.));
#12313=DIRECTION('center_axis',(0.707106781186549,-1.65100228557738E-16,
0.707106781186546));
#12314=DIRECTION('ref_axis',(-1.22464679914735E-16,-1.,-1.11022302462516E-16));
#12315=DIRECTION('',(-0.577350269189624,-0.577350269189627,0.577350269189626));
#12316=DIRECTION('',(-1.22464679914735E-16,-1.,-1.11022302462516E-16));
#12317=DIRECTION('center_axis',(-7.75658975164429E-32,0.707106781186547,
0.707106781186548));
#12318=DIRECTION('ref_axis',(1.,-1.22464679914735E-16,1.22464679914735E-16));
#12319=DIRECTION('',(1.73191211247099E-16,0.707106781186548,-0.707106781186547));
#12320=DIRECTION('',(-1.,1.22464679914735E-16,-1.22464679914735E-16));
#12321=DIRECTION('center_axis',(1.22464679914735E-16,1.,1.11022302462516E-16));
#12322=DIRECTION('ref_axis',(1.,-1.22464679914735E-16,1.22464679914735E-16));
#12323=DIRECTION('',(1.22464679914735E-16,1.11022302462516E-16,-1.));
#12324=DIRECTION('center_axis',(-0.78086880944303,-0.624695047554424,-6.93550825164229E-17));
#12325=DIRECTION('ref_axis',(-0.624695047554424,0.78086880944303,8.66938531455286E-17));
#12326=DIRECTION('',(-2.73691106313441E-48,1.11022302462516E-16,-1.));
#12327=DIRECTION('',(0.624695047554424,-0.78086880944303,-1.01907741024557E-17));
#12328=DIRECTION('center_axis',(-2.73691106313441E-48,1.11022302462516E-16,
-1.));
#12329=DIRECTION('ref_axis',(-0.780868809443029,-0.624695047554426,-6.9355082516423E-17));
#12330=DIRECTION('center_axis',(-1.22464679914735E-16,-1.11022302462516E-16,
1.));
#12331=DIRECTION('ref_axis',(-0.780868809443029,-0.624695047554426,-6.9355082516423E-17));
#12332=DIRECTION('center_axis',(-2.73691106313441E-48,1.11022302462516E-16,
-1.));
#12333=DIRECTION('ref_axis',(-1.23259516440783E-32,-1.,-1.11022302462516E-16));
#12334=DIRECTION('center_axis',(1.22464679914735E-16,1.11022302462516E-16,
-1.));
#12335=DIRECTION('ref_axis',(-1.23259516440783E-32,-1.,-1.11022302462516E-16));
#12336=DIRECTION('',(-8.65956056235493E-17,-0.707106781186548,0.707106781186547));
#12337=DIRECTION('center_axis',(-1.22464679914735E-16,-1.11022302462516E-16,
1.));
#12338=DIRECTION('ref_axis',(-1.23259516440783E-32,-1.,-1.11022302462516E-16));
#12339=DIRECTION('center_axis',(-1.22464679914735E-16,-1.11022302462516E-16,
1.));
#12340=DIRECTION('ref_axis',(-1.23259516440783E-32,-1.,-1.11022302462516E-16));
#12341=DIRECTION('center_axis',(1.22464679914735E-16,1.11022302462516E-16,
-1.));
#12342=DIRECTION('ref_axis',(-1.23259516440783E-32,-1.,-1.11022302462516E-16));
#12343=DIRECTION('',(1.,-2.59222623785472E-32,1.22464679914735E-16));
#12344=DIRECTION('',(0.707106781186554,-0.707106781186541,8.09098268936205E-18));
#12345=DIRECTION('',(-1.23259516440783E-32,-1.,-1.11022302462516E-16));
#12346=DIRECTION('',(-0.707106781186554,-0.707106781186541,-1.65100228557738E-16));
#12347=DIRECTION('',(-1.,2.59222623785472E-32,-1.22464679914735E-16));
#12348=DIRECTION('',(-0.707106781186554,0.707106781186541,-8.09098268936205E-18));
#12349=DIRECTION('',(1.23259516440783E-32,1.,1.11022302462516E-16));
#12350=DIRECTION('',(-0.970142500145332,0.242535625036332,-9.18813272312602E-17));
#12351=DIRECTION('',(1.23259516440783E-32,1.,1.11022302462516E-16));
#12352=DIRECTION('',(0.970142500145332,0.242535625036334,1.45735054272698E-16));
#12353=DIRECTION('',(1.23259516440783E-32,1.,1.11022302462516E-16));
#12354=DIRECTION('',(0.707106781186553,0.707106781186542,1.65100228557738E-16));
#12355=DIRECTION('center_axis',(1.22464679914735E-16,1.11022302462516E-16,
-1.));
#12356=DIRECTION('ref_axis',(-1.23259516440783E-32,-1.,-1.11022302462516E-16));
#12357=DIRECTION('',(-0.624695047554424,0.78086880944303,1.01907741024557E-17));
#12358=DIRECTION('center_axis',(-1.22464679914735E-16,-1.11022302462516E-16,
1.));
#12359=DIRECTION('ref_axis',(-0.780868809443029,-0.624695047554426,-6.9355082516423E-17));
#12360=DIRECTION('',(0.624695047554424,-0.78086880944303,-1.01907741024557E-17));
#12361=DIRECTION('center_axis',(-1.22464679914735E-16,-1.11022302462516E-16,
1.));
#12362=DIRECTION('ref_axis',(0.780868809443029,0.624695047554426,6.9355082516423E-17));
#12363=DIRECTION('',(0.624695047554424,-0.78086880944303,-1.01907741024557E-17));
#12364=DIRECTION('center_axis',(-1.22464679914735E-16,-1.11022302462516E-16,
1.));
#12365=DIRECTION('ref_axis',(0.780868809443029,0.624695047554426,6.9355082516423E-17));
#12366=DIRECTION('',(-0.624695047554424,0.78086880944303,1.01907741024557E-17));
#12367=DIRECTION('center_axis',(-1.22464679914735E-16,-1.11022302462516E-16,
1.));
#12368=DIRECTION('ref_axis',(-0.780868809443029,-0.624695047554426,-6.9355082516423E-17));
#12369=DIRECTION('center_axis',(1.22464679914735E-16,1.11022302462516E-16,
-1.));
#12370=DIRECTION('ref_axis',(1.23259516440783E-32,1.,1.11022302462516E-16));
#12371=DIRECTION('center_axis',(1.22464679914735E-16,1.11022302462516E-16,
-1.));
#12372=DIRECTION('ref_axis',(1.23259516440783E-32,1.,1.11022302462516E-16));
#12373=DIRECTION('',(-0.624695047554424,0.78086880944303,1.01907741024557E-17));
#12374=DIRECTION('center_axis',(-1.22464679914735E-16,-1.11022302462516E-16,
1.));
#12375=DIRECTION('ref_axis',(-0.780868809443029,-0.624695047554426,-6.9355082516423E-17));
#12376=DIRECTION('',(0.624695047554424,-0.78086880944303,-1.01907741024557E-17));
#12377=DIRECTION('center_axis',(-1.22464679914735E-16,-1.11022302462516E-16,
1.));
#12378=DIRECTION('ref_axis',(0.780868809443029,0.624695047554426,6.9355082516423E-17));
#12379=DIRECTION('',(-0.624695047554424,0.78086880944303,1.01907741024557E-17));
#12380=DIRECTION('center_axis',(-1.22464679914735E-16,-1.11022302462516E-16,
1.));
#12381=DIRECTION('ref_axis',(-0.780868809443029,-0.624695047554426,-6.9355082516423E-17));
#12382=DIRECTION('',(0.624695047554424,-0.78086880944303,-1.01907741024557E-17));
#12383=DIRECTION('center_axis',(-1.22464679914735E-16,-1.11022302462516E-16,
1.));
#12384=DIRECTION('ref_axis',(0.780868809443029,0.624695047554426,6.9355082516423E-17));
#12385=DIRECTION('',(1.23259516440783E-32,1.,1.11022302462516E-16));
#12386=DIRECTION('',(-1.,2.59222623785472E-32,-1.22464679914735E-16));
#12387=DIRECTION('',(-1.23259516440783E-32,-1.,-1.11022302462516E-16));
#12388=DIRECTION('',(1.,-2.59222623785472E-32,1.22464679914735E-16));
#12389=DIRECTION('center_axis',(-1.22464679914735E-16,-1.11022302462516E-16,
1.));
#12390=DIRECTION('ref_axis',(-1.23259516440783E-32,-1.,-1.11022302462516E-16));
#12391=DIRECTION('center_axis',(-1.22464679914735E-16,-1.11022302462516E-16,
1.));
#12392=DIRECTION('ref_axis',(-1.23259516440783E-32,-1.,-1.11022302462516E-16));
#12393=DIRECTION('center_axis',(1.22464679914735E-16,1.11022302462516E-16,
-1.));
#12394=DIRECTION('ref_axis',(-1.23259516440783E-32,-1.,-1.11022302462516E-16));
#12395=DIRECTION('center_axis',(-1.22464679914735E-16,-1.11022302462516E-16,
1.));
#12396=DIRECTION('ref_axis',(1.23259516440783E-32,1.,1.11022302462516E-16));
#12397=DIRECTION('',(-1.22464679914735E-16,-1.11022302462516E-16,1.));
#12398=DIRECTION('center_axis',(-1.22464679914735E-16,-1.11022302462516E-16,
1.));
#12399=DIRECTION('ref_axis',(1.23259516440783E-32,1.,1.11022302462516E-16));
#12400=DIRECTION('',(-1.22464679914735E-16,-1.11022302462516E-16,1.));
#12401=DIRECTION('center_axis',(1.22464679914735E-16,1.11022302462516E-16,
-1.));
#12402=DIRECTION('ref_axis',(1.23259516440783E-32,1.,1.11022302462516E-16));
#12403=DIRECTION('',(1.22464679914735E-16,1.11022302462516E-16,-1.));
#12404=DIRECTION('center_axis',(-1.22464679914735E-16,-1.11022302462516E-16,
1.));
#12405=DIRECTION('ref_axis',(1.23259516440783E-32,1.,1.11022302462516E-16));
#12406=DIRECTION('center_axis',(-2.73691106313441E-48,1.11022302462516E-16,
-1.));
#12407=DIRECTION('ref_axis',(-1.23259516440783E-32,-1.,-1.11022302462516E-16));
#12408=DIRECTION('',(-8.65956056235492E-17,-0.707106781186546,0.707106781186549));
#12409=DIRECTION('center_axis',(-1.22464679914735E-16,-1.11022302462516E-16,
1.));
#12410=DIRECTION('ref_axis',(-1.23259516440783E-32,-1.,-1.11022302462516E-16));
#12411=DIRECTION('center_axis',(-1.22464679914735E-16,-1.11022302462516E-16,
1.));
#12412=DIRECTION('ref_axis',(-1.23259516440783E-32,-1.,-1.11022302462516E-16));
#12413=DIRECTION('center_axis',(-1.22464679914735E-16,-1.11022302462516E-16,
1.));
#12414=DIRECTION('ref_axis',(1.23259516440783E-32,1.,1.11022302462516E-16));
#12415=DIRECTION('',(-1.22464679914735E-16,-1.11022302462516E-16,1.));
#12416=DIRECTION('center_axis',(-1.22464679914735E-16,-1.11022302462516E-16,
1.));
#12417=DIRECTION('ref_axis',(1.23259516440783E-32,1.,1.11022302462516E-16));
#12418=DIRECTION('',(-1.22464679914735E-16,-1.11022302462516E-16,1.));
#12419=DIRECTION('center_axis',(1.22464679914735E-16,1.11022302462516E-16,
-1.));
#12420=DIRECTION('ref_axis',(1.23259516440783E-32,1.,1.11022302462516E-16));
#12421=DIRECTION('',(1.22464679914735E-16,1.11022302462516E-16,-1.));
#12422=DIRECTION('center_axis',(-1.22464679914735E-16,-1.11022302462516E-16,
1.));
#12423=DIRECTION('ref_axis',(1.23259516440783E-32,1.,1.11022302462516E-16));
#12424=DIRECTION('center_axis',(-2.73691106313441E-48,1.11022302462516E-16,
-1.));
#12425=DIRECTION('ref_axis',(-1.23259516440783E-32,-1.,-1.11022302462516E-16));
#12426=DIRECTION('',(-8.65956056235492E-17,-0.707106781186546,0.707106781186549));
#12427=DIRECTION('center_axis',(-1.22464679914735E-16,-1.11022302462516E-16,
1.));
#12428=DIRECTION('ref_axis',(-1.23259516440783E-32,-1.,-1.11022302462516E-16));
#12429=DIRECTION('center_axis',(-1.22464679914735E-16,-1.11022302462516E-16,
1.));
#12430=DIRECTION('ref_axis',(-1.23259516440783E-32,-1.,-1.11022302462516E-16));
#12431=DIRECTION('center_axis',(-1.22464679914735E-16,-1.11022302462516E-16,
1.));
#12432=DIRECTION('ref_axis',(1.23259516440783E-32,1.,1.11022302462516E-16));
#12433=DIRECTION('',(-1.22464679914735E-16,-1.11022302462516E-16,1.));
#12434=DIRECTION('center_axis',(-1.22464679914735E-16,-1.11022302462516E-16,
1.));
#12435=DIRECTION('ref_axis',(1.23259516440783E-32,1.,1.11022302462516E-16));
#12436=DIRECTION('center_axis',(-2.73691106313441E-48,1.11022302462516E-16,
-1.));
#12437=DIRECTION('ref_axis',(-1.23259516440783E-32,-1.,-1.11022302462516E-16));
#12438=DIRECTION('',(-8.65956056235492E-17,-0.707106781186546,0.707106781186549));
#12439=DIRECTION('center_axis',(-1.22464679914735E-16,-1.11022302462516E-16,
1.));
#12440=DIRECTION('ref_axis',(-1.23259516440783E-32,-1.,-1.11022302462516E-16));
#12441=DIRECTION('center_axis',(-1.22464679914735E-16,-1.11022302462516E-16,
1.));
#12442=DIRECTION('ref_axis',(-1.23259516440783E-32,-1.,-1.11022302462516E-16));
#12443=DIRECTION('center_axis',(-1.22464679914735E-16,-1.11022302462516E-16,
1.));
#12444=DIRECTION('ref_axis',(1.23259516440783E-32,1.,1.11022302462516E-16));
#12445=DIRECTION('',(-1.22464679914735E-16,-1.11022302462516E-16,1.));
#12446=DIRECTION('center_axis',(-1.22464679914735E-16,-1.11022302462516E-16,
1.));
#12447=DIRECTION('ref_axis',(1.23259516440783E-32,1.,1.11022302462516E-16));
#12448=DIRECTION('center_axis',(-1.22464679914735E-16,-1.11022302462516E-16,
1.));
#12449=DIRECTION('ref_axis',(1.23259516440783E-32,1.,1.11022302462516E-16));
#12450=DIRECTION('center_axis',(1.22464679914735E-16,1.11022302462516E-16,
-1.));
#12451=DIRECTION('ref_axis',(1.23259516440783E-32,1.,1.11022302462516E-16));
#12452=DIRECTION('center_axis',(-1.22464679914735E-16,-1.11022302462516E-16,
1.));
#12453=DIRECTION('ref_axis',(1.23259516440783E-32,1.,1.11022302462516E-16));
#12454=DIRECTION('',(-1.,2.59222623785472E-32,-1.22464679914735E-16));
#12455=DIRECTION('center_axis',(1.22464679914735E-16,1.11022302462516E-16,
-1.));
#12456=DIRECTION('ref_axis',(1.23259516440783E-32,1.,1.11022302462516E-16));
#12457=DIRECTION('center_axis',(-1.22464679914735E-16,-1.11022302462516E-16,
1.));
#12458=DIRECTION('ref_axis',(1.23259516440783E-32,1.,1.11022302462516E-16));
#12459=DIRECTION('',(-1.,2.59222623785472E-32,-1.22464679914735E-16));
#12460=DIRECTION('',(-1.23259516440783E-32,-1.,-1.11022302462516E-16));
#12461=DIRECTION('',(1.,-2.59222623785472E-32,1.22464679914735E-16));
#12462=DIRECTION('',(1.23259516440783E-32,1.,1.11022302462516E-16));
#12463=DIRECTION('',(-1.,2.59222623785472E-32,-1.22464679914735E-16));
#12464=DIRECTION('',(-1.,2.59222623785472E-32,-1.22464679914735E-16));
#12465=DIRECTION('',(-0.624695047554424,0.78086880944303,1.01907741024557E-17));
#12466=DIRECTION('center_axis',(1.22464679914735E-16,1.11022302462516E-16,
-1.));
#12467=DIRECTION('ref_axis',(-0.780868809443029,-0.624695047554426,-6.9355082516423E-17));
#12468=DIRECTION('',(0.624695047554424,-0.78086880944303,-1.01907741024557E-17));
#12469=DIRECTION('',(-1.,2.59222623785472E-32,-1.22464679914735E-16));
#12470=DIRECTION('',(-0.624695047554424,0.78086880944303,1.01907741024557E-17));
#12471=DIRECTION('center_axis',(1.22464679914735E-16,1.11022302462516E-16,
-1.));
#12472=DIRECTION('ref_axis',(-0.780868809443029,-0.624695047554426,-6.9355082516423E-17));
#12473=DIRECTION('',(0.624695047554424,-0.78086880944303,-1.01907741024557E-17));
#12474=DIRECTION('',(-1.,2.59222623785472E-32,-1.22464679914735E-16));
#12475=DIRECTION('',(-0.624695047554424,0.78086880944303,1.01907741024557E-17));
#12476=DIRECTION('center_axis',(1.22464679914735E-16,1.11022302462516E-16,
-1.));
#12477=DIRECTION('ref_axis',(-0.780868809443029,-0.624695047554426,-6.9355082516423E-17));
#12478=DIRECTION('',(0.624695047554424,-0.78086880944303,-1.01907741024557E-17));
#12479=DIRECTION('',(-1.,2.59222623785472E-32,-1.22464679914735E-16));
#12480=DIRECTION('',(-0.624695047554424,0.78086880944303,1.01907741024557E-17));
#12481=DIRECTION('center_axis',(1.22464679914735E-16,1.11022302462516E-16,
-1.));
#12482=DIRECTION('ref_axis',(-0.780868809443029,-0.624695047554426,-6.9355082516423E-17));
#12483=DIRECTION('',(0.624695047554424,-0.78086880944303,-1.01907741024557E-17));
#12484=DIRECTION('',(-1.,2.59222623785472E-32,-1.22464679914735E-16));
#12485=DIRECTION('',(-1.23259516440783E-32,-1.,-1.11022302462516E-16));
#12486=DIRECTION('',(1.,-2.59222623785472E-32,1.22464679914735E-16));
#12487=DIRECTION('',(1.23259516440783E-32,1.,1.11022302462516E-16));
#12488=DIRECTION('',(-1.,2.59222623785472E-32,-1.22464679914735E-16));
#12489=DIRECTION('center_axis',(-1.22464679914735E-16,-1.11022302462516E-16,
1.));
#12490=DIRECTION('ref_axis',(1.23259516440783E-32,1.,1.11022302462516E-16));
#12491=DIRECTION('',(-1.,2.59222623785472E-32,-1.22464679914735E-16));
#12492=DIRECTION('center_axis',(1.22464679914735E-16,1.11022302462516E-16,
-1.));
#12493=DIRECTION('ref_axis',(1.23259516440783E-32,1.,1.11022302462516E-16));
#12494=DIRECTION('center_axis',(-1.22464679914735E-16,-1.11022302462516E-16,
1.));
#12495=DIRECTION('ref_axis',(1.23259516440783E-32,1.,1.11022302462516E-16));
#12496=DIRECTION('center_axis',(1.22464679914735E-16,1.11022302462516E-16,
-1.));
#12497=DIRECTION('ref_axis',(1.23259516440783E-32,1.,1.11022302462516E-16));
#12498=DIRECTION('center_axis',(-1.22464679914735E-16,-1.11022302462516E-16,
1.));
#12499=DIRECTION('ref_axis',(1.23259516440783E-32,1.,1.11022302462516E-16));
#12500=DIRECTION('',(-1.22464679914735E-16,-1.11022302462516E-16,1.));
#12501=DIRECTION('center_axis',(-1.22464679914735E-16,-1.11022302462516E-16,
1.));
#12502=DIRECTION('ref_axis',(1.23259516440783E-32,1.,1.11022302462516E-16));
#12503=DIRECTION('',(-1.22464679914735E-16,-1.11022302462516E-16,1.));
#12504=DIRECTION('center_axis',(-1.22464679914735E-16,-1.11022302462516E-16,
1.));
#12505=DIRECTION('ref_axis',(1.23259516440783E-32,1.,1.11022302462516E-16));
#12506=DIRECTION('',(-1.22464679914735E-16,-1.11022302462516E-16,1.));
#12507=DIRECTION('center_axis',(-1.22464679914735E-16,-1.11022302462516E-16,
1.));
#12508=DIRECTION('ref_axis',(1.23259516440783E-32,1.,1.11022302462516E-16));
#12509=DIRECTION('',(-1.22464679914735E-16,-1.11022302462516E-16,1.));
#12510=DIRECTION('center_axis',(-2.73691106313441E-48,1.11022302462516E-16,
-1.));
#12511=DIRECTION('ref_axis',(-0.780868809443029,-0.624695047554426,-6.9355082516423E-17));
#12512=DIRECTION('',(-2.73691106313441E-48,1.11022302462516E-16,-1.));
#12513=DIRECTION('',(-2.73691106313441E-48,1.11022302462516E-16,-1.));
#12514=DIRECTION('center_axis',(0.78086880944303,0.624695047554424,6.93550825164229E-17));
#12515=DIRECTION('ref_axis',(0.624695047554424,-0.78086880944303,-8.66938531455286E-17));
#12516=DIRECTION('',(-2.73691106313441E-48,1.11022302462516E-16,-1.));
#12517=DIRECTION('',(2.73691106313441E-48,-1.11022302462516E-16,1.));
#12518=DIRECTION('center_axis',(-2.73691106313441E-48,1.11022302462516E-16,
-1.));
#12519=DIRECTION('ref_axis',(0.624695037477477,-0.780868817504588,-8.66938540405413E-17));
#12520=DIRECTION('',(-2.73691106313441E-48,1.11022302462516E-16,-1.));
#12521=DIRECTION('center_axis',(-0.78086880944303,-0.624695047554424,-6.93550825164229E-17));
#12522=DIRECTION('ref_axis',(-0.624695047554424,0.78086880944303,8.66938531455286E-17));
#12523=DIRECTION('',(-2.73691106313441E-48,1.11022302462516E-16,-1.));
#12524=DIRECTION('center_axis',(-2.73691106313441E-48,1.11022302462516E-16,
-1.));
#12525=DIRECTION('ref_axis',(-0.780868809443029,-0.624695047554426,-6.9355082516423E-17));
#12526=DIRECTION('',(-2.73691106313441E-48,1.11022302462516E-16,-1.));
#12527=DIRECTION('',(-2.73691106313441E-48,1.11022302462516E-16,-1.));
#12528=DIRECTION('center_axis',(0.78086880944303,0.624695047554424,6.93550825164229E-17));
#12529=DIRECTION('ref_axis',(0.624695047554424,-0.78086880944303,-8.66938531455286E-17));
#12530=DIRECTION('',(-2.73691106313441E-48,1.11022302462516E-16,-1.));
#12531=DIRECTION('',(2.73691106313441E-48,-1.11022302462516E-16,1.));
#12532=DIRECTION('center_axis',(-2.73691106313441E-48,1.11022302462516E-16,
-1.));
#12533=DIRECTION('ref_axis',(0.624695037477477,-0.780868817504588,-8.66938540405413E-17));
#12534=DIRECTION('',(-2.73691106313441E-48,1.11022302462516E-16,-1.));
#12535=DIRECTION('center_axis',(-0.78086880944303,-0.624695047554424,-6.93550825164229E-17));
#12536=DIRECTION('ref_axis',(-0.624695047554424,0.78086880944303,8.66938531455286E-17));
#12537=DIRECTION('',(-2.73691106313441E-48,1.11022302462516E-16,-1.));
#12538=DIRECTION('center_axis',(-2.73691106313441E-48,1.11022302462516E-16,
-1.));
#12539=DIRECTION('ref_axis',(0.780868809443029,0.624695047554426,6.9355082516423E-17));
#12540=DIRECTION('',(-2.73691106313441E-48,1.11022302462516E-16,-1.));
#12541=DIRECTION('',(-2.73691106313441E-48,1.11022302462516E-16,-1.));
#12542=DIRECTION('center_axis',(-0.78086880944303,-0.624695047554424,-6.93550825164229E-17));
#12543=DIRECTION('ref_axis',(-0.624695047554424,0.78086880944303,8.66938531455286E-17));
#12544=DIRECTION('',(-2.73691106313441E-48,1.11022302462516E-16,-1.));
#12545=DIRECTION('',(-2.73691106313441E-48,1.11022302462516E-16,-1.));
#12546=DIRECTION('center_axis',(-2.73691106313441E-48,1.11022302462516E-16,
-1.));
#12547=DIRECTION('ref_axis',(-0.780868809443029,-0.624695047554426,-6.9355082516423E-17));
#12548=DIRECTION('',(-2.73691106313441E-48,1.11022302462516E-16,-1.));
#12549=DIRECTION('center_axis',(0.78086880944303,0.624695047554424,6.93550825164229E-17));
#12550=DIRECTION('ref_axis',(0.624695047554424,-0.78086880944303,-8.66938531455286E-17));
#12551=DIRECTION('',(2.73691106313441E-48,-1.11022302462516E-16,1.));
#12552=DIRECTION('center_axis',(-2.73691106313441E-48,1.11022302462516E-16,
-1.));
#12553=DIRECTION('ref_axis',(-0.780868809443029,-0.624695047554426,-6.9355082516423E-17));
#12554=DIRECTION('',(-2.73691106313441E-48,1.11022302462516E-16,-1.));
#12555=DIRECTION('',(-2.73691106313441E-48,1.11022302462516E-16,-1.));
#12556=DIRECTION('center_axis',(0.78086880944303,0.624695047554424,6.93550825164229E-17));
#12557=DIRECTION('ref_axis',(0.624695047554424,-0.78086880944303,-8.66938531455286E-17));
#12558=DIRECTION('',(-2.73691106313441E-48,1.11022302462516E-16,-1.));
#12559=DIRECTION('',(2.73691106313441E-48,-1.11022302462516E-16,1.));
#12560=DIRECTION('center_axis',(-2.73691106313441E-48,1.11022302462516E-16,
-1.));
#12561=DIRECTION('ref_axis',(0.624695037477477,-0.780868817504588,-8.66938540405413E-17));
#12562=DIRECTION('',(-2.73691106313441E-48,1.11022302462516E-16,-1.));
#12563=DIRECTION('center_axis',(-0.78086880944303,-0.624695047554424,-6.93550825164229E-17));
#12564=DIRECTION('ref_axis',(-0.624695047554424,0.78086880944303,8.66938531455286E-17));
#12565=DIRECTION('',(-2.73691106313441E-48,1.11022302462516E-16,-1.));
#12566=DIRECTION('center_axis',(1.23259516440783E-32,1.,1.11022302462516E-16));
#12567=DIRECTION('ref_axis',(-1.,2.59222623785472E-32,-1.22464679914735E-16));
#12568=DIRECTION('',(-1.22464679914735E-16,-1.11022302462516E-16,1.));
#12569=DIRECTION('center_axis',(1.23259516440783E-32,1.,1.11022302462516E-16));
#12570=DIRECTION('ref_axis',(-1.,2.59222623785472E-32,-1.22464679914735E-16));
#12571=DIRECTION('',(-1.22464679914735E-16,-1.11022302462516E-16,1.));
#12572=DIRECTION('center_axis',(1.23259516440783E-32,1.,1.11022302462516E-16));
#12573=DIRECTION('ref_axis',(-1.,2.59222623785472E-32,-1.22464679914735E-16));
#12574=DIRECTION('center_axis',(1.23259516440783E-32,1.,1.11022302462516E-16));
#12575=DIRECTION('ref_axis',(-1.,2.59222623785472E-32,-1.22464679914735E-16));
#12576=DIRECTION('center_axis',(1.23259516440783E-32,1.,1.11022302462516E-16));
#12577=DIRECTION('ref_axis',(-1.,2.59222623785472E-32,-1.22464679914735E-16));
#12578=DIRECTION('center_axis',(8.65956056235495E-17,0.707106781186547,
-0.707106781186548));
#12579=DIRECTION('ref_axis',(1.,-2.59222623785472E-32,1.22464679914735E-16));
#12580=DIRECTION('',(-0.577350269189631,0.577350269189624,0.577350269189623));
#12581=DIRECTION('',(-0.577350269189631,-0.577350269189624,-0.577350269189623));
#12582=DIRECTION('',(1.,-2.59222623785472E-32,1.22464679914735E-16));
#12583=DIRECTION('center_axis',(1.23259516440783E-32,1.,1.11022302462516E-16));
#12584=DIRECTION('ref_axis',(-1.,2.59222623785472E-32,-1.22464679914735E-16));
#12585=DIRECTION('',(1.22464679914735E-16,1.11022302462516E-16,-1.));
#12586=DIRECTION('',(-1.22464679914735E-16,-1.11022302462516E-16,1.));
#12587=DIRECTION('center_axis',(0.707106781186543,7.85046229341893E-17,
-0.707106781186552));
#12588=DIRECTION('ref_axis',(-1.23259516440783E-32,-1.,-1.11022302462516E-16));
#12589=DIRECTION('',(0.577350269189632,-0.577350269189622,0.577350269189624));
#12590=DIRECTION('',(-1.23259516440783E-32,-1.,-1.11022302462516E-16));
#12591=DIRECTION('center_axis',(8.65956056235492E-17,-0.707106781186549,
-0.707106781186546));
#12592=DIRECTION('ref_axis',(-1.,2.59222623785472E-32,-1.22464679914735E-16));
#12593=DIRECTION('',(0.577350269189632,0.577350269189622,-0.577350269189624));
#12594=DIRECTION('',(-1.,2.59222623785472E-32,-1.22464679914735E-16));
#12595=DIRECTION('center_axis',(-0.707106781186542,7.85046229341893E-17,
-0.707106781186553));
#12596=DIRECTION('ref_axis',(1.23259516440783E-32,1.,1.11022302462516E-16));
#12597=DIRECTION('',(1.23259516440783E-32,1.,1.11022302462516E-16));
#12598=DIRECTION('center_axis',(0.000150568432951939,0.00863137779473528,
-0.999962737629014));
#12599=DIRECTION('ref_axis',(-0.999987571190076,0.00498456608320316,-0.000107546896011308));
#12600=DIRECTION('center_axis',(0.000150568432951939,0.00863137779473527,
-0.999962737629014));
#12601=DIRECTION('ref_axis',(-0.999987571190076,0.00498456608320316,-0.00010754689601106));
#12602=DIRECTION('center_axis',(-0.000150568432951939,-0.00863137779473528,
0.999962737629014));
#12603=DIRECTION('ref_axis',(-0.0174410068462205,-0.999810626032101,-0.00863269097607755));
#12604=DIRECTION('center_axis',(-0.000150568432951939,-0.00863137779473528,
0.999962737629014));
#12605=DIRECTION('ref_axis',(0.999987571190076,-0.00498456608320316,0.000107546896011308));
#12606=DIRECTION('center_axis',(0.000150568432951939,0.00863137779473528,
-0.999962737629014));
#12607=DIRECTION('ref_axis',(-0.0174410068462205,-0.999810626032101,-0.00863269097607755));
#12608=DIRECTION('center_axis',(-0.000150568432951939,-0.00863137779473527,
0.999962737629014));
#12609=DIRECTION('ref_axis',(-0.999987571190076,0.00498456608320316,-0.00010754689601106));
#12610=DIRECTION('center_axis',(-0.000150568432951939,-0.00863137779473527,
0.999962737629014));
#12611=DIRECTION('ref_axis',(-0.999987571190076,0.00498456608320316,-0.00010754689601106));
#12612=DIRECTION('center_axis',(0.000150568432951939,0.00863137779473527,
-0.999962737629014));
#12613=DIRECTION('ref_axis',(-0.999987571190076,0.00498456608320316,-0.00010754689601106));
#12614=DIRECTION('',(0.000150568432951939,0.00863137779473527,-0.999962737629014));
#12615=DIRECTION('center_axis',(-1.22464679914735E-16,-1.11022302462516E-16,
1.));
#12616=DIRECTION('ref_axis',(-1.23259516440783E-32,-1.,-1.11022302462516E-16));
#12617=DIRECTION('',(-1.22464679914735E-16,-1.11022302462516E-16,1.));
#12618=DIRECTION('center_axis',(0.000150568432951939,0.00863137779473528,
-0.999962737629014));
#12619=DIRECTION('ref_axis',(-0.999987571190076,0.00498456608320316,-0.000107546896011308));
#12620=DIRECTION('center_axis',(0.000150568432951939,0.00863137779473528,
-0.999962737629014));
#12621=DIRECTION('ref_axis',(-0.999987571190076,0.00498456608320316,-0.00010754689601106));
#12622=DIRECTION('center_axis',(-0.000150568432951939,-0.00863137779473528,
0.999962737629014));
#12623=DIRECTION('ref_axis',(-0.0174410068462205,-0.999810626032101,-0.00863269097607755));
#12624=DIRECTION('center_axis',(-0.000150568432951939,-0.00863137779473528,
0.999962737629014));
#12625=DIRECTION('ref_axis',(0.999987571190076,-0.00498456608320316,0.000107546896011308));
#12626=DIRECTION('center_axis',(0.000150568432951939,0.00863137779473528,
-0.999962737629014));
#12627=DIRECTION('ref_axis',(-0.0174410068462205,-0.999810626032101,-0.00863269097607755));
#12628=DIRECTION('center_axis',(-0.000150568432951939,-0.00863137779473528,
0.999962737629014));
#12629=DIRECTION('ref_axis',(-0.999987571190076,0.00498456608320316,-0.00010754689601106));
#12630=DIRECTION('center_axis',(-0.000150568432951939,-0.00863137779473528,
0.999962737629014));
#12631=DIRECTION('ref_axis',(-0.999987571190076,0.00498456608320316,-0.00010754689601106));
#12632=DIRECTION('center_axis',(0.000150568432951939,0.00863137779473528,
-0.999962737629014));
#12633=DIRECTION('ref_axis',(-0.999987571190076,0.00498456608320316,-0.00010754689601106));
#12634=DIRECTION('',(0.000150568432951939,0.00863137779473528,-0.999962737629014));
#12635=DIRECTION('center_axis',(-1.22464679914735E-16,-1.11022302462516E-16,
1.));
#12636=DIRECTION('ref_axis',(-1.23259516440783E-32,-1.,-1.11022302462516E-16));
#12637=DIRECTION('',(-1.22464679914735E-16,-1.11022302462516E-16,1.));
#12638=DIRECTION('center_axis',(-1.22464679914735E-16,-1.11022302462516E-16,
1.));
#12639=DIRECTION('ref_axis',(1.,1.83697019872103E-16,1.22464679914735E-16));
#12640=DIRECTION('',(1.22464679914735E-16,1.11022302462516E-16,-1.));
#12641=DIRECTION('center_axis',(-1.22464679914735E-16,-1.11022302462516E-16,
1.));
#12642=DIRECTION('ref_axis',(-1.23259516440783E-32,-1.,-1.11022302462516E-16));
#12643=DIRECTION('',(-1.22464679914735E-16,-1.11022302462516E-16,1.));
#12644=DIRECTION('center_axis',(-1.22464679914735E-16,-1.11022302462516E-16,
1.));
#12645=DIRECTION('ref_axis',(-1.23259516440783E-32,-1.,-1.11022302462516E-16));
#12646=DIRECTION('',(-1.23259516440783E-32,-1.,-1.11022302462516E-16));
#12647=DIRECTION('center_axis',(-1.22464679914735E-16,-1.11022302462516E-16,
1.));
#12648=DIRECTION('ref_axis',(-1.23259516440783E-32,-1.,-1.11022302462516E-16));
#12649=DIRECTION('',(-1.23259516440783E-32,-1.,-1.11022302462516E-16));
#12650=DIRECTION('center_axis',(-1.22464679914735E-16,-1.11022302462516E-16,
1.));
#12651=DIRECTION('ref_axis',(-1.23259516440783E-32,-1.,-1.11022302462516E-16));
#12652=DIRECTION('center_axis',(-1.22464679914735E-16,-1.11022302462516E-16,
1.));
#12653=DIRECTION('ref_axis',(1.,1.83697019872103E-16,1.22464679914735E-16));
#12654=DIRECTION('',(1.22464679914735E-16,1.11022302462516E-16,-1.));
#12655=DIRECTION('',(-1.22464679914735E-16,-1.11022302462516E-16,1.));
#12656=DIRECTION('center_axis',(-1.,2.59222623785472E-32,-1.22464679914735E-16));
#12657=DIRECTION('ref_axis',(-1.23259516440783E-32,-1.,-1.11022302462516E-16));
#12658=DIRECTION('',(-1.22464679914735E-16,-1.11022302462516E-16,1.));
#12659=DIRECTION('',(-1.23259516440783E-32,-1.,-1.11022302462516E-16));
#12660=DIRECTION('',(-1.22464679914735E-16,-1.11022302462516E-16,1.));
#12661=DIRECTION('center_axis',(-1.23259516440783E-32,-1.,-1.11022302462516E-16));
#12662=DIRECTION('ref_axis',(1.,-2.59222623785472E-32,1.22464679914735E-16));
#12663=DIRECTION('',(1.22464679914735E-16,1.11022302462516E-16,-1.));
#12664=DIRECTION('',(-1.22464679914735E-16,-1.11022302462516E-16,1.));
#12665=DIRECTION('center_axis',(0.702279502954073,-0.62475011061378,0.341307484562892));
#12666=DIRECTION('ref_axis',(-0.664661928562272,-0.747144243583447,-1.64347284527138E-16));
#12667=DIRECTION('',(-0.525406937492734,-0.131351734373184,0.840651099988374));
#12668=DIRECTION('',(-0.664661928562272,-0.747144243583447,-1.64347284527138E-16));
#12669=DIRECTION('',(0.525406937492734,0.131351734373184,-0.840651099988374));
#12670=DIRECTION('',(0.606044992819065,0.776208128022201,0.173811416976014));
#12671=DIRECTION('',(-1.07472509735719E-16,0.479430886699712,0.877579640191321));
#12672=DIRECTION('center_axis',(0.788205438016113,-0.615412209402631,2.8202846222273E-17));
#12673=DIRECTION('ref_axis',(-0.615412209402631,-0.788205438016113,-1.62874641782138E-16));
#12674=DIRECTION('',(1.22464679914735E-16,1.11022302462516E-16,-1.));
#12675=DIRECTION('',(0.524114470903342,0.671273448588141,-0.524114470903347));
#12676=DIRECTION('',(0.524114473048702,0.671273451335868,0.524114465238762));
#12677=DIRECTION('',(-1.22464679914735E-16,-1.11022302462516E-16,1.));
#12678=DIRECTION('center_axis',(0.847998304005088,-5.88417026218458E-17,
0.52999894000318));
#12679=DIRECTION('ref_axis',(-1.23259516440783E-32,-1.,-1.11022302462516E-16));
#12680=DIRECTION('',(1.23259516440783E-32,1.,1.11022302462516E-16));
#12681=DIRECTION('',(0.525406937492734,-0.131351734373183,-0.840651099988374));
#12682=DIRECTION('',(-1.23259516440783E-32,-1.,-1.11022302462516E-16));
#12683=DIRECTION('center_axis',(1.,-2.59222623785472E-32,1.22464679914735E-16));
#12684=DIRECTION('ref_axis',(-1.23259516440783E-32,-1.,-1.11022302462516E-16));
#12685=DIRECTION('',(-1.23259516440783E-32,-1.,-1.11022302462516E-16));
#12686=DIRECTION('',(1.22464679914735E-16,1.11022302462516E-16,-1.));
#12687=DIRECTION('',(1.07472509735718E-16,0.479430886699721,-0.877579640191316));
#12688=DIRECTION('center_axis',(0.707106775918174,7.85046235190957E-17,
-0.707106786454921));
#12689=DIRECTION('ref_axis',(-1.23259516440783E-32,-1.,-1.11022302462516E-16));
#12690=DIRECTION('',(-0.619030502162895,0.483324410933442,-0.619030492938591));
#12691=DIRECTION('',(0.6190305021629,0.483324410933429,0.619030492938596));
#12692=DIRECTION('',(-0.524114473048714,0.671273451335849,-0.524114465238774));
#12693=DIRECTION('center_axis',(0.788205438016097,0.615412209402651,1.64851807125121E-16));
#12694=DIRECTION('ref_axis',(0.615412209402651,-0.788205438016097,-1.21421233019071E-17));
#12695=DIRECTION('',(-0.524114470903359,0.671273448588128,0.524114470903346));
#12696=DIRECTION('',(-1.22464679914735E-16,-1.11022302462516E-16,1.));
#12697=DIRECTION('',(0.606044992819093,-0.776208128022197,0.173811416975934));
#12698=DIRECTION('center_axis',(0.702279502954078,0.624750110613773,0.341307484562897));
#12699=DIRECTION('ref_axis',(0.664661928562265,-0.747144243583453,-1.55206386136117E-18));
#12700=DIRECTION('',(-0.525406937492734,0.131351734373183,0.840651099988374));
#12701=DIRECTION('',(0.664661928562265,-0.747144243583453,-1.55206386136117E-18));
#12702=DIRECTION('center_axis',(0.242535625036332,0.970142500145332,1.37409501770871E-16));
#12703=DIRECTION('ref_axis',(0.970142500145332,-0.242535625036332,9.18813272312602E-17));
#12704=DIRECTION('',(0.970142500145332,-0.242535625036332,9.18813272312602E-17));
#12705=DIRECTION('',(1.22464679914735E-16,1.11022302462516E-16,-1.));
#12706=DIRECTION('',(0.970142500145332,-0.242535625036332,9.18813272312602E-17));
#12707=DIRECTION('center_axis',(0.17149858514251,0.685994340570043,-0.707106781186539));
#12708=DIRECTION('ref_axis',(0.970142500145332,-0.242535625036332,9.18813272312602E-17));
#12709=DIRECTION('',(0.619030498628153,0.48332440817361,0.619030498628145));
#12710=DIRECTION('center_axis',(-0.707106781186542,7.85046229341893E-17,
-0.707106781186553));
#12711=DIRECTION('ref_axis',(1.23259516440783E-32,1.,1.11022302462516E-16));
#12712=DIRECTION('',(-0.678598344545855,-0.281084637714804,0.678598344545846));
#12713=DIRECTION('',(1.23259516440783E-32,1.,1.11022302462516E-16));
#12714=DIRECTION('',(-0.678598344545855,0.281084637714808,0.678598344545845));
#12715=DIRECTION('center_axis',(-0.500000000000002,-0.500000000000011,-0.707106781186538));
#12716=DIRECTION('ref_axis',(-0.707106781186554,0.707106781186541,-8.09098268936205E-18));
#12717=DIRECTION('',(-0.28108463771481,-0.678598344545849,0.67859834454585));
#12718=DIRECTION('',(-0.707106781186554,0.707106781186541,-8.09098268936205E-18));
#12719=DIRECTION('center_axis',(8.65956056235493E-17,-0.707106781186548,
-0.707106781186547));
#12720=DIRECTION('ref_axis',(-1.,2.59222623785472E-32,-1.22464679914735E-16));
#12721=DIRECTION('',(0.281084637714811,-0.678598344545846,0.678598344545852));
#12722=DIRECTION('',(-1.,2.59222623785472E-32,-1.22464679914735E-16));
#12723=DIRECTION('center_axis',(0.500000000000005,-0.500000000000012,-0.707106781186535));
#12724=DIRECTION('ref_axis',(-0.707106781186553,-0.707106781186542,-1.65100228557738E-16));
#12725=DIRECTION('',(0.678598344545857,-0.281084637714793,0.678598344545848));
#12726=DIRECTION('',(-0.707106781186553,-0.707106781186542,-1.65100228557738E-16));
#12727=DIRECTION('center_axis',(0.707106781186543,7.85046229341893E-17,
-0.707106781186552));
#12728=DIRECTION('ref_axis',(-1.23259516440783E-32,-1.,-1.11022302462516E-16));
#12729=DIRECTION('',(0.61903049862815,-0.483324408173619,0.619030498628141));
#12730=DIRECTION('',(-1.23259516440783E-32,-1.,-1.11022302462516E-16));
#12731=DIRECTION('center_axis',(0.171498585142509,-0.685994340570034,-0.707106781186549));
#12732=DIRECTION('ref_axis',(-0.970142500145332,-0.242535625036334,-1.45735054272698E-16));
#12733=DIRECTION('',(-0.970142500145332,-0.242535625036334,-1.45735054272698E-16));
#12734=DIRECTION('center_axis',(0.707106781186543,7.85046229341893E-17,
-0.707106781186552));
#12735=DIRECTION('ref_axis',(-1.23259516440783E-32,-1.,-1.11022302462516E-16));
#12736=DIRECTION('',(-1.23259516440783E-32,-1.,-1.11022302462516E-16));
#12737=DIRECTION('',(0.678598344545854,0.281084637714808,0.678598344545845));
#12738=DIRECTION('center_axis',(0.499999999999996,0.500000000000005,-0.707106781186547));
#12739=DIRECTION('ref_axis',(0.707106781186554,-0.707106781186541,8.09098268936204E-18));
#12740=DIRECTION('',(0.707106781186554,-0.707106781186541,8.09098268936205E-18));
#12741=DIRECTION('',(0.28108463771481,0.678598344545848,0.67859834454585));
#12742=DIRECTION('center_axis',(8.65956056235492E-17,0.707106781186549,
-0.707106781186546));
#12743=DIRECTION('ref_axis',(1.,-2.59222623785472E-32,1.22464679914735E-16));
#12744=DIRECTION('',(1.,-2.59222623785472E-32,1.22464679914735E-16));
#12745=DIRECTION('',(-0.28108463771481,0.678598344545848,0.67859834454585));
#12746=DIRECTION('center_axis',(-0.500000000000002,0.500000000000011,-0.707106781186538));
#12747=DIRECTION('ref_axis',(0.707106781186554,0.707106781186541,1.65100228557738E-16));
#12748=DIRECTION('',(0.707106781186554,0.707106781186541,1.65100228557738E-16));
#12749=DIRECTION('center_axis',(-0.707106781186541,-0.707106781186554,-1.65100228557738E-16));
#12750=DIRECTION('ref_axis',(-0.707106781186554,0.707106781186541,-8.09098268936205E-18));
#12751=DIRECTION('',(-1.22464679914735E-16,-1.11022302462516E-16,1.));
#12752=DIRECTION('',(1.22464679914735E-16,1.11022302462516E-16,-1.));
#12753=DIRECTION('center_axis',(-1.23259516440783E-32,-1.,-1.11022302462516E-16));
#12754=DIRECTION('ref_axis',(1.,-2.59222623785472E-32,1.22464679914735E-16));
#12755=DIRECTION('',(1.22464679914735E-16,1.11022302462516E-16,-1.));
#12756=DIRECTION('center_axis',(0.707106781186542,-0.707106781186553,8.0909826893594E-18));
#12757=DIRECTION('ref_axis',(-0.707106781186553,-0.707106781186542,-1.65100228557738E-16));
#12758=DIRECTION('',(-1.22464679914735E-16,-1.11022302462516E-16,1.));
#12759=DIRECTION('center_axis',(1.,-2.59222623785472E-32,1.22464679914735E-16));
#12760=DIRECTION('ref_axis',(1.23259516440783E-32,1.,1.11022302462516E-16));
#12761=DIRECTION('',(-1.22464679914735E-16,-1.11022302462516E-16,1.));
#12762=DIRECTION('center_axis',(0.242535625036334,-0.970142500145332,-7.80054063948812E-17));
#12763=DIRECTION('ref_axis',(-0.970142500145332,-0.242535625036334,-1.45735054272698E-16));
#12764=DIRECTION('',(-0.970142500145332,-0.242535625036334,-1.45735054272698E-16));
#12765=DIRECTION('center_axis',(-1.,2.59222623785472E-32,-1.22464679914735E-16));
#12766=DIRECTION('ref_axis',(-1.23259516440783E-32,-1.,-1.11022302462516E-16));
#12767=DIRECTION('',(-1.22464679914735E-16,-1.11022302462516E-16,1.));
#12768=DIRECTION('center_axis',(0.707106781186541,0.707106781186554,1.65100228557738E-16));
#12769=DIRECTION('ref_axis',(0.707106781186554,-0.707106781186541,8.09098268936205E-18));
#12770=DIRECTION('',(-1.22464679914735E-16,-1.11022302462516E-16,1.));
#12771=DIRECTION('',(1.22464679914735E-16,1.11022302462516E-16,-1.));
#12772=DIRECTION('center_axis',(1.,-2.59222623785472E-32,1.22464679914735E-16));
#12773=DIRECTION('ref_axis',(1.23259516440783E-32,1.,1.11022302462516E-16));
#12774=DIRECTION('center_axis',(-0.707106781186541,0.707106781186554,-8.09098268935913E-18));
#12775=DIRECTION('ref_axis',(0.707106781186554,0.707106781186541,1.65100228557738E-16));
#12776=DIRECTION('',(1.22464679914735E-16,1.11022302462516E-16,-1.));
#12777=DIRECTION('center_axis',(-1.22464679914735E-16,-1.11022302462516E-16,
1.));
#12778=DIRECTION('ref_axis',(1.23259516440783E-32,1.,1.11022302462516E-16));
#12779=DIRECTION('center_axis',(-1.,2.59222623785472E-32,-1.22464679914735E-16));
#12780=DIRECTION('ref_axis',(-1.23259516440783E-32,-1.,-1.11022302462516E-16));
#12781=DIRECTION('center_axis',(1.,-2.59222623785472E-32,1.22464679914735E-16));
#12782=DIRECTION('ref_axis',(1.23259516440783E-32,1.,1.11022302462516E-16));
#12783=DIRECTION('center_axis',(1.,-2.59222623785472E-32,1.22464679914735E-16));
#12784=DIRECTION('ref_axis',(1.23259516440783E-32,1.,1.11022302462516E-16));
#12785=DIRECTION('',(-1.22464679914735E-16,-1.11022302462516E-16,1.));
#12786=DIRECTION('center_axis',(-1.23259516440783E-32,-1.,-1.11022302462516E-16));
#12787=DIRECTION('ref_axis',(1.,-2.59222623785472E-32,1.22464679914735E-16));
#12788=DIRECTION('',(-1.22464679914735E-16,-1.11022302462516E-16,1.));
#12789=DIRECTION('center_axis',(-1.,2.59222623785472E-32,-1.22464679914735E-16));
#12790=DIRECTION('ref_axis',(-1.23259516440783E-32,-1.,-1.11022302462516E-16));
#12791=DIRECTION('center_axis',(1.23259516440783E-32,1.,1.11022302462516E-16));
#12792=DIRECTION('ref_axis',(-1.,2.59222623785472E-32,-1.22464679914735E-16));
#12793=DIRECTION('center_axis',(0.573576436351048,9.09441460238403E-17,
-0.819152044288991));
#12794=DIRECTION('ref_axis',(0.346407493426094,0.906183139995264,0.242557138189283));
#12795=DIRECTION('center_axis',(-1.,1.23259516440783E-32,2.73691106313441E-48));
#12796=DIRECTION('ref_axis',(-5.68569425473529E-17,-2.05137288779161E-16,
1.));
#12797=DIRECTION('center_axis',(-4.24640478587096E-48,-1.14423774522197E-17,
-1.));
#12798=DIRECTION('ref_axis',(1.,-1.34410130112678E-16,-3.78933936119449E-17));
#12799=DIRECTION('center_axis',(0.573576436351048,9.09441460238403E-17,
-0.819152044288991));
#12800=DIRECTION('ref_axis',(0.346407493426094,0.906183139995264,0.242557138189283));
#12801=DIRECTION('center_axis',(-1.,1.23259516440783E-32,2.73691106313441E-48));
#12802=DIRECTION('ref_axis',(-5.68569425473529E-17,-2.05137288779161E-16,
1.));
#12803=DIRECTION('center_axis',(-4.24640478587096E-48,-1.14423774522197E-17,
-1.));
#12804=DIRECTION('ref_axis',(1.,-1.34410130112678E-16,-3.78933936119449E-17));
#12805=DIRECTION('center_axis',(0.573576436351048,9.09441460238403E-17,
-0.819152044288991));
#12806=DIRECTION('ref_axis',(0.346407493426094,0.906183139995264,0.242557138189283));
#12807=DIRECTION('center_axis',(-1.,1.23259516440783E-32,2.73691106313441E-48));
#12808=DIRECTION('ref_axis',(-5.68569425473529E-17,-2.05137288779161E-16,
1.));
#12809=DIRECTION('center_axis',(-4.24640478587096E-48,-1.14423774522197E-17,
-1.));
#12810=DIRECTION('ref_axis',(1.,-1.34410130112678E-16,-3.78933936119449E-17));
#12811=DIRECTION('center_axis',(0.573576436351046,9.09441460238405E-17,
-0.819152044288992));
#12812=DIRECTION('ref_axis',(0.346407493426095,0.906183139995264,0.242557138189282));
#12813=DIRECTION('center_axis',(-1.,1.23259516440783E-32,2.73691106313441E-48));
#12814=DIRECTION('ref_axis',(-1.32666199277158E-17,-2.05137288779161E-16,
1.));
#12815=DIRECTION('center_axis',(-4.24640478587096E-48,-1.14423774522197E-17,
-1.));
#12816=DIRECTION('ref_axis',(1.,-1.34410130112679E-16,-2.84200452089587E-17));
#12817=DIRECTION('center_axis',(0.573576436351048,9.09441460238403E-17,
-0.819152044288991));
#12818=DIRECTION('ref_axis',(0.346407493426094,0.906183139995264,0.242557138189283));
#12819=DIRECTION('center_axis',(-1.,1.23259516440783E-32,2.73691106313441E-48));
#12820=DIRECTION('ref_axis',(-5.68569425473529E-17,-2.05137288779161E-16,
1.));
#12821=DIRECTION('center_axis',(-4.24640478587096E-48,-1.14423774522197E-17,
-1.));
#12822=DIRECTION('ref_axis',(1.,-1.34410130112678E-16,-3.78933936119449E-17));
#12823=DIRECTION('center_axis',(-4.24640478587096E-48,-1.14423774522197E-17,
-1.));
#12824=DIRECTION('ref_axis',(-1.23259516440783E-32,-1.,1.14423774522197E-17));
#12825=DIRECTION('',(1.23259516440783E-32,1.,-1.14423774522197E-17));
#12826=DIRECTION('',(1.23259516440783E-32,1.,-1.14423774522197E-17));
#12827=DIRECTION('',(1.23259516440783E-32,1.,-1.14423774522197E-17));
#12828=DIRECTION('',(1.,-1.23259516440783E-32,-2.73691106313441E-48));
#12829=DIRECTION('',(-0.707106781186549,0.707106781186546,-8.09098268936057E-18));
#12830=DIRECTION('',(-1.23259516440783E-32,-1.,1.14423774522197E-17));
#12831=DIRECTION('',(0.707106781186541,-0.707106781186554,8.09098268936066E-18));
#12832=DIRECTION('',(1.23259516440783E-32,1.,-1.14423774522197E-17));
#12833=DIRECTION('',(-1.,1.23259516440783E-32,2.73691106313441E-48));
#12834=DIRECTION('',(1.23259516440783E-32,1.,-1.14423774522197E-17));
#12835=DIRECTION('',(1.23259516440783E-32,1.,-1.14423774522197E-17));
#12836=DIRECTION('',(1.23259516440783E-32,1.,-1.14423774522197E-17));
#12837=DIRECTION('center_axis',(-1.23259516440783E-32,-1.,2.33486982377251E-16));
#12838=DIRECTION('ref_axis',(-6.98331584900537E-48,-2.33486982377251E-16,
-1.));
#12839=DIRECTION('',(-6.98331584900537E-48,-2.33486982377251E-16,-1.));
#12840=DIRECTION('',(1.,-1.23259516440783E-32,-2.73691106313441E-48));
#12841=DIRECTION('',(6.98331584900537E-48,2.33486982377251E-16,1.));
#12842=DIRECTION('',(-1.,1.23259516440783E-32,2.73691106313441E-48));
#12843=DIRECTION('center_axis',(1.23259516440783E-32,1.,-2.33486982377251E-16));
#12844=DIRECTION('ref_axis',(-1.,1.23259516440783E-32,2.10531620241108E-48));
#12845=DIRECTION('center_axis',(-1.23259516440783E-32,-1.,2.33486982377251E-16));
#12846=DIRECTION('ref_axis',(-1.,1.23259516440783E-32,2.10531620241108E-48));
#12847=DIRECTION('center_axis',(-1.23259516440783E-32,-1.,2.33486982377251E-16));
#12848=DIRECTION('ref_axis',(-1.,1.23259516440783E-32,2.10531620241108E-48));
#12849=DIRECTION('',(-1.23259516440783E-32,-1.,2.33486982377251E-16));
#12850=DIRECTION('center_axis',(-1.23259516440783E-32,-1.,2.33486982377251E-16));
#12851=DIRECTION('ref_axis',(1.,-1.23259516440783E-32,-2.73691106313441E-48));
#12852=DIRECTION('',(-1.,1.23259516440783E-32,2.73691106313441E-48));
#12853=DIRECTION('',(6.98331584900537E-48,2.33486982377251E-16,1.));
#12854=DIRECTION('',(1.,-1.23259516440783E-32,-2.73691106313441E-48));
#12855=DIRECTION('',(-6.98331584900537E-48,-2.33486982377251E-16,-1.));
#12856=DIRECTION('center_axis',(-1.,1.23259516440783E-32,2.73691106313441E-48));
#12857=DIRECTION('ref_axis',(5.47382212626882E-48,1.11022302462516E-16,
1.));
#12858=DIRECTION('',(-1.23259516440783E-32,-1.,1.14423774522197E-17));
#12859=DIRECTION('',(-4.24640478587096E-48,-1.14423774522197E-17,-1.));
#12860=DIRECTION('',(-1.23259516440783E-32,-1.,-6.53072523131142E-18));
#12861=DIRECTION('center_axis',(-1.,1.23259516440783E-32,2.73691106313441E-48));
#12862=DIRECTION('ref_axis',(5.47382212626882E-48,1.11022302462516E-16,
1.));
#12863=DIRECTION('',(-1.23259516440783E-32,-1.,-6.53072523131142E-18));
#12864=DIRECTION('',(4.24640478587096E-48,1.14423774522197E-17,1.));
#12865=DIRECTION('',(-1.23259516440783E-32,-1.,1.14423774522197E-17));
#12866=DIRECTION('center_axis',(4.02486919129971E-48,-6.53072523131142E-18,
1.));
#12867=DIRECTION('ref_axis',(-1.23259516440783E-32,-1.,-6.53072523131142E-18));
#12868=DIRECTION('',(1.23259516440783E-32,1.,6.53072523131142E-18));
#12869=DIRECTION('',(-1.,1.23259516440783E-32,2.73691106313441E-48));
#12870=DIRECTION('',(1.23259516440783E-32,1.,6.53072523131142E-18));
#12871=DIRECTION('',(-0.707106781186544,-0.707106781186551,-4.61792009712641E-18));
#12872=DIRECTION('',(-1.23259516440783E-32,-1.,-6.53072523131142E-18));
#12873=DIRECTION('',(-1.,1.23259516440783E-32,2.73691106313441E-48));
#12874=DIRECTION('',(0.707106781186554,0.707106781186541,4.61792009712635E-18));
#12875=DIRECTION('',(1.79731026835314E-17,1.,6.53072523131142E-18));
#12876=DIRECTION('',(1.,-1.23259516440783E-32,-2.73691106313441E-48));
#12877=DIRECTION('',(1.23259516440783E-32,1.,6.53072523131142E-18));
#12878=DIRECTION('',(1.,-1.23259516440783E-32,-2.73691106313441E-48));
#12879=DIRECTION('',(-1.23259516440783E-32,-1.,-6.53072523131142E-18));
#12880=DIRECTION('',(1.,-1.23259516440783E-32,-2.73691106313441E-48));
#12881=DIRECTION('',(-1.23259516440783E-32,-1.,-6.53072523131142E-18));
#12882=DIRECTION('',(1.,-4.44089209850063E-16,-2.90022460772096E-33));
#12883=DIRECTION('',(0.707106781186548,0.707106781186547,4.6179200971264E-18));
#12884=DIRECTION('',(4.44089209850063E-16,1.,6.53072523131142E-18));
#12885=DIRECTION('',(-0.707106781186549,0.707106781186546,4.61792009712639E-18));
#12886=DIRECTION('',(-1.,1.23259516440783E-32,2.73691106313441E-48));
#12887=DIRECTION('',(-1.23259516440783E-32,-1.,-6.53072523131142E-18));
#12888=DIRECTION('',(-1.,1.23259516440783E-32,2.73691106313441E-48));
#12889=DIRECTION('',(0.825147169172963,-0.564917825179774,-3.68932309451912E-18));
#12890=DIRECTION('center_axis',(4.02486919129971E-48,-6.53072523131142E-18,
1.));
#12891=DIRECTION('ref_axis',(-0.564917825179772,-0.825147169172964,-9.16097385920094E-17));
#12892=DIRECTION('',(-0.825147169172963,0.564917825179774,3.68932309451912E-18));
#12893=DIRECTION('center_axis',(4.02486919129971E-48,-6.53072523131142E-18,
1.));
#12894=DIRECTION('ref_axis',(0.564917825179772,0.825147169172964,9.16097385920094E-17));
#12895=DIRECTION('',(0.825147169172963,-0.564917825179774,-3.68932309451912E-18));
#12896=DIRECTION('center_axis',(4.02486919129971E-48,-6.53072523131142E-18,
1.));
#12897=DIRECTION('ref_axis',(-0.564917825179772,-0.825147169172964,-9.16097385920094E-17));
#12898=DIRECTION('',(-0.825147169172963,0.564917825179774,3.68932309451912E-18));
#12899=DIRECTION('center_axis',(4.02486919129971E-48,-6.53072523131142E-18,
1.));
#12900=DIRECTION('ref_axis',(0.564917825179772,0.825147169172964,9.16097385920094E-17));
#12901=DIRECTION('',(0.825147169172963,-0.564917825179774,-3.68932309451912E-18));
#12902=DIRECTION('center_axis',(4.02486919129971E-48,-6.53072523131142E-18,
1.));
#12903=DIRECTION('ref_axis',(-0.564917825179772,-0.825147169172964,-9.16097385920094E-17));
#12904=DIRECTION('',(-0.825147169172963,0.564917825179774,3.68932309451912E-18));
#12905=DIRECTION('center_axis',(4.02486919129971E-48,-6.53072523131142E-18,
1.));
#12906=DIRECTION('ref_axis',(0.564917825179772,0.825147169172964,9.16097385920094E-17));
#12907=DIRECTION('',(0.825147169172963,-0.564917825179774,-3.68932309451912E-18));
#12908=DIRECTION('center_axis',(4.02486919129971E-48,-6.53072523131142E-18,
1.));
#12909=DIRECTION('ref_axis',(-0.564917825179772,-0.825147169172964,-9.16097385920094E-17));
#12910=DIRECTION('',(-0.825147169172963,0.564917825179774,3.68932309451912E-18));
#12911=DIRECTION('center_axis',(4.02486919129971E-48,-6.53072523131142E-18,
1.));
#12912=DIRECTION('ref_axis',(0.564917825179772,0.825147169172964,9.16097385920094E-17));
#12913=DIRECTION('',(0.825147169172963,-0.564917825179774,-3.68932309451912E-18));
#12914=DIRECTION('center_axis',(4.02486919129971E-48,-6.53072523131142E-18,
1.));
#12915=DIRECTION('ref_axis',(-0.564917825179772,-0.825147169172964,-9.16097385920094E-17));
#12916=DIRECTION('',(-0.825147169172963,0.564917825179774,3.68932309451912E-18));
#12917=DIRECTION('center_axis',(4.02486919129971E-48,-6.53072523131142E-18,
1.));
#12918=DIRECTION('ref_axis',(0.564917825179772,0.825147169172964,9.16097385920094E-17));
#12919=DIRECTION('',(-0.825147169172963,0.564917825179774,3.68932309451912E-18));
#12920=DIRECTION('center_axis',(4.02486919129971E-48,-6.53072523131142E-18,
1.));
#12921=DIRECTION('ref_axis',(0.564917825179772,0.825147169172964,9.16097385920094E-17));
#12922=DIRECTION('',(0.825147169172963,-0.564917825179774,-3.68932309451912E-18));
#12923=DIRECTION('center_axis',(4.02486919129971E-48,-6.53072523131142E-18,
1.));
#12924=DIRECTION('ref_axis',(-0.564917825179772,-0.825147169172964,-9.16097385920094E-17));
#12925=DIRECTION('',(1.23259516440783E-32,1.,6.53072523131142E-18));
#12926=DIRECTION('',(0.825147169172963,-0.564917825179774,-3.68932309451912E-18));
#12927=DIRECTION('center_axis',(4.02486919129971E-48,-6.53072523131142E-18,
1.));
#12928=DIRECTION('ref_axis',(-0.564917825179772,-0.825147169172964,-9.16097385920094E-17));
#12929=DIRECTION('',(-0.825147169172963,0.564917825179774,3.68932309451912E-18));
#12930=DIRECTION('center_axis',(4.02486919129971E-48,-6.53072523131142E-18,
1.));
#12931=DIRECTION('ref_axis',(0.564917825179772,0.825147169172964,9.16097385920094E-17));
#12932=DIRECTION('',(1.23259516440783E-32,1.,6.53072523131142E-18));
#12933=DIRECTION('',(-1.,1.23259516440783E-32,2.73691106313441E-48));
#12934=DIRECTION('',(-1.23259516440783E-32,-1.,-6.53072523131142E-18));
#12935=DIRECTION('',(1.,-1.23259516440783E-32,-2.73691106313441E-48));
#12936=DIRECTION('center_axis',(4.02486919129971E-48,-6.53072523131142E-18,
1.));
#12937=DIRECTION('ref_axis',(0.564917825179772,0.825147169172964,9.16097385920094E-17));
#12938=DIRECTION('',(0.825147169172963,-0.564917825179774,-3.68932309451912E-18));
#12939=DIRECTION('center_axis',(4.02486919129971E-48,-6.53072523131142E-18,
1.));
#12940=DIRECTION('ref_axis',(-0.564917825179772,-0.825147169172964,-9.16097385920094E-17));
#12941=DIRECTION('',(-0.825147169172963,0.564917825179774,3.68932309451912E-18));
#12942=DIRECTION('center_axis',(4.02486919129971E-48,-6.53072523131142E-18,
1.));
#12943=DIRECTION('ref_axis',(0.564917825179772,0.825147169172964,9.16097385920094E-17));
#12944=DIRECTION('',(1.23259516440783E-32,1.,6.53072523131142E-18));
#12945=DIRECTION('',(0.825147169172963,-0.564917825179774,-3.68932309451912E-18));
#12946=DIRECTION('center_axis',(4.02486919129971E-48,-6.53072523131142E-18,
1.));
#12947=DIRECTION('ref_axis',(-0.564917825179772,-0.825147169172964,-9.16097385920094E-17));
#12948=DIRECTION('',(-0.825147169172963,0.564917825179774,3.68932309451912E-18));
#12949=DIRECTION('center_axis',(4.02486919129971E-48,-6.53072523131142E-18,
1.));
#12950=DIRECTION('ref_axis',(0.564917825179772,0.825147169172964,9.16097385920094E-17));
#12951=DIRECTION('center_axis',(4.02486919129971E-48,-6.53072523131142E-18,
1.));
#12952=DIRECTION('ref_axis',(-1.23259516440783E-32,-1.,-6.53072523131142E-18));
#12953=DIRECTION('',(-1.,1.23259516440783E-32,2.73691106313441E-48));
#12954=DIRECTION('',(1.23259516440783E-32,1.,6.53072523131142E-18));
#12955=DIRECTION('center_axis',(0.500000000000003,-0.707106781186545,-0.5));
#12956=DIRECTION('ref_axis',(0.816496580927723,0.577350269189629,6.40987562127859E-17));
#12957=DIRECTION('',(-0.707106781186545,7.8504622934189E-17,-0.70710678118655));
#12958=DIRECTION('',(7.11639149972693E-33,0.577350269189627,-0.816496580927725));
#12959=DIRECTION('',(0.816496580927723,0.577350269189629,-6.60625970220838E-18));
#12960=DIRECTION('',(0.707106781186545,-7.8504622934189E-17,0.70710678118655));
#12961=DIRECTION('',(-0.678598344545849,-0.67859834454584,0.281084637714833));
#12962=DIRECTION('center_axis',(0.500000000000006,0.707106781186541,-0.500000000000003));
#12963=DIRECTION('ref_axis',(-0.81649658092772,0.577350269189634,6.40987562127864E-17));
#12964=DIRECTION('',(-0.707106781186545,7.8504622934189E-17,-0.70710678118655));
#12965=DIRECTION('',(-0.81649658092772,0.577350269189634,-6.60625970220844E-18));
#12966=DIRECTION('',(7.116391499727E-33,0.577350269189632,0.816496580927722));
#12967=DIRECTION('',(0.707106781186545,-7.8504622934189E-17,0.70710678118655));
#12968=DIRECTION('',(0.678598344545853,-0.678598344545844,-0.281084637714813));
#12969=DIRECTION('center_axis',(0.707106781186544,-0.707106781186551,-7.85046229341891E-17));
#12970=DIRECTION('ref_axis',(0.707106781186551,0.707106781186544,7.85046229341884E-17));
#12971=DIRECTION('',(2.73691106313441E-48,-1.11022302462516E-16,1.));
#12972=DIRECTION('',(-0.57735026918963,-0.577350269189625,-0.577350269189623));
#12973=DIRECTION('',(-2.73691106313441E-48,1.11022302462516E-16,-1.));
#12974=DIRECTION('center_axis',(0.707106781186543,0.707106781186552,7.85046229341893E-17));
#12975=DIRECTION('ref_axis',(-0.707106781186552,0.707106781186543,7.85046229341882E-17));
#12976=DIRECTION('',(2.73691106313441E-48,-1.11022302462516E-16,1.));
#12977=DIRECTION('',(0.577350269189631,-0.577350269189623,0.577350269189623));
#12978=DIRECTION('',(-2.73691106313441E-48,1.11022302462516E-16,-1.));
#12979=DIRECTION('center_axis',(0.707106781186543,7.85046229341893E-17,
-0.707106781186552));
#12980=DIRECTION('ref_axis',(1.23259516440783E-32,1.,1.11022302462516E-16));
#12981=DIRECTION('',(-1.23259516440783E-32,-1.,-1.11022302462516E-16));
#12982=DIRECTION('',(1.23259516440783E-32,1.,1.11022302462516E-16));
#12983=DIRECTION('center_axis',(1.23259516440783E-32,1.,1.11022302462516E-16));
#12984=DIRECTION('ref_axis',(-2.73691106313441E-48,1.11022302462516E-16,
-1.));
#12985=DIRECTION('',(-1.,1.23259516440783E-32,2.73691106313441E-48));
#12986=DIRECTION('',(2.73691106313441E-48,-1.11022302462516E-16,1.));
#12987=DIRECTION('center_axis',(2.73691106313441E-48,-1.11022302462516E-16,
1.));
#12988=DIRECTION('ref_axis',(1.23259516440783E-32,1.,1.11022302462516E-16));
#12989=DIRECTION('',(-1.,1.23259516440783E-32,2.73691106313441E-48));
#12990=DIRECTION('',(-1.23259516440783E-32,-1.,-1.11022302462516E-16));
#12991=DIRECTION('center_axis',(-1.23259516440783E-32,-1.,-1.11022302462516E-16));
#12992=DIRECTION('ref_axis',(2.73691106313441E-48,-1.11022302462516E-16,
1.));
#12993=DIRECTION('',(-2.73691106313441E-48,1.11022302462516E-16,-1.));
#12994=DIRECTION('center_axis',(-4.24640478587096E-48,-1.14423774522197E-17,
-1.));
#12995=DIRECTION('ref_axis',(1.23259516440783E-32,1.,-1.14423774522197E-17));
#12996=DIRECTION('',(1.23259516440783E-32,1.,-1.14423774522197E-17));
#12997=DIRECTION('',(0.707106781186551,-0.707106781186544,8.09098268936056E-18));
#12998=DIRECTION('',(-1.23259516440783E-32,-1.,1.14423774522197E-17));
#12999=DIRECTION('center_axis',(0.70710678118655,-8.09098268936057E-18,
-0.707106781186545));
#13000=DIRECTION('ref_axis',(1.22464679914734E-16,1.,1.11022302462516E-16));
#13001=DIRECTION('',(-1.23259516440783E-32,-1.,1.14423774522197E-17));
#13002=DIRECTION('',(-0.707106781186545,-8.09098268936061E-18,-0.70710678118655));
#13003=DIRECTION('center_axis',(1.,-1.23259516440783E-32,-2.73691106313441E-48));
#13004=DIRECTION('ref_axis',(-1.23259516440783E-32,-1.,1.14423774522197E-17));
#13005=DIRECTION('',(-4.24640478587096E-48,-1.14423774522197E-17,-1.));
#13006=DIRECTION('',(2.22044604925031E-16,1.,-1.14423774522197E-17));
#13007=DIRECTION('',(2.73691106313441E-48,-1.11022302462516E-16,1.));
#13008=DIRECTION('',(-1.23259516440783E-32,-1.,1.14423774522197E-17));
#13009=DIRECTION('',(8.71576399210525E-33,0.707106781186547,0.707106781186548));
#13010=DIRECTION('',(-4.24640478587096E-48,-1.14423774522197E-17,-1.));
#13011=DIRECTION('',(8.71576399210524E-33,0.707106781186547,-0.707106781186548));
#13012=DIRECTION('',(1.23259516440783E-32,1.,-1.14423774522197E-17));
#13013=DIRECTION('',(4.24640478587096E-48,1.14423774522197E-17,1.));
#13014=DIRECTION('',(4.24640478587096E-48,1.14423774522197E-17,1.));
#13015=DIRECTION('',(-1.23259516440783E-32,-1.,1.14423774522197E-17));
#13016=DIRECTION('center_axis',(0.70710678118655,-8.09098268936057E-18,
-0.707106781186545));
#13017=DIRECTION('ref_axis',(1.22464679914734E-16,1.,1.11022302462516E-16));
#13018=DIRECTION('',(1.23259516440783E-32,1.,-1.14423774522197E-17));
#13019=DIRECTION('',(0.577350269189625,-0.577350269189625,0.577350269189628));
#13020=DIRECTION('',(-1.23259516440783E-32,-1.,1.14423774522197E-17));
#13021=DIRECTION('center_axis',(-4.24640478587096E-48,-1.14423774522197E-17,
-1.));
#13022=DIRECTION('ref_axis',(1.23259516440783E-32,1.,-1.14423774522197E-17));
#13023=DIRECTION('',(1.23259516440783E-32,1.,-1.14423774522197E-17));
#13024=DIRECTION('',(1.,-1.23259516440783E-32,-2.73691106313441E-48));
#13025=DIRECTION('',(1.,-1.23259516440783E-32,-2.73691106313441E-48));
#13026=DIRECTION('',(1.23259516440783E-32,1.,-1.14423774522197E-17));
#13027=DIRECTION('',(1.,-1.23259516440783E-32,-2.73691106313441E-48));
#13028=DIRECTION('',(1.23259516440783E-32,1.,-1.14423774522197E-17));
#13029=DIRECTION('',(-1.,1.23259516440783E-32,2.73691106313441E-48));
#13030=DIRECTION('',(-2.22044604925031E-16,-1.,1.14423774522197E-17));
#13031=DIRECTION('',(0.707106781186549,0.707106781186546,-8.09098268936057E-18));
#13032=DIRECTION('',(-1.23259516440783E-32,-1.,1.14423774522197E-17));
#13033=DIRECTION('',(1.,-1.23259516440783E-32,-2.73691106313441E-48));
#13034=DIRECTION('center_axis',(0.577350269189629,-0.408248290463864,0.707106781186545));
#13035=DIRECTION('ref_axis',(0.577350269189625,0.816496580927727,9.0649330367368E-17));
#13036=DIRECTION('',(-0.577350269189625,-0.816496580927727,9.34266206742189E-18));
#13037=DIRECTION('',(0.343723769333457,-0.664023331817189,-0.664023331817188));
#13038=DIRECTION('',(0.577350269189625,0.816496580927727,-9.34266206742189E-18));
#13039=DIRECTION('',(0.689897948556637,-0.219275263435491,-0.689897948556625));
#13040=DIRECTION('center_axis',(-8.71576399210523E-33,-0.707106781186547,
0.707106781186548));
#13041=DIRECTION('ref_axis',(1.,-1.23259516440783E-32,-2.73691106313441E-48));
#13042=DIRECTION('',(-1.,1.23259516440783E-32,2.73691106313441E-48));
#13043=DIRECTION('',(-0.343723769333424,-0.664023331817199,-0.664023331817196));
#13044=DIRECTION('',(1.,-1.23259516440783E-32,-2.73691106313441E-48));
#13045=DIRECTION('center_axis',(-0.57735026918963,-0.408248290463865,0.707106781186543));
#13046=DIRECTION('ref_axis',(0.577350269189625,-0.816496580927727,-9.0649330367368E-17));
#13047=DIRECTION('',(-0.577350269189625,0.816496580927727,-9.34266206742189E-18));
#13048=DIRECTION('',(-0.689897948556636,-0.21927526343545,-0.689897948556639));
#13049=DIRECTION('',(0.577350269189625,-0.816496580927727,9.34266206742189E-18));
#13050=DIRECTION('center_axis',(-0.707106781186549,8.09098268936058E-18,
0.707106781186546));
#13051=DIRECTION('ref_axis',(-1.22464679914735E-16,-1.,-1.11022302462516E-16));
#13052=DIRECTION('',(1.23259516440783E-32,1.,-1.14423774522197E-17));
#13053=DIRECTION('',(-0.707106781186546,2.35513868802565E-16,-0.707106781186549));
#13054=DIRECTION('',(-1.23259516440783E-32,-1.,1.14423774522197E-17));
#13055=DIRECTION('',(0.678598344545846,-0.28108463771482,0.678598344545849));
#13056=DIRECTION('',(-0.577350269189622,-0.577350269189632,-0.577350269189624));
#13057=DIRECTION('',(-1.23259516440783E-32,-1.,1.14423774522197E-17));
#13058=DIRECTION('center_axis',(1.,-1.23259516440783E-32,-2.73691106313441E-48));
#13059=DIRECTION('ref_axis',(-1.23259516440783E-32,-1.,1.14423774522197E-17));
#13060=DIRECTION('',(-4.24640478587096E-48,-1.14423774522197E-17,-1.));
#13061=DIRECTION('',(1.23259516440783E-32,1.,-1.14423774522197E-17));
#13062=DIRECTION('',(4.24640478587096E-48,1.14423774522197E-17,1.));
#13063=DIRECTION('',(1.23259516440783E-32,1.,-1.14423774522197E-17));
#13064=DIRECTION('',(8.71576399210525E-33,0.707106781186548,0.707106781186547));
#13065=DIRECTION('',(1.23259516440783E-32,1.,-1.14423774522197E-17));
#13066=DIRECTION('',(8.71576399210524E-33,0.707106781186547,-0.707106781186548));
#13067=DIRECTION('',(-4.24640478587096E-48,-1.14423774522197E-17,-1.));
#13068=DIRECTION('',(1.23259516440783E-32,1.,-1.14423774522197E-17));
#13069=DIRECTION('',(2.73691106313441E-48,-1.11022302462516E-16,1.));
#13070=DIRECTION('',(8.71576399210525E-33,0.707106781186547,0.707106781186548));
#13071=DIRECTION('',(-4.24640478587096E-48,-1.14423774522197E-17,-1.));
#13072=DIRECTION('center_axis',(0.816496580927727,-0.577350269189625,-6.40987562127853E-17));
#13073=DIRECTION('ref_axis',(0.577350269189625,0.816496580927727,-9.34266206742189E-18));
#13074=DIRECTION('',(2.73691106313441E-48,-1.11022302462516E-16,1.));
#13075=DIRECTION('',(0.577350269189625,0.816496580927727,-9.34266206742189E-18));
#13076=DIRECTION('center_axis',(-1.23259516440783E-32,-1.,-1.11022302462516E-16));
#13077=DIRECTION('ref_axis',(1.,-1.23259516440783E-32,-2.73691106313441E-48));
#13078=DIRECTION('',(2.73691106313441E-48,-1.11022302462516E-16,1.));
#13079=DIRECTION('',(1.,-1.23259516440783E-32,-2.73691106313441E-48));
#13080=DIRECTION('center_axis',(-0.816496580927727,-0.577350269189625,-6.40987562127853E-17));
#13081=DIRECTION('ref_axis',(0.577350269189625,-0.816496580927727,9.34266206742189E-18));
#13082=DIRECTION('',(2.73691106313441E-48,-1.11022302462516E-16,1.));
#13083=DIRECTION('',(0.577350269189625,-0.816496580927727,9.34266206742189E-18));
#13084=DIRECTION('center_axis',(-1.,1.23259516440783E-32,2.73691106313441E-48));
#13085=DIRECTION('ref_axis',(1.23259516440783E-32,1.,-1.14423774522197E-17));
#13086=DIRECTION('',(4.24640478587096E-48,1.14423774522197E-17,1.));
#13087=DIRECTION('',(-1.23259516440783E-32,-1.,1.14423774522197E-17));
#13088=DIRECTION('',(-4.24640478587096E-48,-1.14423774522197E-17,-1.));
#13089=DIRECTION('',(-5.47382212626882E-48,-1.11022302462516E-16,-1.));
#13090=DIRECTION('',(-1.23259516440783E-32,-1.,1.14423774522197E-17));
#13091=DIRECTION('',(4.24640478587096E-48,1.14423774522197E-17,1.));
#13092=DIRECTION('',(1.23259516440783E-32,1.,-1.14423774522197E-17));
#13093=DIRECTION('',(-4.24640478587096E-48,-1.14423774522197E-17,-1.));
#13094=DIRECTION('',(-8.71576399210525E-33,-0.707106781186547,-0.707106781186548));
#13095=DIRECTION('center_axis',(-0.707106781186554,0.707106781186541,-8.09098268936051E-18));
#13096=DIRECTION('ref_axis',(-0.707106781186541,-0.707106781186554,-7.85046229341894E-17));
#13097=DIRECTION('',(0.35740674433659,0.357406744336596,0.862856209461017));
#13098=DIRECTION('',(0.577350269189626,0.577350269189636,-0.577350269189616));
#13099=DIRECTION('',(-4.24640478587096E-48,-1.14423774522197E-17,-1.));
#13100=DIRECTION('',(-0.577350269189617,-0.577350269189632,-0.577350269189629));
#13101=DIRECTION('center_axis',(-0.707106781186549,-0.499999999999999,0.499999999999999));
#13102=DIRECTION('ref_axis',(0.577350269189625,-0.816496580927727,-9.0649330367368E-17));
#13103=DIRECTION('',(-8.71576399210525E-33,-0.707106781186547,-0.707106781186548));
#13104=DIRECTION('',(-0.357406744336596,0.862856209461018,0.357406744336589));
#13105=DIRECTION('center_axis',(-1.,1.23259516440783E-32,2.73691106313441E-48));
#13106=DIRECTION('ref_axis',(1.23259516440783E-32,1.,-1.14423774522197E-17));
#13107=DIRECTION('',(-5.47382212626882E-48,-1.11022302462516E-16,-1.));
#13108=DIRECTION('',(1.23259516440783E-32,1.,6.53072523131142E-18));
#13109=DIRECTION('center_axis',(-4.44089209850063E-16,-1.,1.11022302462516E-16));
#13110=DIRECTION('ref_axis',(-7.11596876414946E-47,1.11022302462516E-16,
1.));
#13111=DIRECTION('',(-1.,4.44089209850063E-16,-5.08143636156242E-33));
#13112=DIRECTION('',(-0.816496580927725,2.98498565256686E-16,-0.577350269189627));
#13113=DIRECTION('',(1.25897908904183E-46,-1.11022302462516E-16,-1.));
#13114=DIRECTION('',(0.707106781186554,-3.92523114670946E-16,-0.707106781186541));
#13115=DIRECTION('center_axis',(-1.,1.23259516440783E-32,2.73691106313441E-48));
#13116=DIRECTION('ref_axis',(-1.23259516440783E-32,-1.,-1.11022302462516E-16));
#13117=DIRECTION('',(-1.23259516440783E-32,-1.,-1.11022302462516E-16));
#13118=DIRECTION('',(2.73691106313441E-48,-1.11022302462516E-16,1.));
#13119=DIRECTION('',(1.23259516440783E-32,1.,-1.14423774522197E-17));
#13120=DIRECTION('',(2.73691106313441E-48,-1.11022302462516E-16,1.));
#13121=DIRECTION('center_axis',(2.73691106313441E-48,-1.11022302462516E-16,
1.));
#13122=DIRECTION('ref_axis',(-1.,1.23259516440783E-32,3.42113877793907E-48));
#13123=DIRECTION('center_axis',(3.20757431043084E-33,-1.11022302462516E-16,
1.));
#13124=DIRECTION('ref_axis',(-1.,1.23259516440783E-32,3.42113877793907E-48));
#13125=DIRECTION('center_axis',(-4.24640478587096E-48,-1.14423774522197E-17,
-1.));
#13126=DIRECTION('ref_axis',(-1.,1.23259516440783E-32,3.42113877793907E-48));
#13127=DIRECTION('',(2.73691106313441E-48,-1.11022302462516E-16,1.));
#13128=DIRECTION('center_axis',(1.,-1.23259516440783E-32,-2.73691106313441E-48));
#13129=DIRECTION('ref_axis',(1.23259516440783E-32,1.,1.11022302462516E-16));
#13130=DIRECTION('',(1.23259516440783E-32,1.,1.11022302462516E-16));
#13131=DIRECTION('',(-1.23259516440783E-32,-1.,1.14423774522197E-17));
#13132=DIRECTION('',(2.73691106313441E-48,-1.11022302462516E-16,1.));
#13133=DIRECTION('center_axis',(2.73691106313441E-48,-1.11022302462516E-16,
1.));
#13134=DIRECTION('ref_axis',(1.,-1.23259516440783E-32,-3.42113877793907E-48));
#13135=DIRECTION('center_axis',(3.20757431043084E-33,-1.11022302462516E-16,
1.));
#13136=DIRECTION('ref_axis',(1.,-1.23259516440783E-32,-3.42113877793907E-48));
#13137=DIRECTION('center_axis',(-4.24640478587096E-48,-1.14423774522197E-17,
-1.));
#13138=DIRECTION('ref_axis',(1.,-1.23259516440783E-32,-3.42113877793907E-48));
#13139=DIRECTION('center_axis',(1.,-1.23259516440783E-32,-2.73691106313441E-48));
#13140=DIRECTION('ref_axis',(1.23259516440783E-32,1.,1.11022302462516E-16));
#13141=DIRECTION('',(1.23259516440783E-32,1.,1.11022302462516E-16));
#13142=DIRECTION('',(2.73691106313441E-48,-1.11022302462516E-16,1.));
#13143=DIRECTION('',(-1.23259516440783E-32,-1.,1.14423774522197E-17));
#13144=DIRECTION('',(2.73691106313441E-48,-1.11022302462516E-16,1.));
#13145=DIRECTION('center_axis',(2.73691106313441E-48,-1.11022302462516E-16,
1.));
#13146=DIRECTION('ref_axis',(1.,-1.23259516440783E-32,-3.42113877793907E-48));
#13147=DIRECTION('center_axis',(3.20757431043084E-33,-1.11022302462516E-16,
1.));
#13148=DIRECTION('ref_axis',(1.,-1.23259516440783E-32,-3.42113877793907E-48));
#13149=DIRECTION('center_axis',(-4.24640478587096E-48,-1.14423774522197E-17,
-1.));
#13150=DIRECTION('ref_axis',(1.,-1.23259516440783E-32,-3.42113877793907E-48));
#13151=DIRECTION('',(2.73691106313441E-48,-1.11022302462516E-16,1.));
#13152=DIRECTION('center_axis',(-1.,1.23259516440783E-32,2.73691106313441E-48));
#13153=DIRECTION('ref_axis',(-1.23259516440783E-32,-1.,-1.11022302462516E-16));
#13154=DIRECTION('',(-1.23259516440783E-32,-1.,-1.11022302462516E-16));
#13155=DIRECTION('',(1.23259516440783E-32,1.,-1.14423774522197E-17));
#13156=DIRECTION('',(2.73691106313441E-48,-1.11022302462516E-16,1.));
#13157=DIRECTION('center_axis',(2.73691106313441E-48,-1.11022302462516E-16,
1.));
#13158=DIRECTION('ref_axis',(-1.,1.23259516440783E-32,3.42113877793907E-48));
#13159=DIRECTION('center_axis',(3.20757431043084E-33,-1.11022302462516E-16,
1.));
#13160=DIRECTION('ref_axis',(-1.,1.23259516440783E-32,3.42113877793907E-48));
#13161=DIRECTION('center_axis',(-4.24640478587096E-48,-1.14423774522197E-17,
-1.));
#13162=DIRECTION('ref_axis',(-1.,1.23259516440783E-32,3.42113877793907E-48));
#13163=DIRECTION('center_axis',(1.,-1.23259516440783E-32,-2.73691106313441E-48));
#13164=DIRECTION('ref_axis',(1.23259516440783E-32,1.,1.11022302462516E-16));
#13165=DIRECTION('',(1.23259516440783E-32,1.,1.11022302462516E-16));
#13166=DIRECTION('',(2.73691106313441E-48,-1.11022302462516E-16,1.));
#13167=DIRECTION('',(-1.23259516440783E-32,-1.,1.14423774522197E-17));
#13168=DIRECTION('',(2.73691106313441E-48,-1.11022302462516E-16,1.));
#13169=DIRECTION('center_axis',(2.73691106313441E-48,-1.11022302462516E-16,
1.));
#13170=DIRECTION('ref_axis',(1.,-1.23259516440783E-32,-3.42113877793907E-48));
#13171=DIRECTION('center_axis',(3.20757431043084E-33,-1.11022302462516E-16,
1.));
#13172=DIRECTION('ref_axis',(1.,-1.23259516440783E-32,-3.42113877793907E-48));
#13173=DIRECTION('center_axis',(-4.24640478587096E-48,-1.14423774522197E-17,
-1.));
#13174=DIRECTION('ref_axis',(1.,-1.23259516440783E-32,-3.42113877793907E-48));
#13175=DIRECTION('',(2.73691106313441E-48,-1.11022302462516E-16,1.));
#13176=DIRECTION('center_axis',(-1.,1.23259516440783E-32,2.73691106313441E-48));
#13177=DIRECTION('ref_axis',(-1.23259516440783E-32,-1.,-1.11022302462516E-16));
#13178=DIRECTION('',(-1.23259516440783E-32,-1.,-1.11022302462516E-16));
#13179=DIRECTION('',(1.23259516440783E-32,1.,-1.14423774522197E-17));
#13180=DIRECTION('',(2.73691106313441E-48,-1.11022302462516E-16,1.));
#13181=DIRECTION('center_axis',(2.73691106313441E-48,-1.11022302462516E-16,
1.));
#13182=DIRECTION('ref_axis',(-1.,1.23259516440783E-32,3.42113877793907E-48));
#13183=DIRECTION('center_axis',(3.20757431043084E-33,-1.11022302462516E-16,
1.));
#13184=DIRECTION('ref_axis',(-1.,1.23259516440783E-32,3.42113877793907E-48));
#13185=DIRECTION('center_axis',(-4.24640478587096E-48,-1.14423774522197E-17,
-1.));
#13186=DIRECTION('ref_axis',(-1.,1.23259516440783E-32,3.42113877793907E-48));
#13187=DIRECTION('center_axis',(-1.,1.23259516440783E-32,2.73691106313441E-48));
#13188=DIRECTION('ref_axis',(-1.23259516440783E-32,-1.,-1.11022302462516E-16));
#13189=DIRECTION('',(2.73691106313441E-48,-1.11022302462516E-16,1.));
#13190=DIRECTION('',(-1.23259516440783E-32,-1.,-1.11022302462516E-16));
#13191=DIRECTION('',(2.73691106313441E-48,-1.11022302462516E-16,1.));
#13192=DIRECTION('center_axis',(1.23259516440783E-32,1.,1.11022302462516E-16));
#13193=DIRECTION('ref_axis',(-1.,1.23259516440783E-32,2.73691106313441E-48));
#13194=DIRECTION('',(2.73691106313441E-48,-1.11022302462516E-16,1.));
#13195=DIRECTION('',(-1.,1.23259516440783E-32,2.73691106313441E-48));
#13196=DIRECTION('center_axis',(1.,-1.23259516440783E-32,-2.73691106313441E-48));
#13197=DIRECTION('ref_axis',(1.23259516440783E-32,1.,1.11022302462516E-16));
#13198=DIRECTION('',(-2.73691106313441E-48,1.11022302462516E-16,-1.));
#13199=DIRECTION('',(1.23259516440783E-32,1.,1.11022302462516E-16));
#13200=DIRECTION('center_axis',(1.,-1.23259516440783E-32,-2.73691106313441E-48));
#13201=DIRECTION('ref_axis',(1.23259516440783E-32,1.,1.11022302462516E-16));
#13202=DIRECTION('',(-2.73691106313441E-48,1.11022302462516E-16,-1.));
#13203=DIRECTION('',(1.23259516440783E-32,1.,1.11022302462516E-16));
#13204=DIRECTION('',(2.73691106313441E-48,-1.11022302462516E-16,1.));
#13205=DIRECTION('center_axis',(1.,-1.23259516440783E-32,-2.73691106313441E-48));
#13206=DIRECTION('ref_axis',(1.23259516440783E-32,1.,1.11022302462516E-16));
#13207=DIRECTION('',(-2.73691106313441E-48,1.11022302462516E-16,-1.));
#13208=DIRECTION('',(1.23259516440783E-32,1.,1.11022302462516E-16));
#13209=DIRECTION('',(2.73691106313441E-48,-1.11022302462516E-16,1.));
#13210=DIRECTION('center_axis',(-1.23259516440783E-32,-1.,-1.11022302462516E-16));
#13211=DIRECTION('ref_axis',(1.,-1.23259516440783E-32,-2.73691106313441E-48));
#13212=DIRECTION('',(1.,-1.23259516440783E-32,-2.73691106313441E-48));
#13213=DIRECTION('',(2.73691106313441E-48,-1.11022302462516E-16,1.));
#13214=DIRECTION('center_axis',(-3.20757431043084E-33,1.11022302462516E-16,
-1.));
#13215=DIRECTION('ref_axis',(1.,-1.23259516440783E-32,-3.20757431043084E-33));
#13216=DIRECTION('center_axis',(-3.20757431043084E-33,1.11022302462516E-16,
-1.));
#13217=DIRECTION('ref_axis',(0.564917825179772,0.825147169172964,9.16097385920094E-17));
#13218=DIRECTION('',(-0.825147169172963,0.564917825179774,6.27184776535754E-17));
#13219=DIRECTION('center_axis',(-3.20757431043084E-33,1.11022302462516E-16,
-1.));
#13220=DIRECTION('ref_axis',(0.564917825179772,0.825147169172964,9.16097385920094E-17));
#13221=DIRECTION('',(-0.825147169172963,0.564917825179774,6.27184776535754E-17));
#13222=DIRECTION('center_axis',(-3.20757431043084E-33,1.11022302462516E-16,
-1.));
#13223=DIRECTION('ref_axis',(0.564917825179772,0.825147169172964,9.16097385920094E-17));
#13224=DIRECTION('center_axis',(2.73691106313441E-48,-1.11022302462516E-16,
1.));
#13225=DIRECTION('ref_axis',(0.564917825179772,0.825147169172964,9.16097385920094E-17));
#13226=DIRECTION('',(2.73691106313441E-48,-1.11022302462516E-16,1.));
#13227=DIRECTION('center_axis',(-4.24640478587096E-48,-1.14423774522197E-17,
-1.));
#13228=DIRECTION('ref_axis',(0.564917825179772,0.825147169172964,9.16097385920094E-17));
#13229=DIRECTION('',(2.73691106313441E-48,-1.11022302462516E-16,1.));
#13230=DIRECTION('center_axis',(-0.564917825179774,-0.825147169172963,-9.16097385920093E-17));
#13231=DIRECTION('ref_axis',(0.825147169172963,-0.564917825179774,-6.27184776535754E-17));
#13232=DIRECTION('',(2.73691106313441E-48,-1.11022302462516E-16,1.));
#13233=DIRECTION('',(-0.825147169172963,0.564917825179774,-6.46400298519403E-18));
#13234=DIRECTION('',(2.73691106313441E-48,-1.11022302462516E-16,1.));
#13235=DIRECTION('center_axis',(2.73691106313441E-48,-1.11022302462516E-16,
1.));
#13236=DIRECTION('ref_axis',(0.564917825179772,0.825147169172964,9.16097385920094E-17));
#13237=DIRECTION('',(2.73691106313441E-48,-1.11022302462516E-16,1.));
#13238=DIRECTION('center_axis',(-4.24640478587096E-48,-1.14423774522197E-17,
-1.));
#13239=DIRECTION('ref_axis',(0.564917825179772,0.825147169172964,9.16097385920094E-17));
#13240=DIRECTION('center_axis',(-0.707106781186548,0.707106781186548,-8.09098268936058E-18));
#13241=DIRECTION('ref_axis',(-0.707106781186548,-0.707106781186548,-7.85046229341887E-17));
#13242=DIRECTION('',(-4.24640478587096E-48,-1.14423774522197E-17,-1.));
#13243=DIRECTION('',(0.577350269189624,0.577350269189624,-0.577350269189629));
#13244=DIRECTION('',(0.707106781186548,0.707106781186548,8.63550852276079E-16));
#13245=DIRECTION('center_axis',(1.23259516440783E-32,1.,-1.14423774522197E-17));
#13246=DIRECTION('ref_axis',(1.,-1.23259516440783E-32,-2.73691106313441E-48));
#13247=DIRECTION('',(-4.24640478587096E-48,-1.14423774522197E-17,-1.));
#13248=DIRECTION('center_axis',(1.,-1.23259516440783E-32,-2.73691106313441E-48));
#13249=DIRECTION('ref_axis',(-5.47382212626882E-48,-1.11022302462516E-16,
-1.));
#13250=DIRECTION('center_axis',(1.,-1.23259516440783E-32,-2.73691106313441E-48));
#13251=DIRECTION('ref_axis',(-5.47382212626882E-48,-1.11022302462516E-16,
-1.));
#13252=DIRECTION('',(4.24640478587096E-48,1.14423774522197E-17,1.));
#13253=DIRECTION('center_axis',(1.23259516440783E-32,1.,-1.14423774522197E-17));
#13254=DIRECTION('ref_axis',(1.,-1.23259516440783E-32,-2.73691106313441E-48));
#13255=DIRECTION('',(4.24640478587096E-48,1.14423774522197E-17,1.));
#13256=DIRECTION('',(-1.,1.23259516440783E-32,2.73691106313441E-48));
#13257=DIRECTION('center_axis',(0.707106781186548,0.707106781186548,-8.09098268936058E-18));
#13258=DIRECTION('ref_axis',(-0.707106781186548,0.707106781186548,7.85046229341887E-17));
#13259=DIRECTION('',(0.707106781186548,-0.707106781186548,-7.85046229341887E-17));
#13260=DIRECTION('center_axis',(0.707106781186541,-0.707106781186554,8.09098268936066E-18));
#13261=DIRECTION('ref_axis',(-0.707106781186554,-0.707106781186541,8.09098268936052E-18));
#13262=DIRECTION('',(-4.24640478587096E-48,-1.14423774522197E-17,-1.));
#13263=DIRECTION('',(-0.577350269189632,-0.577350269189622,0.577350269189624));
#13264=DIRECTION('',(0.577350269189632,0.577350269189622,0.577350269189624));
#13265=DIRECTION('center_axis',(1.23259516440783E-32,1.,-1.14423774522197E-17));
#13266=DIRECTION('ref_axis',(-4.24640478587096E-48,-1.14423774522197E-17,
-1.));
#13267=DIRECTION('',(-4.24640478587096E-48,-1.14423774522197E-17,-1.));
#13268=DIRECTION('',(-1.,1.23259516440783E-32,2.73691106313441E-48));
#13269=DIRECTION('center_axis',(1.,-1.23259516440783E-32,-2.73691106313441E-48));
#13270=DIRECTION('ref_axis',(1.23259516440783E-32,1.,-1.14423774522197E-17));
#13271=DIRECTION('',(4.24640478587096E-48,1.14423774522197E-17,1.));
#13272=DIRECTION('',(-1.23259516440783E-32,-1.,1.14423774522197E-17));
#13273=DIRECTION('',(-8.71576399210525E-33,-0.707106781186548,-0.707106781186547));
#13274=DIRECTION('',(-1.23259516440783E-32,-1.,1.14423774522197E-17));
#13275=DIRECTION('center_axis',(-0.707106781186541,4.61792009712645E-18,
-0.707106781186554));
#13276=DIRECTION('ref_axis',(1.04491577231206E-16,-1.,-1.11022302462516E-16));
#13277=DIRECTION('center_axis',(-8.71576399210524E-33,-0.707106781186548,
0.707106781186547));
#13278=DIRECTION('ref_axis',(-1.,1.23259516440783E-32,2.73691106313441E-48));
#13279=DIRECTION('',(-8.71576399210525E-33,-0.707106781186547,-0.707106781186548));
#13280=DIRECTION('',(-1.,1.23259516440783E-32,2.73691106313441E-48));
#13281=DIRECTION('center_axis',(0.707106781186548,8.09098268936056E-18,
0.707106781186547));
#13282=DIRECTION('ref_axis',(-1.22464679914735E-16,1.,1.11022302462516E-16));
#13283=DIRECTION('',(0.678598344545847,0.281084637714819,-0.678598344545848));
#13284=DIRECTION('',(-1.23259516440783E-32,-1.,1.14423774522197E-17));
#13285=DIRECTION('',(-0.707106781186547,-7.85046229341888E-17,0.707106781186548));
#13286=DIRECTION('',(-1.23259516440783E-32,-1.,1.14423774522197E-17));
#13287=DIRECTION('',(-0.577350269189632,0.577350269189622,0.577350269189623));
#13288=DIRECTION('center_axis',(0.707106781186549,-0.499999999999999,0.499999999999999));
#13289=DIRECTION('ref_axis',(0.577350269189625,0.816496580927727,9.0649330367368E-17));
#13290=DIRECTION('',(0.357406744336596,-0.357406744336589,-0.862856209461017));
#13291=DIRECTION('',(0.357406744336595,0.862856209461017,0.35740674433659));
#13292=DIRECTION('center_axis',(-0.399457224997775,-0.583467158799086,0.707106781186547));
#13293=DIRECTION('ref_axis',(0.825147169172963,-0.564917825179774,-6.27184776535754E-17));
#13294=DIRECTION('',(0.399457224997773,0.583467158799088,0.707106781186547));
#13295=DIRECTION('',(-0.825147169172963,0.564917825179774,-6.46400298519403E-18));
#13296=DIRECTION('',(-0.399457224997771,-0.583467158799089,-0.707106781186546));
#13297=DIRECTION('',(0.825147169172963,-0.564917825179774,6.46400298519403E-18));
#13298=DIRECTION('center_axis',(2.73691106313441E-48,-1.11022302462516E-16,
1.));
#13299=DIRECTION('ref_axis',(-0.564917825179772,-0.825147169172964,-3.0603825372802E-17));
#13300=DIRECTION('',(-0.399457224997772,-0.583467158799079,0.707106781186555));
#13301=DIRECTION('center_axis',(4.24640478587096E-48,1.14423774522197E-17,
1.));
#13302=DIRECTION('ref_axis',(-0.564917825179772,-0.825147169172964,9.44164536330764E-18));
#13303=DIRECTION('center_axis',(-4.24640478587096E-48,-1.14423774522197E-17,
-1.));
#13304=DIRECTION('ref_axis',(-0.564917825179772,-0.825147169172964,-9.16097385920094E-17));
#13305=DIRECTION('center_axis',(0.399457224997778,0.583467158799091,0.707106781186541));
#13306=DIRECTION('ref_axis',(-0.825147169172963,0.564917825179774,6.27184776535754E-17));
#13307=DIRECTION('',(-0.399457224997773,-0.583467158799079,0.707106781186554));
#13308=DIRECTION('',(0.825147169172963,-0.564917825179774,6.46400298519403E-18));
#13309=DIRECTION('',(-0.825147169172963,0.564917825179774,-6.46400298519403E-18));
#13310=DIRECTION('center_axis',(2.73691106313441E-48,-1.11022302462516E-16,
1.));
#13311=DIRECTION('ref_axis',(0.564917825179772,0.825147169172964,3.0603825372802E-17));
#13312=DIRECTION('center_axis',(4.24640478587096E-48,1.14423774522197E-17,
1.));
#13313=DIRECTION('ref_axis',(0.564917825179772,0.825147169172964,-9.44164536330764E-18));
#13314=DIRECTION('center_axis',(-4.24640478587096E-48,-1.14423774522197E-17,
-1.));
#13315=DIRECTION('ref_axis',(0.564917825179772,0.825147169172964,9.16097385920094E-17));
#13316=DIRECTION('center_axis',(2.73691106313441E-48,-1.11022302462516E-16,
1.));
#13317=DIRECTION('ref_axis',(-0.564917825179772,-0.825147169172964,-9.16097385920094E-17));
#13318=DIRECTION('',(2.73691106313441E-48,-1.11022302462516E-16,1.));
#13319=DIRECTION('',(2.73691106313441E-48,-1.11022302462516E-16,1.));
#13320=DIRECTION('center_axis',(0.564917825179774,0.825147169172963,9.16097385920093E-17));
#13321=DIRECTION('ref_axis',(-0.825147169172963,0.564917825179774,6.27184776535754E-17));
#13322=DIRECTION('',(2.73691106313441E-48,-1.11022302462516E-16,1.));
#13323=DIRECTION('center_axis',(-4.24640478587096E-48,-1.14423774522197E-17,
-1.));
#13324=DIRECTION('ref_axis',(1.,-1.23259516440783E-32,-2.73691106313441E-48));
#13325=DIRECTION('',(1.,-1.23259516440783E-32,-2.73691106313441E-48));
#13326=DIRECTION('',(1.23259516440783E-32,1.,-1.14423774522197E-17));
#13327=DIRECTION('',(1.,-4.44089209850063E-16,5.08143636156242E-33));
#13328=DIRECTION('',(-0.707106781186549,0.707106781186546,-8.09098268936057E-18));
#13329=DIRECTION('',(4.44089209850063E-16,1.,-1.14423774522197E-17));
#13330=DIRECTION('',(0.707106781186548,0.707106781186547,-8.09098268936058E-18));
#13331=DIRECTION('',(-1.,1.23259516440783E-32,2.73691106313441E-48));
#13332=DIRECTION('',(1.23259516440783E-32,1.,-1.14423774522197E-17));
#13333=DIRECTION('',(-0.825147169172963,0.564917825179774,-6.46400298519403E-18));
#13334=DIRECTION('center_axis',(4.24640478587096E-48,1.14423774522197E-17,
1.));
#13335=DIRECTION('ref_axis',(-0.564917825179772,-0.825147169172964,9.44164536330764E-18));
#13336=DIRECTION('',(0.825147169172963,-0.564917825179774,6.46400298519403E-18));
#13337=DIRECTION('center_axis',(4.24640478587096E-48,1.14423774522197E-17,
1.));
#13338=DIRECTION('ref_axis',(0.564917825179772,0.825147169172964,-9.44164536330764E-18));
#13339=DIRECTION('',(-0.825147169172963,0.564917825179774,-6.46400298519403E-18));
#13340=DIRECTION('center_axis',(4.24640478587096E-48,1.14423774522197E-17,
1.));
#13341=DIRECTION('ref_axis',(-0.564917825179772,-0.825147169172964,9.44164536330764E-18));
#13342=DIRECTION('',(0.825147169172963,-0.564917825179774,6.46400298519403E-18));
#13343=DIRECTION('center_axis',(4.24640478587096E-48,1.14423774522197E-17,
1.));
#13344=DIRECTION('ref_axis',(0.564917825179772,0.825147169172964,-9.44164536330764E-18));
#13345=DIRECTION('',(-0.825147169172963,0.564917825179774,-6.46400298519403E-18));
#13346=DIRECTION('center_axis',(4.24640478587096E-48,1.14423774522197E-17,
1.));
#13347=DIRECTION('ref_axis',(-0.564917825179772,-0.825147169172964,9.44164536330764E-18));
#13348=DIRECTION('',(0.825147169172963,-0.564917825179774,6.46400298519403E-18));
#13349=DIRECTION('center_axis',(4.24640478587096E-48,1.14423774522197E-17,
1.));
#13350=DIRECTION('ref_axis',(0.564917825179772,0.825147169172964,-9.44164536330764E-18));
#13351=DIRECTION('',(-0.825147169172963,0.564917825179774,-6.46400298519403E-18));
#13352=DIRECTION('center_axis',(4.24640478587096E-48,1.14423774522197E-17,
1.));
#13353=DIRECTION('ref_axis',(-0.564917825179772,-0.825147169172964,9.44164536330764E-18));
#13354=DIRECTION('',(0.825147169172963,-0.564917825179774,6.46400298519403E-18));
#13355=DIRECTION('center_axis',(4.24640478587096E-48,1.14423774522197E-17,
1.));
#13356=DIRECTION('ref_axis',(0.564917825179772,0.825147169172964,-9.44164536330764E-18));
#13357=DIRECTION('',(-0.825147169172963,0.564917825179774,-6.46400298519403E-18));
#13358=DIRECTION('center_axis',(4.24640478587096E-48,1.14423774522197E-17,
1.));
#13359=DIRECTION('ref_axis',(-0.564917825179772,-0.825147169172964,9.44164536330763E-18));
#13360=DIRECTION('',(0.825147169172963,-0.564917825179774,6.46400298519403E-18));
#13361=DIRECTION('center_axis',(4.24640478587096E-48,1.14423774522197E-17,
1.));
#13362=DIRECTION('ref_axis',(0.564917825179772,0.825147169172964,-9.44164536330764E-18));
#13363=DIRECTION('',(-0.825147169172963,0.564917825179774,-6.46400298519403E-18));
#13364=DIRECTION('center_axis',(4.24640478587096E-48,1.14423774522197E-17,
1.));
#13365=DIRECTION('ref_axis',(-0.564917825179772,-0.825147169172964,9.44164536330764E-18));
#13366=DIRECTION('',(0.825147169172963,-0.564917825179774,6.46400298519403E-18));
#13367=DIRECTION('center_axis',(4.24640478587096E-48,1.14423774522197E-17,
1.));
#13368=DIRECTION('ref_axis',(0.564917825179772,0.825147169172964,-9.44164536330764E-18));
#13369=DIRECTION('',(-0.825147169172963,0.564917825179774,-6.46400298519403E-18));
#13370=DIRECTION('center_axis',(4.24640478587096E-48,1.14423774522197E-17,
1.));
#13371=DIRECTION('ref_axis',(-0.564917825179772,-0.825147169172964,9.44164536330764E-18));
#13372=DIRECTION('',(0.825147169172963,-0.564917825179774,6.46400298519403E-18));
#13373=DIRECTION('center_axis',(4.24640478587096E-48,1.14423774522197E-17,
1.));
#13374=DIRECTION('ref_axis',(0.564917825179772,0.825147169172964,-9.44164536330764E-18));
#13375=DIRECTION('',(0.825147169172963,-0.564917825179774,6.46400298519403E-18));
#13376=DIRECTION('center_axis',(4.24640478587096E-48,1.14423774522197E-17,
1.));
#13377=DIRECTION('ref_axis',(0.564917825179772,0.825147169172964,-9.44164536330764E-18));
#13378=DIRECTION('',(-0.825147169172963,0.564917825179774,-6.46400298519403E-18));
#13379=DIRECTION('center_axis',(4.24640478587096E-48,1.14423774522197E-17,
1.));
#13380=DIRECTION('ref_axis',(-0.564917825179772,-0.825147169172964,9.44164536330764E-18));
#13381=DIRECTION('center_axis',(-0.399457224997776,-0.583467158799087,0.707106781186546));
#13382=DIRECTION('ref_axis',(0.825147169172963,-0.564917825179774,-6.27184776535754E-17));
#13383=DIRECTION('',(0.399457224997773,0.583467158799086,0.707106781186548));
#13384=DIRECTION('',(-0.399457224997772,-0.583467158799084,-0.70710678118655));
#13385=DIRECTION('',(0.825147169172963,-0.564917825179774,6.46400298519403E-18));
#13386=DIRECTION('center_axis',(2.73691106313441E-48,-1.11022302462516E-16,
1.));
#13387=DIRECTION('ref_axis',(-0.564917825179772,-0.825147169172964,-3.0603825372802E-17));
#13388=DIRECTION('',(-0.399457224997772,-0.583467158799078,0.707106781186555));
#13389=DIRECTION('center_axis',(-4.24640478587096E-48,-1.14423774522197E-17,
-1.));
#13390=DIRECTION('ref_axis',(-0.564917825179772,-0.825147169172964,-9.16097385920094E-17));
#13391=DIRECTION('center_axis',(0.399457224997776,0.583467158799087,0.707106781186545));
#13392=DIRECTION('ref_axis',(-0.825147169172963,0.564917825179774,6.27184776535754E-17));
#13393=DIRECTION('',(-0.399457224997772,-0.583467158799085,0.70710678118655));
#13394=DIRECTION('',(-0.825147169172963,0.564917825179774,-6.46400298519403E-18));
#13395=DIRECTION('center_axis',(2.73691106313441E-48,-1.11022302462516E-16,
1.));
#13396=DIRECTION('ref_axis',(0.564917825179772,0.825147169172964,3.06038253728019E-17));
#13397=DIRECTION('center_axis',(-4.24640478587096E-48,-1.14423774522197E-17,
-1.));
#13398=DIRECTION('ref_axis',(0.564917825179772,0.825147169172964,9.16097385920094E-17));
#13399=DIRECTION('center_axis',(2.73691106313441E-48,-1.11022302462516E-16,
1.));
#13400=DIRECTION('ref_axis',(-0.564917825179772,-0.825147169172964,-9.16097385920094E-17));
#13401=DIRECTION('',(2.73691106313441E-48,-1.11022302462516E-16,1.));
#13402=DIRECTION('',(2.73691106313441E-48,-1.11022302462516E-16,1.));
#13403=DIRECTION('center_axis',(0.564917825179774,0.825147169172963,9.16097385920093E-17));
#13404=DIRECTION('ref_axis',(-0.825147169172963,0.564917825179774,6.27184776535754E-17));
#13405=DIRECTION('',(2.73691106313441E-48,-1.11022302462516E-16,1.));
#13406=DIRECTION('center_axis',(0.399457224997774,0.583467158799085,0.707106781186548));
#13407=DIRECTION('ref_axis',(-0.825147169172963,0.564917825179774,6.27184776535754E-17));
#13408=DIRECTION('',(-0.399457224997771,-0.583467158799089,0.707106781186547));
#13409=DIRECTION('',(0.399457224997771,0.583467158799089,-0.707106781186546));
#13410=DIRECTION('',(-0.825147169172963,0.564917825179774,-6.46400298519403E-18));
#13411=DIRECTION('center_axis',(2.73691106313441E-48,-1.11022302462516E-16,
1.));
#13412=DIRECTION('ref_axis',(0.564917825179772,0.825147169172964,3.06038253728019E-17));
#13413=DIRECTION('',(0.399457224997774,0.58346715879908,0.707106781186552));
#13414=DIRECTION('center_axis',(-4.24640478587096E-48,-1.14423774522197E-17,
-1.));
#13415=DIRECTION('ref_axis',(0.564917825179772,0.825147169172964,9.16097385920094E-17));
#13416=DIRECTION('center_axis',(-0.399457224997775,-0.583467158799085,0.707106781186548));
#13417=DIRECTION('ref_axis',(0.825147169172963,-0.564917825179774,-6.27184776535754E-17));
#13418=DIRECTION('',(0.39945722499777,0.583467158799091,0.707106781186546));
#13419=DIRECTION('',(0.825147169172963,-0.564917825179774,6.46400298519403E-18));
#13420=DIRECTION('center_axis',(2.73691106313441E-48,-1.11022302462516E-16,
1.));
#13421=DIRECTION('ref_axis',(-0.564917825179772,-0.825147169172964,-3.0603825372802E-17));
#13422=DIRECTION('center_axis',(-4.24640478587096E-48,-1.14423774522197E-17,
-1.));
#13423=DIRECTION('ref_axis',(-0.564917825179772,-0.825147169172964,-9.16097385920094E-17));
#13424=DIRECTION('center_axis',(2.73691106313441E-48,-1.11022302462516E-16,
1.));
#13425=DIRECTION('ref_axis',(0.564917825179772,0.825147169172964,9.16097385920094E-17));
#13426=DIRECTION('',(2.73691106313441E-48,-1.11022302462516E-16,1.));
#13427=DIRECTION('',(2.73691106313441E-48,-1.11022302462516E-16,1.));
#13428=DIRECTION('center_axis',(-0.564917825179774,-0.825147169172963,-9.16097385920093E-17));
#13429=DIRECTION('ref_axis',(0.825147169172963,-0.564917825179774,-6.27184776535754E-17));
#13430=DIRECTION('',(2.73691106313441E-48,-1.11022302462516E-16,1.));
#13431=DIRECTION('center_axis',(-0.399457224997776,-0.583467158799088,0.707106781186545));
#13432=DIRECTION('ref_axis',(0.825147169172963,-0.564917825179774,-6.27184776535754E-17));
#13433=DIRECTION('',(0.399457224997772,0.583467158799084,0.70710678118655));
#13434=DIRECTION('',(-0.399457224997772,-0.583467158799084,-0.70710678118655));
#13435=DIRECTION('',(0.825147169172963,-0.564917825179774,6.46400298519403E-18));
#13436=DIRECTION('center_axis',(2.73691106313441E-48,-1.11022302462516E-16,
1.));
#13437=DIRECTION('ref_axis',(-0.564917825179772,-0.825147169172964,-3.06038253728019E-17));
#13438=DIRECTION('',(-0.399457224997774,-0.58346715879908,0.707106781186552));
#13439=DIRECTION('center_axis',(-4.24640478587096E-48,-1.14423774522197E-17,
-1.));
#13440=DIRECTION('ref_axis',(-0.564917825179772,-0.825147169172964,-9.16097385920094E-17));
#13441=DIRECTION('center_axis',(0.399457224997777,0.583467158799089,0.707106781186543));
#13442=DIRECTION('ref_axis',(-0.825147169172963,0.564917825179774,6.27184776535754E-17));
#13443=DIRECTION('',(-0.399457224997774,-0.58346715879908,0.707106781186552));
#13444=DIRECTION('',(-0.825147169172963,0.564917825179774,-6.46400298519403E-18));
#13445=DIRECTION('center_axis',(2.73691106313441E-48,-1.11022302462516E-16,
1.));
#13446=DIRECTION('ref_axis',(0.564917825179772,0.825147169172964,3.06038253728019E-17));
#13447=DIRECTION('center_axis',(-4.24640478587096E-48,-1.14423774522197E-17,
-1.));
#13448=DIRECTION('ref_axis',(0.564917825179772,0.825147169172964,9.16097385920094E-17));
#13449=DIRECTION('center_axis',(2.73691106313441E-48,-1.11022302462516E-16,
1.));
#13450=DIRECTION('ref_axis',(-0.564917825179772,-0.825147169172964,-9.16097385920094E-17));
#13451=DIRECTION('',(2.73691106313441E-48,-1.11022302462516E-16,1.));
#13452=DIRECTION('',(2.73691106313441E-48,-1.11022302462516E-16,1.));
#13453=DIRECTION('center_axis',(0.564917825179774,0.825147169172963,9.16097385920093E-17));
#13454=DIRECTION('ref_axis',(-0.825147169172963,0.564917825179774,6.27184776535754E-17));
#13455=DIRECTION('',(2.73691106313441E-48,-1.11022302462516E-16,1.));
#13456=DIRECTION('center_axis',(-0.399457224997775,-0.583467158799085,0.707106781186548));
#13457=DIRECTION('ref_axis',(0.825147169172963,-0.564917825179774,-6.27184776535754E-17));
#13458=DIRECTION('',(0.399457224997771,0.583467158799088,0.707106781186547));
#13459=DIRECTION('',(-0.399457224997769,-0.583467158799092,-0.707106781186545));
#13460=DIRECTION('',(0.825147169172963,-0.564917825179774,6.46400298519403E-18));
#13461=DIRECTION('center_axis',(2.73691106313441E-48,-1.11022302462516E-16,
1.));
#13462=DIRECTION('ref_axis',(-0.564917825179772,-0.825147169172964,-3.06038253728019E-17));
#13463=DIRECTION('',(-0.399457224997774,-0.58346715879908,0.707106781186552));
#13464=DIRECTION('center_axis',(-4.24640478587096E-48,-1.14423774522197E-17,
-1.));
#13465=DIRECTION('ref_axis',(-0.564917825179772,-0.825147169172964,-9.16097385920094E-17));
#13466=DIRECTION('center_axis',(0.399457224997777,0.583467158799089,0.707106781186543));
#13467=DIRECTION('ref_axis',(-0.825147169172963,0.564917825179774,6.27184776535754E-17));
#13468=DIRECTION('',(-0.399457224997775,-0.583467158799076,0.707106781186555));
#13469=DIRECTION('',(-0.825147169172963,0.564917825179774,-6.46400298519403E-18));
#13470=DIRECTION('center_axis',(2.73691106313441E-48,-1.11022302462516E-16,
1.));
#13471=DIRECTION('ref_axis',(0.564917825179772,0.825147169172964,3.06038253728019E-17));
#13472=DIRECTION('center_axis',(-4.24640478587096E-48,-1.14423774522197E-17,
-1.));
#13473=DIRECTION('ref_axis',(0.564917825179772,0.825147169172964,9.16097385920094E-17));
#13474=DIRECTION('center_axis',(2.73691106313441E-48,-1.11022302462516E-16,
1.));
#13475=DIRECTION('ref_axis',(-0.564917825179772,-0.825147169172964,-9.16097385920094E-17));
#13476=DIRECTION('',(2.73691106313441E-48,-1.11022302462516E-16,1.));
#13477=DIRECTION('',(2.73691106313441E-48,-1.11022302462516E-16,1.));
#13478=DIRECTION('center_axis',(0.564917825179774,0.825147169172963,9.16097385920093E-17));
#13479=DIRECTION('ref_axis',(-0.825147169172963,0.564917825179774,6.27184776535754E-17));
#13480=DIRECTION('',(2.73691106313441E-48,-1.11022302462516E-16,1.));
#13481=DIRECTION('center_axis',(-0.399457224997776,-0.583467158799088,0.707106781186545));
#13482=DIRECTION('ref_axis',(0.825147169172963,-0.564917825179774,-6.27184776535754E-17));
#13483=DIRECTION('',(0.399457224997772,0.583467158799084,0.70710678118655));
#13484=DIRECTION('',(-0.39945722499777,-0.583467158799088,-0.707106781186548));
#13485=DIRECTION('',(0.825147169172963,-0.564917825179774,6.46400298519403E-18));
#13486=DIRECTION('center_axis',(2.73691106313441E-48,-1.11022302462516E-16,
1.));
#13487=DIRECTION('ref_axis',(-0.564917825179772,-0.825147169172964,-3.06038253728019E-17));
#13488=DIRECTION('',(-0.399457224997774,-0.58346715879908,0.707106781186552));
#13489=DIRECTION('center_axis',(-4.24640478587096E-48,-1.14423774522197E-17,
-1.));
#13490=DIRECTION('ref_axis',(-0.564917825179772,-0.825147169172964,-9.16097385920094E-17));
#13491=DIRECTION('center_axis',(0.399457224997778,0.58346715879909,0.707106781186542));
#13492=DIRECTION('ref_axis',(-0.825147169172963,0.564917825179774,6.27184776535754E-17));
#13493=DIRECTION('',(-0.399457224997773,-0.58346715879908,0.707106781186553));
#13494=DIRECTION('',(-0.825147169172963,0.564917825179774,-6.46400298519403E-18));
#13495=DIRECTION('center_axis',(2.73691106313441E-48,-1.11022302462516E-16,
1.));
#13496=DIRECTION('ref_axis',(0.564917825179772,0.825147169172964,3.06038253728019E-17));
#13497=DIRECTION('center_axis',(-4.24640478587096E-48,-1.14423774522197E-17,
-1.));
#13498=DIRECTION('ref_axis',(0.564917825179772,0.825147169172964,9.16097385920094E-17));
#13499=DIRECTION('center_axis',(2.73691106313441E-48,-1.11022302462516E-16,
1.));
#13500=DIRECTION('ref_axis',(-0.564917825179772,-0.825147169172964,-9.16097385920094E-17));
#13501=DIRECTION('',(2.73691106313441E-48,-1.11022302462516E-16,1.));
#13502=DIRECTION('',(2.73691106313441E-48,-1.11022302462516E-16,1.));
#13503=DIRECTION('center_axis',(0.564917825179774,0.825147169172963,9.16097385920093E-17));
#13504=DIRECTION('ref_axis',(-0.825147169172963,0.564917825179774,6.27184776535754E-17));
#13505=DIRECTION('',(2.73691106313441E-48,-1.11022302462516E-16,1.));
#13506=DIRECTION('center_axis',(-0.399457224997773,-0.583467158799083,0.70710678118655));
#13507=DIRECTION('ref_axis',(0.825147169172963,-0.564917825179774,-6.27184776535754E-17));
#13508=DIRECTION('',(0.399457224997772,0.58346715879909,0.707106781186545));
#13509=DIRECTION('',(-0.399457224997772,-0.58346715879909,-0.707106781186546));
#13510=DIRECTION('',(0.825147169172963,-0.564917825179774,6.46400298519403E-18));
#13511=DIRECTION('center_axis',(2.73691106313441E-48,-1.11022302462516E-16,
1.));
#13512=DIRECTION('ref_axis',(-0.564917825179772,-0.825147169172964,-3.06038253728019E-17));
#13513=DIRECTION('',(-0.399457224997774,-0.58346715879908,0.707106781186552));
#13514=DIRECTION('center_axis',(-4.24640478587096E-48,-1.14423774522197E-17,
-1.));
#13515=DIRECTION('ref_axis',(-0.564917825179772,-0.825147169172964,-9.16097385920094E-17));
#13516=DIRECTION('center_axis',(0.399457224997776,0.583467158799087,0.707106781186545));
#13517=DIRECTION('ref_axis',(-0.825147169172963,0.564917825179774,6.27184776535754E-17));
#13518=DIRECTION('',(-0.399457224997777,-0.583467158799078,0.707106781186552));
#13519=DIRECTION('',(-0.825147169172963,0.564917825179774,-6.46400298519403E-18));
#13520=DIRECTION('center_axis',(2.73691106313441E-48,-1.11022302462516E-16,
1.));
#13521=DIRECTION('ref_axis',(0.564917825179772,0.825147169172964,3.06038253728019E-17));
#13522=DIRECTION('center_axis',(-4.24640478587096E-48,-1.14423774522197E-17,
-1.));
#13523=DIRECTION('ref_axis',(0.564917825179772,0.825147169172964,9.16097385920094E-17));
#13524=DIRECTION('center_axis',(2.73691106313441E-48,-1.11022302462516E-16,
1.));
#13525=DIRECTION('ref_axis',(-0.564917825179772,-0.825147169172964,-9.16097385920094E-17));
#13526=DIRECTION('',(2.73691106313441E-48,-1.11022302462516E-16,1.));
#13527=DIRECTION('',(2.73691106313441E-48,-1.11022302462516E-16,1.));
#13528=DIRECTION('center_axis',(0.564917825179774,0.825147169172963,9.16097385920093E-17));
#13529=DIRECTION('ref_axis',(-0.825147169172963,0.564917825179774,6.27184776535754E-17));
#13530=DIRECTION('',(2.73691106313441E-48,-1.11022302462516E-16,1.));
#13531=DIRECTION('center_axis',(-0.399457224997775,-0.583467158799085,0.707106781186548));
#13532=DIRECTION('ref_axis',(0.825147169172963,-0.564917825179774,-6.27184776535754E-17));
#13533=DIRECTION('',(0.399457224997771,0.583467158799088,0.707106781186547));
#13534=DIRECTION('',(-0.39945722499777,-0.583467158799088,-0.707106781186548));
#13535=DIRECTION('',(0.825147169172963,-0.564917825179774,6.46400298519403E-18));
#13536=DIRECTION('center_axis',(2.73691106313441E-48,-1.11022302462516E-16,
1.));
#13537=DIRECTION('ref_axis',(-0.564917825179772,-0.825147169172964,-3.06038253728019E-17));
#13538=DIRECTION('',(-0.399457224997776,-0.583467158799083,0.707106781186549));
#13539=DIRECTION('center_axis',(-4.24640478587096E-48,-1.14423774522197E-17,
-1.));
#13540=DIRECTION('ref_axis',(-0.564917825179772,-0.825147169172964,-9.16097385920094E-17));
#13541=DIRECTION('center_axis',(0.399457224997777,0.583467158799089,0.707106781186543));
#13542=DIRECTION('ref_axis',(-0.825147169172963,0.564917825179774,6.27184776535754E-17));
#13543=DIRECTION('',(-0.399457224997774,-0.58346715879908,0.707106781186552));
#13544=DIRECTION('',(-0.825147169172963,0.564917825179774,-6.46400298519403E-18));
#13545=DIRECTION('center_axis',(2.73691106313441E-48,-1.11022302462516E-16,
1.));
#13546=DIRECTION('ref_axis',(0.564917825179772,0.825147169172964,3.06038253728019E-17));
#13547=DIRECTION('center_axis',(2.73691106313441E-48,-1.11022302462516E-16,
1.));
#13548=DIRECTION('ref_axis',(-0.564917825179772,-0.825147169172964,-9.16097385920094E-17));
#13549=DIRECTION('',(2.73691106313441E-48,-1.11022302462516E-16,1.));
#13550=DIRECTION('',(2.73691106313441E-48,-1.11022302462516E-16,1.));
#13551=DIRECTION('center_axis',(0.564917825179774,0.825147169172963,9.16097385920093E-17));
#13552=DIRECTION('ref_axis',(-0.825147169172963,0.564917825179774,6.27184776535754E-17));
#13553=DIRECTION('center_axis',(-0.399457224997775,-0.583467158799085,0.707106781186548));
#13554=DIRECTION('ref_axis',(0.825147169172963,-0.564917825179774,-6.27184776535754E-17));
#13555=DIRECTION('',(0.399457224997771,0.583467158799088,0.707106781186547));
#13556=DIRECTION('',(-0.39945722499777,-0.583467158799088,-0.707106781186548));
#13557=DIRECTION('',(0.825147169172963,-0.564917825179774,6.46400298519403E-18));
#13558=DIRECTION('center_axis',(2.73691106313441E-48,-1.11022302462516E-16,
1.));
#13559=DIRECTION('ref_axis',(-0.564917825179772,-0.825147169172964,-3.0603825372802E-17));
#13560=DIRECTION('',(-0.399457224997776,-0.583467158799083,0.707106781186549));
#13561=DIRECTION('center_axis',(-4.24640478587096E-48,-1.14423774522197E-17,
-1.));
#13562=DIRECTION('ref_axis',(-0.564917825179772,-0.825147169172964,-9.16097385920094E-17));
#13563=DIRECTION('center_axis',(0.39945722499778,0.583467158799094,0.707106781186538));
#13564=DIRECTION('ref_axis',(-0.825147169172963,0.564917825179774,6.27184776535754E-17));
#13565=DIRECTION('',(-0.399457224997777,-0.583467158799072,0.707106781186557));
#13566=DIRECTION('center_axis',(2.73691106313441E-48,-1.11022302462516E-16,
1.));
#13567=DIRECTION('ref_axis',(0.564917825179772,0.825147169172964,3.06038253728019E-17));
#13568=DIRECTION('center_axis',(2.73691106313441E-48,-1.11022302462516E-16,
1.));
#13569=DIRECTION('ref_axis',(-0.564917825179772,-0.825147169172964,-9.16097385920094E-17));
#13570=DIRECTION('',(2.73691106313441E-48,-1.11022302462516E-16,1.));
#13571=DIRECTION('center_axis',(0.564917825179774,0.825147169172963,9.16097385920093E-17));
#13572=DIRECTION('ref_axis',(-0.825147169172963,0.564917825179774,6.27184776535754E-17));
#13573=DIRECTION('center_axis',(-0.577350269189627,0.577350269189626,0.577350269189624));
#13574=DIRECTION('ref_axis',(-0.707106781186547,-0.707106781186548,-7.85046229341888E-17));
#13575=DIRECTION('',(-0.707106781186546,7.85046229341889E-17,-0.707106781186549));
#13576=DIRECTION('',(-8.71576399210523E-33,-0.707106781186546,0.707106781186549));
#13577=DIRECTION('center_axis',(0.577350269189626,0.577350269189627,0.577350269189625));
#13578=DIRECTION('ref_axis',(-0.707106781186548,0.707106781186547,7.85046229341886E-17));
#13579=DIRECTION('',(8.71576399210523E-33,0.707106781186546,-0.707106781186549));
#13580=DIRECTION('center_axis',(8.71576399210526E-33,0.707106781186549,
0.707106781186546));
#13581=DIRECTION('ref_axis',(-1.,1.23259516440783E-32,2.73691106313441E-48));
#13582=DIRECTION('center_axis',(-0.707106781186549,8.09098268936058E-18,
0.707106781186546));
#13583=DIRECTION('ref_axis',(-1.22464679914735E-16,-1.,-1.11022302462516E-16));
#13584=DIRECTION('',(0.577350269189625,-0.577350269189625,0.577350269189628));
#13585=DIRECTION('',(0.678598344545845,0.281084637714824,0.678598344545848));
#13586=DIRECTION('center_axis',(0.707106781186543,-8.09098268936066E-18,
-0.707106781186553));
#13587=DIRECTION('ref_axis',(-1.23259516440783E-32,-1.,1.14423774522197E-17));
#13588=DIRECTION('',(-0.577350269189632,0.577350269189622,-0.577350269189624));
#13589=DIRECTION('',(0.707106781186553,8.09098268936052E-18,0.707106781186543));
#13590=DIRECTION('center_axis',(-0.707106781186548,-0.707106781186548,7.85046229341887E-17));
#13591=DIRECTION('ref_axis',(0.707106781186548,-0.707106781186548,-7.85046229341887E-17));
#13592=DIRECTION('',(-0.707106781186547,0.707106781186547,1.88411095042053E-15));
#13593=DIRECTION('',(5.47382212626882E-48,1.11022302462516E-16,1.));
#13594=DIRECTION('center_axis',(2.73691106313441E-48,-1.11022302462516E-16,
1.));
#13595=DIRECTION('ref_axis',(0.564917825179772,0.825147169172964,9.16097385920094E-17));
#13596=DIRECTION('',(2.73691106313441E-48,-1.11022302462516E-16,1.));
#13597=DIRECTION('center_axis',(-0.564917825179774,-0.825147169172963,-9.16097385920093E-17));
#13598=DIRECTION('ref_axis',(0.825147169172963,-0.564917825179774,-6.27184776535754E-17));
#13599=DIRECTION('center_axis',(2.73691106313441E-48,-1.11022302462516E-16,
1.));
#13600=DIRECTION('ref_axis',(0.564917825179772,0.825147169172964,9.16097385920094E-17));
#13601=DIRECTION('',(2.73691106313441E-48,-1.11022302462516E-16,1.));
#13602=DIRECTION('center_axis',(-0.564917825179774,-0.825147169172963,-9.16097385920093E-17));
#13603=DIRECTION('ref_axis',(0.825147169172963,-0.564917825179774,-6.27184776535754E-17));
#13604=DIRECTION('center_axis',(2.73691106313441E-48,-1.11022302462516E-16,
1.));
#13605=DIRECTION('ref_axis',(-0.564917825179772,-0.825147169172964,-9.16097385920094E-17));
#13606=DIRECTION('',(2.73691106313441E-48,-1.11022302462516E-16,1.));
#13607=DIRECTION('center_axis',(0.564917825179774,0.825147169172963,9.16097385920093E-17));
#13608=DIRECTION('ref_axis',(-0.825147169172963,0.564917825179774,6.27184776535754E-17));
#13609=DIRECTION('center_axis',(2.73691106313441E-48,-1.11022302462516E-16,
1.));
#13610=DIRECTION('ref_axis',(0.564917825179772,0.825147169172964,9.16097385920094E-17));
#13611=DIRECTION('',(2.73691106313441E-48,-1.11022302462516E-16,1.));
#13612=DIRECTION('center_axis',(-0.564917825179774,-0.825147169172963,-9.16097385920093E-17));
#13613=DIRECTION('ref_axis',(0.825147169172963,-0.564917825179774,-6.27184776535754E-17));
#13614=DIRECTION('center_axis',(2.73691106313441E-48,-1.11022302462516E-16,
1.));
#13615=DIRECTION('ref_axis',(0.564917825179772,0.825147169172964,9.16097385920094E-17));
#13616=DIRECTION('',(2.73691106313441E-48,-1.11022302462516E-16,1.));
#13617=DIRECTION('center_axis',(-0.564917825179774,-0.825147169172963,-9.16097385920093E-17));
#13618=DIRECTION('ref_axis',(0.825147169172963,-0.564917825179774,-6.27184776535754E-17));
#13619=DIRECTION('center_axis',(2.73691106313441E-48,-1.11022302462516E-16,
1.));
#13620=DIRECTION('ref_axis',(0.564917825179772,0.825147169172964,9.16097385920094E-17));
#13621=DIRECTION('',(2.73691106313441E-48,-1.11022302462516E-16,1.));
#13622=DIRECTION('center_axis',(-0.564917825179774,-0.825147169172963,-9.16097385920093E-17));
#13623=DIRECTION('ref_axis',(0.825147169172963,-0.564917825179774,-6.27184776535754E-17));
#13624=DIRECTION('center_axis',(2.73691106313441E-48,-1.11022302462516E-16,
1.));
#13625=DIRECTION('ref_axis',(0.564917825179772,0.825147169172964,9.16097385920094E-17));
#13626=DIRECTION('',(2.73691106313441E-48,-1.11022302462516E-16,1.));
#13627=DIRECTION('center_axis',(-0.564917825179774,-0.825147169172963,-9.16097385920093E-17));
#13628=DIRECTION('ref_axis',(0.825147169172963,-0.564917825179774,-6.27184776535754E-17));
#13629=DIRECTION('center_axis',(-0.564917825179774,-0.825147169172963,-9.16097385920093E-17));
#13630=DIRECTION('ref_axis',(0.825147169172963,-0.564917825179774,-6.27184776535754E-17));
#13631=DIRECTION('center_axis',(-0.499999999999999,-0.500000000000001,0.707106781186547));
#13632=DIRECTION('ref_axis',(0.707106781186549,-0.707106781186546,-7.85046229341886E-17));
#13633=DIRECTION('',(0.707106781186549,-0.707106781186546,8.09098268936057E-18));
#13634=DIRECTION('',(0.678598344545848,0.28108463771481,0.67859834454585));
#13635=DIRECTION('',(0.816496580927726,-2.98498565256686E-16,0.577350269189625));
#13636=DIRECTION('center_axis',(-0.707106781186549,3.22109474426116E-16,
0.707106781186546));
#13637=DIRECTION('ref_axis',(-5.66553889764797E-16,-1.,-1.11022302462516E-16));
#13638=DIRECTION('',(-4.44089209850063E-16,-1.,1.14423774522197E-17));
#13639=DIRECTION('',(0.678598344545854,-0.281084637714812,0.678598344545843));
#13640=DIRECTION('center_axis',(-0.5,0.500000000000001,0.707106781186547));
#13641=DIRECTION('ref_axis',(-0.707106781186548,-0.707106781186547,-7.85046229341887E-17));
#13642=DIRECTION('',(-0.707106781186548,-0.707106781186547,8.09098268936058E-18));
#13643=DIRECTION('center_axis',(4.44089209850063E-16,1.,-1.11022302462516E-16));
#13644=DIRECTION('ref_axis',(7.11596876414946E-47,-1.11022302462516E-16,
-1.));
#13645=DIRECTION('center_axis',(1.,-4.44089209850063E-16,4.93038065763133E-32));
#13646=DIRECTION('ref_axis',(-7.11596876414946E-47,1.11022302462516E-16,
1.));
#13647=DIRECTION('',(1.25897908904183E-46,-1.11022302462516E-16,-1.));
#13648=DIRECTION('',(-1.25897908904183E-46,1.11022302462516E-16,1.));
#13649=DIRECTION('center_axis',(0.707106781186547,-0.707106781186548,7.85046229341888E-17));
#13650=DIRECTION('ref_axis',(0.707106781186548,0.707106781186547,7.85046229341887E-17));
#13651=DIRECTION('center_axis',(-1.,1.23259516440783E-32,2.73691106313441E-48));
#13652=DIRECTION('ref_axis',(1.23259516440783E-32,1.,-1.14423774522197E-17));
#13653=DIRECTION('',(2.73691106313441E-48,-1.11022302462516E-16,1.));
#13654=DIRECTION('',(4.24640478587096E-48,1.14423774522197E-17,1.));
#13655=DIRECTION('',(4.24640478587096E-48,1.14423774522197E-17,1.));
#13656=DIRECTION('',(-4.24640478587096E-48,-1.14423774522197E-17,-1.));
#13657=DIRECTION('',(-4.24640478587096E-48,-1.14423774522197E-17,-1.));
#13658=DIRECTION('center_axis',(-8.71576399210525E-33,-0.707106781186548,
-0.707106781186547));
#13659=DIRECTION('ref_axis',(-1.,1.23259516440783E-32,2.73691106313441E-48));
#13660=DIRECTION('',(-8.71576399210524E-33,-0.707106781186547,0.707106781186548));
#13661=DIRECTION('',(1.,-1.23259516440783E-32,-2.73691106313441E-48));
#13662=DIRECTION('',(-1.,1.23259516440783E-32,2.73691106313441E-48));
#13663=DIRECTION('center_axis',(0.707106781186548,-1.48918263179017E-16,
0.707106781186548));
#13664=DIRECTION('ref_axis',(-2.22044604925031E-16,-1.,1.14423774522197E-17));
#13665=DIRECTION('',(0.707106781186548,-8.09098268936061E-18,-0.707106781186548));
#13666=DIRECTION('',(-2.22044604925031E-16,-1.,1.14423774522197E-17));
#13667=DIRECTION('',(-0.707106781186548,8.09098268936061E-18,0.707106781186548));
#13668=DIRECTION('center_axis',(-4.24640478587096E-48,-1.14423774522197E-17,
-1.));
#13669=DIRECTION('ref_axis',(-2.22044604925031E-16,-1.,1.14423774522197E-17));
#13670=DIRECTION('',(1.,-1.23259516440783E-32,-2.73691106313441E-48));
#13671=DIRECTION('',(-2.22044604925031E-16,-1.,1.14423774522197E-17));
#13672=DIRECTION('',(-1.,1.23259516440783E-32,2.73691106313441E-48));
#13673=DIRECTION('center_axis',(-1.23259516440783E-32,-1.,1.14423774522197E-17));
#13674=DIRECTION('ref_axis',(-1.,1.23259516440783E-32,2.73691106313441E-48));
#13675=DIRECTION('',(0.707106781186549,8.09098268936056E-18,0.707106781186546));
#13676=DIRECTION('',(4.24640478587096E-48,1.14423774522197E-17,1.));
#13677=DIRECTION('center_axis',(1.23259516440783E-32,1.,-1.14423774522197E-17));
#13678=DIRECTION('ref_axis',(-4.24640478587096E-48,-1.14423774522197E-17,
-1.));
#13679=DIRECTION('',(9.95799250102963E-17,1.14423774522197E-17,1.));
#13680=DIRECTION('center_axis',(0.70710678118654,0.500000000000006,0.500000000000006));
#13681=DIRECTION('ref_axis',(0.577350269189635,-0.81649658092772,9.34266206742182E-18));
#13682=DIRECTION('',(0.678598344545854,-0.678598344545842,-0.281084637714814));
#13683=DIRECTION('',(0.678598344545854,-0.281084637714814,-0.678598344545842));
#13684=DIRECTION('center_axis',(0.707106781186542,8.09098268936064E-18,
0.707106781186553));
#13685=DIRECTION('ref_axis',(-1.23259516440783E-32,-1.,1.14423774522197E-17));
#13686=DIRECTION('',(-1.23259516440783E-32,-1.,1.14423774522197E-17));
#13687=DIRECTION('',(0.678598344545853,0.281084637714819,-0.678598344545842));
#13688=DIRECTION('center_axis',(0.707106781186542,-0.500000000000004,0.500000000000004));
#13689=DIRECTION('ref_axis',(-0.577350269189632,-0.816496580927722,9.34266206742185E-18));
#13690=DIRECTION('',(-8.71576399210525E-33,-0.707106781186548,-0.707106781186547));
#13691=DIRECTION('',(-0.67859834454585,-0.281084637714824,0.678598344545842));
#13692=DIRECTION('center_axis',(0.707106781186543,8.09098268936063E-18,
0.707106781186552));
#13693=DIRECTION('ref_axis',(-1.23259516440783E-32,-1.,1.14423774522197E-17));
#13694=DIRECTION('',(-1.23259516440783E-32,-1.,1.14423774522197E-17));
#13695=DIRECTION('center_axis',(-1.,2.22044604925031E-16,-2.54071818078121E-33));
#13696=DIRECTION('ref_axis',(2.22044604925031E-16,1.,-1.14423774522197E-17));
#13697=DIRECTION('',(4.24640478587096E-48,1.14423774522197E-17,1.));
#13698=DIRECTION('',(2.22044604925031E-16,1.,-1.14423774522197E-17));
#13699=DIRECTION('center_axis',(0.707106781186546,-1.65100228557738E-16,
-0.707106781186549));
#13700=DIRECTION('ref_axis',(-2.22044604925031E-16,-1.,1.14423774522197E-17));
#13701=DIRECTION('',(0.707106781186549,8.09098268936056E-18,0.707106781186546));
#13702=DIRECTION('',(0.707106781186549,8.09098268936056E-18,0.707106781186546));
#13703=DIRECTION('center_axis',(0.707106781186546,-0.707106781186549,8.09098268936061E-18));
#13704=DIRECTION('ref_axis',(-0.707106781186549,-0.707106781186546,8.09098268936057E-18));
#13705=DIRECTION('',(-0.577350269189625,-0.577350269189622,0.57735026918963));
#13706=DIRECTION('',(0.678598344545851,0.678598344545847,-0.28108463771481));
#13707=DIRECTION('',(-4.24640478587096E-48,-1.14423774522197E-17,-1.));
#13708=DIRECTION('center_axis',(0.5,-0.707106781186547,-0.500000000000001));
#13709=DIRECTION('ref_axis',(-0.816496580927726,-0.577350269189626,6.60625970220834E-18));
#13710=DIRECTION('',(0.281084637714816,0.67859834454585,-0.678598344545846));
#13711=DIRECTION('',(-0.707106781186549,-8.09098268936056E-18,-0.707106781186546));
#13712=DIRECTION('center_axis',(-0.707106781186544,-0.707106781186551,8.09098268936062E-18));
#13713=DIRECTION('ref_axis',(-0.707106781186551,0.707106781186544,-8.09098268936056E-18));
#13714=DIRECTION('',(4.24640478587096E-48,1.14423774522197E-17,1.));
#13715=DIRECTION('',(0.678598344545846,-0.678598344545846,0.281084637714823));
#13716=DIRECTION('center_axis',(-0.5,-0.707106781186547,-0.5));
#13717=DIRECTION('ref_axis',(-0.816496580927726,0.577350269189626,-6.60625970220834E-18));
#13718=DIRECTION('',(-0.707106781186548,8.09098268936061E-18,0.707106781186548));
#13719=DIRECTION('',(0.281084637714821,-0.678598344545847,0.678598344545846));
#13720=DIRECTION('center_axis',(-8.71576399210525E-33,-0.707106781186547,
-0.707106781186548));
#13721=DIRECTION('ref_axis',(-1.,1.23259516440783E-32,2.73691106313441E-48));
#13722=DIRECTION('',(-1.,1.23259516440783E-32,2.73691106313441E-48));
#13723=DIRECTION('center_axis',(-0.707106781186554,8.09098268936053E-18,
0.707106781186541));
#13724=DIRECTION('ref_axis',(-1.22464679914733E-16,-1.,-1.11022302462516E-16));
#13725=DIRECTION('',(-0.577350269189619,0.577350269189629,-0.57735026918963));
#13726=DIRECTION('center_axis',(0.707106781186546,0.707106781186549,-7.85046229341889E-17));
#13727=DIRECTION('ref_axis',(-0.707106781186549,0.707106781186546,7.85046229341886E-17));
#13728=DIRECTION('center_axis',(-0.707106781186554,-0.707106781186541,8.09098268936051E-18));
#13729=DIRECTION('ref_axis',(0.707106781186541,-0.707106781186554,-7.85046229341894E-17));
#13730=DIRECTION('center_axis',(0.707106781186549,-0.499999999999999,0.499999999999999));
#13731=DIRECTION('ref_axis',(0.577350269189625,0.816496580927727,9.0649330367368E-17));
#13732=DIRECTION('',(-8.71576399210525E-33,-0.707106781186547,-0.707106781186548));
#13733=DIRECTION('',(0.577350269189625,-9.34266206742191E-18,-0.816496580927727));
#13734=DIRECTION('center_axis',(-1.23259516440783E-32,-1.,1.14423774522197E-17));
#13735=DIRECTION('ref_axis',(-1.,1.23259516440783E-32,2.73691106313441E-48));
#13736=DIRECTION('',(-0.707106781186545,8.09098268936063E-18,0.70710678118655));
#13737=DIRECTION('',(1.,-1.23259516440783E-32,-2.73691106313441E-48));
#13738=DIRECTION('',(0.577350269189625,9.34266206742188E-18,0.816496580927727));
#13739=DIRECTION('center_axis',(-8.71576399210524E-33,-0.707106781186548,
0.707106781186547));
#13740=DIRECTION('ref_axis',(-1.,1.23259516440783E-32,2.73691106313441E-48));
#13741=DIRECTION('',(8.71576399210525E-33,0.707106781186547,0.707106781186548));
#13742=DIRECTION('center_axis',(-0.707106781186549,-0.499999999999999,0.499999999999999));
#13743=DIRECTION('ref_axis',(0.577350269189625,-0.816496580927727,-9.0649330367368E-17));
#13744=DIRECTION('center_axis',(-0.70710678118655,-8.09098268936055E-18,
-0.707106781186545));
#13745=DIRECTION('ref_axis',(1.22464679914734E-16,-1.,-1.11022302462516E-16));
#13746=DIRECTION('center_axis',(-4.24640478587096E-48,-1.14423774522197E-17,
-1.));
#13747=DIRECTION('ref_axis',(1.23259516440783E-32,1.,-1.14423774522197E-17));
#13748=DIRECTION('',(-0.707106781186544,-0.707106781186551,8.09098268936062E-18));
#13749=DIRECTION('',(-1.,1.23259516440783E-32,2.73691106313441E-48));
#13750=DIRECTION('center_axis',(8.71576399210524E-33,0.707106781186547,
-0.707106781186548));
#13751=DIRECTION('ref_axis',(1.,-1.23259516440783E-32,-2.73691106313441E-48));
#13752=DIRECTION('',(1.,-1.23259516440783E-32,-2.73691106313441E-48));
#13753=DIRECTION('center_axis',(-4.24640478587096E-48,-1.14423774522197E-17,
-1.));
#13754=DIRECTION('ref_axis',(-1.23259516440783E-32,-1.,1.14423774522197E-17));
#13755=DIRECTION('center_axis',(0.707106781186541,0.707106781186554,-8.09098268936066E-18));
#13756=DIRECTION('ref_axis',(0.707106781186554,-0.707106781186541,8.09098268936052E-18));
#13757=DIRECTION('',(2.73691106313441E-48,-1.11022302462516E-16,1.));
#13758=DIRECTION('center_axis',(-1.23259516440783E-32,-1.,1.14423774522197E-17));
#13759=DIRECTION('ref_axis',(4.24640478587096E-48,1.14423774522197E-17,
1.));
#13760=DIRECTION('center_axis',(-1.23259516440783E-32,-1.,1.14423774522197E-17));
#13761=DIRECTION('ref_axis',(4.24640478587096E-48,1.14423774522197E-17,
1.));
#13762=DIRECTION('center_axis',(-1.23259516440783E-32,-1.,1.14423774522197E-17));
#13763=DIRECTION('ref_axis',(-1.,1.23259516440783E-32,2.73691106313441E-48));
#13764=DIRECTION('center_axis',(1.23259516440783E-32,1.,-1.14423774522197E-17));
#13765=DIRECTION('ref_axis',(1.,-1.23259516440783E-32,-2.73691106313441E-48));
#13766=DIRECTION('center_axis',(0.707106781186551,-0.707106781186544,8.09098268936056E-18));
#13767=DIRECTION('ref_axis',(-0.707106781186544,-0.707106781186551,8.09098268936062E-18));
#13768=DIRECTION('center_axis',(1.,-4.44089209850063E-16,4.93038065763133E-32));
#13769=DIRECTION('ref_axis',(-7.11596876414946E-47,1.11022302462516E-16,
1.));
#13770=DIRECTION('',(1.21358520742552E-16,0.273275094397197,-0.961935924468051));
#13771=DIRECTION('',(-4.44089209850063E-16,-1.,1.14423774522197E-17));
#13772=DIRECTION('',(2.76008051210744E-16,0.621514878291981,0.783402358984005));
#13773=DIRECTION('',(4.44089209850063E-16,1.,6.53072523131142E-18));
#13774=DIRECTION('center_axis',(-0.707106781186549,3.22109474426116E-16,
0.707106781186546));
#13775=DIRECTION('ref_axis',(-5.66553889764797E-16,-1.,-1.11022302462516E-16));
#13776=DIRECTION('',(-0.6417466189178,0.419907792515379,-0.641746618917803));
#13777=DIRECTION('',(2.43497896401307E-15,1.,1.9794473767108E-15));
#13778=DIRECTION('',(0.701159152079398,0.129428307995563,0.701159152079401));
#13779=DIRECTION('center_axis',(-4.24640478587096E-48,-1.14423774522197E-17,
-1.));
#13780=DIRECTION('ref_axis',(-1.23259516440783E-32,-1.,1.14423774522197E-17));
#13781=DIRECTION('center_axis',(-4.24640478587096E-48,-1.14423774522197E-17,
-1.));
#13782=DIRECTION('ref_axis',(-1.,1.7598534599353E-14,1.95382983118642E-30));
#13783=DIRECTION('',(1.23259516440783E-32,1.,-1.14423774522197E-17));
#13784=DIRECTION('center_axis',(-4.24640478587096E-48,-1.14423774522197E-17,
-1.));
#13785=DIRECTION('ref_axis',(-1.,1.7598534599353E-14,1.95382983118642E-30));
#13786=DIRECTION('',(1.23259516440783E-32,1.,-1.14423774522197E-17));
#13787=DIRECTION('',(0.854173600813948,-0.519987941853014,5.94989830128505E-18));
#13788=DIRECTION('',(1.5959907814176E-16,-1.,1.14423774522197E-17));
#13789=DIRECTION('',(-0.937791151312293,0.347199879781611,-3.97279207582649E-18));
#13790=DIRECTION('',(1.23259516440783E-32,1.,-1.14423774522197E-17));
#13791=DIRECTION('center_axis',(-4.24640478587096E-48,-1.14423774522197E-17,
-1.));
#13792=DIRECTION('ref_axis',(-1.,2.34647127991368E-14,2.60510644158183E-30));
#13793=DIRECTION('',(1.23259516440783E-32,1.,-1.14423774522197E-17));
#13794=DIRECTION('center_axis',(-4.24640478587096E-48,-1.14423774522197E-17,
-1.));
#13795=DIRECTION('ref_axis',(-1.,1.7598534599353E-14,1.95382983118642E-30));
#13796=DIRECTION('',(1.23259516440783E-32,1.,-1.14423774522197E-17));
#13797=DIRECTION('center_axis',(-4.24640478587096E-48,-1.14423774522197E-17,
-1.));
#13798=DIRECTION('ref_axis',(-1.,1.7598534599353E-14,1.95382983118642E-30));
#13799=DIRECTION('',(1.23259516440783E-32,1.,-1.14423774522197E-17));
#13800=DIRECTION('center_axis',(-1.,1.23259516440783E-32,2.73691106313441E-48));
#13801=DIRECTION('ref_axis',(1.23259516440783E-32,1.,-1.14423774522197E-17));
#13802=DIRECTION('center_axis',(-1.,1.23259516440783E-32,2.73691106313441E-48));
#13803=DIRECTION('ref_axis',(3.45709638434902E-47,3.1027340851471E-15,-1.));
#13804=DIRECTION('center_axis',(-1.,1.23259516440783E-32,2.73691106313441E-48));
#13805=DIRECTION('ref_axis',(3.45709638434902E-47,3.1027340851471E-15,-1.));
#13806=DIRECTION('',(1.23259516440783E-32,1.,1.11022302462516E-16));
#13807=DIRECTION('center_axis',(-1.,1.23259516440783E-32,2.73691106313441E-48));
#13808=DIRECTION('ref_axis',(1.23259516440783E-32,1.,-1.14423774522197E-17));
#13809=DIRECTION('center_axis',(-1.,1.23259516440783E-32,2.73691106313441E-48));
#13810=DIRECTION('ref_axis',(3.45709638434902E-47,3.1027340851471E-15,-1.));
#13811=DIRECTION('',(1.23259516440783E-32,1.,1.11022302462516E-16));
#13812=DIRECTION('center_axis',(-1.,1.23259516440783E-32,2.73691106313441E-48));
#13813=DIRECTION('ref_axis',(3.45709638434902E-47,3.1027340851471E-15,-1.));
#13814=DIRECTION('center_axis',(-1.,1.23259516440783E-32,2.73691106313441E-48));
#13815=DIRECTION('ref_axis',(1.23259516440783E-32,1.,-1.14423774522197E-17));
#13816=DIRECTION('center_axis',(-1.,1.23259516440783E-32,2.73691106313441E-48));
#13817=DIRECTION('ref_axis',(3.45709638434902E-47,3.1027340851471E-15,-1.));
#13818=DIRECTION('',(1.23259516440783E-32,1.,1.11022302462516E-16));
#13819=DIRECTION('',(-7.66076233590218E-33,-0.621514878291981,-0.783402358984005));
#13820=DIRECTION('center_axis',(-1.,1.23259516440783E-32,2.73691106313441E-48));
#13821=DIRECTION('ref_axis',(1.23259516440783E-32,1.,-1.14423774522197E-17));
#13822=DIRECTION('',(-3.36837559907078E-33,-0.273275094397197,0.961935924468051));
#13823=DIRECTION('',(1.23259516440783E-32,1.,1.11022302462516E-16));
#13824=DIRECTION('center_axis',(-1.,1.23259516440783E-32,2.73691106313441E-48));
#13825=DIRECTION('ref_axis',(1.63635895525848E-46,1.35737253245427E-14,
-1.));
#13826=DIRECTION('center_axis',(-1.,1.23259516440783E-32,2.73691106313441E-48));
#13827=DIRECTION('ref_axis',(1.23259516440783E-32,1.,-1.14423774522197E-17));
#13828=DIRECTION('center_axis',(-1.,1.23259516440783E-32,2.73691106313441E-48));
#13829=DIRECTION('ref_axis',(3.45709638434902E-47,3.1027340851471E-15,-1.));
#13830=DIRECTION('center_axis',(-1.,1.23259516440783E-32,2.73691106313441E-48));
#13831=DIRECTION('ref_axis',(1.63635895525848E-46,1.35737253245427E-14,
-1.));
#13832=DIRECTION('',(1.23259516440783E-32,1.,1.11022302462516E-16));
#13833=DIRECTION('center_axis',(-1.,1.23259516440783E-32,2.73691106313441E-48));
#13834=DIRECTION('ref_axis',(1.23259516440783E-32,1.,-1.14423774522197E-17));
#13835=DIRECTION('center_axis',(-1.,1.23259516440783E-32,2.73691106313441E-48));
#13836=DIRECTION('ref_axis',(3.45709638434902E-47,3.1027340851471E-15,-1.));
#13837=DIRECTION('center_axis',(-1.,1.23259516440783E-32,2.73691106313441E-48));
#13838=DIRECTION('ref_axis',(3.45709638434902E-47,3.1027340851471E-15,-1.));
#13839=DIRECTION('',(1.23259516440783E-32,1.,1.11022302462516E-16));
#13840=DIRECTION('center_axis',(4.02486919129971E-48,-6.53072523131142E-18,
1.));
#13841=DIRECTION('ref_axis',(-1.23259516440783E-32,-1.,-6.53072523131142E-18));
#13842=DIRECTION('',(0.937791151312293,-0.347199879781611,-2.26746701519806E-18));
#13843=DIRECTION('',(-0.854173600813948,0.519987941853014,3.39589837183717E-18));
#13844=DIRECTION('',(1.36176074695902E-16,-1.,-6.53072523131142E-18));
#13845=DIRECTION('center_axis',(-0.608761429008726,-8.80799145054602E-17,
0.793353340291231));
#13846=DIRECTION('ref_axis',(0.335497596481063,0.906183139995264,0.257436360181995));
#13847=DIRECTION('center_axis',(0.608761429008721,8.80799145054605E-17,
-0.793353340291235));
#13848=DIRECTION('ref_axis',(0.335497596481062,0.906183139995264,0.257436360181996));
#13849=DIRECTION('',(-0.419004386445728,0.418307039712972,0.805887426794716));
#13850=DIRECTION('center_axis',(-0.608761429008721,-8.80799145054605E-17,
0.793353340291235));
#13851=DIRECTION('ref_axis',(0.335497596481063,0.906183139995264,0.257436360181995));
#13852=DIRECTION('',(0.694531852745653,0.405257425274822,-0.594467765973322));
#13853=DIRECTION('center_axis',(0.608761429008721,8.80799145054605E-17,
-0.793353340291235));
#13854=DIRECTION('ref_axis',(0.335497596481062,0.906183139995264,0.257436360181996));
#13855=DIRECTION('center_axis',(-0.608761429008726,-8.80799145054602E-17,
0.793353340291231));
#13856=DIRECTION('ref_axis',(0.335497596481063,0.906183139995264,0.257436360181995));
#13857=DIRECTION('center_axis',(0.608761429008721,8.80799145054605E-17,
-0.793353340291235));
#13858=DIRECTION('ref_axis',(0.335497596481062,0.906183139995264,0.257436360181996));
#13859=DIRECTION('',(-0.4190043864457,0.418307039712954,0.80588742679474));
#13860=DIRECTION('center_axis',(-0.608761429008721,-8.80799145054605E-17,
0.793353340291235));
#13861=DIRECTION('ref_axis',(0.335497596481063,0.906183139995264,0.257436360181995));
#13862=DIRECTION('',(-0.694531861341254,-0.405257420218735,0.594467759377671));
#13863=DIRECTION('center_axis',(0.608761429008721,8.80799145054605E-17,
-0.793353340291235));
#13864=DIRECTION('ref_axis',(0.335497596481062,0.906183139995264,0.257436360181996));
#13865=DIRECTION('center_axis',(-0.430459334576876,-0.707106781186554,0.560985526796925));
#13866=DIRECTION('ref_axis',(0.854173600813948,-0.519987941853014,-5.77302585572663E-17));
#13867=DIRECTION('',(-0.793353340291235,6.75860954989195E-17,-0.608761429008721));
#13868=DIRECTION('',(0.793353340291235,-6.75860954989195E-17,0.608761429008721));
#13869=DIRECTION('center_axis',(-0.60876142900872,-8.80799145054606E-17,
0.793353340291236));
#13870=DIRECTION('ref_axis',(0.335497596481063,0.906183139995264,0.257436360181995));
#13871=DIRECTION('center_axis',(-0.608761429008721,-8.80799145054605E-17,
0.793353340291235));
#13872=DIRECTION('ref_axis',(0.335497596481063,0.906183139995264,0.257436360181995));
#13873=DIRECTION('',(-0.39445368853347,0.405257420218713,0.824725839876509));
#13874=DIRECTION('center_axis',(-0.608761429008721,-8.80799145054605E-17,
0.793353340291235));
#13875=DIRECTION('ref_axis',(0.335497596481063,0.906183139995264,0.257436360181995));
#13876=DIRECTION('',(-0.694531861341252,-0.405257420218731,0.594467759377676));
#13877=DIRECTION('center_axis',(-0.608761429008721,-8.80799145054605E-17,
0.793353340291235));
#13878=DIRECTION('ref_axis',(0.335497596481063,0.906183139995264,0.257436360181995));
#13879=DIRECTION('center_axis',(-0.608761429008721,-8.80799145054605E-17,
0.793353340291235));
#13880=DIRECTION('ref_axis',(0.793353340291235,-6.75860954989195E-17,0.608761429008721));
#13881=DIRECTION('center_axis',(0.608761429008721,8.80799145054605E-17,
-0.793353340291235));
#13882=DIRECTION('ref_axis',(0.335497596481062,0.906183139995264,0.257436360181996));
#13883=DIRECTION('',(-0.718923421030844,0.422885465331123,-0.551649343247128));
#13884=DIRECTION('center_axis',(-0.608761429008721,-8.80799145054605E-17,
0.793353340291235));
#13885=DIRECTION('ref_axis',(-0.335497596481062,-0.906183139995264,-0.257436360181996));
#13886=DIRECTION('',(-0.718923421030844,0.422885465331123,-0.551649343247128));
#13887=DIRECTION('',(-0.718923421030844,0.422885465331123,-0.551649343247128));
#13888=DIRECTION('center_axis',(0.608761429008721,8.80799145054605E-17,
-0.793353340291235));
#13889=DIRECTION('ref_axis',(0.335497596481062,0.906183139995264,0.257436360181996));
#13890=DIRECTION('center_axis',(0.608761429008721,8.80799145054605E-17,
-0.793353340291235));
#13891=DIRECTION('ref_axis',(0.335497596481062,0.906183139995264,0.257436360181996));
#13892=DIRECTION('',(-0.718923421030844,0.422885465331123,-0.551649343247128));
#13893=DIRECTION('center_axis',(-0.608761429008721,-8.80799145054605E-17,
0.793353340291235));
#13894=DIRECTION('ref_axis',(-0.335497596481062,-0.906183139995264,-0.257436360181996));
#13895=DIRECTION('',(-0.718923421030844,0.422885465331123,-0.551649343247128));
#13896=DIRECTION('',(-0.718923421030844,0.422885465331123,-0.551649343247128));
#13897=DIRECTION('center_axis',(0.608761429008721,8.80799145054605E-17,
-0.793353340291235));
#13898=DIRECTION('ref_axis',(0.335497596481062,0.906183139995264,0.257436360181996));
#13899=DIRECTION('',(-0.718923421030844,0.422885465331123,-0.551649343247128));
#13900=DIRECTION('center_axis',(-0.608761429008721,-8.80799145054605E-17,
0.793353340291235));
#13901=DIRECTION('ref_axis',(-0.335497596481062,-0.906183139995264,-0.257436360181996));
#13902=DIRECTION('',(-0.718923421030844,0.422885465331123,-0.551649343247128));
#13903=DIRECTION('',(-0.718923421030844,0.422885465331123,-0.551649343247128));
#13904=DIRECTION('',(-0.718923421030844,0.422885465331123,-0.551649343247128));
#13905=DIRECTION('center_axis',(-0.608761429008721,-8.80799145054605E-17,
0.793353340291235));
#13906=DIRECTION('ref_axis',(-0.335497596481062,-0.906183139995264,-0.257436360181996));
#13907=DIRECTION('',(-0.718923421030844,0.422885465331123,-0.551649343247128));
#13908=DIRECTION('',(-0.718923421030844,0.422885465331123,-0.551649343247128));
#13909=DIRECTION('',(0.718923421030844,-0.422885465331123,0.551649343247128));
#13910=DIRECTION('center_axis',(0.608761429008721,8.80799145054605E-17,
-0.793353340291235));
#13911=DIRECTION('ref_axis',(-0.335497596481063,-0.906183139995264,-0.257436360181995));
#13912=DIRECTION('',(0.718923421030844,-0.422885465331123,0.551649343247128));
#13913=DIRECTION('',(-0.718923421030844,0.422885465331122,-0.551649343247128));
#13914=DIRECTION('center_axis',(-0.608761429008721,-8.80799145054605E-17,
0.793353340291235));
#13915=DIRECTION('ref_axis',(-1.23259516440783E-32,-1.,-1.11022302462516E-16));
#13916=DIRECTION('',(0.718923421030844,-0.422885465331123,0.551649343247128));
#13917=DIRECTION('',(-0.718923421030844,0.422885465331123,-0.551649343247128));
#13918=DIRECTION('center_axis',(-0.608761429008721,-8.80799145054605E-17,
0.793353340291235));
#13919=DIRECTION('ref_axis',(-0.335497596481063,-0.906183139995264,-0.257436360181995));
#13920=DIRECTION('',(0.718923421030844,-0.422885465331123,0.551649343247128));
#13921=DIRECTION('center_axis',(-0.608761429008721,-8.80799145054605E-17,
0.793353340291235));
#13922=DIRECTION('ref_axis',(0.335497596481063,0.906183139995264,0.257436360181995));
#13923=DIRECTION('',(0.718923421030844,-0.422885465331123,0.551649343247128));
#13924=DIRECTION('center_axis',(-0.608761429008721,-8.80799145054605E-17,
0.793353340291235));
#13925=DIRECTION('ref_axis',(0.335497596481063,0.906183139995264,0.257436360181995));
#13926=DIRECTION('',(0.718923421030844,-0.422885465331123,0.551649343247128));
#13927=DIRECTION('',(0.718923421030844,-0.422885465331123,0.551649343247128));
#13928=DIRECTION('',(0.718923421030844,-0.422885465331123,0.551649343247128));
#13929=DIRECTION('',(-0.718923421030844,0.422885465331123,-0.551649343247128));
#13930=DIRECTION('center_axis',(-0.608761429008721,-8.80799145054605E-17,
0.793353340291235));
#13931=DIRECTION('ref_axis',(-0.335497596481063,-0.906183139995264,-0.257436360181995));
#13932=DIRECTION('',(-0.718923421030844,0.422885465331123,-0.551649343247128));
#13933=DIRECTION('center_axis',(-0.608761429008721,-8.80799145054605E-17,
0.793353340291235));
#13934=DIRECTION('ref_axis',(-0.335497596481063,-0.906183139995264,-0.257436360181995));
#13935=DIRECTION('',(-0.718923421030844,0.422885465331123,-0.551649343247128));
#13936=DIRECTION('center_axis',(-0.608761429008721,-8.80799145054605E-17,
0.793353340291235));
#13937=DIRECTION('ref_axis',(-0.335497596481063,-0.906183139995264,-0.257436360181995));
#13938=DIRECTION('',(-0.718923421030844,0.422885465331123,-0.551649343247128));
#13939=DIRECTION('center_axis',(-0.608761429008721,-8.80799145054605E-17,
0.793353340291235));
#13940=DIRECTION('ref_axis',(-0.335497596481063,-0.906183139995264,-0.257436360181995));
#13941=DIRECTION('center_axis',(-0.572324560276457,-0.810514840437452,0.124540319314717));
#13942=DIRECTION('ref_axis',(0.818932718926077,-0.57277461104115,0.035755374686944));
#13943=DIRECTION('',(0.394453688533482,-0.405257420218725,-0.824725839876497));
#13944=DIRECTION('',(-0.394453688533477,0.405257420218727,0.824725839876499));
#13945=DIRECTION('center_axis',(-0.608761429008714,-8.80799145054612E-17,
0.79335334029124));
#13946=DIRECTION('ref_axis',(-0.335497596481063,-0.906183139995264,-0.257436360181995));
#13947=DIRECTION('',(-0.694531861341245,-0.40525742021873,0.594467759377685));
#13948=DIRECTION('center_axis',(-0.608761429008726,-8.80799145054602E-17,
0.793353340291231));
#13949=DIRECTION('ref_axis',(0.335497596481063,0.906183139995264,0.257436360181995));
#13950=DIRECTION('',(-0.419004386445743,0.418307039712967,0.805887426794711));
#13951=DIRECTION('',(0.694531852745653,0.405257425274822,-0.594467765973322));
#13952=DIRECTION('center_axis',(0.027831785339087,0.810514840437445,0.585056480312374));
#13953=DIRECTION('ref_axis',(-0.99689300570158,0.0656497100898039,-0.0435252886078317));
#13954=DIRECTION('',(-0.394453688533454,0.40525742021867,0.824725839876538));
#13955=DIRECTION('center_axis',(-0.572324560276457,-0.810514840437452,0.124540319314717));
#13956=DIRECTION('ref_axis',(0.818932718926077,-0.57277461104115,0.035755374686944));
#13957=DIRECTION('',(0.394453688533481,-0.405257420218724,-0.824725839876499));
#13958=DIRECTION('',(-0.394453688533477,0.405257420218728,0.824725839876498));
#13959=DIRECTION('center_axis',(-0.608761429008714,-8.80799145054612E-17,
0.79335334029124));
#13960=DIRECTION('ref_axis',(-0.335497596481063,-0.906183139995264,-0.257436360181995));
#13961=DIRECTION('',(-0.694531861341245,-0.40525742021873,0.594467759377685));
#13962=DIRECTION('center_axis',(-0.608761429008726,-8.80799145054602E-17,
0.793353340291231));
#13963=DIRECTION('ref_axis',(0.335497596481063,0.906183139995264,0.257436360181995));
#13964=DIRECTION('',(-0.419004386445726,0.418307039712964,0.805887426794721));
#13965=DIRECTION('',(0.694531852745653,0.405257425274822,-0.594467765973322));
#13966=DIRECTION('center_axis',(0.027831785339087,0.810514840437445,0.585056480312374));
#13967=DIRECTION('ref_axis',(-0.99689300570158,0.0656497100898039,-0.0435252886078317));
#13968=DIRECTION('',(-0.394453688533477,0.405257420218732,0.824725839876497));
#13969=DIRECTION('center_axis',(-0.572324560276457,-0.810514840437452,0.124540319314717));
#13970=DIRECTION('ref_axis',(0.818932718926077,-0.57277461104115,0.035755374686944));
#13971=DIRECTION('',(0.394453688533482,-0.405257420218725,-0.824725839876498));
#13972=DIRECTION('',(-0.394453688533477,0.405257420218728,0.824725839876498));
#13973=DIRECTION('center_axis',(-0.608761429008714,-8.80799145054612E-17,
0.79335334029124));
#13974=DIRECTION('ref_axis',(-0.335497596481063,-0.906183139995264,-0.257436360181995));
#13975=DIRECTION('',(-0.694531861341245,-0.40525742021873,0.594467759377685));
#13976=DIRECTION('center_axis',(0.0278317853390892,0.810514840437446,0.585056480312372));
#13977=DIRECTION('ref_axis',(-0.996893005701579,0.0656497100898064,-0.0435252886078317));
#13978=DIRECTION('',(-0.394453688533465,0.405257420218728,0.824725839876504));
#13979=DIRECTION('center_axis',(0.02783178533909,0.810514840437446,0.585056480312371));
#13980=DIRECTION('ref_axis',(-0.996893005701579,0.0656497100898073,-0.0435252886078317));
#13981=DIRECTION('',(0.694531861341255,0.405257420218732,-0.594467759377672));
#13982=DIRECTION('center_axis',(-0.608761429008714,-8.80799145054612E-17,
0.79335334029124));
#13983=DIRECTION('ref_axis',(-0.335497596481063,-0.906183139995264,-0.257436360181995));
#13984=DIRECTION('',(0.394453697129054,-0.405257425274841,-0.824725833280871));
#13985=DIRECTION('center_axis',(-0.572324560276457,-0.810514840437452,0.124540319314716));
#13986=DIRECTION('ref_axis',(0.818932718926077,-0.572774611041149,0.035755374686944));
#13987=DIRECTION('',(0.394453688533481,-0.405257420218716,-0.824725839876502));
#13988=DIRECTION('',(-0.39445368853351,0.405257420218754,0.82472583987647));
#13989=DIRECTION('center_axis',(-0.608761429008713,-8.80799145054612E-17,
0.793353340291241));
#13990=DIRECTION('ref_axis',(-0.335497596481063,-0.906183139995264,-0.257436360181995));
#13991=DIRECTION('',(0.394453697129054,-0.405257425274841,-0.824725833280872));
#13992=DIRECTION('',(0.694531861341255,0.405257420218724,-0.594467759377678));
#13993=DIRECTION('center_axis',(0.0278317853390946,0.810514840437449,0.585056480312367));
#13994=DIRECTION('ref_axis',(-0.996893005701579,0.0656497100898125,-0.0435252886078317));
#13995=DIRECTION('center_axis',(-0.572324560276457,-0.810514840437452,0.124540319314716));
#13996=DIRECTION('ref_axis',(0.818932718926077,-0.572774611041149,0.035755374686944));
#13997=DIRECTION('center_axis',(0.335497596481059,0.906183139995266,0.257436360181992));
#13998=DIRECTION('ref_axis',(-0.93318834449219,0.357070650851368,-0.0407438830317624));
#13999=DIRECTION('center_axis',(1.,-1.23259516440783E-32,-2.73691106313441E-48));
#14000=DIRECTION('ref_axis',(1.23259516440783E-32,1.,1.11022302462516E-16));
#14001=DIRECTION('',(1.23259516440783E-32,1.,1.11022302462516E-16));
#14002=DIRECTION('',(8.71576399210524E-33,0.707106781186547,0.707106781186548));
#14003=DIRECTION('',(-2.73691106313441E-48,1.11022302462516E-16,-1.));
#14004=DIRECTION('',(1.23259516440783E-32,1.,1.11022302462516E-16));
#14005=DIRECTION('',(8.71576399210522E-33,0.707106781186546,-0.707106781186549));
#14006=DIRECTION('',(9.86076131526264E-33,0.8,-0.6));
#14007=DIRECTION('',(8.71576399210525E-33,0.707106781186547,0.707106781186548));
#14008=DIRECTION('',(9.86076131526264E-33,0.8,-0.6));
#14009=DIRECTION('',(-5.51233315270684E-33,-0.447213595499955,0.894427190999917));
#14010=DIRECTION('center_axis',(-1.,1.23259516440783E-32,2.73691106313441E-48));
#14011=DIRECTION('ref_axis',(1.23259516440783E-32,1.,1.11022302462516E-16));
#14012=DIRECTION('',(1.23259516440783E-32,1.,1.11022302462516E-16));
#14013=DIRECTION('',(8.71576399210524E-33,0.707106781186547,0.707106781186548));
#14014=DIRECTION('',(-2.73691106313441E-48,1.11022302462516E-16,-1.));
#14015=DIRECTION('',(-1.23259516440783E-32,-1.,-1.11022302462516E-16));
#14016=DIRECTION('',(8.71576399210523E-33,0.707106781186547,-0.707106781186548));
#14017=DIRECTION('',(-2.73691106313441E-48,1.11022302462516E-16,-1.));
#14018=DIRECTION('',(-1.23259516440783E-32,-1.,-1.11022302462516E-16));
#14019=DIRECTION('',(-2.73691106313441E-48,1.11022302462516E-16,-1.));
#14020=DIRECTION('',(8.71576399210524E-33,0.707106781186547,0.707106781186548));
#14021=DIRECTION('',(-1.23259516440783E-32,-1.,-1.11022302462516E-16));
#14022=DIRECTION('',(8.71576399210522E-33,0.707106781186546,-0.707106781186549));
#14023=DIRECTION('',(9.86076131526264E-33,0.8,-0.6));
#14024=DIRECTION('',(8.71576399210525E-33,0.707106781186547,0.707106781186548));
#14025=DIRECTION('',(9.86076131526264E-33,0.8,-0.6));
#14026=DIRECTION('',(-5.51233315270684E-33,-0.447213595499955,0.894427190999917));
#14027=DIRECTION('center_axis',(-1.,1.23259516440783E-32,2.73691106313441E-48));
#14028=DIRECTION('ref_axis',(-1.23259516440783E-32,-1.,-1.11022302462516E-16));
#14029=DIRECTION('',(-1.23259516440783E-32,-1.,-1.11022302462516E-16));
#14030=DIRECTION('',(5.51233315270684E-33,0.447213595499955,-0.894427190999917));
#14031=DIRECTION('',(9.86076131526264E-33,0.8,-0.6));
#14032=DIRECTION('',(-8.71576399210525E-33,-0.707106781186547,-0.707106781186548));
#14033=DIRECTION('',(9.86076131526264E-33,0.8,-0.6));
#14034=DIRECTION('',(-8.71576399210522E-33,-0.707106781186546,0.707106781186549));
#14035=DIRECTION('',(-1.23259516440783E-32,-1.,-1.11022302462516E-16));
#14036=DIRECTION('',(8.71576399210524E-33,0.707106781186547,0.707106781186548));
#14037=DIRECTION('',(2.73691106313441E-48,-1.11022302462516E-16,1.));
#14038=DIRECTION('',(-1.23259516440783E-32,-1.,-1.11022302462516E-16));
#14039=DIRECTION('',(-2.73691106313441E-48,1.11022302462516E-16,-1.));
#14040=DIRECTION('',(8.71576399210523E-33,0.707106781186547,-0.707106781186548));
#14041=DIRECTION('',(1.23259516440783E-32,1.,1.11022302462516E-16));
#14042=DIRECTION('',(-2.73691106313441E-48,1.11022302462516E-16,-1.));
#14043=DIRECTION('',(-8.71576399210524E-33,-0.707106781186547,-0.707106781186548));
#14044=DIRECTION('center_axis',(-4.34121368882171E-16,-0.894427190999917,
-0.447213595499955));
#14045=DIRECTION('ref_axis',(1.,-4.85362445652897E-16,-5.38860562452222E-32));
#14046=DIRECTION('',(-1.,4.85362445652897E-16,5.38860562452222E-32));
#14047=DIRECTION('',(1.,-3.22110629816091E-16,-3.26503631673614E-16));
#14048=DIRECTION('center_axis',(-4.34121368882171E-16,-0.894427190999917,
-0.447213595499955));
#14049=DIRECTION('ref_axis',(1.,-4.85362445652897E-16,-5.38860562452222E-32));
#14050=DIRECTION('',(-1.,4.85362445652897E-16,5.38860562452222E-32));
#14051=DIRECTION('',(1.,-3.22110629816091E-16,-3.26503631673614E-16));
#14052=DIRECTION('',(1.,-3.22110629816091E-16,-3.26503631673614E-16));
#14053=DIRECTION('',(5.51233315270684E-33,0.447213595499955,-0.894427190999917));
#14054=DIRECTION('center_axis',(8.71576399210527E-33,0.707106781186549,
0.707106781186546));
#14055=DIRECTION('ref_axis',(-1.,1.23259516440783E-32,2.73691106313441E-48));
#14056=DIRECTION('',(-1.,-4.61061523360172E-18,4.61061523360175E-18));
#14057=DIRECTION('',(1.,-1.23259516440783E-32,-2.73691106313441E-48));
#14058=DIRECTION('center_axis',(8.71576399210527E-33,0.707106781186549,
0.707106781186546));
#14059=DIRECTION('ref_axis',(-1.,1.23259516440783E-32,2.73691106313441E-48));
#14060=DIRECTION('',(-8.71576399210522E-33,-0.707106781186546,0.707106781186549));
#14061=DIRECTION('',(-1.,-4.61061523360172E-18,4.61061523360175E-18));
#14062=DIRECTION('',(1.,-1.23259516440783E-32,-2.73691106313441E-48));
#14063=DIRECTION('center_axis',(1.,-1.23259516440783E-32,-2.73691106313441E-48));
#14064=DIRECTION('ref_axis',(1.23259516440783E-32,1.,1.11022302462516E-16));
#14065=DIRECTION('',(5.51233315270687E-33,0.447213595499958,-0.894427190999916));
#14066=DIRECTION('',(9.86076131526264E-33,0.8,-0.6));
#14067=DIRECTION('',(8.71576399210525E-33,0.707106781186547,0.707106781186548));
#14068=DIRECTION('',(9.86076131526264E-33,0.8,-0.6));
#14069=DIRECTION('',(5.51233315270688E-33,0.447213595499959,-0.894427190999916));
#14070=DIRECTION('',(1.23259516440783E-32,1.,1.11022302462516E-16));
#14071=DIRECTION('',(8.71576399210524E-33,0.707106781186547,0.707106781186548));
#14072=DIRECTION('',(-2.73691106313441E-48,1.11022302462516E-16,-1.));
#14073=DIRECTION('',(-1.23259516440783E-32,-1.,-1.11022302462516E-16));
#14074=DIRECTION('center_axis',(-1.,1.23259516440783E-32,2.73691106313441E-48));
#14075=DIRECTION('ref_axis',(-1.23259516440783E-32,-1.,-1.11022302462516E-16));
#14076=DIRECTION('',(-1.23259516440783E-32,-1.,-1.11022302462516E-16));
#14077=DIRECTION('',(-2.73691106313441E-48,1.11022302462516E-16,-1.));
#14078=DIRECTION('',(-8.71576399210524E-33,-0.707106781186547,-0.707106781186548));
#14079=DIRECTION('',(-1.23259516440783E-32,-1.,-1.11022302462516E-16));
#14080=DIRECTION('',(-5.51233315270688E-33,-0.447213595499959,0.894427190999916));
#14081=DIRECTION('',(9.86076131526264E-33,0.8,-0.6));
#14082=DIRECTION('',(-8.71576399210525E-33,-0.707106781186547,-0.707106781186548));
#14083=DIRECTION('',(9.86076131526264E-33,0.8,-0.6));
#14084=DIRECTION('center_axis',(1.,-1.23259516440783E-32,-2.73691106313441E-48));
#14085=DIRECTION('ref_axis',(1.23259516440783E-32,1.,1.11022302462516E-16));
#14086=DIRECTION('',(-8.71576399210523E-33,-0.707106781186546,-0.707106781186549));
#14087=DIRECTION('',(9.86076131526264E-33,0.8,-0.6));
#14088=DIRECTION('',(5.51233315270686E-33,0.447213595499957,-0.894427190999916));
#14089=DIRECTION('',(1.23259516440783E-32,1.,1.11022302462516E-16));
#14090=DIRECTION('',(8.71576399210524E-33,0.707106781186547,0.707106781186548));
#14091=DIRECTION('',(2.73691106313441E-48,-1.11022302462516E-16,1.));
#14092=DIRECTION('',(1.23259516440783E-32,1.,1.11022302462516E-16));
#14093=DIRECTION('center_axis',(1.23259516440783E-32,1.,1.11022302462516E-16));
#14094=DIRECTION('ref_axis',(1.,-1.23259516440783E-32,-2.73691106313441E-48));
#14095=DIRECTION('',(-1.,2.37587183864118E-32,-1.02977208081174E-16));
#14096=DIRECTION('',(-2.73691106313441E-48,1.11022302462516E-16,-1.));
#14097=DIRECTION('',(1.,-1.23259516440783E-32,-2.73691106313441E-48));
#14098=DIRECTION('',(-2.73691106313441E-48,1.11022302462516E-16,-1.));
#14099=DIRECTION('center_axis',(6.90792112207938E-17,0.894427190999916,
0.447213595499957));
#14100=DIRECTION('ref_axis',(-1.,7.72329060608805E-17,8.57457505675013E-33));
#14101=DIRECTION('',(-1.,7.72329060608805E-17,8.57457505675013E-33));
#14102=DIRECTION('',(-5.51233315270686E-33,-0.447213595499957,0.894427190999916));
#14103=DIRECTION('',(1.,-7.72329060608805E-17,-8.57457505675013E-33));
#14104=DIRECTION('center_axis',(1.,-1.23259516440783E-32,-2.73691106313441E-48));
#14105=DIRECTION('ref_axis',(-1.23259516440783E-32,-1.,-1.11022302462516E-16));
#14106=DIRECTION('',(9.86076131526264E-33,0.8,-0.6));
#14107=DIRECTION('',(-8.71576399210525E-33,-0.707106781186547,-0.707106781186548));
#14108=DIRECTION('',(9.86076131526264E-33,0.8,-0.6));
#14109=DIRECTION('',(-5.51233315270687E-33,-0.447213595499958,0.894427190999916));
#14110=DIRECTION('',(1.23259516440783E-32,1.,1.11022302462516E-16));
#14111=DIRECTION('',(-8.71576399210524E-33,-0.707106781186547,-0.707106781186548));
#14112=DIRECTION('',(-2.73691106313441E-48,1.11022302462516E-16,-1.));
#14113=DIRECTION('',(1.23259516440783E-32,1.,1.11022302462516E-16));
#14114=DIRECTION('',(-2.73691106313441E-48,1.11022302462516E-16,-1.));
#14115=DIRECTION('',(-8.71576399210523E-33,-0.707106781186547,0.707106781186548));
#14116=DIRECTION('',(1.23259516440783E-32,1.,1.11022302462516E-16));
#14117=DIRECTION('',(-2.73691106313441E-48,1.11022302462516E-16,-1.));
#14118=DIRECTION('',(-8.71576399210524E-33,-0.707106781186547,-0.707106781186548));
#14119=DIRECTION('',(-1.23259516440783E-32,-1.,-1.11022302462516E-16));
#14120=DIRECTION('center_axis',(6.90792112207937E-17,0.894427190999916,
0.447213595499958));
#14121=DIRECTION('ref_axis',(-1.,7.72329060608805E-17,8.57457505675013E-33));
#14122=DIRECTION('',(5.51233315270687E-33,0.447213595499958,-0.894427190999916));
#14123=DIRECTION('',(1.,-7.72329060608805E-17,-8.57457505675013E-33));
#14124=DIRECTION('',(-1.,7.72329060608805E-17,8.57457505675013E-33));
#14125=DIRECTION('center_axis',(2.73691106313441E-48,-1.11022302462516E-16,
1.));
#14126=DIRECTION('ref_axis',(-1.23259516440783E-32,-1.,-1.11022302462516E-16));
#14127=DIRECTION('',(-1.23259516440783E-32,-1.,-1.11022302462516E-16));
#14128=DIRECTION('',(-1.,1.23259516440783E-32,2.73691106313441E-48));
#14129=DIRECTION('center_axis',(6.90792112207938E-17,0.894427190999916,
0.447213595499957));
#14130=DIRECTION('ref_axis',(-1.,7.72329060608805E-17,8.57457505675013E-33));
#14131=DIRECTION('',(-5.51233315270686E-33,-0.447213595499957,0.894427190999916));
#14132=DIRECTION('',(1.,-7.72329060608805E-17,-8.57457505675013E-33));
#14133=DIRECTION('',(5.51233315270686E-33,0.447213595499957,-0.894427190999916));
#14134=DIRECTION('',(-1.,7.72329060608805E-17,8.57457505675013E-33));
#14135=DIRECTION('center_axis',(-1.,1.23259516440783E-32,2.73691106313441E-48));
#14136=DIRECTION('ref_axis',(-1.23259516440783E-32,-1.,-1.11022302462516E-16));
#14137=DIRECTION('',(9.86076131526264E-33,0.8,-0.6));
#14138=DIRECTION('',(-8.71576399210525E-33,-0.707106781186547,-0.707106781186548));
#14139=DIRECTION('',(9.86076131526264E-33,0.8,-0.6));
#14140=DIRECTION('',(-5.51233315270687E-33,-0.447213595499958,0.894427190999916));
#14141=DIRECTION('',(1.23259516440783E-32,1.,1.11022302462516E-16));
#14142=DIRECTION('',(-2.73691106313441E-48,1.11022302462516E-16,-1.));
#14143=DIRECTION('',(-8.71576399210524E-33,-0.707106781186547,-0.707106781186548));
#14144=DIRECTION('',(-1.23259516440783E-32,-1.,-1.11022302462516E-16));
#14145=DIRECTION('center_axis',(6.90792112207937E-17,0.894427190999916,
0.447213595499958));
#14146=DIRECTION('ref_axis',(-1.,7.72329060608805E-17,8.57457505675013E-33));
#14147=DIRECTION('',(5.51233315270687E-33,0.447213595499958,-0.894427190999916));
#14148=DIRECTION('',(1.,-7.72329060608805E-17,-8.57457505675013E-33));
#14149=DIRECTION('',(-1.,7.72329060608805E-17,8.57457505675013E-33));
#14150=DIRECTION('center_axis',(2.73691106313441E-48,-1.11022302462516E-16,
1.));
#14151=DIRECTION('ref_axis',(-1.23259516440783E-32,-1.,-1.11022302462516E-16));
#14152=DIRECTION('',(-1.23259516440783E-32,-1.,-1.11022302462516E-16));
#14153=DIRECTION('',(-1.,1.23259516440783E-32,2.73691106313441E-48));
#14154=DIRECTION('',(-1.23259516440783E-32,-1.,-1.11022302462516E-16));
#14155=DIRECTION('',(1.,-1.23259516440783E-32,-2.73691106313441E-48));
#14156=DIRECTION('',(-1.23259516440783E-32,-1.,-1.11022302462516E-16));
#14157=DIRECTION('',(1.,-1.23259516440783E-32,-2.73691106313441E-48));
#14158=DIRECTION('center_axis',(6.90792112207937E-17,0.894427190999916,
0.447213595499959));
#14159=DIRECTION('ref_axis',(-1.,7.72329060608805E-17,8.57457505675013E-33));
#14160=DIRECTION('',(-5.51233315270688E-33,-0.447213595499959,0.894427190999916));
#14161=DIRECTION('',(1.,-7.72329060608805E-17,-8.57457505675013E-33));
#14162=DIRECTION('',(5.51233315270688E-33,0.447213595499959,-0.894427190999916));
#14163=DIRECTION('',(-1.,7.72329060608805E-17,8.57457505675013E-33));
#14164=DIRECTION('center_axis',(-1.,1.23259516440783E-32,2.73691106313441E-48));
#14165=DIRECTION('ref_axis',(-1.23259516440783E-32,-1.,-1.11022302462516E-16));
#14166=DIRECTION('',(9.86076131526264E-33,0.8,-0.6));
#14167=DIRECTION('',(-8.71576399210525E-33,-0.707106781186547,-0.707106781186548));
#14168=DIRECTION('',(9.86076131526264E-33,0.8,-0.6));
#14169=DIRECTION('',(-5.51233315270687E-33,-0.447213595499958,0.894427190999916));
#14170=DIRECTION('',(1.23259516440783E-32,1.,1.11022302462516E-16));
#14171=DIRECTION('',(-2.73691106313441E-48,1.11022302462516E-16,-1.));
#14172=DIRECTION('',(-8.71576399210524E-33,-0.707106781186547,-0.707106781186548));
#14173=DIRECTION('',(-1.23259516440783E-32,-1.,-1.11022302462516E-16));
#14174=DIRECTION('center_axis',(6.90792112207937E-17,0.894427190999916,
0.447213595499958));
#14175=DIRECTION('ref_axis',(-1.,7.72329060608805E-17,8.57457505675013E-33));
#14176=DIRECTION('',(1.,-7.72329060608805E-17,-8.57457505675013E-33));
#14177=DIRECTION('',(-1.,7.72329060608805E-17,8.57457505675013E-33));
#14178=DIRECTION('center_axis',(2.73691106313441E-48,-1.11022302462516E-16,
1.));
#14179=DIRECTION('ref_axis',(-1.23259516440783E-32,-1.,-1.11022302462516E-16));
#14180=DIRECTION('',(1.,-1.23259516440783E-32,-2.73691106313441E-48));
#14181=DIRECTION('',(1.23259516440783E-32,1.,1.11022302462516E-16));
#14182=DIRECTION('',(-1.23259516440783E-32,-1.,-1.11022302462516E-16));
#14183=DIRECTION('',(-1.,1.23259516440783E-32,2.73691106313441E-48));
#14184=DIRECTION('center_axis',(6.90792112207937E-17,0.894427190999916,
0.447213595499959));
#14185=DIRECTION('ref_axis',(-1.,7.72329060608805E-17,8.57457505675013E-33));
#14186=DIRECTION('',(1.,-7.72329060608805E-17,-8.57457505675013E-33));
#14187=DIRECTION('',(-1.,7.72329060608805E-17,8.57457505675013E-33));
#14188=DIRECTION('center_axis',(1.,-1.23259516440783E-32,-2.73691106313441E-48));
#14189=DIRECTION('ref_axis',(1.23259516440783E-32,1.,1.11022302462516E-16));
#14190=DIRECTION('',(1.23259516440783E-32,1.,1.11022302462516E-16));
#14191=DIRECTION('',(8.71576399210524E-33,0.707106781186547,0.707106781186548));
#14192=DIRECTION('',(-2.73691106313441E-48,1.11022302462516E-16,-1.));
#14193=DIRECTION('',(-1.23259516440783E-32,-1.,-1.11022302462516E-16));
#14194=DIRECTION('',(-8.71576399210523E-33,-0.707106781186547,0.707106781186548));
#14195=DIRECTION('',(2.73691106313441E-48,-1.11022302462516E-16,1.));
#14196=DIRECTION('',(1.23259516440783E-32,1.,1.11022302462516E-16));
#14197=DIRECTION('',(-2.73691106313441E-48,1.11022302462516E-16,-1.));
#14198=DIRECTION('',(-8.71576399210524E-33,-0.707106781186547,-0.707106781186548));
#14199=DIRECTION('',(9.86076131526264E-33,0.8,-0.6));
#14200=DIRECTION('',(8.71576399210525E-33,0.707106781186547,0.707106781186548));
#14201=DIRECTION('',(9.86076131526264E-33,0.8,-0.6));
#14202=DIRECTION('center_axis',(1.,-1.23259516440783E-32,-2.73691106313441E-48));
#14203=DIRECTION('ref_axis',(1.23259516440783E-32,1.,1.11022302462516E-16));
#14204=DIRECTION('',(1.23259516440783E-32,1.,1.11022302462516E-16));
#14205=DIRECTION('',(8.71576399210524E-33,0.707106781186547,0.707106781186548));
#14206=DIRECTION('',(-2.73691106313441E-48,1.11022302462516E-16,-1.));
#14207=DIRECTION('',(-8.71576399210523E-33,-0.707106781186547,0.707106781186548));
#14208=DIRECTION('',(2.73691106313441E-48,-1.11022302462516E-16,1.));
#14209=DIRECTION('',(1.23259516440783E-32,1.,1.11022302462516E-16));
#14210=DIRECTION('',(-2.73691106313441E-48,1.11022302462516E-16,-1.));
#14211=DIRECTION('',(-8.71576399210524E-33,-0.707106781186547,-0.707106781186548));
#14212=DIRECTION('',(9.86076131526264E-33,0.8,-0.6));
#14213=DIRECTION('',(8.71576399210525E-33,0.707106781186547,0.707106781186548));
#14214=DIRECTION('',(9.86076131526264E-33,0.8,-0.6));
#14215=DIRECTION('center_axis',(2.73691106313441E-48,-1.11022302462516E-16,
1.));
#14216=DIRECTION('ref_axis',(-1.23259516440783E-32,-1.,-1.11022302462516E-16));
#14217=DIRECTION('',(-1.,1.23259516440783E-32,2.73691106313441E-48));
#14218=DIRECTION('center_axis',(-8.71576399210525E-33,-0.707106781186548,
0.707106781186547));
#14219=DIRECTION('ref_axis',(1.,-1.23259516440783E-32,-2.73691106313441E-48));
#14220=DIRECTION('',(-1.,1.23259516440783E-32,2.73691106313441E-48));
#14221=DIRECTION('center_axis',(2.73691106313441E-48,-1.11022302462516E-16,
1.));
#14222=DIRECTION('ref_axis',(-1.23259516440783E-32,-1.,-1.11022302462516E-16));
#14223=DIRECTION('',(-1.,1.23259516440783E-32,2.73691106313441E-48));
#14224=DIRECTION('center_axis',(-8.71576399210525E-33,-0.707106781186548,
0.707106781186547));
#14225=DIRECTION('ref_axis',(1.,-1.23259516440783E-32,-2.73691106313441E-48));
#14226=DIRECTION('',(-1.,1.23259516440783E-32,2.73691106313441E-48));
#14227=DIRECTION('center_axis',(2.73691106313441E-48,-1.11022302462516E-16,
1.));
#14228=DIRECTION('ref_axis',(-1.23259516440783E-32,-1.,-1.11022302462516E-16));
#14229=DIRECTION('',(-1.,1.23259516440783E-32,2.73691106313441E-48));
#14230=DIRECTION('center_axis',(-8.71576399210525E-33,-0.707106781186548,
0.707106781186547));
#14231=DIRECTION('ref_axis',(1.,-1.23259516440783E-32,-2.73691106313441E-48));
#14232=DIRECTION('',(-1.,1.23259516440783E-32,2.73691106313441E-48));
#14233=DIRECTION('center_axis',(2.73691106313441E-48,-1.11022302462516E-16,
1.));
#14234=DIRECTION('ref_axis',(-1.23259516440783E-32,-1.,-1.11022302462516E-16));
#14235=DIRECTION('',(-1.,1.23259516440783E-32,2.73691106313441E-48));
#14236=DIRECTION('',(-1.23259516440783E-32,-1.,-1.11022302462516E-16));
#14237=DIRECTION('center_axis',(2.73691106313441E-48,-1.11022302462516E-16,
1.));
#14238=DIRECTION('ref_axis',(-1.23259516440783E-32,-1.,-1.11022302462516E-16));
#14239=DIRECTION('',(-1.,1.23259516440783E-32,2.73691106313441E-48));
#14240=DIRECTION('center_axis',(-8.71576399210525E-33,-0.707106781186548,
0.707106781186547));
#14241=DIRECTION('ref_axis',(1.,-1.23259516440783E-32,-2.73691106313441E-48));
#14242=DIRECTION('',(1.,-1.23259516440783E-32,-2.73691106313441E-48));
#14243=DIRECTION('center_axis',(2.73691106313441E-48,-1.11022302462516E-16,
1.));
#14244=DIRECTION('ref_axis',(-1.23259516440783E-32,-1.,-1.11022302462516E-16));
#14245=DIRECTION('',(-1.,1.23259516440783E-32,2.73691106313441E-48));
#14246=DIRECTION('center_axis',(-8.71576399210525E-33,-0.707106781186548,
0.707106781186547));
#14247=DIRECTION('ref_axis',(1.,-1.23259516440783E-32,-2.73691106313441E-48));
#14248=DIRECTION('',(1.,-1.23259516440783E-32,-2.73691106313441E-48));
#14249=DIRECTION('center_axis',(-8.71576399210525E-33,-0.707106781186548,
0.707106781186547));
#14250=DIRECTION('ref_axis',(1.,-1.23259516440783E-32,-2.73691106313441E-48));
#14251=DIRECTION('',(8.71576399210524E-33,0.707106781186547,0.707106781186548));
#14252=DIRECTION('',(1.,-1.23259516440783E-32,-2.73691106313441E-48));
#14253=DIRECTION('',(-8.71576399210524E-33,-0.707106781186547,-0.707106781186548));
#14254=DIRECTION('',(-1.,1.23259516440783E-32,2.73691106313441E-48));
#14255=DIRECTION('center_axis',(-8.71576399210525E-33,-0.707106781186548,
0.707106781186547));
#14256=DIRECTION('ref_axis',(1.,-1.23259516440783E-32,-2.73691106313441E-48));
#14257=DIRECTION('',(-1.,1.23259516440783E-32,2.73691106313441E-48));
#14258=DIRECTION('',(1.,-1.23259516440783E-32,-2.73691106313441E-48));
#14259=DIRECTION('center_axis',(8.71576399210526E-33,0.707106781186548,
0.707106781186547));
#14260=DIRECTION('ref_axis',(-1.,1.23259516440783E-32,2.73691106313441E-48));
#14261=DIRECTION('',(-8.71576399210523E-33,-0.707106781186547,0.707106781186548));
#14262=DIRECTION('',(-1.,1.23259516440783E-32,2.73691106313441E-48));
#14263=DIRECTION('',(8.71576399210523E-33,0.707106781186547,-0.707106781186548));
#14264=DIRECTION('',(1.,-1.23259516440783E-32,-2.73691106313441E-48));
#14265=DIRECTION('center_axis',(8.71576399210526E-33,0.707106781186548,
0.707106781186547));
#14266=DIRECTION('ref_axis',(-1.,1.23259516440783E-32,2.73691106313441E-48));
#14267=DIRECTION('',(-1.,1.23259516440783E-32,2.73691106313441E-48));
#14268=DIRECTION('',(1.,-1.23259516440783E-32,-2.73691106313441E-48));
#14269=DIRECTION('center_axis',(2.73691106313441E-48,-1.11022302462516E-16,
1.));
#14270=DIRECTION('ref_axis',(-1.23259516440783E-32,-1.,-1.11022302462516E-16));
#14271=DIRECTION('',(1.,-1.23259516440783E-32,-2.73691106313441E-48));
#14272=DIRECTION('',(1.23259516440783E-32,1.,1.11022302462516E-16));
#14273=DIRECTION('',(-1.23259516440783E-32,-1.,-1.11022302462516E-16));
#14274=DIRECTION('center_axis',(2.73691106313441E-48,-1.11022302462516E-16,
1.));
#14275=DIRECTION('ref_axis',(-1.,1.23259516440783E-32,2.73691106313441E-48));
#14276=DIRECTION('',(1.,-1.23259516440783E-32,-2.73691106313441E-48));
#14277=DIRECTION('',(-1.23259516440783E-32,-1.,-1.11022302462516E-16));
#14278=DIRECTION('',(-1.,1.23259516440783E-32,2.73691106313441E-48));
#14279=DIRECTION('center_axis',(2.73691106313441E-48,-1.11022302462516E-16,
1.));
#14280=DIRECTION('ref_axis',(-1.23259516440783E-32,-1.,-1.11022302462516E-16));
#14281=DIRECTION('center_axis',(2.73691106313441E-48,-1.11022302462516E-16,
1.));
#14282=DIRECTION('ref_axis',(-1.23259516440783E-32,-1.,-1.11022302462516E-16));
#14283=DIRECTION('',(1.,-1.23259516440783E-32,-2.73691106313441E-48));
#14284=DIRECTION('center_axis',(8.71576399210526E-33,0.707106781186548,
0.707106781186547));
#14285=DIRECTION('ref_axis',(-1.,1.23259516440783E-32,2.73691106313441E-48));
#14286=DIRECTION('',(1.,-1.23259516440783E-32,-2.73691106313441E-48));
#14287=DIRECTION('',(-1.,1.23259516440783E-32,2.73691106313441E-48));
#14288=DIRECTION('center_axis',(-8.71576399210525E-33,-0.707106781186548,
0.707106781186547));
#14289=DIRECTION('ref_axis',(1.,-1.23259516440783E-32,-2.73691106313441E-48));
#14290=DIRECTION('',(1.,-1.23259516440783E-32,-2.73691106313441E-48));
#14291=DIRECTION('center_axis',(2.73691106313441E-48,-1.11022302462516E-16,
1.));
#14292=DIRECTION('ref_axis',(-1.23259516440783E-32,-1.,-1.11022302462516E-16));
#14293=DIRECTION('',(1.,-1.23259516440783E-32,-2.73691106313441E-48));
#14294=DIRECTION('center_axis',(2.73691106313441E-48,-1.11022302462516E-16,
1.));
#14295=DIRECTION('ref_axis',(-1.,1.23259516440783E-32,2.73691106313441E-48));
#14296=DIRECTION('',(-1.,1.23259516440783E-32,2.73691106313441E-48));
#14297=DIRECTION('',(1.23259516440783E-32,1.,1.11022302462516E-16));
#14298=DIRECTION('',(1.,-1.23259516440783E-32,-2.73691106313441E-48));
#14299=DIRECTION('center_axis',(8.71576399210526E-33,0.707106781186548,
0.707106781186547));
#14300=DIRECTION('ref_axis',(-1.,1.23259516440783E-32,2.73691106313441E-48));
#14301=DIRECTION('',(-8.71576399210523E-33,-0.707106781186547,0.707106781186548));
#14302=DIRECTION('',(-1.,1.23259516440783E-32,2.73691106313441E-48));
#14303=DIRECTION('center_axis',(-8.71576399210525E-33,-0.707106781186548,
0.707106781186547));
#14304=DIRECTION('ref_axis',(1.,-1.23259516440783E-32,-2.73691106313441E-48));
#14305=DIRECTION('',(1.,-1.23259516440783E-32,-2.73691106313441E-48));
#14306=DIRECTION('',(-8.71576399210524E-33,-0.707106781186547,-0.707106781186548));
#14307=DIRECTION('center_axis',(2.73691106313441E-48,-1.11022302462516E-16,
1.));
#14308=DIRECTION('ref_axis',(-1.,1.23259516440783E-32,2.73691106313441E-48));
#14309=DIRECTION('',(-1.,1.23259516440783E-32,2.73691106313441E-48));
#14310=DIRECTION('',(1.23259516440783E-32,1.,1.11022302462516E-16));
#14311=DIRECTION('',(1.,-1.23259516440783E-32,-2.73691106313441E-48));
#14312=DIRECTION('center_axis',(-1.,1.23259516440783E-32,2.73691106313441E-48));
#14313=DIRECTION('ref_axis',(1.23259516440783E-32,1.,1.11022302462516E-16));
#14314=DIRECTION('',(-2.73691106313441E-48,1.11022302462516E-16,-1.));
#14315=DIRECTION('',(-1.23259516440783E-32,-1.,-1.11022302462516E-16));
#14316=DIRECTION('',(-2.73691106313441E-48,1.11022302462516E-16,-1.));
#14317=DIRECTION('center_axis',(-1.23259516440783E-32,-1.,-1.11022302462516E-16));
#14318=DIRECTION('ref_axis',(-1.,1.23259516440783E-32,2.73691106313441E-48));
#14319=DIRECTION('',(-2.73691106313441E-48,1.11022302462516E-16,-1.));
#14320=DIRECTION('',(1.,-1.23259516440783E-32,-2.73691106313441E-48));
#14321=DIRECTION('center_axis',(1.23259516440783E-32,1.,1.11022302462516E-16));
#14322=DIRECTION('ref_axis',(1.,-1.23259516440783E-32,-2.73691106313441E-48));
#14323=DIRECTION('',(-2.73691106313441E-48,1.11022302462516E-16,-1.));
#14324=DIRECTION('',(-1.,1.23259516440783E-32,2.73691106313441E-48));
#14325=DIRECTION('center_axis',(1.23259516440783E-32,1.,1.11022302462516E-16));
#14326=DIRECTION('ref_axis',(1.,-1.23259516440783E-32,-2.73691106313441E-48));
#14327=DIRECTION('',(-1.,1.23259516440783E-32,2.73691106313441E-48));
#14328=DIRECTION('',(-2.73691106313441E-48,1.11022302462516E-16,-1.));
#14329=DIRECTION('center_axis',(1.,-1.23259516440783E-32,-2.73691106313441E-48));
#14330=DIRECTION('ref_axis',(-1.23259516440783E-32,-1.,-1.11022302462516E-16));
#14331=DIRECTION('',(1.23259516440783E-32,1.,1.11022302462516E-16));
#14332=DIRECTION('center_axis',(-1.,1.23259516440783E-32,2.73691106313441E-48));
#14333=DIRECTION('ref_axis',(1.23259516440783E-32,1.,1.11022302462516E-16));
#14334=DIRECTION('',(-2.73691106313441E-48,1.11022302462516E-16,-1.));
#14335=DIRECTION('',(-1.23259516440783E-32,-1.,-1.11022302462516E-16));
#14336=DIRECTION('',(-2.73691106313441E-48,1.11022302462516E-16,-1.));
#14337=DIRECTION('center_axis',(1.23259516440783E-32,1.,1.11022302462516E-16));
#14338=DIRECTION('ref_axis',(1.,-1.23259516440783E-32,-2.73691106313441E-48));
#14339=DIRECTION('',(-1.,1.23259516440783E-32,2.73691106313441E-48));
#14340=DIRECTION('',(-2.73691106313441E-48,1.11022302462516E-16,-1.));
#14341=DIRECTION('center_axis',(1.,-1.23259516440783E-32,-2.73691106313441E-48));
#14342=DIRECTION('ref_axis',(-1.23259516440783E-32,-1.,-1.11022302462516E-16));
#14343=DIRECTION('',(1.23259516440783E-32,1.,1.11022302462516E-16));
#14344=DIRECTION('',(-2.73691106313441E-48,1.11022302462516E-16,-1.));
#14345=DIRECTION('center_axis',(-1.23259516440783E-32,-1.,-1.11022302462516E-16));
#14346=DIRECTION('ref_axis',(-1.,1.23259516440783E-32,2.73691106313441E-48));
#14347=DIRECTION('',(1.,-1.23259516440783E-32,-2.73691106313441E-48));
#14348=DIRECTION('center_axis',(-1.,1.23259516440783E-32,2.73691106313441E-48));
#14349=DIRECTION('ref_axis',(1.23259516440783E-32,1.,1.11022302462516E-16));
#14350=DIRECTION('',(-2.73691106313441E-48,1.11022302462516E-16,-1.));
#14351=DIRECTION('',(-1.23259516440783E-32,-1.,-1.11022302462516E-16));
#14352=DIRECTION('center_axis',(-1.23259516440783E-32,-1.,-1.11022302462516E-16));
#14353=DIRECTION('ref_axis',(-1.,1.23259516440783E-32,2.73691106313441E-48));
#14354=DIRECTION('',(1.,-1.23259516440783E-32,-2.73691106313441E-48));
#14355=DIRECTION('center_axis',(1.23259516440783E-32,1.,1.11022302462516E-16));
#14356=DIRECTION('ref_axis',(1.,-1.23259516440783E-32,-2.73691106313441E-48));
#14357=DIRECTION('',(-1.,1.23259516440783E-32,2.73691106313441E-48));
#14358=DIRECTION('',(-2.73691106313441E-48,1.11022302462516E-16,-1.));
#14359=DIRECTION('center_axis',(1.,-1.23259516440783E-32,-2.73691106313441E-48));
#14360=DIRECTION('ref_axis',(-1.23259516440783E-32,-1.,-1.11022302462516E-16));
#14361=DIRECTION('',(1.23259516440783E-32,1.,1.11022302462516E-16));
#14362=DIRECTION('',(-2.73691106313441E-48,1.11022302462516E-16,-1.));
#14363=DIRECTION('center_axis',(-1.23259516440783E-32,-1.,-1.11022302462516E-16));
#14364=DIRECTION('ref_axis',(-1.,1.23259516440783E-32,2.73691106313441E-48));
#14365=DIRECTION('',(1.,-1.23259516440783E-32,-2.73691106313441E-48));
#14366=DIRECTION('center_axis',(-1.23259516440783E-32,-1.,-1.11022302462516E-16));
#14367=DIRECTION('ref_axis',(-1.,1.23259516440783E-32,2.73691106313441E-48));
#14368=DIRECTION('',(1.,-1.23259516440783E-32,-2.73691106313441E-48));
#14369=DIRECTION('',(-2.73691106313441E-48,1.11022302462516E-16,-1.));
#14370=DIRECTION('',(-2.73691106313441E-48,1.11022302462516E-16,-1.));
#14371=DIRECTION('center_axis',(-1.23259516440783E-32,-1.,-1.11022302462516E-16));
#14372=DIRECTION('ref_axis',(1.,-1.23259516440783E-32,-2.73691106313441E-48));
#14373=DIRECTION('',(-2.73691106313441E-48,1.11022302462516E-16,-1.));
#14374=DIRECTION('',(1.,-1.23259516440783E-32,-2.73691106313441E-48));
#14375=DIRECTION('',(-1.,1.23259516440783E-32,2.73691106313441E-48));
#14376=DIRECTION('center_axis',(-8.71576399210525E-33,-0.707106781186548,
0.707106781186547));
#14377=DIRECTION('ref_axis',(1.,-1.23259516440783E-32,-2.73691106313441E-48));
#14378=DIRECTION('',(1.,-1.23259516440783E-32,-2.73691106313441E-48));
#14379=DIRECTION('',(-8.71576399210524E-33,-0.707106781186547,-0.707106781186548));
#14380=DIRECTION('',(-8.71576399210524E-33,-0.707106781186547,-0.707106781186548));
#14381=DIRECTION('center_axis',(-1.,1.23259516440783E-32,2.73691106313441E-48));
#14382=DIRECTION('ref_axis',(-1.23259516440783E-32,-1.,-1.11022302462516E-16));
#14383=DIRECTION('',(-1.23259516440783E-32,-1.,1.14423774522197E-17));
#14384=DIRECTION('center_axis',(-4.24640478587096E-48,-1.14423774522197E-17,
-1.));
#14385=DIRECTION('ref_axis',(1.,-1.23259516440783E-32,-2.73691106313441E-48));
#14386=DIRECTION('',(1.23259516440783E-32,1.,-1.14423774522197E-17));
#14387=DIRECTION('center_axis',(-1.,1.23259516440783E-32,2.73691106313441E-48));
#14388=DIRECTION('ref_axis',(1.23259516440783E-32,1.,-1.14423774522197E-17));
#14389=DIRECTION('',(8.71576399210523E-33,0.707106781186546,0.707106781186549));
#14390=DIRECTION('',(1.23259516440783E-32,1.,1.11022302462516E-16));
#14391=DIRECTION('',(-9.86076131526264E-33,-0.8,0.6));
#14392=DIRECTION('center_axis',(4.63397436365283E-17,0.6,0.8));
#14393=DIRECTION('ref_axis',(1.,-7.72329060608805E-17,-8.57457505675013E-33));
#14394=DIRECTION('',(-1.,3.30998168832345E-17,3.30998168832345E-17));
#14395=DIRECTION('center_axis',(4.63397436365283E-17,0.6,0.8));
#14396=DIRECTION('ref_axis',(1.,-7.72329060608805E-17,-8.57457505675013E-33));
#14397=DIRECTION('',(-1.,3.30998168832345E-17,3.30998168832345E-17));
#14398=DIRECTION('center_axis',(4.63397436365283E-17,0.6,0.8));
#14399=DIRECTION('ref_axis',(1.,-7.72329060608805E-17,-8.57457505675013E-33));
#14400=DIRECTION('',(-1.,3.30998168832345E-17,3.30998168832345E-17));
#14401=DIRECTION('center_axis',(4.63397436365283E-17,0.6,0.8));
#14402=DIRECTION('ref_axis',(1.,-7.72329060608805E-17,-8.57457505675013E-33));
#14403=DIRECTION('',(-1.,3.30998168832345E-17,3.30998168832345E-17));
#14404=DIRECTION('center_axis',(4.63397436365283E-17,0.6,0.8));
#14405=DIRECTION('ref_axis',(1.,-7.72329060608805E-17,-8.57457505675013E-33));
#14406=DIRECTION('',(-1.,3.30998168832345E-17,3.30998168832345E-17));
#14407=DIRECTION('center_axis',(8.23817664649393E-17,-0.6,-0.8));
#14408=DIRECTION('ref_axis',(-1.,2.37587183864118E-32,-1.02977208081174E-16));
#14409=DIRECTION('',(1.,5.8844118903528E-17,5.88441189035281E-17));
#14410=DIRECTION('',(9.86076131526264E-33,0.8,-0.6));
#14411=DIRECTION('',(9.86076131526264E-33,0.8,-0.6));
#14412=DIRECTION('center_axis',(4.54469283228546E-16,0.6,0.8));
#14413=DIRECTION('ref_axis',(1.,-3.22110629816091E-16,-3.26503631673614E-16));
#14414=DIRECTION('',(-1.,3.24620916591819E-16,3.24620916591819E-16));
#14415=DIRECTION('center_axis',(9.22123046720369E-19,0.6,0.8));
#14416=DIRECTION('ref_axis',(1.,4.61061523360172E-18,-4.61061523360175E-18));
#14417=DIRECTION('',(-1.,6.58659319085985E-19,6.58659319085972E-19));
#14418=DIRECTION('center_axis',(4.54469283228546E-16,0.6,0.8));
#14419=DIRECTION('ref_axis',(1.,-3.22110629816091E-16,-3.26503631673614E-16));
#14420=DIRECTION('',(-1.,3.24620916591819E-16,3.24620916591819E-16));
#14421=DIRECTION('center_axis',(9.22123046720369E-19,0.6,0.8));
#14422=DIRECTION('ref_axis',(1.,4.61061523360172E-18,-4.61061523360175E-18));
#14423=DIRECTION('',(-1.,6.58659319085985E-19,6.58659319085972E-19));
#14424=DIRECTION('center_axis',(4.63397436365283E-17,0.6,0.8));
#14425=DIRECTION('ref_axis',(1.,-7.72329060608805E-17,-8.57457505675013E-33));
#14426=DIRECTION('',(-1.,3.30998168832345E-17,3.30998168832345E-17));
#14427=DIRECTION('center_axis',(4.63397436365283E-17,0.6,0.8));
#14428=DIRECTION('ref_axis',(1.,-7.72329060608805E-17,-8.57457505675013E-33));
#14429=DIRECTION('',(-1.,3.30998168832345E-17,3.30998168832345E-17));
#14430=DIRECTION('center_axis',(-8.71576399210524E-33,-0.707106781186548,
0.707106781186547));
#14431=DIRECTION('ref_axis',(-1.,1.23259516440783E-32,2.73691106313441E-48));
#14432=DIRECTION('',(-8.71576399210525E-33,-0.707106781186547,-0.707106781186548));
#14433=DIRECTION('',(-8.71576399210523E-33,-0.707106781186546,-0.707106781186549));
#14434=DIRECTION('',(-1.,1.23259516440783E-32,2.73691106313441E-48));
#14435=DIRECTION('',(-1.,1.23259516440783E-32,2.73691106313441E-48));
#14436=DIRECTION('center_axis',(2.73691106313441E-48,-1.11022302462516E-16,
1.));
#14437=DIRECTION('ref_axis',(-1.,1.23259516440783E-32,2.73691106313441E-48));
#14438=DIRECTION('',(-1.23259516440783E-32,-1.,-1.11022302462516E-16));
#14439=DIRECTION('',(1.23259516440783E-32,1.,1.11022302462516E-16));
#14440=DIRECTION('center_axis',(1.,-1.23259516440783E-32,-2.73691106313441E-48));
#14441=DIRECTION('ref_axis',(-1.23259516440783E-32,-1.,-1.11022302462516E-16));
#14442=DIRECTION('center_axis',(-1.,1.23259516440783E-32,2.73691106313441E-48));
#14443=DIRECTION('ref_axis',(1.23259516440783E-32,1.,1.11022302462516E-16));
#14444=DIRECTION('center_axis',(0.707106781186543,0.363803437554502,0.606339062590837));
#14445=DIRECTION('ref_axis',(-0.457495710997819,0.889211827642098,9.87223444817273E-17));
#14446=DIRECTION('',(-0.457495710997819,0.889211827642098,9.87223444817273E-17));
#14447=DIRECTION('',(-1.69110661399553E-32,-0.857492925712544,0.514495755427526));
#14448=DIRECTION('',(0.457495710997819,-0.889211827642098,-9.87223444817273E-17));
#14449=DIRECTION('',(1.69110661399553E-32,0.857492925712544,-0.514495755427526));
#14450=DIRECTION('center_axis',(-4.22776653498882E-33,0.514495755427526,
0.857492925712544));
#14451=DIRECTION('ref_axis',(-1.,1.23259516440783E-32,-1.23259516440783E-32));
#14452=DIRECTION('',(-1.,1.23259516440783E-32,-1.23259516440783E-32));
#14453=DIRECTION('',(1.69110661399553E-32,0.857492925712544,-0.514495755427526));
#14454=DIRECTION('',(1.,-1.23259516440783E-32,1.23259516440783E-32));
#14455=DIRECTION('center_axis',(-1.23259516440783E-32,-1.11022302462516E-16,
1.));
#14456=DIRECTION('ref_axis',(1.,-1.23259516440783E-32,1.23259516440783E-32));
#14457=DIRECTION('',(1.23259516440783E-32,1.,1.11022302462516E-16));
#14458=DIRECTION('',(0.577350269189631,0.816496580927722,9.06493303673674E-17));
#14459=DIRECTION('',(1.,-1.23259516440783E-32,1.23259516440783E-32));
#14460=DIRECTION('',(0.57735026918963,-0.816496580927723,-9.06493303673675E-17));
#14461=DIRECTION('',(-1.23259516440783E-32,-1.,-1.11022302462516E-16));
#14462=DIRECTION('',(-0.457495710997819,-0.889211827642098,-9.87223444817273E-17));
#14463=DIRECTION('',(1.23259516440783E-32,1.,1.11022302462516E-16));
#14464=DIRECTION('',(-1.,1.23259516440783E-32,-1.23259516440783E-32));
#14465=DIRECTION('',(-1.23259516440783E-32,-1.,-1.11022302462516E-16));
#14466=DIRECTION('',(1.,-1.23259516440783E-32,1.23259516440783E-32));
#14467=DIRECTION('center_axis',(-0.707106781186543,0.363803437554502,0.606339062590837));
#14468=DIRECTION('ref_axis',(-0.457495710997819,-0.889211827642098,-9.87223444817273E-17));
#14469=DIRECTION('',(0.457495710997819,0.889211827642098,9.87223444817273E-17));
#14470=DIRECTION('',(-1.69110661399553E-32,-0.857492925712544,0.514495755427526));
#14471=DIRECTION('center_axis',(-1.,1.23259516440783E-32,-1.23259516440783E-32));
#14472=DIRECTION('ref_axis',(-1.23259516440783E-32,-1.,-1.11022302462516E-16));
#14473=DIRECTION('',(1.3684555315672E-48,-0.707106781186547,-0.707106781186548));
#14474=DIRECTION('',(-1.23259516440783E-32,-1.,-1.11022302462516E-16));
#14475=DIRECTION('center_axis',(0.707106781186543,-0.500000000000004,0.500000000000004));
#14476=DIRECTION('ref_axis',(0.577350269189631,0.816496580927722,9.06493303673674E-17));
#14477=DIRECTION('',(-0.577350269189631,-0.816496580927722,-9.06493303673674E-17));
#14478=DIRECTION('',(1.3684555315672E-48,-0.707106781186547,-0.707106781186548));
#14479=DIRECTION('',(0.577350269189631,9.06493303673674E-17,-0.816496580927722));
#14480=DIRECTION('',(-1.3684555315672E-48,0.707106781186547,0.707106781186548));
#14481=DIRECTION('center_axis',(1.,-1.23259516440783E-32,1.23259516440783E-32));
#14482=DIRECTION('ref_axis',(1.23259516440783E-32,1.,1.11022302462516E-16));
#14483=DIRECTION('',(1.23259516440783E-32,1.,1.11022302462516E-16));
#14484=DIRECTION('center_axis',(-1.23259516440783E-32,-1.,-1.11022302462516E-16));
#14485=DIRECTION('ref_axis',(1.,-1.23259516440783E-32,1.23259516440783E-32));
#14486=DIRECTION('',(1.,-1.23259516440783E-32,1.23259516440783E-32));
#14487=DIRECTION('',(0.57735026918963,-9.06493303673675E-17,0.816496580927723));
#14488=DIRECTION('center_axis',(-0.707106781186543,-0.500000000000003,0.500000000000003));
#14489=DIRECTION('ref_axis',(0.57735026918963,-0.816496580927723,-9.06493303673675E-17));
#14490=DIRECTION('',(-1.3684555315672E-48,0.707106781186547,0.707106781186548));
#14491=DIRECTION('',(-0.57735026918963,0.816496580927723,9.06493303673675E-17));
#14492=DIRECTION('center_axis',(-1.74315279842105E-32,-0.707106781186548,
0.707106781186547));
#14493=DIRECTION('ref_axis',(1.,-1.23259516440783E-32,1.23259516440783E-32));
#14494=DIRECTION('',(-1.,1.23259516440783E-32,-1.23259516440783E-32));
#14495=DIRECTION('',(-1.,1.23259516440783E-32,-1.23259516440783E-32));
#14496=DIRECTION('',(-1.,1.23259516440783E-32,-1.23259516440783E-32));
#14497=DIRECTION('center_axis',(1.23259516440783E-32,1.,1.11022302462516E-16));
#14498=DIRECTION('ref_axis',(-1.,1.23259516440783E-32,-1.23259516440783E-32));
#14499=DIRECTION('',(-1.23259516440783E-32,-1.11022302462516E-16,1.));
#14500=DIRECTION('',(-1.23259516440783E-32,-1.11022302462516E-16,1.));
#14501=DIRECTION('center_axis',(-1.,1.23259516440783E-32,-1.23259516440783E-32));
#14502=DIRECTION('ref_axis',(-1.23259516440783E-32,-1.,-1.11022302462516E-16));
#14503=DIRECTION('',(-1.23259516440783E-32,-1.,-1.11022302462516E-16));
#14504=DIRECTION('',(-1.23259516440783E-32,-1.11022302462516E-16,1.));
#14505=DIRECTION('center_axis',(-1.23259516440783E-32,-1.,-1.11022302462516E-16));
#14506=DIRECTION('ref_axis',(1.,-1.23259516440783E-32,1.23259516440783E-32));
#14507=DIRECTION('',(1.,-1.23259516440783E-32,1.23259516440783E-32));
#14508=DIRECTION('',(-1.23259516440783E-32,-1.11022302462516E-16,1.));
#14509=DIRECTION('center_axis',(1.,-1.23259516440783E-32,1.23259516440783E-32));
#14510=DIRECTION('ref_axis',(1.23259516440783E-32,1.,1.11022302462516E-16));
#14511=DIRECTION('',(1.23259516440783E-32,1.,1.11022302462516E-16));
#14512=DIRECTION('center_axis',(-1.23259516440783E-32,-1.11022302462516E-16,
1.));
#14513=DIRECTION('ref_axis',(-1.23259516440783E-32,-1.,-1.11022302462516E-16));
#14514=DIRECTION('center_axis',(-1.23259516440783E-32,-1.,-1.11022302462516E-16));
#14515=DIRECTION('ref_axis',(1.,-1.23259516440783E-32,1.23259516440783E-32));
#14516=DIRECTION('',(1.,-1.23259516440783E-32,1.23259516440783E-32));
#14517=DIRECTION('',(1.23259516440783E-32,1.11022302462516E-16,-1.));
#14518=DIRECTION('',(-1.,1.23259516440783E-32,-1.23259516440783E-32));
#14519=DIRECTION('',(-1.23259516440783E-32,-1.11022302462516E-16,1.));
#14520=DIRECTION('center_axis',(1.,-1.23259516440783E-32,1.23259516440783E-32));
#14521=DIRECTION('ref_axis',(1.23259516440783E-32,1.,1.11022302462516E-16));
#14522=DIRECTION('',(1.23259516440783E-32,1.,1.11022302462516E-16));
#14523=DIRECTION('',(1.23259516440783E-32,1.11022302462516E-16,-1.));
#14524=DIRECTION('',(1.23259516440783E-32,1.,1.11022302462516E-16));
#14525=DIRECTION('',(1.23259516440783E-32,1.,1.11022302462516E-16));
#14526=DIRECTION('',(-1.23259516440783E-32,-1.11022302462516E-16,1.));
#14527=DIRECTION('center_axis',(-1.,1.23259516440783E-32,-1.23259516440783E-32));
#14528=DIRECTION('ref_axis',(-1.23259516440783E-32,-1.,-1.11022302462516E-16));
#14529=DIRECTION('',(-1.23259516440783E-32,-1.,-1.11022302462516E-16));
#14530=DIRECTION('',(1.23259516440783E-32,1.11022302462516E-16,-1.));
#14531=DIRECTION('',(-1.23259516440783E-32,-1.,-1.11022302462516E-16));
#14532=DIRECTION('',(-1.23259516440783E-32,-1.,-1.11022302462516E-16));
#14533=DIRECTION('',(-1.23259516440783E-32,-1.11022302462516E-16,1.));
#14534=DIRECTION('center_axis',(-1.23259516440783E-32,-1.11022302462516E-16,
1.));
#14535=DIRECTION('ref_axis',(-1.23259516440783E-32,-1.,-1.11022302462516E-16));
#14536=DIRECTION('',(-1.,1.23259516440783E-32,-1.23259516440783E-32));
#14537=DIRECTION('center_axis',(1.23259516440783E-32,1.,1.11022302462516E-16));
#14538=DIRECTION('ref_axis',(-1.,1.23259516440783E-32,-1.23259516440783E-32));
#14539=DIRECTION('',(1.,-1.23259516440783E-32,1.23259516440783E-32));
#14540=DIRECTION('',(-0.707106781186544,7.85046229341891E-17,-0.707106781186551));
#14541=DIRECTION('',(-1.23259516440783E-32,-1.11022302462516E-16,1.));
#14542=DIRECTION('',(-1.,1.23259516440783E-32,-1.23259516440783E-32));
#14543=DIRECTION('center_axis',(1.23259516440783E-32,1.,1.11022302462516E-16));
#14544=DIRECTION('ref_axis',(-1.,1.23259516440783E-32,-1.23259516440783E-32));
#14545=DIRECTION('',(-1.,1.23259516440783E-32,-1.23259516440783E-32));
#14546=DIRECTION('',(1.23259516440783E-32,1.11022302462516E-16,-1.));
#14547=DIRECTION('',(-0.707106781186544,-7.85046229341891E-17,0.707106781186551));
#14548=DIRECTION('',(1.,-1.23259516440783E-32,1.23259516440783E-32));
#14549=DIRECTION('center_axis',(1.23259516440783E-32,1.11022302462516E-16,
-1.));
#14550=DIRECTION('ref_axis',(1.,-1.23259516440783E-32,1.23259516440783E-32));
#14551=DIRECTION('',(-1.,1.23259516440783E-32,-1.23259516440783E-32));
#14552=DIRECTION('',(-1.23259516440783E-32,-1.,-1.11022302462516E-16));
#14553=DIRECTION('',(-1.23259516440783E-32,-1.,-1.11022302462516E-16));
#14554=DIRECTION('',(-0.81923192051904,0.573462344363328,6.36671098467687E-17));
#14555=DIRECTION('',(-1.23259516440783E-32,-1.,-1.11022302462516E-16));
#14556=DIRECTION('',(-1.,1.23259516440783E-32,-1.23259516440783E-32));
#14557=DIRECTION('',(-0.832050294337845,0.554700196225227,6.15840929613339E-17));
#14558=DIRECTION('',(-1.23259516440783E-32,-1.,-1.11022302462516E-16));
#14559=DIRECTION('',(-1.,1.23259516440783E-32,-1.23259516440783E-32));
#14560=DIRECTION('',(-1.23259516440783E-32,-1.,-1.11022302462516E-16));
#14561=DIRECTION('',(0.832050294337845,-0.554700196225227,-6.15840929613339E-17));
#14562=DIRECTION('',(1.23259516440783E-32,1.,1.11022302462516E-16));
#14563=DIRECTION('',(-0.81923192051904,0.573462344363328,6.36671098467687E-17));
#14564=DIRECTION('',(1.23259516440783E-32,1.,1.11022302462516E-16));
#14565=DIRECTION('',(1.23259516440783E-32,1.,1.11022302462516E-16));
#14566=DIRECTION('center_axis',(1.23259516440783E-32,1.,1.11022302462516E-16));
#14567=DIRECTION('ref_axis',(-1.,1.23259516440783E-32,-1.23259516440783E-32));
#14568=DIRECTION('',(-1.23259516440783E-32,-1.11022302462516E-16,1.));
#14569=DIRECTION('',(-0.707106781186544,7.85046229341891E-17,-0.707106781186551));
#14570=DIRECTION('',(-1.,1.23259516440783E-32,-1.23259516440783E-32));
#14571=DIRECTION('',(-0.707106781186544,-7.85046229341891E-17,0.707106781186551));
#14572=DIRECTION('',(-1.23259516440783E-32,-1.11022302462516E-16,1.));
#14573=DIRECTION('center_axis',(-0.554700196225227,-0.832050294337845,-9.23761394420014E-17));
#14574=DIRECTION('ref_axis',(0.832050294337845,-0.554700196225227,-6.15840929613339E-17));
#14575=DIRECTION('',(1.23259516440783E-32,1.11022302462516E-16,-1.));
#14576=DIRECTION('',(1.23259516440783E-32,1.11022302462516E-16,-1.));
#14577=DIRECTION('',(-0.832050294337845,0.554700196225227,-1.69205299728544E-17));
#14578=DIRECTION('center_axis',(0.707106781415138,-0.138675049011477,0.693375245057385));
#14579=DIRECTION('ref_axis',(0.192450089610055,0.981306762948815,1.08946936244615E-16));
#14580=DIRECTION('',(-9.66927199334713E-33,-0.98058067569092,-0.196116135138184));
#14581=DIRECTION('',(0.705379856613109,0.0698463726254292,-0.705379856613115));
#14582=DIRECTION('',(9.66927199334713E-33,0.98058067569092,0.196116135138184));
#14583=DIRECTION('',(-0.705379856613109,-0.0698463726254292,0.705379856613115));
#14584=DIRECTION('center_axis',(0.707106781186551,-7.85046229341884E-17,
0.707106781186544));
#14585=DIRECTION('ref_axis',(1.23259516440783E-32,1.,1.11022302462516E-16));
#14586=DIRECTION('',(1.23259516440783E-32,1.,1.11022302462516E-16));
#14587=DIRECTION('',(-1.23259516440783E-32,-1.,-1.11022302462516E-16));
#14588=DIRECTION('center_axis',(-1.23259516440783E-32,-1.11022302462516E-16,
1.));
#14589=DIRECTION('ref_axis',(-1.23259516440783E-32,-1.,-1.11022302462516E-16));
#14590=DIRECTION('',(-1.,-3.29671683236649E-9,-3.6600910562221E-25));
#14591=DIRECTION('',(1.23259516440783E-32,1.,1.11022302462516E-16));
#14592=DIRECTION('center_axis',(6.46539363808712E-10,-0.196116135138184,
0.98058067569092));
#14593=DIRECTION('ref_axis',(-9.66927199334713E-33,-0.98058067569092,-0.196116135138184));
#14594=DIRECTION('',(1.,3.29671683236649E-9,3.6600910562221E-25));
#14595=DIRECTION('',(9.66927199334713E-33,0.98058067569092,0.196116135138184));
#14596=DIRECTION('center_axis',(0.707106781186551,-7.85046229341884E-17,
0.707106781186544));
#14597=DIRECTION('ref_axis',(1.23259516440783E-32,1.,1.11022302462516E-16));
#14598=DIRECTION('',(1.23259516440783E-32,1.,1.11022302462516E-16));
#14599=DIRECTION('',(1.23259516440783E-32,1.,1.11022302462516E-16));
#14600=DIRECTION('',(-0.663565154376246,-0.345488888092292,0.663565154376252));
#14601=DIRECTION('center_axis',(0.405499112454445,0.579284446363492,0.707106781186548));
#14602=DIRECTION('ref_axis',(-0.81923192051904,0.573462344363328,6.36671098467687E-17));
#14603=DIRECTION('',(-0.81923192051904,0.573462344363328,6.36671098467687E-17));
#14604=DIRECTION('',(-0.81923192051904,0.573462344363328,6.36671098467687E-17));
#14605=DIRECTION('',(0.663565154376246,0.345488888092292,-0.663565154376252));
#14606=DIRECTION('center_axis',(1.,-1.23259516440783E-32,1.23259516440783E-32));
#14607=DIRECTION('ref_axis',(-1.23259516440783E-32,-1.11022302462516E-16,
1.));
#14608=DIRECTION('',(1.23259516440783E-32,1.11022302462516E-16,-1.));
#14609=DIRECTION('',(1.23259516440783E-32,1.11022302462516E-16,-1.));
#14610=DIRECTION('center_axis',(-0.707106781186551,-7.85046229341884E-17,
0.707106781186544));
#14611=DIRECTION('ref_axis',(-1.23259516440783E-32,-1.,-1.11022302462516E-16));
#14612=DIRECTION('',(-0.705379856842251,0.0698463679972144,-0.705379856842257));
#14613=DIRECTION('',(-1.23259516440783E-32,-1.,-1.11022302462516E-16));
#14614=DIRECTION('center_axis',(-0.707106780957963,-0.138675049101136,0.693375245505682));
#14615=DIRECTION('ref_axis',(0.192450089849693,-0.981306762901818,-1.08946936239398E-16));
#14616=DIRECTION('',(-0.705379856842247,0.069846367997131,-0.70537985684227));
#14617=DIRECTION('',(-9.66927199334713E-33,-0.98058067569092,-0.196116135138184));
#14618=DIRECTION('center_axis',(-0.707106781186559,-7.85046229341875E-17,
0.707106781186536));
#14619=DIRECTION('ref_axis',(-1.23259516440783E-32,-1.,-1.11022302462516E-16));
#14620=DIRECTION('',(-1.23259516440783E-32,-1.,-1.11022302462516E-16));
#14621=DIRECTION('',(1.23259516440783E-32,1.,1.11022302462516E-16));
#14622=DIRECTION('',(-0.661335502539411,-0.353936019870627,-0.661335502539433));
#14623=DIRECTION('center_axis',(1.23259516440783E-32,1.11022302462516E-16,
-1.));
#14624=DIRECTION('ref_axis',(1.23259516440783E-32,1.,1.11022302462516E-16));
#14625=DIRECTION('',(1.23259516440783E-32,1.,1.11022302462516E-16));
#14626=DIRECTION('',(0.832050294337845,-0.554700196225227,-6.15840929613339E-17));
#14627=DIRECTION('center_axis',(0.707106781186551,-7.85046229341884E-17,
0.707106781186544));
#14628=DIRECTION('ref_axis',(1.23259516440783E-32,1.,1.11022302462516E-16));
#14629=DIRECTION('',(0.42673689743165,-0.797365186561851,-0.426736897431654));
#14630=DIRECTION('',(1.23259516440783E-32,1.,1.11022302462516E-16));
#14631=DIRECTION('center_axis',(0.573462344363328,0.81923192051904,9.09530140668125E-17));
#14632=DIRECTION('ref_axis',(-0.81923192051904,0.573462344363328,6.36671098467687E-17));
#14633=DIRECTION('',(1.23259516440783E-32,1.11022302462516E-16,-1.));
#14634=DIRECTION('center_axis',(-1.,1.23259516440783E-32,-1.23259516440783E-32));
#14635=DIRECTION('ref_axis',(1.23259516440783E-32,1.11022302462516E-16,
-1.));
#14636=DIRECTION('center_axis',(-0.392232270276364,-0.58834840541455,0.707106781186552));
#14637=DIRECTION('ref_axis',(0.832050294337845,-0.554700196225227,-6.15840929613339E-17));
#14638=DIRECTION('center_axis',(1.,-1.23259516440783E-32,1.23259516440783E-32));
#14639=DIRECTION('ref_axis',(1.23259516440783E-32,1.,1.11022302462516E-16));
#14640=DIRECTION('center_axis',(-0.707106780957963,-0.138675049101136,0.693375245505682));
#14641=DIRECTION('ref_axis',(0.192450089849693,-0.981306762901818,-1.08946936239398E-16));
#14642=DIRECTION('',(0.705379856842242,-0.0698463679972222,0.705379856842265));
#14643=DIRECTION('',(9.66927199334713E-33,0.98058067569092,0.196116135138184));
#14644=DIRECTION('',(-0.70537985684225,0.0698463679972235,-0.705379856842257));
#14645=DIRECTION('',(9.66927199334714E-33,0.98058067569092,0.196116135138184));
#14646=DIRECTION('center_axis',(0.707106781186551,-7.85046229341884E-17,
0.707106781186544));
#14647=DIRECTION('ref_axis',(1.23259516440783E-32,1.,1.11022302462516E-16));
#14648=DIRECTION('',(1.23259516440783E-32,1.,1.11022302462516E-16));
#14649=DIRECTION('',(-1.23259516440783E-32,-1.,-1.11022302462516E-16));
#14650=DIRECTION('',(0.705379856613109,0.0698463726254263,-0.705379856613116));
#14651=DIRECTION('center_axis',(0.707106781415138,-0.138675049011477,0.693375245057385));
#14652=DIRECTION('ref_axis',(0.192450089610055,0.981306762948815,1.08946936244615E-16));
#14653=DIRECTION('',(-9.66927199334713E-33,-0.98058067569092,-0.196116135138184));
#14654=DIRECTION('',(0.705379856613109,0.0698463726254242,-0.705379856613116));
#14655=DIRECTION('',(9.66927199334713E-33,0.98058067569092,0.196116135138184));
#14656=DIRECTION('center_axis',(0.707106781186551,-7.85046229341884E-17,
0.707106781186544));
#14657=DIRECTION('ref_axis',(1.23259516440783E-32,1.,1.11022302462516E-16));
#14658=DIRECTION('',(-1.23259516440783E-32,-1.,-1.11022302462516E-16));
#14659=DIRECTION('',(0.663565178112438,0.345488860218305,-0.663565145152807));
#14660=DIRECTION('',(1.23259516440783E-32,1.,1.11022302462516E-16));
#14661=DIRECTION('center_axis',(0.405499112454445,0.579284446363492,0.707106781186548));
#14662=DIRECTION('ref_axis',(-0.81923192051904,0.573462344363328,6.36671098467687E-17));
#14663=DIRECTION('',(0.81923192051904,-0.573462344363328,-6.36671098467687E-17));
#14664=DIRECTION('',(0.663565154376247,0.345488888092289,-0.663565154376253));
#14665=DIRECTION('',(-0.81923192051904,0.573462344363328,6.36671098467687E-17));
#14666=DIRECTION('center_axis',(0.707106781186551,-7.85046229341884E-17,
0.707106781186544));
#14667=DIRECTION('ref_axis',(1.23259516440783E-32,1.,1.11022302462516E-16));
#14668=DIRECTION('',(-1.23259516440783E-32,-1.,-1.11022302462516E-16));
#14669=DIRECTION('',(0.42673689743165,-0.797365186561851,-0.426736897431654));
#14670=DIRECTION('',(0.707106781186544,7.85046229341891E-17,-0.707106781186551));
#14671=DIRECTION('',(1.23259516440783E-32,1.,1.11022302462516E-16));
#14672=DIRECTION('center_axis',(0.573462344363328,0.81923192051904,9.09530140668125E-17));
#14673=DIRECTION('ref_axis',(-0.81923192051904,0.573462344363328,6.36671098467687E-17));
#14674=DIRECTION('',(1.23259516440783E-32,1.11022302462516E-16,-1.));
#14675=DIRECTION('',(-1.23259516440783E-32,-1.11022302462516E-16,1.));
#14676=DIRECTION('center_axis',(1.,-1.23259516440783E-32,1.23259516440783E-32));
#14677=DIRECTION('ref_axis',(1.23259516440783E-32,1.,1.11022302462516E-16));
#14678=DIRECTION('',(-1.23259516440783E-32,-1.11022302462516E-16,1.));
#14679=DIRECTION('center_axis',(-1.23259516440783E-32,-1.,-1.11022302462516E-16));
#14680=DIRECTION('ref_axis',(1.,-1.23259516440783E-32,1.23259516440783E-32));
#14681=DIRECTION('',(0.87447463219521,-5.38537270414374E-17,0.48507125007266));
#14682=DIRECTION('',(-1.23259516440783E-32,-1.11022302462516E-16,1.));
#14683=DIRECTION('center_axis',(-0.707106781186551,-7.85046229341884E-17,
0.707106781186544));
#14684=DIRECTION('ref_axis',(-1.23259516440783E-32,-1.,-1.11022302462516E-16));
#14685=DIRECTION('',(1.23259516440783E-32,1.,1.11022302462516E-16));
#14686=DIRECTION('',(-1.23259516440783E-32,-1.,-1.11022302462516E-16));
#14687=DIRECTION('center_axis',(6.46539363808712E-10,-0.196116135138184,
0.98058067569092));
#14688=DIRECTION('ref_axis',(-9.66927199334713E-33,-0.98058067569092,-0.196116135138184));
#14689=DIRECTION('',(-1.,-3.29671683236649E-9,-3.6600910562221E-25));
#14690=DIRECTION('',(1.,3.29671683236649E-9,3.6600910562221E-25));
#14691=DIRECTION('center_axis',(-1.23259516440783E-32,-1.11022302462516E-16,
1.));
#14692=DIRECTION('ref_axis',(-1.23259516440783E-32,-1.,-1.11022302462516E-16));
#14693=DIRECTION('center_axis',(1.,-1.23259516440783E-32,1.23259516440783E-32));
#14694=DIRECTION('ref_axis',(-1.23259516440783E-32,-1.11022302462516E-16,
1.));
#14695=DIRECTION('',(1.23259516440783E-32,1.11022302462516E-16,-1.));
#14696=DIRECTION('center_axis',(-0.554700196225227,-0.832050294337845,-9.23761394420014E-17));
#14697=DIRECTION('ref_axis',(0.832050294337845,-0.554700196225227,-6.15840929613339E-17));
#14698=DIRECTION('',(0.832050294337845,-0.554700196225227,-6.15840929613339E-17));
#14699=DIRECTION('',(-1.23259516440783E-32,-1.11022302462516E-16,1.));
#14700=DIRECTION('center_axis',(-0.392232270276364,-0.58834840541455,0.707106781186552));
#14701=DIRECTION('ref_axis',(0.832050294337845,-0.554700196225227,-6.15840929613339E-17));
#14702=DIRECTION('',(-0.832050294337845,0.554700196225227,6.15840929613339E-17));
#14703=DIRECTION('',(0.661335502539412,0.353936019870622,0.661335502539434));
#14704=DIRECTION('center_axis',(1.23259516440783E-32,1.11022302462516E-16,
-1.));
#14705=DIRECTION('ref_axis',(1.23259516440783E-32,1.,1.11022302462516E-16));
#14706=DIRECTION('',(1.23259516440783E-32,1.,1.11022302462516E-16));
#14707=DIRECTION('center_axis',(-0.707106781186559,-7.85046229341875E-17,
0.707106781186536));
#14708=DIRECTION('ref_axis',(-1.23259516440783E-32,-1.,-1.11022302462516E-16));
#14709=DIRECTION('',(-1.23259516440783E-32,-1.,-1.11022302462516E-16));
#14710=DIRECTION('center_axis',(-1.,1.23259516440783E-32,-1.23259516440783E-32));
#14711=DIRECTION('ref_axis',(1.23259516440783E-32,1.11022302462516E-16,
-1.));
#14712=DIRECTION('',(0.,0.,1.));
#14713=DIRECTION('',(1.,0.,0.));
#14714=CARTESIAN_POINT('',(0.,0.,0.));
#14715=CARTESIAN_POINT('',(0.,0.,0.));
#14716=CARTESIAN_POINT('Origin',(371.50000372529,13.7706741333008,-16.1293258666992));
#14717=CARTESIAN_POINT('',(371.50000372529,11.6706741333008,-18.2293258666992));
#14718=CARTESIAN_POINT('Origin',(371.50000372529,13.7706741333008,-18.2293258666992));
#14719=CARTESIAN_POINT('',(371.50000372529,11.6706741333008,-14.0293258666992));
#14720=CARTESIAN_POINT('',(371.50000372529,11.6706741333008,-16.1293258666992));
#14721=CARTESIAN_POINT('Origin',(371.50000372529,13.7706741333008,-14.0293258666992));
#14722=CARTESIAN_POINT('Origin',(371.50000372529,13.7706741333008,-14.0293258666992));
#14723=CARTESIAN_POINT('Origin',(322.999995652586,13.7706741333008,-16.1293258666992));
#14724=CARTESIAN_POINT('',(322.999995652586,11.6706741333008,-18.2293258666992));
#14725=CARTESIAN_POINT('Origin',(322.999995652586,13.7706741333008,-18.2293258666992));
#14726=CARTESIAN_POINT('',(322.999995652586,11.6706741333008,-14.0293258666992));
#14727=CARTESIAN_POINT('',(322.999995652586,11.6706741333008,-16.1293258666992));
#14728=CARTESIAN_POINT('Origin',(322.999995652586,13.7706741333008,-14.0293258666992));
#14729=CARTESIAN_POINT('Origin',(322.999995652586,13.7706741333008,-14.0293258666992));
#14730=CARTESIAN_POINT('Origin',(371.50000372529,108.270675645769,-16.1293258666992));
#14731=CARTESIAN_POINT('',(371.50000372529,106.170675645769,-18.2293258666992));
#14732=CARTESIAN_POINT('Origin',(371.50000372529,108.270675645769,-18.2293258666992));
#14733=CARTESIAN_POINT('',(371.50000372529,106.170675645769,-14.0293258666992));
#14734=CARTESIAN_POINT('',(371.50000372529,106.170675645769,-16.1293258666992));
#14735=CARTESIAN_POINT('Origin',(371.50000372529,108.270675645769,-14.0293258666992));
#14736=CARTESIAN_POINT('Origin',(371.50000372529,108.270675645769,-14.0293258666992));
#14737=CARTESIAN_POINT('Origin',(323.004534974685,108.271814113184,-16.1293258666992));
#14738=CARTESIAN_POINT('',(323.004534974685,106.171814113184,-18.2293258666992));
#14739=CARTESIAN_POINT('Origin',(323.004534974685,108.271814113184,-18.2293258666992));
#14740=CARTESIAN_POINT('',(323.004534974685,106.171814113184,-14.0293258666992));
#14741=CARTESIAN_POINT('',(323.004534974685,106.171814113184,-16.1293258666992));
#14742=CARTESIAN_POINT('Origin',(323.004534974685,108.271814113184,-14.0293258666992));
#14743=CARTESIAN_POINT('Origin',(323.004534974685,108.271814113184,-14.0293258666992));
#14744=CARTESIAN_POINT('Origin',(319.5,111.270674133301,-12.7293258666992));
#14745=CARTESIAN_POINT('',(320.,111.770674133301,-10.7293258666992));
#14746=CARTESIAN_POINT('',(320.,111.770674133301,-18.2293258666992));
#14747=CARTESIAN_POINT('',(320.,111.770674133301,-12.7293258666992));
#14748=CARTESIAN_POINT('',(319.,110.770674133301,-18.2293258666992));
#14749=CARTESIAN_POINT('',(319.8125,111.583174133301,-18.2293258666992));
#14750=CARTESIAN_POINT('',(319.,110.770674133301,-11.7293258666992));
#14751=CARTESIAN_POINT('',(319.,110.770674133301,-12.7293258666992));
#14752=CARTESIAN_POINT('',(319.,110.770674133301,-11.7293258666992));
#14753=CARTESIAN_POINT('Origin',(320.,86.3956741333008,-10.7293258666992));
#14754=CARTESIAN_POINT('',(319.,93.2706741333008,-11.7293258666992));
#14755=CARTESIAN_POINT('',(319.,86.3956741333008,-11.7293258666992));
#14756=CARTESIAN_POINT('',(321.,95.2706741333008,-9.72932586669916));
#14757=CARTESIAN_POINT('',(321.208333333333,95.4790074666342,-9.52099253336579));
#14758=CARTESIAN_POINT('',(321.,111.770674133301,-9.72932586669916));
#14759=CARTESIAN_POINT('',(321.,86.3956741333008,-9.72932586669916));
#14760=CARTESIAN_POINT('',(333.25,111.770674133301,2.52067413330084));
#14761=CARTESIAN_POINT('Origin',(375.,111.770674133301,-12.7293258666992));
#14762=CARTESIAN_POINT('',(373.5,111.770674133301,-9.72932586669916));
#14763=CARTESIAN_POINT('',(375.,111.770674133301,-9.72932586669916));
#14764=CARTESIAN_POINT('',(374.5,111.770674133301,-10.7293258666991));
#14765=CARTESIAN_POINT('',(375.125,111.770674133301,-11.3543258666992));
#14766=CARTESIAN_POINT('',(374.5,111.770674133301,-18.2293258666992));
#14767=CARTESIAN_POINT('',(374.5,111.770674133301,-12.7293258666992));
#14768=CARTESIAN_POINT('',(365.,111.770674133301,-18.2293258666992));
#14769=CARTESIAN_POINT('',(375.,111.770674133301,-18.2293258666992));
#14770=CARTESIAN_POINT('',(365.,111.770674133301,-12.7293258666992));
#14771=CARTESIAN_POINT('',(365.,111.770674133301,-12.7293258666992));
#14772=CARTESIAN_POINT('',(329.5,111.770674133301,-12.7293258666992));
#14773=CARTESIAN_POINT('',(375.,111.770674133301,-12.7293258666992));
#14774=CARTESIAN_POINT('',(329.5,111.770674133301,-18.2293258666992));
#14775=CARTESIAN_POINT('',(329.5,111.770674133301,-12.7293258666992));
#14776=CARTESIAN_POINT('',(319.5,111.770674133301,-18.2293258666992));
#14777=CARTESIAN_POINT('Origin',(347.25,61.0206741333008,-9.72932586669917));
#14778=CARTESIAN_POINT('',(324.5,95.2706741333008,-9.72932586669916));
#14779=CARTESIAN_POINT('',(335.125,95.2706741333008,-9.72932586669916));
#14780=CARTESIAN_POINT('',(324.5,29.9706202651185,-9.72932586669917));
#14781=CARTESIAN_POINT('',(324.5,46.4956471992097,-9.72932586669917));
#14782=CARTESIAN_POINT('',(321.,29.9706202651185,-9.72932586669917));
#14783=CARTESIAN_POINT('',(333.625,29.9706202651185,-9.72932586669917));
#14784=CARTESIAN_POINT('',(321.,10.2706741333008,-9.72932586669917));
#14785=CARTESIAN_POINT('',(321.,86.3956741333008,-9.72932586669916));
#14786=CARTESIAN_POINT('',(330.,10.2706741333008,-9.72932586669917));
#14787=CARTESIAN_POINT('',(319.5,10.2706741333008,-9.72932586669917));
#14788=CARTESIAN_POINT('',(330.,20.4687131604862,-9.72932586669917));
#14789=CARTESIAN_POINT('',(330.,50.6456741333008,-9.72932586669917));
#14790=CARTESIAN_POINT('',(334.360392194563,42.2706741333008,-9.72932586669917));
#14791=CARTESIAN_POINT('',(335.250377110157,46.7205987112695,-9.72932586669917));
#14792=CARTESIAN_POINT('',(359.639607805437,42.2706741333008,-9.72932586669917));
#14793=CARTESIAN_POINT('',(354.625,42.2706741333008,-9.72932586669917));
#14794=CARTESIAN_POINT('',(364.,20.4687131604866,-9.72932586669917));
#14795=CARTESIAN_POINT('',(358.759238274459,46.6725217881925,-9.72932586669917));
#14796=CARTESIAN_POINT('',(364.,10.2706741333008,-9.72932586669917));
#14797=CARTESIAN_POINT('',(364.,35.6456741333008,-9.72932586669917));
#14798=CARTESIAN_POINT('',(373.5,10.2706741333008,-9.72932586669917));
#14799=CARTESIAN_POINT('',(319.5,10.2706741333008,-9.72932586669917));
#14800=CARTESIAN_POINT('',(373.5,29.9706202651185,-9.72932586669917));
#14801=CARTESIAN_POINT('',(373.5,35.6456741333008,-9.72932586669917));
#14802=CARTESIAN_POINT('',(370.,29.9706202651185,-9.72932586669917));
#14803=CARTESIAN_POINT('',(359.625,29.9706202651185,-9.72932586669917));
#14804=CARTESIAN_POINT('',(370.,95.2706741333008,-9.72932586669916));
#14805=CARTESIAN_POINT('',(370.,77.1456741333008,-9.72932586669916));
#14806=CARTESIAN_POINT('',(373.5,95.2706741333008,-9.72932586669916));
#14807=CARTESIAN_POINT('',(361.125,95.2706741333008,-9.72932586669916));
#14808=CARTESIAN_POINT('',(373.5,35.6456741333008,-9.72932586669917));
#14809=CARTESIAN_POINT('',(326.800003129244,45.0206755489111,-9.72932586669917));
#14810=CARTESIAN_POINT('',(326.800003129244,105.270675548911,-9.72932586669916));
#14811=CARTESIAN_POINT('',(326.800003129244,45.0206755489111,-9.72932586669917));
#14812=CARTESIAN_POINT('',(367.550003129244,105.270675548911,-9.72932586669916));
#14813=CARTESIAN_POINT('',(326.800003129244,105.270675548911,-9.72932586669916));
#14814=CARTESIAN_POINT('',(367.550003129244,45.0206755489111,-9.72932586669917));
#14815=CARTESIAN_POINT('',(367.550003129244,105.270675548911,-9.72932586669916));
#14816=CARTESIAN_POINT('',(367.550003129244,45.0206755489111,-9.72932586669917));
#14817=CARTESIAN_POINT('Origin',(335.125,94.2706741333008,-10.7293258666992));
#14818=CARTESIAN_POINT('',(322.5,93.2706741333008,-11.7293258666992));
#14819=CARTESIAN_POINT('',(335.125,93.2706741333008,-11.7293258666992));
#14820=CARTESIAN_POINT('',(322.5,93.2706741333008,-11.7293258666992));
#14821=CARTESIAN_POINT('Origin',(324.5,107.520674133301,-18.2293258666992));
#14822=CARTESIAN_POINT('',(329.5,103.313385387158,-18.2293258666992));
#14823=CARTESIAN_POINT('',(329.5,111.770674133301,-18.2293258666992));
#14824=CARTESIAN_POINT('',(328.969843970705,103.313385387158,-18.2293258666992));
#14825=CARTESIAN_POINT('',(365.219843970705,103.313385387158,-18.2293258666992));
#14826=CARTESIAN_POINT('',(328.969843970705,103.270674133301,-18.2293258666992));
#14827=CARTESIAN_POINT('',(328.969843970705,103.313385387158,-18.2293258666992));
#14828=CARTESIAN_POINT('',(319.,103.270674133301,-18.2293258666992));
#14829=CARTESIAN_POINT('',(329.5,103.270674133301,-18.2293258666992));
#14830=CARTESIAN_POINT('',(319.,109.645674133301,-18.2293258666992));
#14831=CARTESIAN_POINT('Origin',(319.,111.770674133301,-12.7293258666992));
#14832=CARTESIAN_POINT('',(319.,103.270674133301,-12.7293258666992));
#14833=CARTESIAN_POINT('',(319.,103.270674133301,-12.7293258666992));
#14834=CARTESIAN_POINT('',(319.,93.2706741333008,-12.7293258666992));
#14835=CARTESIAN_POINT('',(319.,86.3956741333008,-12.7293258666992));
#14836=CARTESIAN_POINT('',(319.,93.2706741333008,-13.7293258666992));
#14837=CARTESIAN_POINT('Origin',(320.,86.3956741333008,-10.7293258666992));
#14838=CARTESIAN_POINT('',(319.,31.9706202651185,-11.7293258666992));
#14839=CARTESIAN_POINT('',(313.033324355303,37.9372959098155,-17.6960015113961));
#14840=CARTESIAN_POINT('',(319.,11.2706741333008,-11.7293258666992));
#14841=CARTESIAN_POINT('',(319.,86.3956741333008,-11.7293258666992));
#14842=CARTESIAN_POINT('',(320.,10.2706741333008,-10.7293258666992));
#14843=CARTESIAN_POINT('',(319.,11.2706741333008,-11.7293258666992));
#14844=CARTESIAN_POINT('',(319.375,10.2706741333008,-11.3543258666992));
#14845=CARTESIAN_POINT('Origin',(319.5,10.7706741333008,-12.7293258666992));
#14846=CARTESIAN_POINT('',(319.,11.2706741333008,-18.2293258666992));
#14847=CARTESIAN_POINT('',(319.,11.2706741333008,-12.7293258666992));
#14848=CARTESIAN_POINT('',(320.,10.2706741333008,-18.2293258666992));
#14849=CARTESIAN_POINT('',(319.8125,10.4581741333008,-18.2293258666992));
#14850=CARTESIAN_POINT('',(320.,10.2706741333008,-12.7293258666992));
#14851=CARTESIAN_POINT('Origin',(319.5,10.2706741333008,-12.7293258666992));
#14852=CARTESIAN_POINT('',(329.5,10.2706741333008,-18.2293258666992));
#14853=CARTESIAN_POINT('',(319.5,10.2706741333008,-18.2293258666992));
#14854=CARTESIAN_POINT('',(329.5,10.2706741333008,-12.7293258666992));
#14855=CARTESIAN_POINT('',(329.5,10.2706741333008,-12.7293258666992));
#14856=CARTESIAN_POINT('',(330.,10.2706741333008,-12.7293258666992));
#14857=CARTESIAN_POINT('',(319.5,10.2706741333008,-12.7293258666992));
#14858=CARTESIAN_POINT('',(330.,10.2706741333008,-13.2293258666992));
#14859=CARTESIAN_POINT('Origin',(324.5,14.5206741333008,-18.2293258666992));
#14860=CARTESIAN_POINT('',(319.,18.7706741333008,-18.2293258666992));
#14861=CARTESIAN_POINT('',(319.,63.1456741333008,-18.2293258666992));
#14862=CARTESIAN_POINT('',(329.5,18.7706741333008,-18.2293258666992));
#14863=CARTESIAN_POINT('',(329.5,18.7706741333008,-18.2293258666992));
#14864=CARTESIAN_POINT('',(329.5,10.2706741333008,-18.2293258666992));
#14865=CARTESIAN_POINT('Origin',(333.625,30.9706202651185,-10.7293258666992));
#14866=CARTESIAN_POINT('',(322.5,31.9706202651185,-11.7293258666992));
#14867=CARTESIAN_POINT('',(324.5,29.9706202651185,-9.72932586669917));
#14868=CARTESIAN_POINT('',(333.625,31.9706202651185,-11.7293258666992));
#14869=CARTESIAN_POINT('Origin',(375.,10.7706741333008,-12.7293258666992));
#14870=CARTESIAN_POINT('',(374.5,10.2706741333008,-10.7293258666991));
#14871=CARTESIAN_POINT('',(374.5,10.2706741333008,-18.2293258666992));
#14872=CARTESIAN_POINT('',(374.5,10.2706741333008,-12.7293258666992));
#14873=CARTESIAN_POINT('',(375.5,11.2706741333008,-18.2293258666992));
#14874=CARTESIAN_POINT('',(374.6875,10.4581741333008,-18.2293258666992));
#14875=CARTESIAN_POINT('',(375.5,11.2706741333008,-11.7293258666992));
#14876=CARTESIAN_POINT('',(375.5,11.2706741333008,-12.7293258666992));
#14877=CARTESIAN_POINT('',(375.5,11.2706741333008,-11.7293258666992));
#14878=CARTESIAN_POINT('Origin',(374.5,35.6456741333008,-10.7293258666992));
#14879=CARTESIAN_POINT('',(375.5,31.9706202651185,-11.7293258666992));
#14880=CARTESIAN_POINT('',(375.5,35.6456741333008,-11.7293258666992));
#14881=CARTESIAN_POINT('',(372.80000897803,29.2706292431489,-9.02933484472955));
#14882=CARTESIAN_POINT('',(361.25,10.2706741333008,2.52067413330084));
#14883=CARTESIAN_POINT('Origin',(319.5,10.2706741333008,-12.7293258666992));
#14884=CARTESIAN_POINT('',(364.,10.2706741333008,-12.7293258666992));
#14885=CARTESIAN_POINT('',(364.,10.2706741333008,-13.2293258666992));
#14886=CARTESIAN_POINT('',(365.,10.2706741333008,-12.7293258666992));
#14887=CARTESIAN_POINT('',(319.5,10.2706741333008,-12.7293258666992));
#14888=CARTESIAN_POINT('',(365.,10.2706741333008,-18.2293258666992));
#14889=CARTESIAN_POINT('',(365.,10.2706741333008,-12.7293258666992));
#14890=CARTESIAN_POINT('',(375.,10.2706741333008,-18.2293258666992));
#14891=CARTESIAN_POINT('Origin',(359.625,30.9706202651185,-10.7293258666992));
#14892=CARTESIAN_POINT('',(372.,31.9706202651185,-11.7293258666992));
#14893=CARTESIAN_POINT('',(359.625,31.9706202651185,-11.7293258666992));
#14894=CARTESIAN_POINT('',(372.,31.9706202651185,-11.7293258666992));
#14895=CARTESIAN_POINT('Origin',(370.,14.5206741333008,-18.2293258666992));
#14896=CARTESIAN_POINT('',(365.,18.7706741333008,-18.2293258666992));
#14897=CARTESIAN_POINT('',(365.,10.2706741333008,-18.2293258666992));
#14898=CARTESIAN_POINT('',(375.5,18.7706741333008,-18.2293258666992));
#14899=CARTESIAN_POINT('',(365.,18.7706741333008,-18.2293258666992));
#14900=CARTESIAN_POINT('',(375.5,12.3956741333008,-18.2293258666992));
#14901=CARTESIAN_POINT('Origin',(375.5,10.2706741333008,-12.7293258666992));
#14902=CARTESIAN_POINT('',(375.5,18.7706741333008,-12.7293258666992));
#14903=CARTESIAN_POINT('',(375.5,18.7706741333008,-12.7293258666992));
#14904=CARTESIAN_POINT('',(375.5,31.9706202651185,-12.7293258666992));
#14905=CARTESIAN_POINT('',(375.5,35.6456741333008,-12.7293258666992));
#14906=CARTESIAN_POINT('',(375.5,31.9706202651185,-13.7293258666992));
#14907=CARTESIAN_POINT('Origin',(374.5,35.6456741333008,-10.7293258666992));
#14908=CARTESIAN_POINT('',(375.5,93.2706741333008,-11.7293258666992));
#14909=CARTESIAN_POINT('',(382.041666666667,86.7290074666342,-18.2709925333658));
#14910=CARTESIAN_POINT('',(375.5,110.770674133301,-11.7293258666992));
#14911=CARTESIAN_POINT('',(375.5,35.6456741333008,-11.7293258666992));
#14912=CARTESIAN_POINT('',(375.5,110.770674133301,-11.7293258666992));
#14913=CARTESIAN_POINT('Origin',(375.,111.270674133301,-12.7293258666992));
#14914=CARTESIAN_POINT('',(375.5,110.770674133301,-18.2293258666992));
#14915=CARTESIAN_POINT('',(375.5,110.770674133301,-12.7293258666992));
#14916=CARTESIAN_POINT('',(374.6875,111.583174133301,-18.2293258666992));
#14917=CARTESIAN_POINT('Origin',(370.,107.520674133301,-18.2293258666992));
#14918=CARTESIAN_POINT('',(375.5,103.270674133301,-18.2293258666992));
#14919=CARTESIAN_POINT('',(375.5,58.8956741333008,-18.2293258666992));
#14920=CARTESIAN_POINT('',(365.219843970705,103.270674133301,-18.2293258666992));
#14921=CARTESIAN_POINT('',(365.,103.270674133301,-18.2293258666992));
#14922=CARTESIAN_POINT('',(365.219843970705,103.313385387158,-18.2293258666992));
#14923=CARTESIAN_POINT('',(365.219843970705,47.0633853871576,-18.2293258666992));
#14924=CARTESIAN_POINT('',(365.,103.313385387158,-18.2293258666992));
#14925=CARTESIAN_POINT('',(365.219843970705,103.313385387158,-18.2293258666992));
#14926=CARTESIAN_POINT('',(365.,111.770674133301,-18.2293258666992));
#14927=CARTESIAN_POINT('Origin',(361.125,94.2706741333008,-10.7293258666992));
#14928=CARTESIAN_POINT('',(372.,93.2706741333008,-11.7293258666992));
#14929=CARTESIAN_POINT('',(370.,95.2706741333008,-9.72932586669916));
#14930=CARTESIAN_POINT('',(361.125,93.2706741333008,-11.7293258666992));
#14931=CARTESIAN_POINT('Origin',(319.,111.770674133301,-12.7293258666992));
#14932=CARTESIAN_POINT('',(319.,31.9706202651185,-12.7293258666992));
#14933=CARTESIAN_POINT('',(319.,31.9706202651185,-13.7293258666992));
#14934=CARTESIAN_POINT('',(319.,18.7706741333008,-12.7293258666992));
#14935=CARTESIAN_POINT('',(319.,86.3956741333008,-12.7293258666992));
#14936=CARTESIAN_POINT('',(319.,18.7706741333008,-12.7293258666992));
#14937=CARTESIAN_POINT('Origin',(323.5,46.4956471992097,-10.7293258666992));
#14938=CARTESIAN_POINT('',(322.5,46.4956471992097,-11.7293258666992));
#14939=CARTESIAN_POINT('Origin',(320.,31.9706202651185,-14.7293258666992));
#14940=CARTESIAN_POINT('',(322.5,31.9706202651185,-12.7293258666992));
#14941=CARTESIAN_POINT('',(322.5,31.9706202651185,-14.7293258666992));
#14942=CARTESIAN_POINT('',(333.625,31.9706202651185,-12.7293258666992));
#14943=CARTESIAN_POINT('Origin',(322.5,31.9706202651185,-14.7293258666992));
#14944=CARTESIAN_POINT('',(322.5,93.2706741333008,-12.7293258666992));
#14945=CARTESIAN_POINT('',(322.5,93.2706741333008,-14.7293258666992));
#14946=CARTESIAN_POINT('',(322.5,46.4956471992097,-12.7293258666992));
#14947=CARTESIAN_POINT('Origin',(323.,93.2706741333008,-14.7293258666992));
#14948=CARTESIAN_POINT('',(335.125,93.2706741333008,-12.7293258666992));
#14949=CARTESIAN_POINT('Origin',(371.,77.1456741333008,-10.7293258666992));
#14950=CARTESIAN_POINT('',(372.,77.1456741333008,-11.7293258666992));
#14951=CARTESIAN_POINT('Origin',(375.5,10.2706741333008,-12.7293258666992));
#14952=CARTESIAN_POINT('',(375.5,93.2706741333008,-12.7293258666992));
#14953=CARTESIAN_POINT('',(375.5,93.2706741333008,-13.7293258666992));
#14954=CARTESIAN_POINT('',(375.5,103.270674133301,-12.7293258666992));
#14955=CARTESIAN_POINT('',(375.5,35.6456741333008,-12.7293258666992));
#14956=CARTESIAN_POINT('',(375.5,103.270674133301,-12.7293258666992));
#14957=CARTESIAN_POINT('Origin',(375.,93.2706741333008,-14.7293258666992));
#14958=CARTESIAN_POINT('',(372.,93.2706741333008,-12.7293258666992));
#14959=CARTESIAN_POINT('',(372.,93.2706741333008,-14.7293258666992));
#14960=CARTESIAN_POINT('',(361.125,93.2706741333008,-12.7293258666992));
#14961=CARTESIAN_POINT('Origin',(372.,93.2706741333008,-14.7293258666992));
#14962=CARTESIAN_POINT('',(372.,31.9706202651185,-12.7293258666992));
#14963=CARTESIAN_POINT('',(372.,31.9706202651185,-14.7293258666992));
#14964=CARTESIAN_POINT('',(372.,77.1456741333008,-12.7293258666992));
#14965=CARTESIAN_POINT('Origin',(372.,31.9706202651185,-14.7293258666992));
#14966=CARTESIAN_POINT('',(359.625,31.9706202651185,-12.7293258666992));
#14967=CARTESIAN_POINT('Origin',(331.,50.6456741333008,-10.7293258666992));
#14968=CARTESIAN_POINT('',(332.,12.2706741333008,-11.7293258666992));
#14969=CARTESIAN_POINT('',(337.979166666667,18.2498407999676,-17.7084925333658));
#14970=CARTESIAN_POINT('',(332.,20.2706741333008,-11.7293258666992));
#14971=CARTESIAN_POINT('',(332.,50.6456741333008,-11.7293258666992));
#14972=CARTESIAN_POINT('',(332.,20.2706741333008,-11.7293258666992));
#14973=CARTESIAN_POINT('Origin',(336.230957785848,46.5244825761313,-10.7293258666992));
#14974=CARTESIAN_POINT('',(336.,40.2706741333008,-11.7293258666992));
#14975=CARTESIAN_POINT('',(337.211538461538,46.3283664409931,-11.7293258666992));
#14976=CARTESIAN_POINT('',(336.,40.2706741333008,-11.7293258666992));
#14977=CARTESIAN_POINT('Origin',(354.625,41.2706741333008,-10.7293258666992));
#14978=CARTESIAN_POINT('',(358.,40.2706741333008,-11.7293258666992));
#14979=CARTESIAN_POINT('',(354.625,40.2706741333008,-11.7293258666992));
#14980=CARTESIAN_POINT('',(358.,40.2706741333008,-11.7293258666992));
#14981=CARTESIAN_POINT('Origin',(357.778657598768,46.4764056530544,-10.7293258666992));
#14982=CARTESIAN_POINT('',(362.,20.2706741333008,-11.7293258666992));
#14983=CARTESIAN_POINT('',(356.798076923077,46.2802895179162,-11.7293258666992));
#14984=CARTESIAN_POINT('',(362.,20.2706741333008,-11.7293258666992));
#14985=CARTESIAN_POINT('Origin',(363.,35.6456741333008,-10.7293258666992));
#14986=CARTESIAN_POINT('',(362.,12.2706741333008,-11.7293258666992));
#14987=CARTESIAN_POINT('',(362.,35.6456741333008,-11.7293258666992));
#14988=CARTESIAN_POINT('',(358.520833333333,15.7498407999674,-15.2084925333659));
#14989=CARTESIAN_POINT('Origin',(363.,11.2706741333008,-13.2293258666992));
#14990=CARTESIAN_POINT('',(362.,12.2706741333008,-12.7293258666992));
#14991=CARTESIAN_POINT('',(362.,12.2706741333008,-13.2293258666992));
#14992=CARTESIAN_POINT('',(346.625,27.6456741333008,-12.7293258666992));
#14993=CARTESIAN_POINT('Origin',(362.,10.2706741333008,-13.7293258666992));
#14994=CARTESIAN_POINT('',(362.,20.2706741333008,-12.7293258666992));
#14995=CARTESIAN_POINT('',(362.,20.2706741333008,-13.7293258666992));
#14996=CARTESIAN_POINT('',(362.,35.6456741333008,-12.7293258666992));
#14997=CARTESIAN_POINT('Origin',(331.,11.2706741333008,-13.2293258666992));
#14998=CARTESIAN_POINT('',(332.,12.2706741333008,-12.7293258666992));
#14999=CARTESIAN_POINT('',(347.5,27.7706741333009,-12.7293258666992));
#15000=CARTESIAN_POINT('',(332.,12.2706741333008,-13.2293258666992));
#15001=CARTESIAN_POINT('Origin',(332.,40.2706741333008,-13.7293258666992));
#15002=CARTESIAN_POINT('',(332.,20.2706741333008,-12.7293258666992));
#15003=CARTESIAN_POINT('',(332.,50.6456741333008,-12.7293258666992));
#15004=CARTESIAN_POINT('',(332.,20.2706741333008,-13.7293258666992));
#15005=CARTESIAN_POINT('Origin',(347.25,61.0206741333008,-12.7293258666992));
#15006=CARTESIAN_POINT('',(358.,40.2706741333008,-12.7293258666992));
#15007=CARTESIAN_POINT('',(356.798076923077,46.2802895179162,-12.7293258666992));
#15008=CARTESIAN_POINT('',(336.,40.2706741333008,-12.7293258666992));
#15009=CARTESIAN_POINT('',(354.625,40.2706741333008,-12.7293258666992));
#15010=CARTESIAN_POINT('',(337.211538461538,46.3283664409931,-12.7293258666992));
#15011=CARTESIAN_POINT('',(329.5,18.7706741333008,-12.7293258666992));
#15012=CARTESIAN_POINT('',(329.5,39.8956741333008,-12.7293258666992));
#15013=CARTESIAN_POINT('',(333.375,18.7706741333008,-12.7293258666992));
#15014=CARTESIAN_POINT('',(328.969843970705,103.270674133301,-12.7293258666992));
#15015=CARTESIAN_POINT('',(338.109921985353,103.270674133301,-12.7293258666992));
#15016=CARTESIAN_POINT('',(328.969843970705,47.0633853871576,-12.7293258666992));
#15017=CARTESIAN_POINT('',(328.969843970705,103.313385387158,-12.7293258666992));
#15018=CARTESIAN_POINT('',(365.219843970705,47.0633853871576,-12.7293258666992));
#15019=CARTESIAN_POINT('',(328.969843970705,47.0633853871576,-12.7293258666992));
#15020=CARTESIAN_POINT('',(365.219843970705,103.270674133301,-12.7293258666992));
#15021=CARTESIAN_POINT('',(365.219843970705,47.0633853871576,-12.7293258666992));
#15022=CARTESIAN_POINT('',(361.125,103.270674133301,-12.7293258666992));
#15023=CARTESIAN_POINT('',(365.,18.7706741333008,-12.7293258666992));
#15024=CARTESIAN_POINT('',(356.125,18.7706741333008,-12.7293258666992));
#15025=CARTESIAN_POINT('',(365.,35.6456741333008,-12.7293258666992));
#15026=CARTESIAN_POINT('Origin',(362.,40.2706741333008,-13.7293258666992));
#15027=CARTESIAN_POINT('',(336.,40.2706741333008,-13.7293258666992));
#15028=CARTESIAN_POINT('',(358.,40.2706741333008,-13.7293258666992));
#15029=CARTESIAN_POINT('Origin',(360.,30.2706741333008,-13.7293258666992));
#15030=CARTESIAN_POINT('Origin',(334.,30.2706741333008,-13.7293258666992));
#15031=CARTESIAN_POINT('Origin',(329.5,18.7706741333008,-12.7293258666992));
#15032=CARTESIAN_POINT('',(329.5,18.7706741333008,-12.7293258666992));
#15033=CARTESIAN_POINT('Origin',(319.5,18.7706741333008,-12.7293258666992));
#15034=CARTESIAN_POINT('Origin',(329.5,111.770674133301,-12.7293258666992));
#15035=CARTESIAN_POINT('',(329.5,103.313385387158,-12.7293258666992));
#15036=CARTESIAN_POINT('',(329.5,86.3956741333008,-12.7293258666992));
#15037=CARTESIAN_POINT('',(329.5,103.313385387158,-12.7293258666992));
#15038=CARTESIAN_POINT('Origin',(328.969843970705,103.270674133301,-12.7293258666992));
#15039=CARTESIAN_POINT('',(328.969843970705,103.270674133301,-12.7293258666992));
#15040=CARTESIAN_POINT('Origin',(347.25,61.0206741333008,-12.7293258666992));
#15041=CARTESIAN_POINT('',(365.,103.313385387158,-12.7293258666992));
#15042=CARTESIAN_POINT('',(365.,82.1670297602292,-12.7293258666992));
#15043=CARTESIAN_POINT('',(365.219843970705,103.313385387158,-12.7293258666992));
#15044=CARTESIAN_POINT('Origin',(365.,10.2706741333008,-12.7293258666992));
#15045=CARTESIAN_POINT('',(365.,18.7706741333008,-12.7293258666992));
#15046=CARTESIAN_POINT('Origin',(365.,18.7706741333008,-12.7293258666992));
#15047=CARTESIAN_POINT('Origin',(375.,103.270674133301,-12.7293258666992));
#15048=CARTESIAN_POINT('',(365.219843970705,103.270674133301,-12.7293258666992));
#15049=CARTESIAN_POINT('Origin',(365.,103.313385387158,-12.7293258666992));
#15050=CARTESIAN_POINT('',(365.,103.313385387158,-12.7293258666992));
#15051=CARTESIAN_POINT('Origin',(328.969843970705,103.313385387158,-12.7293258666992));
#15052=CARTESIAN_POINT('',(365.219843970705,103.313385387158,-11.2293258666992));
#15053=CARTESIAN_POINT('',(365.219843970705,103.313385387158,-12.7293258666992));
#15054=CARTESIAN_POINT('',(328.969843970705,103.313385387158,-11.2293258666992));
#15055=CARTESIAN_POINT('',(365.219843970705,103.313385387158,-11.2293258666992));
#15056=CARTESIAN_POINT('',(328.969843970705,103.313385387158,-12.7293258666992));
#15057=CARTESIAN_POINT('Origin',(328.969843970705,47.0633853871576,-12.7293258666992));
#15058=CARTESIAN_POINT('',(328.969843970705,47.0633853871576,-11.2293258666992));
#15059=CARTESIAN_POINT('',(328.969843970705,103.313385387158,-11.2293258666992));
#15060=CARTESIAN_POINT('',(328.969843970705,47.0633853871576,-12.7293258666992));
#15061=CARTESIAN_POINT('Origin',(365.219843970705,47.0633853871576,-12.7293258666992));
#15062=CARTESIAN_POINT('',(365.219843970705,47.0633853871576,-11.2293258666992));
#15063=CARTESIAN_POINT('',(328.969843970705,47.0633853871576,-11.2293258666992));
#15064=CARTESIAN_POINT('',(365.219843970705,47.0633853871576,-12.7293258666992));
#15065=CARTESIAN_POINT('Origin',(365.219843970705,103.313385387158,-12.7293258666992));
#15066=CARTESIAN_POINT('',(365.219843970705,47.0633853871576,-11.2293258666992));
#15067=CARTESIAN_POINT('Origin',(347.175003129244,75.1456755489111,-11.2293258666992));
#15068=CARTESIAN_POINT('',(367.550003129244,45.0206755489111,-11.2293258666992));
#15069=CARTESIAN_POINT('',(326.800003129244,45.0206755489111,-11.2293258666992));
#15070=CARTESIAN_POINT('',(357.362503129244,45.0206755489111,-11.2293258666992));
#15071=CARTESIAN_POINT('',(367.550003129244,105.270675548911,-11.2293258666992));
#15072=CARTESIAN_POINT('',(367.550003129244,90.2081755489111,-11.2293258666992));
#15073=CARTESIAN_POINT('',(326.800003129244,105.270675548911,-11.2293258666992));
#15074=CARTESIAN_POINT('',(336.987503129244,105.270675548911,-11.2293258666992));
#15075=CARTESIAN_POINT('',(326.800003129244,60.0831755489111,-11.2293258666992));
#15076=CARTESIAN_POINT('Origin',(326.800003129244,105.270675548911,-12.7293258666992));
#15077=CARTESIAN_POINT('',(367.550003129244,105.270675548911,-12.7293258666992));
#15078=CARTESIAN_POINT('',(326.800003129244,105.270675548911,-12.7293258666992));
#15079=CARTESIAN_POINT('Origin',(367.550003129244,105.270675548911,-12.7293258666992));
#15080=CARTESIAN_POINT('',(367.550003129244,45.0206755489111,-12.7293258666992));
#15081=CARTESIAN_POINT('Origin',(326.800003129244,45.0206755489111,-12.7293258666992));
#15082=CARTESIAN_POINT('',(326.800003129244,45.0206755489111,-12.7293258666992));
#15083=CARTESIAN_POINT('Origin',(367.550003129244,45.0206755489111,-12.7293258666992));
#15084=CARTESIAN_POINT('Origin',(380.,60.5498146052227,-20.7293258666992));
#15085=CARTESIAN_POINT('',(380.,96.8124361745262,-20.7293258666992));
#15086=CARTESIAN_POINT('',(378.,98.2473314597869,-20.7293258666992));
#15087=CARTESIAN_POINT('Origin',(381.371278087596,100.835285470202,-20.7293258666992));
#15088=CARTESIAN_POINT('',(378.,103.42323071725,-20.7293258666992));
#15089=CARTESIAN_POINT('',(378.,9.87067413330079,-20.7293258666992));
#15090=CARTESIAN_POINT('',(380.,104.858131201351,-20.7293258666992));
#15091=CARTESIAN_POINT('Origin',(381.371278087596,100.835285470202,-20.7293258666992));
#15092=CARTESIAN_POINT('',(380.,60.5498146052227,-20.7293258666992));
#15093=CARTESIAN_POINT('Origin',(380.,60.5498146052227,-19.4793258666992));
#15094=CARTESIAN_POINT('',(380.,96.7922965462677,-18.409899804042));
#15095=CARTESIAN_POINT('',(380.,96.8023587607318,-19.5687375396555));
#15096=CARTESIAN_POINT('',(380.,104.837633789092,-18.3404548711303));
#15097=CARTESIAN_POINT('',(380.,104.847577061539,-19.4992936334156));
#15098=CARTESIAN_POINT('',(380.,103.738722799038,-18.3499403404993));
#15099=CARTESIAN_POINT('',(380.,105.782289402602,-18.3323008878074));
#15100=CARTESIAN_POINT('',(380.,103.738722799037,-18.2293258666992));
#15101=CARTESIAN_POINT('',(380.,103.738722799038,-23.2293258666992));
#15102=CARTESIAN_POINT('',(380.,97.8502751743781,-18.2293258666992));
#15103=CARTESIAN_POINT('',(380.,35.2102443692618,-18.2293258666992));
#15104=CARTESIAN_POINT('',(380.,97.850275174378,-18.4007676505183));
#15105=CARTESIAN_POINT('',(380.,97.850275174378,-23.2293258666992));
#15106=CARTESIAN_POINT('',(380.,105.782289402602,-18.3323008878074));
#15107=CARTESIAN_POINT('Origin',(380.,60.5498146052227,-19.4793258666992));
#15108=CARTESIAN_POINT('',(380.,86.4930954464364,-18.4987994123288));
#15109=CARTESIAN_POINT('',(380.,86.5124634028092,-20.7293258666992));
#15110=CARTESIAN_POINT('',(380.,86.5027718182968,-19.6131865900863));
#15111=CARTESIAN_POINT('',(380.,94.556366355402,-20.7293258666992));
#15112=CARTESIAN_POINT('',(380.,60.5498146052227,-20.7293258666992));
#15113=CARTESIAN_POINT('',(380.,94.5366321216328,-18.4293700213756));
#15114=CARTESIAN_POINT('',(380.,94.546193868652,-19.5437581885403));
#15115=CARTESIAN_POINT('',(380.,93.516502146572,-18.4381754767022));
#15116=CARTESIAN_POINT('',(380.,105.782289402602,-18.3323008878074));
#15117=CARTESIAN_POINT('',(380.,93.5165021465719,-18.2293258666992));
#15118=CARTESIAN_POINT('',(380.,93.516502146572,-23.2293258666992));
#15119=CARTESIAN_POINT('',(380.,87.6833696245501,-18.2293258666992));
#15120=CARTESIAN_POINT('',(380.,35.2102443692618,-18.2293258666992));
#15121=CARTESIAN_POINT('',(380.,87.68336962455,-18.4885253233812));
#15122=CARTESIAN_POINT('',(380.,87.68336962455,-23.2293258666992));
#15123=CARTESIAN_POINT('',(380.,105.782289402602,-18.3323008878074));
#15124=CARTESIAN_POINT('Origin',(380.,60.5498146052227,-20.7293258666992));
#15125=CARTESIAN_POINT('',(378.,87.9498868999832,-20.7293258666992));
#15126=CARTESIAN_POINT('Origin',(381.373903743039,90.5344166647818,-20.7293258666992));
#15127=CARTESIAN_POINT('',(378.,93.1189376593886,-20.7293258666992));
#15128=CARTESIAN_POINT('',(378.,9.87067413330079,-20.7293258666992));
#15129=CARTESIAN_POINT('Origin',(381.373903743039,90.5344166647818,-20.7293258666992));
#15130=CARTESIAN_POINT('Origin',(378.,111.228955077145,-18.2293258666992));
#15131=CARTESIAN_POINT('',(380.,111.228955077145,-20.7293258666992));
#15132=CARTESIAN_POINT('',(380.,111.228955077145,-20.2293258666992));
#15133=CARTESIAN_POINT('',(380.,111.228955077145,-18.8543258666992));
#15134=CARTESIAN_POINT('',(378.,111.228955077145,-20.7293258666992));
#15135=CARTESIAN_POINT('',(362.625,111.228955077145,-20.7293258666992));
#15136=CARTESIAN_POINT('',(378.,111.228955077145,-20.2293258666992));
#15137=CARTESIAN_POINT('',(378.,111.228955077145,-18.2293258666992));
#15138=CARTESIAN_POINT('',(379.,111.228955077145,-20.2293258666992));
#15139=CARTESIAN_POINT('Origin',(379.,110.228955077145,-19.2293258666992));
#15140=CARTESIAN_POINT('',(380.,110.770674133301,-19.7710449228553));
#15141=CARTESIAN_POINT('',(380.,97.8716699591642,-6.87204074871869));
#15142=CARTESIAN_POINT('',(380.,109.228955077145,-18.2293258666992));
#15143=CARTESIAN_POINT('',(391.503118451314,97.7258366258309,-6.72620741538535));
#15144=CARTESIAN_POINT('',(380.,110.739384841184,-19.7397556307382));
#15145=CARTESIAN_POINT('Origin',(378.,9.87067413330079,-18.2293258666992));
#15146=CARTESIAN_POINT('',(378.,9.87067413330079,-20.2293258666992));
#15147=CARTESIAN_POINT('',(378.,35.2102443692618,-20.2293258666992));
#15148=CARTESIAN_POINT('',(378.,35.4456741333008,-20.7293258666992));
#15149=CARTESIAN_POINT('',(378.,35.4456741333008,-20.7293258666992));
#15150=CARTESIAN_POINT('',(378.,9.87067413330079,-20.7293258666992));
#15151=CARTESIAN_POINT('',(378.,35.4456741333008,-20.7293258666992));
#15152=CARTESIAN_POINT('',(378.,9.87067413330079,-18.2293258666992));
#15153=CARTESIAN_POINT('Origin',(379.,35.2102443692618,-19.2293258666992));
#15154=CARTESIAN_POINT('',(380.,11.8706741333008,-18.2293258666992));
#15155=CARTESIAN_POINT('',(383.38992837266,15.260602505961,-14.839397494039));
#15156=CARTESIAN_POINT('',(380.,81.2706751763821,-18.2293258666991));
#15157=CARTESIAN_POINT('',(380.,35.2102443692618,-18.2293258666992));
#15158=CARTESIAN_POINT('',(380.,72.9904592512813,-18.2293258666991));
#15159=CARTESIAN_POINT('',(380.,72.9904592512813,-18.2293258666991));
#15160=CARTESIAN_POINT('',(380.,72.9904592512813,-18.2293258666991));
#15161=CARTESIAN_POINT('Origin',(381.,10.8706741333008,-19.2293258666992));
#15162=CARTESIAN_POINT('',(380.,9.87067413330079,-20.2293258666992));
#15163=CARTESIAN_POINT('',(380.,23.2279592512813,-6.8720407487187));
#15164=CARTESIAN_POINT('',(381.,9.87067413330079,-20.2293258666992));
#15165=CARTESIAN_POINT('Origin',(382.,9.87067413330079,-18.2293258666992));
#15166=CARTESIAN_POINT('',(380.,9.87067413330079,-20.7293258666992));
#15167=CARTESIAN_POINT('',(380.,9.87067413330079,-18.8543258666992));
#15168=CARTESIAN_POINT('',(364.625,9.87067413330079,-20.7293258666992));
#15169=CARTESIAN_POINT('Origin',(347.25,61.0206741333008,-20.7293258666992));
#15170=CARTESIAN_POINT('Origin',(381.373903743039,90.5344166647818,-20.7293258666992));
#15171=CARTESIAN_POINT('Origin',(381.371278087596,100.835285470202,-20.7293258666992));
#15172=CARTESIAN_POINT('',(380.,113.770674133301,-20.7293258666992));
#15173=CARTESIAN_POINT('',(380.,115.770674133301,-20.7293258666992));
#15174=CARTESIAN_POINT('',(378.,115.770674133301,-20.7293258666992));
#15175=CARTESIAN_POINT('',(384.5,109.270674133301,-20.7293258666992));
#15176=CARTESIAN_POINT('',(316.5,115.770674133301,-20.7293258666992));
#15177=CARTESIAN_POINT('',(314.5,115.770674133301,-20.7293258666992));
#15178=CARTESIAN_POINT('',(314.5,113.770674133301,-20.7293258666992));
#15179=CARTESIAN_POINT('',(310.,109.270674133301,-20.7293258666992));
#15180=CARTESIAN_POINT('',(314.5,111.270674133301,-20.7293258666992));
#15181=CARTESIAN_POINT('',(314.5,6.2706741333008,-20.7293258666992));
#15182=CARTESIAN_POINT('',(316.5,111.270674133301,-20.7293258666992));
#15183=CARTESIAN_POINT('',(329.875,111.270674133301,-20.7293258666992));
#15184=CARTESIAN_POINT('',(316.5,9.912393189457,-20.7293258666992));
#15185=CARTESIAN_POINT('',(316.5,86.1456741333008,-20.7293258666992));
#15186=CARTESIAN_POINT('',(314.5,9.912393189457,-20.7293258666992));
#15187=CARTESIAN_POINT('',(331.875,9.912393189457,-20.7293258666992));
#15188=CARTESIAN_POINT('',(314.5,8.27067413330079,-20.7293258666992));
#15189=CARTESIAN_POINT('',(314.5,6.2706741333008,-20.7293258666992));
#15190=CARTESIAN_POINT('',(316.5,6.2706741333008,-20.7293258666992));
#15191=CARTESIAN_POINT('',(310.,12.7706741333006,-20.7293258666992));
#15192=CARTESIAN_POINT('',(378.,6.2706741333008,-20.7293258666992));
#15193=CARTESIAN_POINT('',(380.,6.2706741333008,-20.7293258666992));
#15194=CARTESIAN_POINT('',(380.,8.27067413330079,-20.7293258666992));
#15195=CARTESIAN_POINT('',(384.5,12.7706741333006,-20.7293258666992));
#15196=CARTESIAN_POINT('',(380.,115.770674133301,-20.7293258666992));
#15197=CARTESIAN_POINT('',(323.009616151856,11.9459912800435,-20.7293258666992));
#15198=CARTESIAN_POINT('Origin',(323.009616151856,13.8209912800435,-20.7293258666992));
#15199=CARTESIAN_POINT('',(322.97473928184,106.416750956115,-20.7293258666992));
#15200=CARTESIAN_POINT('Origin',(322.97473928184,108.291750956115,-20.7293258666992));
#15201=CARTESIAN_POINT('',(371.453316745776,106.374735007282,-20.7293258666992));
#15202=CARTESIAN_POINT('Origin',(371.453316745776,108.249735007282,-20.7293258666992));
#15203=CARTESIAN_POINT('',(371.453277288589,11.8961217472073,-20.7293258666992));
#15204=CARTESIAN_POINT('Origin',(371.453277288589,13.7711217472073,-20.7293258666992));
#15205=CARTESIAN_POINT('',(332.352154132771,16.2706741333008,-20.7293258666992));
#15206=CARTESIAN_POINT('',(318.5,16.2706741333008,-20.7293258666992));
#15207=CARTESIAN_POINT('',(376.,16.2706741333008,-20.7293258666992));
#15208=CARTESIAN_POINT('',(318.5,103.270674133301,-20.7293258666992));
#15209=CARTESIAN_POINT('',(318.5,16.2706741333008,-20.7293258666992));
#15210=CARTESIAN_POINT('',(376.,103.270674133301,-20.7293258666992));
#15211=CARTESIAN_POINT('',(318.5,103.270674133301,-20.7293258666992));
#15212=CARTESIAN_POINT('',(376.,16.2706741333008,-20.7293258666992));
#15213=CARTESIAN_POINT('',(376.,103.270674133301,-20.7293258666992));
#15214=CARTESIAN_POINT('',(349.913403827744,16.2706741333008,-20.7293258666992));
#15215=CARTESIAN_POINT('',(376.,16.2706741333008,-20.7293258666992));
#15216=CARTESIAN_POINT('',(352.873638072126,12.5703813278225,-20.7293258666992));
#15217=CARTESIAN_POINT('',(337.959198222036,31.213431140435,-20.7293258666992));
#15218=CARTESIAN_POINT('',(351.311900437117,11.3209912528675,-20.7293258666992));
#15219=CARTESIAN_POINT('Origin',(352.092769262683,11.945686280268,-20.7293258666992));
#15220=CARTESIAN_POINT('',(347.352154132771,16.2706741333008,-20.7293258666992));
#15221=CARTESIAN_POINT('',(338.397460624891,27.4640410181502,-20.7293258666992));
#15222=CARTESIAN_POINT('',(344.913403827744,16.2706741333008,-20.7293258666992));
#15223=CARTESIAN_POINT('',(376.,16.2706741333008,-20.7293258666992));
#15224=CARTESIAN_POINT('',(347.873638072126,12.5703813278225,-20.7293258666992));
#15225=CARTESIAN_POINT('',(333.934807978134,29.993918945313,-20.7293258666992));
#15226=CARTESIAN_POINT('',(346.311900437117,11.3209912528675,-20.7293258666992));
#15227=CARTESIAN_POINT('Origin',(347.092769262683,11.945686280268,-20.7293258666992));
#15228=CARTESIAN_POINT('',(342.352154132771,16.2706741333008,-20.7293258666992));
#15229=CARTESIAN_POINT('',(334.373070380989,26.2445288230282,-20.7293258666992));
#15230=CARTESIAN_POINT('',(339.913403827744,16.2706741333008,-20.7293258666992));
#15231=CARTESIAN_POINT('',(376.,16.2706741333008,-20.7293258666992));
#15232=CARTESIAN_POINT('',(342.873638072126,12.5703813278225,-20.7293258666992));
#15233=CARTESIAN_POINT('',(329.910417734231,28.7744067501911,-20.7293258666992));
#15234=CARTESIAN_POINT('',(341.311900437117,11.3209912528675,-20.7293258666992));
#15235=CARTESIAN_POINT('Origin',(342.092769262683,11.945686280268,-20.7293258666992));
#15236=CARTESIAN_POINT('',(337.352154132771,16.2706741333008,-20.7293258666992));
#15237=CARTESIAN_POINT('',(330.348680137086,25.0250166279063,-20.7293258666992));
#15238=CARTESIAN_POINT('',(334.913403827744,16.2706741333008,-20.7293258666992));
#15239=CARTESIAN_POINT('',(376.,16.2706741333008,-20.7293258666992));
#15240=CARTESIAN_POINT('',(337.873638072126,12.5703813278225,-20.7293258666992));
#15241=CARTESIAN_POINT('',(325.886027490329,27.5548945550691,-20.7293258666992));
#15242=CARTESIAN_POINT('',(336.31190045324,11.3209912327136,-20.7293258666992));
#15243=CARTESIAN_POINT('Origin',(337.092769262683,11.945686280268,-20.7293258666992));
#15244=CARTESIAN_POINT('',(326.324289901245,23.8055044227074,-20.7293258666992));
#15245=CARTESIAN_POINT('Origin',(316.5,9.912393189457,-18.2293258666992));
#15246=CARTESIAN_POINT('',(314.5,9.912393189457,-20.2293258666992));
#15247=CARTESIAN_POINT('',(314.5,9.912393189457,-18.8543258666992));
#15248=CARTESIAN_POINT('',(316.5,9.912393189457,-20.2293258666992));
#15249=CARTESIAN_POINT('',(316.5,9.912393189457,-18.2293258666992));
#15250=CARTESIAN_POINT('',(315.5,9.912393189457,-20.2293258666992));
#15251=CARTESIAN_POINT('Origin',(315.5,10.912393189457,-19.2293258666992));
#15252=CARTESIAN_POINT('',(314.5,11.912393189457,-18.2293258666992));
#15253=CARTESIAN_POINT('',(314.5,23.2696783074374,-6.8720407487187));
#15254=CARTESIAN_POINT('',(302.996881548686,23.4155116407708,-6.72620741538536));
#15255=CARTESIAN_POINT('Origin',(316.5,111.270674133301,-18.2293258666992));
#15256=CARTESIAN_POINT('',(316.5,111.270674133301,-20.2293258666992));
#15257=CARTESIAN_POINT('',(316.5,85.9311038973399,-20.2293258666992));
#15258=CARTESIAN_POINT('',(316.5,111.270674133301,-18.2293258666992));
#15259=CARTESIAN_POINT('Origin',(315.5,85.9311038973399,-19.2293258666992));
#15260=CARTESIAN_POINT('',(314.5,109.270674133301,-18.2293258666992));
#15261=CARTESIAN_POINT('',(311.11007162734,105.880745760641,-14.839397494039));
#15262=CARTESIAN_POINT('',(314.5,85.9311038973399,-18.2293258666992));
#15263=CARTESIAN_POINT('Origin',(313.5,110.270674133301,-19.2293258666992));
#15264=CARTESIAN_POINT('',(314.5,111.270674133301,-20.2293258666992));
#15265=CARTESIAN_POINT('',(314.5,97.9133890153203,-6.8720407487187));
#15266=CARTESIAN_POINT('',(313.5,111.270674133301,-20.2293258666992));
#15267=CARTESIAN_POINT('Origin',(312.5,111.270674133301,-18.2293258666992));
#15268=CARTESIAN_POINT('',(314.5,111.270674133301,-18.8543258666992));
#15269=CARTESIAN_POINT('Origin',(331.311900437117,11.3209912528675,-20.2293258666992));
#15270=CARTESIAN_POINT('',(327.311900393636,16.3209913072194,-28.7052328024187));
#15271=CARTESIAN_POINT('',(327.404622081114,16.2050891978722,-28.7293258666992));
#15272=CARTESIAN_POINT('Ctrl Pts',(327.311900393636,16.3209913072194,-28.7052328024187));
#15273=CARTESIAN_POINT('Ctrl Pts',(327.358149270132,16.2631802115986,-28.7161751437108));
#15274=CARTESIAN_POINT('Ctrl Pts',(327.404622081114,16.2050891978722,-28.7293258666992));
#15275=CARTESIAN_POINT('',(327.311900393636,16.3209913072194,-28.7293258666992));
#15276=CARTESIAN_POINT('',(327.311900393636,16.3209913072194,-20.2293258666992));
#15277=CARTESIAN_POINT('',(322.299899649281,22.5859922376624,-28.7293258666992));
#15278=CARTESIAN_POINT('Origin',(328.092769203079,16.9456863547738,-20.2293258666992));
#15279=CARTESIAN_POINT('',(327.141963196312,16.6358994320401,-28.7293258666992));
#15280=CARTESIAN_POINT('Ctrl Pts',(327.311900393636,16.3209913072194,-28.7052328024188));
#15281=CARTESIAN_POINT('Ctrl Pts',(327.28604720851,16.3533077886265,-28.6991160186921));
#15282=CARTESIAN_POINT('Ctrl Pts',(327.26223530287,16.3872241857188,-28.6960807847593));
#15283=CARTESIAN_POINT('Ctrl Pts',(327.200043487022,16.488395823568,-28.6960807847593));
#15284=CARTESIAN_POINT('Ctrl Pts',(327.166233642079,16.5614079544206,-28.7074473141443));
#15285=CARTESIAN_POINT('Ctrl Pts',(327.141963196312,16.6358994320401,-28.7293258666992));
#15286=CARTESIAN_POINT('Origin',(328.092769203079,16.9456863547738,-28.7293258666992));
#15287=CARTESIAN_POINT('Origin',(371.453277288589,13.7711217472073,-27.7293258666992));
#15288=CARTESIAN_POINT('',(371.453277288589,18.7711217472073,-28.7293258666992));
#15289=CARTESIAN_POINT('Origin',(371.453277288589,13.7711217472073,-28.7293258666992));
#15290=CARTESIAN_POINT('',(371.453277288589,16.7711217472073,-26.7293258666992));
#15291=CARTESIAN_POINT('',(371.453277288589,17.7711217472073,-27.7293258666992));
#15292=CARTESIAN_POINT('',(371.453277288589,10.7711217472073,-26.7293258666992));
#15293=CARTESIAN_POINT('Origin',(371.453277288589,13.7711217472073,-26.7293258666992));
#15294=CARTESIAN_POINT('Origin',(371.453277288589,13.7711217472073,-26.7293258666992));
#15295=CARTESIAN_POINT('Origin',(347.25,61.0206741333008,-28.7293258666992));
#15296=CARTESIAN_POINT('',(316.914213562373,7.27067413330079,-28.7293258666992));
#15297=CARTESIAN_POINT('',(377.585786437627,7.27067413330078,-28.7293258666992));
#15298=CARTESIAN_POINT('',(330.875,7.27067413330079,-28.7293258666992));
#15299=CARTESIAN_POINT('',(315.5,8.68488769567386,-28.7293258666992));
#15300=CARTESIAN_POINT('',(310.707106781187,13.4777809144871,-28.7293258666992));
#15301=CARTESIAN_POINT('',(315.5,113.356460570928,-28.7293258666992));
#15302=CARTESIAN_POINT('',(315.5,88.3956741333008,-28.7293258666992));
#15303=CARTESIAN_POINT('',(316.914213562373,114.770674133301,-28.7293258666992));
#15304=CARTESIAN_POINT('',(310.707106781187,108.563567352114,-28.7293258666992));
#15305=CARTESIAN_POINT('',(377.585786437627,114.770674133301,-28.7293258666992));
#15306=CARTESIAN_POINT('',(363.625,114.770674133301,-28.7293258666992));
#15307=CARTESIAN_POINT('',(379.,113.356460570928,-28.7293258666992));
#15308=CARTESIAN_POINT('',(383.792893218813,108.563567352114,-28.7293258666992));
#15309=CARTESIAN_POINT('',(379.,109.989897726896,-28.7293258666992));
#15310=CARTESIAN_POINT('',(379.,33.6456741333008,-28.7293258666992));
#15311=CARTESIAN_POINT('',(387.,107.989897726896,-28.7293258666992));
#15312=CARTESIAN_POINT('',(372.198640845552,111.690237515508,-28.7293258666992));
#15313=CARTESIAN_POINT('',(387.,84.0514515827865,-28.7293258666992));
#15314=CARTESIAN_POINT('',(387.,78.5206743940711,-28.7293258666992));
#15315=CARTESIAN_POINT('',(379.,82.0514515827865,-28.7293258666992));
#15316=CARTESIAN_POINT('',(363.963346605189,78.2922882340838,-28.7293258666992));
#15317=CARTESIAN_POINT('',(379.,8.68488769567385,-28.7293258666992));
#15318=CARTESIAN_POINT('',(379.,33.6456741333008,-28.7293258666992));
#15319=CARTESIAN_POINT('',(383.792893218813,13.4777809144871,-28.7293258666992));
#15320=CARTESIAN_POINT('',(371.453316745776,113.249735007282,-28.7293258666992));
#15321=CARTESIAN_POINT('Origin',(371.453316745776,108.249735007282,-28.7293258666992));
#15322=CARTESIAN_POINT('',(347.873638072126,12.5703813278225,-28.7293258666992));
#15323=CARTESIAN_POINT('',(343.873638012522,17.5703814023283,-28.7293258666992));
#15324=CARTESIAN_POINT('',(333.934807978134,29.993918945313,-28.7293258666992));
#15325=CARTESIAN_POINT('',(342.311900393636,16.3209913072194,-28.7293258666992));
#15326=CARTESIAN_POINT('Origin',(343.092769203079,16.9456863547738,-28.7293258666992));
#15327=CARTESIAN_POINT('',(346.311900437117,11.3209912528675,-28.7293258666992));
#15328=CARTESIAN_POINT('',(334.373070380989,26.2445288230282,-28.7293258666992));
#15329=CARTESIAN_POINT('Origin',(347.092769262683,11.945686280268,-28.7293258666992));
#15330=CARTESIAN_POINT('',(332.311900393636,16.3209913072194,-28.7293258666992));
#15331=CARTESIAN_POINT('',(336.31190045324,11.3209912327136,-28.7293258666992));
#15332=CARTESIAN_POINT('',(326.324289901245,23.8055044227074,-28.7293258666992));
#15333=CARTESIAN_POINT('',(337.873638072126,12.5703813278225,-28.7293258666992));
#15334=CARTESIAN_POINT('Origin',(337.092769262683,11.945686280268,-28.7293258666992));
#15335=CARTESIAN_POINT('',(333.873638012522,17.5703814023283,-28.7293258666992));
#15336=CARTESIAN_POINT('',(325.886027490329,27.5548945550691,-28.7293258666992));
#15337=CARTESIAN_POINT('Origin',(333.092769203079,16.9456863547738,-28.7293258666992));
#15338=CARTESIAN_POINT('',(323.009616151856,18.8209912800435,-28.7293258666992));
#15339=CARTESIAN_POINT('Origin',(323.009616151856,13.8209912800435,-28.7293258666992));
#15340=CARTESIAN_POINT('Origin',(323.009616151856,13.8209912800435,-28.7293258666992));
#15341=CARTESIAN_POINT('',(342.873638072126,12.5703813278225,-28.7293258666992));
#15342=CARTESIAN_POINT('',(338.873638012522,17.5703814023283,-28.7293258666992));
#15343=CARTESIAN_POINT('',(329.910417734231,28.7744067501911,-28.7293258666992));
#15344=CARTESIAN_POINT('',(337.311900393636,16.3209913072194,-28.7293258666992));
#15345=CARTESIAN_POINT('Origin',(338.092769203079,16.9456863547738,-28.7293258666992));
#15346=CARTESIAN_POINT('',(341.311900437117,11.3209912528675,-28.7293258666992));
#15347=CARTESIAN_POINT('',(330.348680137086,25.0250166279063,-28.7293258666992));
#15348=CARTESIAN_POINT('Origin',(342.092769262683,11.945686280268,-28.7293258666992));
#15349=CARTESIAN_POINT('',(352.873638072126,12.5703813278225,-28.7293258666992));
#15350=CARTESIAN_POINT('',(348.873638012522,17.5703814023283,-28.7293258666992));
#15351=CARTESIAN_POINT('',(337.959198222036,31.213431140435,-28.7293258666992));
#15352=CARTESIAN_POINT('',(347.311900393636,16.3209913072194,-28.7293258666992));
#15353=CARTESIAN_POINT('Origin',(348.092769203079,16.9456863547738,-28.7293258666992));
#15354=CARTESIAN_POINT('',(351.311900437117,11.3209912528675,-28.7293258666992));
#15355=CARTESIAN_POINT('',(338.397460624891,27.4640410181502,-28.7293258666992));
#15356=CARTESIAN_POINT('Origin',(352.092769262683,11.945686280268,-28.7293258666992));
#15357=CARTESIAN_POINT('',(319.8,19.7706741333008,-28.7293258666992));
#15358=CARTESIAN_POINT('',(319.8,100.770674133301,-28.7293258666992));
#15359=CARTESIAN_POINT('',(319.8,40.8956741333008,-28.7293258666992));
#15360=CARTESIAN_POINT('',(374.8,19.7706741333008,-28.7293258666992));
#15361=CARTESIAN_POINT('',(360.025,19.7706741333008,-28.7293258666992));
#15362=CARTESIAN_POINT('',(374.8,100.770674133301,-28.7293258666992));
#15363=CARTESIAN_POINT('',(374.8,79.8956741333008,-28.7293258666992));
#15364=CARTESIAN_POINT('',(334.525,100.770674133301,-28.7293258666992));
#15365=CARTESIAN_POINT('',(381.433925118384,93.849935885561,-28.7293258666992));
#15366=CARTESIAN_POINT('Origin',(381.433925118384,90.599935885561,-28.7293258666992));
#15367=CARTESIAN_POINT('',(381.376243489689,104.044498986708,-28.7293258666992));
#15368=CARTESIAN_POINT('Origin',(381.376243489689,100.794498986708,-28.7293258666992));
#15369=CARTESIAN_POINT('',(322.97473928184,113.291750956115,-28.7293258666992));
#15370=CARTESIAN_POINT('Origin',(322.97473928184,108.291750956115,-28.7293258666992));
#15371=CARTESIAN_POINT('Origin',(371.453277288589,13.7711217472073,-25.7293258666992));
#15372=CARTESIAN_POINT('',(371.453277288589,10.7711217472073,-22.7293258666992));
#15373=CARTESIAN_POINT('',(371.453277288589,10.7711217472073,-25.7293258666992));
#15374=CARTESIAN_POINT('',(373.112264289495,16.2706741333008,-22.7293258666992));
#15375=CARTESIAN_POINT('Origin',(371.453277288589,13.7711217472073,-22.7293258666992));
#15376=CARTESIAN_POINT('',(373.112264289495,16.2706741333008,-26.2293258666992));
#15377=CARTESIAN_POINT('',(373.112264289495,16.2706741333008,-25.7293258666992));
#15378=CARTESIAN_POINT('',(369.794290287683,16.2706741333008,-26.2293258666992));
#15379=CARTESIAN_POINT('Origin',(371.453277288589,13.7711217472073,-26.2293258666992));
#15380=CARTESIAN_POINT('',(369.794290287683,16.2706741333008,-22.7293258666992));
#15381=CARTESIAN_POINT('',(369.794290287683,16.2706741333008,-25.7293258666992));
#15382=CARTESIAN_POINT('Origin',(371.453277288589,13.7711217472073,-22.7293258666992));
#15383=CARTESIAN_POINT('Origin',(323.009616151856,13.8209912800435,-27.7293258666992));
#15384=CARTESIAN_POINT('',(323.009616151856,16.8209912800435,-26.7293258666992));
#15385=CARTESIAN_POINT('',(323.009616151856,17.8209912800435,-27.7293258666992));
#15386=CARTESIAN_POINT('',(323.009616151856,10.8209912800435,-26.7293258666992));
#15387=CARTESIAN_POINT('Origin',(323.009616151856,13.8209912800435,-26.7293258666992));
#15388=CARTESIAN_POINT('Origin',(323.009616151856,13.8209912800435,-26.7293258666992));
#15389=CARTESIAN_POINT('Origin',(323.009616151856,13.8209912800435,-25.7293258666992));
#15390=CARTESIAN_POINT('',(323.009616151856,10.8209912800435,-22.7293258666992));
#15391=CARTESIAN_POINT('',(323.009616151856,10.8209912800435,-25.7293258666992));
#15392=CARTESIAN_POINT('',(324.741393827673,16.2706741333008,-22.7293258666992));
#15393=CARTESIAN_POINT('Origin',(323.009616151856,13.8209912800435,-22.7293258666992));
#15394=CARTESIAN_POINT('',(324.741393827673,16.2706741333008,-26.2293258666992));
#15395=CARTESIAN_POINT('',(324.741393827673,16.2706741333008,-25.7293258666992));
#15396=CARTESIAN_POINT('',(321.27783847604,16.2706741333008,-26.2293258666992));
#15397=CARTESIAN_POINT('Origin',(323.009616151856,13.8209912800435,-26.2293258666992));
#15398=CARTESIAN_POINT('',(321.27783847604,16.2706741333008,-22.7293258666992));
#15399=CARTESIAN_POINT('',(321.27783847604,16.2706741333008,-25.7293258666992));
#15400=CARTESIAN_POINT('Origin',(323.009616151856,13.8209912800435,-22.7293258666992));
#15401=CARTESIAN_POINT('Origin',(322.97473928184,108.291750956115,-27.7293258666992));
#15402=CARTESIAN_POINT('',(322.97473928184,111.291750956115,-26.7293258666992));
#15403=CARTESIAN_POINT('',(322.97473928184,112.291750956115,-27.7293258666992));
#15404=CARTESIAN_POINT('',(322.97473928184,105.291750956115,-26.7293258666992));
#15405=CARTESIAN_POINT('Origin',(322.97473928184,108.291750956115,-26.7293258666992));
#15406=CARTESIAN_POINT('Origin',(322.97473928184,108.291750956115,-26.7293258666992));
#15407=CARTESIAN_POINT('Origin',(322.97473928184,108.291750956115,-25.7293258666992));
#15408=CARTESIAN_POINT('',(322.97473928184,105.291750956115,-22.7293258666992));
#15409=CARTESIAN_POINT('',(322.97473928184,105.291750956115,-25.7293258666992));
#15410=CARTESIAN_POINT('Origin',(322.97473928184,108.291750956115,-22.7293258666992));
#15411=CARTESIAN_POINT('Origin',(371.453316745776,108.249735007282,-27.7293258666992));
#15412=CARTESIAN_POINT('',(371.453316745776,111.249735007282,-26.7293258666992));
#15413=CARTESIAN_POINT('',(371.453316745776,112.249735007282,-27.7293258666992));
#15414=CARTESIAN_POINT('',(371.453316745776,105.249735007282,-26.7293258666992));
#15415=CARTESIAN_POINT('Origin',(371.453316745776,108.249735007282,-26.7293258666992));
#15416=CARTESIAN_POINT('Origin',(371.453316745776,108.249735007282,-26.7293258666992));
#15417=CARTESIAN_POINT('Origin',(371.453316745776,108.249735007282,-25.7293258666992));
#15418=CARTESIAN_POINT('',(371.453316745776,105.249735007282,-22.7293258666992));
#15419=CARTESIAN_POINT('',(371.453316745776,105.249735007282,-25.7293258666992));
#15420=CARTESIAN_POINT('Origin',(371.453316745776,108.249735007282,-22.7293258666992));
#15421=CARTESIAN_POINT('Origin',(371.453316745776,108.249735007282,-22.7293258666992));
#15422=CARTESIAN_POINT('',(371.453316745776,106.374735007282,-22.7293258666992));
#15423=CARTESIAN_POINT('Origin',(371.453316745776,108.249735007282,-22.7293258666992));
#15424=CARTESIAN_POINT('Origin',(371.453277288589,13.7711217472073,-22.7293258666992));
#15425=CARTESIAN_POINT('',(345.476638644295,16.2706741333008,-22.7293258666992));
#15426=CARTESIAN_POINT('',(371.453277288589,11.8961217472073,-22.7293258666992));
#15427=CARTESIAN_POINT('Origin',(371.453277288589,13.7711217472073,-22.7293258666992));
#15428=CARTESIAN_POINT('Origin',(347.25,59.7706741333008,-26.2293258666992));
#15429=CARTESIAN_POINT('',(376.,16.2706741333008,-26.2293258666992));
#15430=CARTESIAN_POINT('',(333.375,16.2706741333008,-26.2293258666992));
#15431=CARTESIAN_POINT('',(376.,103.270674133301,-26.2293258666992));
#15432=CARTESIAN_POINT('',(376.,81.5206741333008,-26.2293258666992));
#15433=CARTESIAN_POINT('',(318.5,103.270674133301,-26.2293258666992));
#15434=CARTESIAN_POINT('',(361.125,103.270674133301,-26.2293258666992));
#15435=CARTESIAN_POINT('',(318.5,16.2706741333008,-26.2293258666992));
#15436=CARTESIAN_POINT('',(318.5,38.0206741333008,-26.2293258666992));
#15437=CARTESIAN_POINT('',(333.375,16.2706741333008,-26.2293258666992));
#15438=CARTESIAN_POINT('',(332.352154132771,16.2706741333008,-26.2293258666992));
#15439=CARTESIAN_POINT('',(333.375,16.2706741333008,-26.2293258666992));
#15440=CARTESIAN_POINT('',(332.311900393636,16.3209913072194,-26.2293258666992));
#15441=CARTESIAN_POINT('',(326.629167950026,23.4244068617318,-26.2293258666992));
#15442=CARTESIAN_POINT('',(333.873638012522,17.5703814023283,-26.2293258666992));
#15443=CARTESIAN_POINT('Origin',(333.092769203079,16.9456863547738,-26.2293258666992));
#15444=CARTESIAN_POINT('',(334.913403827744,16.2706741333008,-26.2293258666992));
#15445=CARTESIAN_POINT('',(326.19090553911,27.1737969940935,-26.2293258666992));
#15446=CARTESIAN_POINT('',(337.352154132771,16.2706741333008,-26.2293258666992));
#15447=CARTESIAN_POINT('',(333.375,16.2706741333008,-26.2293258666992));
#15448=CARTESIAN_POINT('',(337.311900393636,16.3209913072194,-26.2293258666992));
#15449=CARTESIAN_POINT('',(330.653558185867,24.6439190669307,-26.2293258666992));
#15450=CARTESIAN_POINT('',(338.873638012522,17.5703814023283,-26.2293258666992));
#15451=CARTESIAN_POINT('Origin',(338.092769203079,16.9456863547738,-26.2293258666992));
#15452=CARTESIAN_POINT('',(339.913403827744,16.2706741333008,-26.2293258666992));
#15453=CARTESIAN_POINT('',(330.215295783012,28.3933091892154,-26.2293258666992));
#15454=CARTESIAN_POINT('',(342.352154132771,16.2706741333008,-26.2293258666992));
#15455=CARTESIAN_POINT('',(333.375,16.2706741333008,-26.2293258666992));
#15456=CARTESIAN_POINT('',(342.311900393636,16.3209913072194,-26.2293258666992));
#15457=CARTESIAN_POINT('',(334.677948429769,25.8634312620526,-26.2293258666992));
#15458=CARTESIAN_POINT('',(343.873638012522,17.5703814023283,-26.2293258666992));
#15459=CARTESIAN_POINT('Origin',(343.092769203079,16.9456863547738,-26.2293258666992));
#15460=CARTESIAN_POINT('',(344.913403827744,16.2706741333008,-26.2293258666992));
#15461=CARTESIAN_POINT('',(334.239686026914,29.6128213843374,-26.2293258666992));
#15462=CARTESIAN_POINT('',(347.352154132771,16.2706741333008,-26.2293258666992));
#15463=CARTESIAN_POINT('',(333.375,16.2706741333008,-26.2293258666992));
#15464=CARTESIAN_POINT('',(347.311900393636,16.3209913072194,-26.2293258666992));
#15465=CARTESIAN_POINT('',(338.702338673672,27.0829434571746,-26.2293258666992));
#15466=CARTESIAN_POINT('',(348.873638012522,17.5703814023283,-26.2293258666992));
#15467=CARTESIAN_POINT('Origin',(348.092769203079,16.9456863547738,-26.2293258666992));
#15468=CARTESIAN_POINT('',(349.913403827744,16.2706741333008,-26.2293258666992));
#15469=CARTESIAN_POINT('',(338.264076270817,30.8323335794594,-26.2293258666992));
#15470=CARTESIAN_POINT('',(333.375,16.2706741333008,-26.2293258666992));
#15471=CARTESIAN_POINT('',(372.8,98.7706741333008,-26.2293258666992));
#15472=CARTESIAN_POINT('',(372.8,21.7706741333008,-26.2293258666992));
#15473=CARTESIAN_POINT('',(372.8,98.7706741333008,-26.2293258666992));
#15474=CARTESIAN_POINT('',(321.8,21.7706741333008,-26.2293258666992));
#15475=CARTESIAN_POINT('',(360.025,21.7706741333008,-26.2293258666992));
#15476=CARTESIAN_POINT('',(321.8,98.7706741333008,-26.2293258666992));
#15477=CARTESIAN_POINT('',(321.8,20.7706741333008,-26.2293258666992));
#15478=CARTESIAN_POINT('',(334.525,98.7706741333008,-26.2293258666992));
#15479=CARTESIAN_POINT('Origin',(323.009616151856,13.8209912800435,-22.7293258666992));
#15480=CARTESIAN_POINT('',(321.254808075928,16.2706741333008,-22.7293258666992));
#15481=CARTESIAN_POINT('',(323.009616151856,11.9459912800435,-22.7293258666992));
#15482=CARTESIAN_POINT('Origin',(323.009616151856,13.8209912800435,-22.7293258666992));
#15483=CARTESIAN_POINT('Origin',(322.97473928184,108.291750956115,-22.7293258666992));
#15484=CARTESIAN_POINT('',(322.97473928184,106.416750956115,-22.7293258666992));
#15485=CARTESIAN_POINT('Origin',(322.97473928184,108.291750956115,-22.7293258666992));
#15486=CARTESIAN_POINT('Origin',(322.97473928184,108.291750956115,-23.7293258666992));
#15487=CARTESIAN_POINT('',(322.97473928184,106.416750956115,-23.7293258666992));
#15488=CARTESIAN_POINT('Origin',(371.453316745776,108.249735007282,-23.7293258666992));
#15489=CARTESIAN_POINT('',(371.453316745776,106.374735007282,-23.7293258666992));
#15490=CARTESIAN_POINT('Origin',(371.453277288589,13.7711217472073,-23.7293258666992));
#15491=CARTESIAN_POINT('',(371.453277288589,11.8961217472073,-23.7293258666992));
#15492=CARTESIAN_POINT('Origin',(323.009616151856,13.8209912800435,-23.7293258666992));
#15493=CARTESIAN_POINT('',(323.009616151856,11.9459912800435,-23.7293258666992));
#15494=CARTESIAN_POINT('Origin',(348.092769203079,16.9456863547738,-20.2293258666992));
#15495=CARTESIAN_POINT('',(348.873638012522,17.5703814023283,-20.2293258666992));
#15496=CARTESIAN_POINT('',(347.311900393636,16.3209913072194,-20.2293258666992));
#15497=CARTESIAN_POINT('Origin',(348.873638012522,17.5703814023283,-20.2293258666992));
#15498=CARTESIAN_POINT('',(352.873638072126,12.5703813278225,-20.2293258666992));
#15499=CARTESIAN_POINT('',(349.913403827744,16.2706741333008,-23.9793258666992));
#15500=CARTESIAN_POINT('Origin',(352.092769262683,11.945686280268,-20.2293258666992));
#15501=CARTESIAN_POINT('',(351.311900437117,11.3209912528675,-20.2293258666992));
#15502=CARTESIAN_POINT('Origin',(351.311900437117,11.3209912528675,-20.2293258666992));
#15503=CARTESIAN_POINT('',(347.352154132771,16.2706741333008,-23.9793258666992));
#15504=CARTESIAN_POINT('Origin',(338.092769203079,16.9456863547738,-20.2293258666992));
#15505=CARTESIAN_POINT('',(338.873638012522,17.5703814023283,-20.2293258666992));
#15506=CARTESIAN_POINT('',(337.311900393636,16.3209913072194,-20.2293258666992));
#15507=CARTESIAN_POINT('Origin',(338.873638012522,17.5703814023283,-20.2293258666992));
#15508=CARTESIAN_POINT('',(342.873638072126,12.5703813278225,-20.2293258666992));
#15509=CARTESIAN_POINT('',(339.913403827744,16.2706741333008,-23.9793258666992));
#15510=CARTESIAN_POINT('Origin',(342.092769262683,11.945686280268,-20.2293258666992));
#15511=CARTESIAN_POINT('',(341.311900437117,11.3209912528675,-20.2293258666992));
#15512=CARTESIAN_POINT('Origin',(341.311900437117,11.3209912528675,-20.2293258666992));
#15513=CARTESIAN_POINT('',(337.352154132771,16.2706741333008,-23.9793258666992));
#15514=CARTESIAN_POINT('Origin',(337.092769262683,11.945686280268,-20.2293258666992));
#15515=CARTESIAN_POINT('',(336.31190045324,11.3209912327136,-20.2293258666992));
#15516=CARTESIAN_POINT('',(337.873638072126,12.5703813278225,-20.2293258666992));
#15517=CARTESIAN_POINT('Origin',(336.31190045324,11.3209912327136,-20.2293258666992));
#15518=CARTESIAN_POINT('',(332.311900393636,16.3209913072194,-20.2293258666992));
#15519=CARTESIAN_POINT('',(332.352154132771,16.2706741333008,-23.9793258666992));
#15520=CARTESIAN_POINT('Origin',(333.092769203079,16.9456863547738,-20.2293258666992));
#15521=CARTESIAN_POINT('',(333.873638012522,17.5703814023283,-20.2293258666992));
#15522=CARTESIAN_POINT('Origin',(333.873638012522,17.5703814023283,-20.2293258666992));
#15523=CARTESIAN_POINT('',(334.913403827744,16.2706741333008,-23.9793258666992));
#15524=CARTESIAN_POINT('Origin',(343.092769203079,16.9456863547738,-20.2293258666992));
#15525=CARTESIAN_POINT('',(343.873638012522,17.5703814023283,-20.2293258666992));
#15526=CARTESIAN_POINT('',(342.311900393636,16.3209913072194,-20.2293258666992));
#15527=CARTESIAN_POINT('Origin',(343.873638012522,17.5703814023283,-20.2293258666992));
#15528=CARTESIAN_POINT('',(347.873638072126,12.5703813278225,-20.2293258666992));
#15529=CARTESIAN_POINT('',(344.913403827744,16.2706741333008,-23.9793258666992));
#15530=CARTESIAN_POINT('Origin',(347.092769262683,11.945686280268,-20.2293258666992));
#15531=CARTESIAN_POINT('',(346.311900437117,11.3209912528675,-20.2293258666992));
#15532=CARTESIAN_POINT('Origin',(346.311900437117,11.3209912528675,-20.2293258666992));
#15533=CARTESIAN_POINT('',(342.352154132771,16.2706741333008,-23.9793258666992));
#15534=CARTESIAN_POINT('Origin',(319.5,16.2706741333008,-27.7293258666992));
#15535=CARTESIAN_POINT('',(376.,16.2706741333008,-27.7293258666992));
#15536=CARTESIAN_POINT('Origin',(319.5,16.2706741333008,-27.7293258666992));
#15537=CARTESIAN_POINT('',(318.5,16.2706741333008,-27.7293258666992));
#15538=CARTESIAN_POINT('Origin',(319.5,16.2706741333008,-27.7293258666992));
#15539=CARTESIAN_POINT('Origin',(319.5,16.2706741333008,-27.7293258666992));
#15540=CARTESIAN_POINT('Origin',(319.5,16.2706741333008,-27.7293258666992));
#15541=CARTESIAN_POINT('Origin',(360.025,20.7706741333008,-27.7293258666992));
#15542=CARTESIAN_POINT('',(372.8,21.7706741333008,-26.7293258666992));
#15543=CARTESIAN_POINT('',(361.65,32.9206741333007,-15.5793258666993));
#15544=CARTESIAN_POINT('',(321.8,21.7706741333008,-26.7293258666992));
#15545=CARTESIAN_POINT('',(330.691666666667,30.6623407999675,-17.8376592000325));
#15546=CARTESIAN_POINT('',(360.025,21.7706741333008,-26.7293258666992));
#15547=CARTESIAN_POINT('Origin',(372.8,21.7706741333008,-27.7293258666992));
#15548=CARTESIAN_POINT('',(321.8,21.7706741333008,-27.7293258666992));
#15549=CARTESIAN_POINT('',(372.8,21.7706741333008,-27.7293258666992));
#15550=CARTESIAN_POINT('Origin',(320.8,40.8956741333008,-27.7293258666992));
#15551=CARTESIAN_POINT('',(321.8,98.7706741333008,-26.7293258666992));
#15552=CARTESIAN_POINT('',(332.9,87.6706741333009,-15.6293258666993));
#15553=CARTESIAN_POINT('',(321.8,40.8956741333008,-26.7293258666992));
#15554=CARTESIAN_POINT('Origin',(334.525,99.7706741333008,-27.7293258666992));
#15555=CARTESIAN_POINT('',(372.8,98.7706741333008,-26.7293258666992));
#15556=CARTESIAN_POINT('',(363.941666666666,89.9123407999675,-17.8709925333658));
#15557=CARTESIAN_POINT('',(334.525,98.7706741333008,-26.7293258666992));
#15558=CARTESIAN_POINT('Origin',(373.8,79.8956741333008,-27.7293258666992));
#15559=CARTESIAN_POINT('',(372.8,79.8956741333008,-26.7293258666992));
#15560=CARTESIAN_POINT('Origin',(381.372128130317,100.884014408367,-26.3746728284897));
#15561=CARTESIAN_POINT('',(385.6247143504,90.562728615439,-26.463122736106));
#15562=CARTESIAN_POINT('Origin',(381.374767172843,90.5839130212926,-26.463579810414));
#15563=CARTESIAN_POINT('',(381.433925118384,93.849935885561,-26.4353753070611));
#15564=CARTESIAN_POINT('Origin',(381.433925118384,90.599935885561,-26.4634325982145));
#15565=CARTESIAN_POINT('Origin',(381.370923582853,100.81496338601,-18.3749709274575));
#15566=CARTESIAN_POINT('Origin',(381.433925118384,90.599935885561,-18.4631344881383));
#15567=CARTESIAN_POINT('',(385.623509802937,90.4936775930811,-18.4634208350738));
#15568=CARTESIAN_POINT('Origin',(381.373562625379,90.5148619989347,-18.4638779093819));
#15569=CARTESIAN_POINT('Origin',(381.373562625379,90.5148619989347,-18.4638779093819));
#15570=CARTESIAN_POINT('Origin',(381.374014330678,90.5407561323189,-21.463766122269));
#15571=CARTESIAN_POINT('',(385.623961508236,90.5195717264653,-21.463309047961));
#15572=CARTESIAN_POINT('Origin',(381.433925118384,90.599935885561,-23.2293258666992));
#15573=CARTESIAN_POINT('',(381.433925118384,93.849935885561,-23.2293258666992));
#15574=CARTESIAN_POINT('Origin',(381.372128130317,100.884014408367,-26.3746728284897));
#15575=CARTESIAN_POINT('',(385.622075307874,100.862830002514,-26.3742157541816));
#15576=CARTESIAN_POINT('Origin',(381.372128130317,100.884014408367,-26.3746728284897));
#15577=CARTESIAN_POINT('',(381.376243489689,104.044498986708,-26.3473875878842));
#15578=CARTESIAN_POINT('Origin',(381.376243489689,100.794498986708,-26.3754448790377));
#15579=CARTESIAN_POINT('Origin',(381.370923582853,100.81496338601,-18.3749709274575));
#15580=CARTESIAN_POINT('Origin',(381.376243489689,100.794498986708,-18.3751467689614));
#15581=CARTESIAN_POINT('',(385.620870760411,100.793778980156,-18.3745138531494));
#15582=CARTESIAN_POINT('Origin',(381.370923582853,100.814963386009,-18.3749709274575));
#15583=CARTESIAN_POINT('Origin',(381.370923582853,100.814963386009,-18.3749709274575));
#15584=CARTESIAN_POINT('Origin',(381.371375288152,100.840857519394,-21.3748591403446));
#15585=CARTESIAN_POINT('',(385.62132246571,100.81967311354,-21.3744020660366));
#15586=CARTESIAN_POINT('Origin',(381.376243489689,100.794498986708,-23.2293258666992));
#15587=CARTESIAN_POINT('',(381.376243489689,104.044498986708,-23.2293258666992));
#15588=CARTESIAN_POINT('Origin',(381.433925118384,90.599935885561,-23.2293258666992));
#15589=CARTESIAN_POINT('',(380.,87.68336962455,-17.7293258666992));
#15590=CARTESIAN_POINT('',(380.,87.68336962455,-23.2293258666992));
#15591=CARTESIAN_POINT('',(380.,93.516502146572,-17.7293258666992));
#15592=CARTESIAN_POINT('Origin',(381.433925118384,90.599935885561,-17.7293258666992));
#15593=CARTESIAN_POINT('',(380.,93.516502146572,-23.2293258666992));
#15594=CARTESIAN_POINT('Origin',(381.433925118384,90.599935885561,-17.7293258666992));
#15595=CARTESIAN_POINT('',(380.,100.685305009431,-17.7293258666992));
#15596=CARTESIAN_POINT('Origin',(381.376243489689,100.794498986708,-17.7293258666992));
#15597=CARTESIAN_POINT('',(380.,103.738722799038,-17.7293258666992));
#15598=CARTESIAN_POINT('',(380.,97.850275174378,-17.7293258666992));
#15599=CARTESIAN_POINT('',(380.,105.782586560004,-17.7293258666992));
#15600=CARTESIAN_POINT('Origin',(381.376243489689,100.794498986708,-17.7293258666992));
#15601=CARTESIAN_POINT('Origin',(381.376243489689,100.794498986708,-23.2293258666992));
#15602=CARTESIAN_POINT('',(380.,97.850275174378,-23.2293258666992));
#15603=CARTESIAN_POINT('',(380.,103.738722799038,-23.2293258666992));
#15604=CARTESIAN_POINT('Origin',(380.,110.770674133301,-20.7293258666992));
#15605=CARTESIAN_POINT('',(380.,81.2706751763821,-10.7293258666992));
#15606=CARTESIAN_POINT('',(380.,81.2706751763821,-20.7293258666992));
#15607=CARTESIAN_POINT('',(380.,110.770674133301,-10.7293258666992));
#15608=CARTESIAN_POINT('',(380.,110.770674133301,-10.7293258666992));
#15609=CARTESIAN_POINT('',(380.,110.770674133301,-20.7293258666992));
#15610=CARTESIAN_POINT('Origin',(321.8,98.7706741333008,-27.7293258666992));
#15611=CARTESIAN_POINT('',(372.8,98.7706741333008,-27.7293258666992));
#15612=CARTESIAN_POINT('',(321.8,98.7706741333008,-27.7293258666992));
#15613=CARTESIAN_POINT('Origin',(387.3201835797,83.605091019801,-18.5648492195972));
#15614=CARTESIAN_POINT('',(388.,84.27941507337,-18.7293258666992));
#15615=CARTESIAN_POINT('',(383.,83.02941507337,-10.7293258666992));
#15616=CARTESIAN_POINT('',(387.693151119653,84.2027028532834,-18.2383676581446));
#15617=CARTESIAN_POINT('',(381.845962968277,81.7321659184513,-10.7293258666992));
#15618=CARTESIAN_POINT('',(390.322683738841,91.2608192924916,-10.7293258666992));
#15619=CARTESIAN_POINT('',(387.029857499855,83.0281395513458,-19.0235571172237));
#15620=CARTESIAN_POINT('',(386.947216039746,83.0074791863186,-18.8913307810499));
#15621=CARTESIAN_POINT('',(388.,84.2706751763821,-18.7453239091007));
#15622=CARTESIAN_POINT('',(387.029857499855,83.0281395513458,-19.0235571172237));
#15623=CARTESIAN_POINT('',(388.,84.32368913075,-18.6482839221287));
#15624=CARTESIAN_POINT('Origin',(387.514928749927,83.6494073638639,-23.7293258722871));
#15625=CARTESIAN_POINT('',(387.029857499855,83.0281395513458,-27.7293258666992));
#15626=CARTESIAN_POINT('',(387.029857499855,83.0281395513458,-23.7293258722871));
#15627=CARTESIAN_POINT('',(387.514928749927,83.6494073638639,-28.2143971244448));
#15628=CARTESIAN_POINT('',(382.655145335086,77.4251114258991,-23.3546137019301));
#15629=CARTESIAN_POINT('',(388.,84.2706751763821,-27.7293258816003));
#15630=CARTESIAN_POINT('',(387.224637385948,83.2776090338957,-28.5046884840989));
#15631=CARTESIAN_POINT('',(388.,84.2706751763821,-23.7293258722871));
#15632=CARTESIAN_POINT('Origin',(385.5,103.395674394071,-14.7293258666992));
#15633=CARTESIAN_POINT('',(388.,107.761934236313,-18.7293258666992));
#15634=CARTESIAN_POINT('',(388.,103.395674394071,-18.7293258666992));
#15635=CARTESIAN_POINT('',(383.,109.011934236313,-10.7293258666992));
#15636=CARTESIAN_POINT('',(388.067547274561,107.745047417673,-18.8374015059968));
#15637=CARTESIAN_POINT('',(383.,103.395674394071,-10.7293258666992));
#15638=CARTESIAN_POINT('Origin',(388.,96.0206746548414,-24.7293258741497));
#15639=CARTESIAN_POINT('',(388.,107.770674133301,-27.7293258816003));
#15640=CARTESIAN_POINT('',(388.,78.5206743940711,-27.7293258816003));
#15641=CARTESIAN_POINT('',(388.,107.770674133301,-18.7453239091007));
#15642=CARTESIAN_POINT('',(388.,107.770674133301,-25.7293258760124));
#15643=CARTESIAN_POINT('',(388.,107.832921510047,-18.8592653175564));
#15644=CARTESIAN_POINT('Origin',(387.5,78.5206743940711,-28.2293258741497));
#15645=CARTESIAN_POINT('',(388.,83.2706751763821,-27.7293258816003));
#15646=CARTESIAN_POINT('',(387.514928749927,108.391941945819,-28.2143971244448));
#15647=CARTESIAN_POINT('',(387.,107.989897726896,-28.7293258666992));
#15648=CARTESIAN_POINT('',(393.106863796739,101.229923471717,-22.62246216096));
#15649=CARTESIAN_POINT('Origin',(387.514928749927,108.391941945819,-25.7293258760124));
#15650=CARTESIAN_POINT('',(387.029857499855,109.013209758337,-27.7293258666992));
#15651=CARTESIAN_POINT('',(384.423114321673,112.351864918508,-25.1225826885176));
#15652=CARTESIAN_POINT('',(387.029857499855,109.013209758337,-19.0235571172236));
#15653=CARTESIAN_POINT('',(387.029857499855,109.013209758337,-25.7293258760124));
#15654=CARTESIAN_POINT('',(387.029857499855,109.013209758337,-19.0235571172236));
#15655=CARTESIAN_POINT('Origin',(387.694579734607,108.342659251155,-19.1638830674495));
#15656=CARTESIAN_POINT('',(381.845962968277,110.309183391232,-10.7293258666992));
#15657=CARTESIAN_POINT('',(387.321612194654,108.940271084637,-19.4903646289021));
#15658=CARTESIAN_POINT('',(383.103798657213,108.895254514042,-10.7293258666992));
#15659=CARTESIAN_POINT('Origin',(384.,109.770674133301,-26.729325877875));
#15660=CARTESIAN_POINT('',(380.,110.770674133301,-27.7293258666992));
#15661=CARTESIAN_POINT('',(372.441176470588,112.660380015654,-27.7293258666992));
#15662=CARTESIAN_POINT('',(380.,110.770674133301,-28.2293258741497));
#15663=CARTESIAN_POINT('',(382.,110.270674133301,-10.7293258666992));
#15664=CARTESIAN_POINT('Origin',(372.31990865807,112.175308765581,-28.2293258666992));
#15665=CARTESIAN_POINT('',(379.,109.989897726896,-28.7293258666992));
#15666=CARTESIAN_POINT('Origin',(315.,88.3956741333008,-28.2293258666992));
#15667=CARTESIAN_POINT('',(314.5,8.27067413330079,-27.7293258666992));
#15668=CARTESIAN_POINT('',(315.5,8.68488769567386,-28.7293258666992));
#15669=CARTESIAN_POINT('',(314.5,113.770674133301,-27.7293258666992));
#15670=CARTESIAN_POINT('',(314.5,88.3956741333008,-27.7293258666992));
#15671=CARTESIAN_POINT('',(315.5,113.356460570928,-28.7293258666992));
#15672=CARTESIAN_POINT('Origin',(310.353553390593,13.1242275238938,-28.2293258666992));
#15673=CARTESIAN_POINT('',(316.5,6.2706741333008,-27.7293258666992));
#15674=CARTESIAN_POINT('',(316.914213562373,7.27067413330079,-28.7293258666992));
#15675=CARTESIAN_POINT('',(310.,12.7706741333005,-27.7293258666992));
#15676=CARTESIAN_POINT('Origin',(330.875,6.7706741333008,-28.2293258666992));
#15677=CARTESIAN_POINT('',(378.,6.2706741333008,-27.7293258666992));
#15678=CARTESIAN_POINT('',(377.585786437627,7.27067413330079,-28.7293258666992));
#15679=CARTESIAN_POINT('',(330.875,6.2706741333008,-27.7293258666992));
#15680=CARTESIAN_POINT('Origin',(384.146446609407,13.1242275238939,-28.2293258666992));
#15681=CARTESIAN_POINT('',(380.,8.27067413330079,-27.7293258666992));
#15682=CARTESIAN_POINT('',(379.,8.68488769567385,-28.7293258666992));
#15683=CARTESIAN_POINT('',(384.5,12.7706741333006,-27.7293258666992));
#15684=CARTESIAN_POINT('Origin',(379.5,33.6456741333008,-28.2293258666992));
#15685=CARTESIAN_POINT('',(380.,81.2706751763821,-27.7293258666992));
#15686=CARTESIAN_POINT('',(379.,82.0514515827865,-28.7293258666992));
#15687=CARTESIAN_POINT('',(380.,33.6456741333008,-27.7293258666992));
#15688=CARTESIAN_POINT('Origin',(364.084614417707,77.8072169840112,-28.2293258666992));
#15689=CARTESIAN_POINT('',(364.205882230226,77.3221457339385,-27.7293258666992));
#15690=CARTESIAN_POINT('Origin',(379.5,33.6456741333008,-28.2293258666992));
#15691=CARTESIAN_POINT('',(380.,113.770674133301,-27.7293258666992));
#15692=CARTESIAN_POINT('',(380.,33.6456741333008,-27.7293258666992));
#15693=CARTESIAN_POINT('',(379.,113.356460570928,-28.7293258666992));
#15694=CARTESIAN_POINT('Origin',(384.146446609407,108.917120742708,-28.2293258666992));
#15695=CARTESIAN_POINT('',(378.,115.770674133301,-27.7293258666992));
#15696=CARTESIAN_POINT('',(384.5,109.270674133301,-27.7293258666992));
#15697=CARTESIAN_POINT('',(377.585786437627,114.770674133301,-28.7293258666992));
#15698=CARTESIAN_POINT('Origin',(363.625,115.270674133301,-28.2293258666992));
#15699=CARTESIAN_POINT('',(316.5,115.770674133301,-27.7293258666992));
#15700=CARTESIAN_POINT('',(363.625,115.770674133301,-27.7293258666992));
#15701=CARTESIAN_POINT('',(316.914213562373,114.770674133301,-28.7293258666992));
#15702=CARTESIAN_POINT('Origin',(310.353553390593,108.917120742708,-28.2293258666992));
#15703=CARTESIAN_POINT('',(310.,109.270674133301,-27.7293258666992));
#15704=CARTESIAN_POINT('Origin',(315.5,7.27067413330079,-27.7293258666992));
#15705=CARTESIAN_POINT('',(316.5,6.2706741333008,-27.7293258666992));
#15706=CARTESIAN_POINT('',(314.5,8.27067413330079,-27.7293258666992));
#15707=CARTESIAN_POINT('Origin',(314.5,6.2706741333008,-27.7293258666992));
#15708=CARTESIAN_POINT('',(378.,6.2706741333008,-27.7293258666992));
#15709=CARTESIAN_POINT('Origin',(379.,7.27067413330079,-27.7293258666992));
#15710=CARTESIAN_POINT('',(380.,8.27067413330079,-27.7293258666992));
#15711=CARTESIAN_POINT('Origin',(380.,6.2706741333008,-27.7293258666992));
#15712=CARTESIAN_POINT('',(380.,81.2706751763821,-24.2293258666992));
#15713=CARTESIAN_POINT('Origin',(384.,82.2706751763821,-22.7293258704245));
#15714=CARTESIAN_POINT('',(385.470588112579,82.6383222045268,-10.7293258666992));
#15715=CARTESIAN_POINT('Origin',(314.5,115.770674133301,-27.7293258666992));
#15716=CARTESIAN_POINT('',(314.5,113.770674133301,-27.7293258666992));
#15717=CARTESIAN_POINT('Origin',(379.,114.770674133301,-27.7293258666992));
#15718=CARTESIAN_POINT('',(378.,115.770674133301,-27.7293258666992));
#15719=CARTESIAN_POINT('',(380.,113.770674133301,-27.7293258666992));
#15720=CARTESIAN_POINT('Origin',(380.,6.2706741333008,-27.7293258666992));
#15721=CARTESIAN_POINT('Origin',(315.5,114.770674133301,-27.7293258666992));
#15722=CARTESIAN_POINT('',(316.5,115.770674133301,-27.7293258666992));
#15723=CARTESIAN_POINT('Origin',(380.,110.770674133301,-10.7293258666992));
#15724=CARTESIAN_POINT('Origin',(372.8,98.7706741333008,-27.7293258666992));
#15725=CARTESIAN_POINT('Origin',(321.8,20.7706741333008,-27.7293258666992));
#15726=CARTESIAN_POINT('Origin',(318.5,16.2706741333008,-27.7293258666992));
#15727=CARTESIAN_POINT('',(318.5,103.270674133301,-27.7293258666992));
#15728=CARTESIAN_POINT('Origin',(375.,103.270674133301,-27.7293258666992));
#15729=CARTESIAN_POINT('',(376.,103.270674133301,-27.7293258666992));
#15730=CARTESIAN_POINT('Origin',(376.,103.270674133301,-27.7293258666992));
#15731=CARTESIAN_POINT('Origin',(380.,115.770674133301,-27.7293258666992));
#15732=CARTESIAN_POINT('Origin',(318.65641633494,75.2261349169362,-9.97140521080563));
#15733=CARTESIAN_POINT('',(318.5,75.790062430534,-11.7293260902166));
#15734=CARTESIAN_POINT('',(318.5,74.6622074033384,-11.7293260902166));
#15735=CARTESIAN_POINT('Origin',(318.5,75.2261349169362,-9.74801953383902));
#15736=CARTESIAN_POINT('Origin',(319.88732578628,75.2261349169362,-11.7293260902166));
#15737=CARTESIAN_POINT('Origin',(318.65641633494,80.2261349169362,-9.97140521080563));
#15738=CARTESIAN_POINT('',(318.5,80.790062430534,-11.7293260902166));
#15739=CARTESIAN_POINT('',(318.5,79.6622074033384,-11.7293260902166));
#15740=CARTESIAN_POINT('Origin',(318.5,80.2261349169362,-9.74801953383902));
#15741=CARTESIAN_POINT('Origin',(319.88732578628,80.2261349169362,-11.7293260902166));
#15742=CARTESIAN_POINT('Origin',(318.65641633494,70.2261349169362,-9.97140521080563));
#15743=CARTESIAN_POINT('',(318.5,70.790062430534,-11.7293260902166));
#15744=CARTESIAN_POINT('',(318.5,69.6622074033384,-11.7293260902166));
#15745=CARTESIAN_POINT('Origin',(318.5,70.2261349169362,-9.74801953383902));
#15746=CARTESIAN_POINT('Origin',(319.88732578628,70.2261349169362,-11.7293260902166));
#15747=CARTESIAN_POINT('Origin',(318.65641633494,85.2261349169362,-9.97140521080563));
#15748=CARTESIAN_POINT('',(318.5,85.790062430534,-11.7293260902166));
#15749=CARTESIAN_POINT('',(318.5,84.6622074033384,-11.7293260902166));
#15750=CARTESIAN_POINT('Origin',(318.5,85.2261349169362,-9.74801953383902));
#15751=CARTESIAN_POINT('Origin',(319.88732578628,85.2261349169362,-11.7293260902166));
#15752=CARTESIAN_POINT('Origin',(318.65641633494,65.2261349169362,-9.97140521080563));
#15753=CARTESIAN_POINT('',(318.5,65.790062430534,-11.7293260902166));
#15754=CARTESIAN_POINT('',(318.5,64.6622074033384,-11.7293260902166));
#15755=CARTESIAN_POINT('Origin',(318.5,65.2261349169362,-9.74801953383902));
#15756=CARTESIAN_POINT('Origin',(319.88732578628,65.2261349169362,-11.7293260902166));
#15757=CARTESIAN_POINT('Origin',(380.,106.400001490116,-11.7293260902166));
#15758=CARTESIAN_POINT('',(318.5,56.4000007450581,-11.7293260902166));
#15759=CARTESIAN_POINT('',(318.5,56.4000007450581,-11.7293260902166));
#15760=CARTESIAN_POINT('',(318.5,106.400001490116,-11.7293260902166));
#15761=CARTESIAN_POINT('',(318.5,56.4000007450581,-11.7293260902166));
#15762=CARTESIAN_POINT('',(315.570618775002,106.400001490116,-11.7293260902166));
#15763=CARTESIAN_POINT('',(380.,106.400001490116,-11.7293260902166));
#15764=CARTESIAN_POINT('',(314.5,107.470620265118,-11.7293260902166));
#15765=CARTESIAN_POINT('',(334.392654693751,87.5779655713679,-11.7293260902166));
#15766=CARTESIAN_POINT('',(314.5,107.400001490116,-11.7293260902166));
#15767=CARTESIAN_POINT('',(314.5,56.4000007450581,-11.7293260902166));
#15768=CARTESIAN_POINT('',(315.5,106.400001490116,-11.7293260902166));
#15769=CARTESIAN_POINT('',(331.375,90.5250014901161,-11.7293260902166));
#15770=CARTESIAN_POINT('',(315.5,21.4000002235174,-11.7293260902166));
#15771=CARTESIAN_POINT('',(315.5,56.4000007450581,-11.7293260902166));
#15772=CARTESIAN_POINT('',(318.5,21.4000002235174,-11.7293260902166));
#15773=CARTESIAN_POINT('',(380.,21.4000002235174,-11.7293260902166));
#15774=CARTESIAN_POINT('',(318.5,56.4000007450581,-11.7293260902166));
#15775=CARTESIAN_POINT('',(318.5,56.4000007450581,-11.7293260902166));
#15776=CARTESIAN_POINT('',(318.5,56.4000007450581,-11.7293260902166));
#15777=CARTESIAN_POINT('Origin',(327.,113.770674133301,-17.7293258666992));
#15778=CARTESIAN_POINT('',(374.,113.770674133301,-5.22932591140267));
#15779=CARTESIAN_POINT('',(374.,113.770674133301,-18.2293258666992));
#15780=CARTESIAN_POINT('',(374.,113.770674133301,-7.72932586669918));
#15781=CARTESIAN_POINT('',(321.,113.770674133301,-5.22932591140267));
#15782=CARTESIAN_POINT('',(337.125000004874,113.770674133301,-5.22932591140267));
#15783=CARTESIAN_POINT('',(321.,113.770674133301,-18.2293258666992));
#15784=CARTESIAN_POINT('',(321.,113.770674133301,-22.7293258666992));
#15785=CARTESIAN_POINT('',(337.25,113.770674133301,-18.2293258666992));
#15786=CARTESIAN_POINT('',(363.750018529273,113.770674133301,-9.6693660640779));
#15787=CARTESIAN_POINT('Origin',(360.500018529273,113.770674133301,-9.6693660640779));
#15788=CARTESIAN_POINT('Origin',(360.500018529273,113.399674133301,-9.6693660640779));
#15789=CARTESIAN_POINT('',(363.750018529273,115.899674133301,-9.6693660640779));
#15790=CARTESIAN_POINT('Origin',(360.500018529273,115.899674133301,-9.6693660640779));
#15791=CARTESIAN_POINT('',(363.750018529273,113.399674133301,-9.6693660640779));
#15792=CARTESIAN_POINT('Origin',(327.,115.899674133301,-17.7293258666992));
#15793=CARTESIAN_POINT('',(376.,115.899674133301,-5.22932591140267));
#15794=CARTESIAN_POINT('',(319.,115.899674133301,-5.22932591140267));
#15795=CARTESIAN_POINT('',(337.125000004874,115.899674133301,-5.22932591140267));
#15796=CARTESIAN_POINT('',(376.,115.899674133301,-18.2293258666992));
#15797=CARTESIAN_POINT('',(376.,115.899674133301,-7.72932586669918));
#15798=CARTESIAN_POINT('',(319.,115.899674133301,-18.2293258666992));
#15799=CARTESIAN_POINT('',(337.25,115.899674133301,-18.2293258666992));
#15800=CARTESIAN_POINT('',(319.,115.899674133301,-22.7293258666992));
#15801=CARTESIAN_POINT('Origin',(319.,114.270674133301,-27.7293258666992));
#15802=CARTESIAN_POINT('',(319.,115.9,-18.2293258666992));
#15803=CARTESIAN_POINT('',(319.,87.7103370666504,-18.2293258666992));
#15804=CARTESIAN_POINT('',(319.,115.9,-5.22932591140267));
#15805=CARTESIAN_POINT('',(319.,115.9,-9.72932586669917));
#15806=CARTESIAN_POINT('',(319.,87.8978370666504,-5.22932591140267));
#15807=CARTESIAN_POINT('Origin',(321.,107.270674133301,-27.7293258666992));
#15808=CARTESIAN_POINT('',(321.,111.9,-5.22932591140267));
#15809=CARTESIAN_POINT('',(321.,84.3978370666504,-5.22932591140267));
#15810=CARTESIAN_POINT('',(321.,111.9,-18.2293258666992));
#15811=CARTESIAN_POINT('',(321.,111.9,-9.72932586669917));
#15812=CARTESIAN_POINT('',(321.,84.2103370666504,-18.2293258666992));
#15813=CARTESIAN_POINT('Origin',(347.250000009748,61.525,-5.22932591140267));
#15814=CARTESIAN_POINT('',(374.,111.9,-5.22932591140267));
#15815=CARTESIAN_POINT('',(374.,84.3978370666504,-5.22932591140267));
#15816=CARTESIAN_POINT('',(376.,111.9,-5.22932591140267));
#15817=CARTESIAN_POINT('',(330.875000004874,111.9,-5.22932591140267));
#15818=CARTESIAN_POINT('',(376.,47.9,-5.22932591140267));
#15819=CARTESIAN_POINT('',(376.,88.7125,-5.22932591140267));
#15820=CARTESIAN_POINT('',(378.5,50.4,-5.22932591140267));
#15821=CARTESIAN_POINT('',(372.968750002437,44.8687500024371,-5.22932591140267));
#15822=CARTESIAN_POINT('',(378.5,106.400001490116,-5.22932591140267));
#15823=CARTESIAN_POINT('',(378.5,54.9625,-5.22932591140267));
#15824=CARTESIAN_POINT('',(379.,106.400001490116,-5.22932591140267));
#15825=CARTESIAN_POINT('',(363.625000004874,106.400001490116,-5.22932591140268));
#15826=CARTESIAN_POINT('',(378.6,106.000001490116,-5.22932591140267));
#15827=CARTESIAN_POINT('',(360.093749629908,87.4937511200244,-5.22932591140267));
#15828=CARTESIAN_POINT('',(378.6,21.4000002235174,-5.22932591140267));
#15829=CARTESIAN_POINT('',(378.6,65.0875000558794,-5.22932591140267));
#15830=CARTESIAN_POINT('',(376.,21.4000002235174,-5.22932591140267));
#15831=CARTESIAN_POINT('',(363.625000004874,21.4000002235174,-5.22932591140267));
#15832=CARTESIAN_POINT('',(376.,16.9999999552965,-5.22932591140267));
#15833=CARTESIAN_POINT('',(376.,88.7125,-5.22932591140267));
#15834=CARTESIAN_POINT('',(318.5,16.9999999552965,-5.22932591140267));
#15835=CARTESIAN_POINT('',(355.437500004874,16.9999999552965,-5.22932591140267));
#15836=CARTESIAN_POINT('',(318.5,21.4000002235174,-5.22932591140267));
#15837=CARTESIAN_POINT('',(318.5,33.9625,-5.22932591140267));
#15838=CARTESIAN_POINT('',(315.5,21.4000002235174,-5.22932591140267));
#15839=CARTESIAN_POINT('',(363.625000004874,21.4000002235174,-5.22932591140267));
#15840=CARTESIAN_POINT('',(315.5,24.6705663969361,-5.22932591140268));
#15841=CARTESIAN_POINT('',(315.5,33.9625,-5.22932591140267));
#15842=CARTESIAN_POINT('',(316.,24.6705663969361,-5.22932591140267));
#15843=CARTESIAN_POINT('',(336.625000004874,24.6705663969361,-5.22932591140268));
#15844=CARTESIAN_POINT('',(326.,34.6705663969361,-5.22932591140267));
#15845=CARTESIAN_POINT('',(335.526108403203,44.1966748001391,-5.22932591140267));
#15846=CARTESIAN_POINT('',(326.,95.9706202651184,-5.22932591140267));
#15847=CARTESIAN_POINT('',(326.,68.4227966655137,-5.22932591140267));
#15848=CARTESIAN_POINT('',(315.570618775002,106.400001490116,-5.22932591140267));
#15849=CARTESIAN_POINT('',(337.423905068717,84.5467151964018,-5.22932591140267));
#15850=CARTESIAN_POINT('',(318.5,106.400001490116,-5.22932591140267));
#15851=CARTESIAN_POINT('',(363.625000004874,106.400001490116,-5.22932591140268));
#15852=CARTESIAN_POINT('',(318.5,111.9,-5.22932591140267));
#15853=CARTESIAN_POINT('',(318.5,33.9625,-5.22932591140267));
#15854=CARTESIAN_POINT('',(330.875000004874,111.9,-5.22932591140267));
#15855=CARTESIAN_POINT('',(345.155524199959,82.4644907887329,-5.22932591140267));
#15856=CARTESIAN_POINT('',(368.920709796332,66.1942089969973,-5.22932591140267));
#15857=CARTESIAN_POINT('',(350.748925544005,78.6350986018785,-5.22932591140267));
#15858=CARTESIAN_POINT('',(371.079290203667,69.3471392696043,-5.22932591140267));
#15859=CARTESIAN_POINT('Origin',(370.,67.7706741333008,-5.22932591140267));
#15860=CARTESIAN_POINT('',(347.314104607294,85.61742106134,-5.22932591140267));
#15861=CARTESIAN_POINT('',(364.790098749526,73.6528879786177,-5.22932591140267));
#15862=CARTESIAN_POINT('Origin',(346.234814403626,84.0409559250364,-5.22932591140267));
#15863=CARTESIAN_POINT('',(345.155524199959,67.4644907887329,-5.22932591140267));
#15864=CARTESIAN_POINT('',(368.920709796332,51.1942089969973,-5.22932591140267));
#15865=CARTESIAN_POINT('',(347.252872962036,66.0285897209223,-5.22932591140267));
#15866=CARTESIAN_POINT('',(371.079290203667,54.3471392696043,-5.22932591140267));
#15867=CARTESIAN_POINT('Origin',(370.,52.7706741333008,-5.22932591140267));
#15868=CARTESIAN_POINT('',(347.314104607294,70.61742106134,-5.22932591140267));
#15869=CARTESIAN_POINT('',(361.294046167558,61.0463790976615,-5.22932591140267));
#15870=CARTESIAN_POINT('Origin',(346.234814403626,69.0409559250364,-5.22932591140267));
#15871=CARTESIAN_POINT('',(345.155524199959,52.4644907887329,-5.22932591140267));
#15872=CARTESIAN_POINT('',(368.920709796332,36.1942089969973,-5.22932591140267));
#15873=CARTESIAN_POINT('',(343.756820380068,53.4220808399662,-5.22932591140267));
#15874=CARTESIAN_POINT('',(371.079290203667,39.3471392696043,-5.22932591140267));
#15875=CARTESIAN_POINT('Origin',(370.,37.7706741333008,-5.22932591140267));
#15876=CARTESIAN_POINT('',(347.314104607294,55.61742106134,-5.22932591140267));
#15877=CARTESIAN_POINT('',(357.79799358559,48.4398702167054,-5.22932591140267));
#15878=CARTESIAN_POINT('Origin',(346.234814403626,54.0409559250364,-5.22932591140267));
#15879=CARTESIAN_POINT('',(345.155524199959,44.9644907887329,-5.22932591140267));
#15880=CARTESIAN_POINT('',(368.920709796332,28.6942089969973,-5.22932591140267));
#15881=CARTESIAN_POINT('',(342.008794089084,47.1188263994881,-5.22932591140267));
#15882=CARTESIAN_POINT('',(371.079290203667,31.8471392696043,-5.22932591140267));
#15883=CARTESIAN_POINT('Origin',(370.,30.2706741333008,-5.22932591140268));
#15884=CARTESIAN_POINT('',(347.314104607294,48.11742106134,-5.22932591140267));
#15885=CARTESIAN_POINT('',(356.049967294606,42.1366157762273,-5.22932591140267));
#15886=CARTESIAN_POINT('Origin',(346.234814403626,46.5409559250364,-5.22932591140267));
#15887=CARTESIAN_POINT('',(345.155524199959,59.9644907887329,-5.22932591140267));
#15888=CARTESIAN_POINT('',(368.920709796332,43.6942089969973,-5.22932591140267));
#15889=CARTESIAN_POINT('',(345.504846671052,59.7253352804442,-5.22932591140267));
#15890=CARTESIAN_POINT('',(371.079290203667,46.8471392696043,-5.22932591140267));
#15891=CARTESIAN_POINT('Origin',(370.,45.2706741333008,-5.22932591140267));
#15892=CARTESIAN_POINT('',(347.314104607294,63.11742106134,-5.22932591140267));
#15893=CARTESIAN_POINT('',(359.546019876574,54.7431246571835,-5.22932591140267));
#15894=CARTESIAN_POINT('Origin',(346.234814403626,61.5409559250364,-5.22932591140267));
#15895=CARTESIAN_POINT('',(371.079290203667,61.8471392696043,-5.22932591140267));
#15896=CARTESIAN_POINT('',(347.314104607294,78.11742106134,-5.22932591140267));
#15897=CARTESIAN_POINT('',(363.042072458542,67.3496335381396,-5.22932591140267));
#15898=CARTESIAN_POINT('',(345.155524199959,74.9644907887329,-5.22932591140267));
#15899=CARTESIAN_POINT('Origin',(346.234814403626,76.5409559250364,-5.22932591140267));
#15900=CARTESIAN_POINT('',(368.920709796332,58.6942089969973,-5.22932591140267));
#15901=CARTESIAN_POINT('',(349.000899253021,72.3318441614004,-5.22932591140267));
#15902=CARTESIAN_POINT('Origin',(370.,60.2706741333008,-5.22932591140267));
#15903=CARTESIAN_POINT('',(346.214168887438,100.95137039116,-5.22932591140267));
#15904=CARTESIAN_POINT('',(346.214168887438,104.239714316327,-5.22932591140267));
#15905=CARTESIAN_POINT('',(346.214168887438,81.2381851955801,-5.22932591140267));
#15906=CARTESIAN_POINT('',(368.920709796332,88.6942089969973,-5.22932591140267));
#15907=CARTESIAN_POINT('',(355.993004416957,97.5448619233127,-5.22932591140267));
#15908=CARTESIAN_POINT('',(371.079290203667,91.8471392696043,-5.22932591140267));
#15909=CARTESIAN_POINT('Origin',(370.,90.2706741333008,-5.22932591140267));
#15910=CARTESIAN_POINT('',(347.314104607294,108.11742106134,-5.22932591140267));
#15911=CARTESIAN_POINT('',(370.034177622479,92.562651300052,-5.22932591140267));
#15912=CARTESIAN_POINT('',(346.214168887438,108.45137039116,-5.22932591140267));
#15913=CARTESIAN_POINT('Origin',(346.234814403626,106.540955925036,-5.22932591140267));
#15914=CARTESIAN_POINT('',(346.214168887438,110.260194817273,-5.22932591140267));
#15915=CARTESIAN_POINT('',(346.214168887438,84.98818519558,-5.22932591140267));
#15916=CARTESIAN_POINT('',(327.964168887438,110.260194817273,-5.22932591140267));
#15917=CARTESIAN_POINT('',(346.732084448593,110.260194817273,-5.22932591140267));
#15918=CARTESIAN_POINT('',(327.964168887438,92.0101948172735,-5.22932591140267));
#15919=CARTESIAN_POINT('',(327.964168887438,85.8925974086367,-5.22932591140267));
#15920=CARTESIAN_POINT('',(344.382808860512,92.0101948172735,-5.22932591140267));
#15921=CARTESIAN_POINT('',(337.607084448593,92.0101948172735,-5.22932591140267));
#15922=CARTESIAN_POINT('',(345.155524199959,89.9644907887329,-5.22932591140267));
#15923=CARTESIAN_POINT('Origin',(346.234814403626,91.5409559250364,-5.22932591140267));
#15924=CARTESIAN_POINT('',(368.920709796332,73.6942089969973,-5.22932591140267));
#15925=CARTESIAN_POINT('',(352.496951834989,84.9383530423566,-5.22932591140267));
#15926=CARTESIAN_POINT('',(371.079290203667,76.8471392696043,-5.22932591140267));
#15927=CARTESIAN_POINT('Origin',(370.,75.2706741333008,-5.22932591140267));
#15928=CARTESIAN_POINT('',(347.314104607294,93.11742106134,-5.22932591140267));
#15929=CARTESIAN_POINT('',(366.538125040511,79.9561424190958,-5.22932591140267));
#15930=CARTESIAN_POINT('',(346.214168887438,93.4513703911601,-5.22932591140267));
#15931=CARTESIAN_POINT('Origin',(346.234814403626,91.5409559250364,-5.22932591140267));
#15932=CARTESIAN_POINT('',(346.214168887438,96.7397143163272,-5.22932591140267));
#15933=CARTESIAN_POINT('',(346.214168887438,77.48818519558,-5.22932591140267));
#15934=CARTESIAN_POINT('',(368.920709796332,81.1942089969973,-5.22932591140267));
#15935=CARTESIAN_POINT('',(354.244978125973,91.2416074828346,-5.22932591140267));
#15936=CARTESIAN_POINT('',(371.079290203667,84.3471392696043,-5.22932591140267));
#15937=CARTESIAN_POINT('Origin',(370.,82.7706741333008,-5.22932591140267));
#15938=CARTESIAN_POINT('',(347.314104607294,100.61742106134,-5.22932591140267));
#15939=CARTESIAN_POINT('',(368.286151331495,86.2593968595739,-5.22932591140267));
#15940=CARTESIAN_POINT('Origin',(346.234814403626,99.0409559250364,-5.22932591140267));
#15941=CARTESIAN_POINT('Origin',(347.250000009748,61.525,-5.22932591140267));
#15942=CARTESIAN_POINT('',(376.,115.9,-5.22932591140267));
#15943=CARTESIAN_POINT('',(330.875000004874,115.9,-5.22932591140267));
#15944=CARTESIAN_POINT('',(376.,87.8978370666504,-5.22932591140267));
#15945=CARTESIAN_POINT('Origin',(379.417893192736,77.7706745058298,-15.3972191115897));
#15946=CARTESIAN_POINT('',(378.,76.7706745058298,-15.400898741953));
#15947=CARTESIAN_POINT('',(376.,76.7706745058298,-17.400898741953));
#15948=CARTESIAN_POINT('',(378.71078641155,76.7706745058298,-14.6901123304031));
#15949=CARTESIAN_POINT('',(376.,77.3564609434567,-18.2293258666992));
#15950=CARTESIAN_POINT('',(376.,76.9357758489342,-17.6343873005373));
#15951=CARTESIAN_POINT('',(378.,78.7706745058298,-18.2293258666992));
#15952=CARTESIAN_POINT('',(363.833695993132,68.7535848782234,-18.2293258666992));
#15953=CARTESIAN_POINT('',(380.,78.7706745058298,-16.2293258666992));
#15954=CARTESIAN_POINT('',(380.124999973923,78.7706745058298,-16.1043258927762));
#15955=CARTESIAN_POINT('',(380.,78.7706745058298,-16.2293258666992));
#15956=CARTESIAN_POINT('Origin',(378.417893192736,57.7706745058298,-16.3972191115897));
#15957=CARTESIAN_POINT('',(380.,56.7706745058298,-16.2293258666992));
#15958=CARTESIAN_POINT('',(378.,56.7706745058298,-18.2293258666992));
#15959=CARTESIAN_POINT('',(379.124999973923,56.7706745058298,-17.1043258927762));
#15960=CARTESIAN_POINT('',(376.,58.184888068203,-18.2293258666992));
#15961=CARTESIAN_POINT('',(366.621378552533,64.8165748918885,-18.2293258666992));
#15962=CARTESIAN_POINT('',(376.,58.7706745058298,-17.4008987419531));
#15963=CARTESIAN_POINT('',(376.,74.4129794003869,4.72066098670424));
#15964=CARTESIAN_POINT('',(378.,58.7706745058298,-15.400898741953));
#15965=CARTESIAN_POINT('',(377.71078641155,58.7706745058298,-15.6901123304031));
#15966=CARTESIAN_POINT('',(378.,58.7706745058298,-15.400898741953));
#15967=CARTESIAN_POINT('Origin',(379.,77.7706745058298,-3.22932591885324));
#15968=CARTESIAN_POINT('',(380.,78.7706745058298,-12.7293259710073));
#15969=CARTESIAN_POINT('',(380.,78.7706745058298,-3.22932591885324));
#15970=CARTESIAN_POINT('',(378.,76.7706745058298,-14.7293259710073));
#15971=CARTESIAN_POINT('',(380.,78.7706745058298,-12.7293259710073));
#15972=CARTESIAN_POINT('',(378.,76.7706745058298,-3.22932591885324));
#15973=CARTESIAN_POINT('Origin',(379.,57.7706745058298,-5.22932591885324));
#15974=CARTESIAN_POINT('',(378.,58.7706745058298,-14.7293259710073));
#15975=CARTESIAN_POINT('',(378.,58.7706745058298,-5.22932591885324));
#15976=CARTESIAN_POINT('',(380.,56.7706745058298,-12.7293259710073));
#15977=CARTESIAN_POINT('',(378.,58.7706745058298,-14.7293259710073));
#15978=CARTESIAN_POINT('',(380.,56.7706745058298,-5.22932591885324));
#15979=CARTESIAN_POINT('Origin',(379.,87.3353372529149,-13.7293259710073));
#15980=CARTESIAN_POINT('',(380.,87.3353372529149,-12.7293259710073));
#15981=CARTESIAN_POINT('',(378.,87.3353372529149,-14.7293259710073));
#15982=CARTESIAN_POINT('Origin',(381.,76.7706745058298,-14.7293259710073));
#15983=CARTESIAN_POINT('',(376.,76.7706745058298,-14.7293259710073));
#15984=CARTESIAN_POINT('',(381.,76.7706745058298,-14.7293259710073));
#15985=CARTESIAN_POINT('',(376.,76.7706745058298,-3.22932591885324));
#15986=CARTESIAN_POINT('Origin',(381.,58.7706745058298,-14.7293259710073));
#15987=CARTESIAN_POINT('',(376.,58.7706745058298,-14.7293259710073));
#15988=CARTESIAN_POINT('',(381.,58.7706745058298,-14.7293259710073));
#15989=CARTESIAN_POINT('',(376.,87.3353372529149,-14.7293259710073));
#15990=CARTESIAN_POINT('Origin',(381.,58.7706745058298,-18.7293259710073));
#15991=CARTESIAN_POINT('',(376.,58.7706745058298,-5.22932591885324));
#15992=CARTESIAN_POINT('Origin',(347.25,61.15,-18.2293258666992));
#15993=CARTESIAN_POINT('',(378.,6.4,-18.2293258666992));
#15994=CARTESIAN_POINT('',(378.,88.525,-18.2293258666992));
#15995=CARTESIAN_POINT('',(376.,8.4,-18.2293258666992));
#15996=CARTESIAN_POINT('',(356.125,28.2749999999999,-18.2293258666992));
#15997=CARTESIAN_POINT('',(376.,88.525,-18.2293258666992));
#15998=CARTESIAN_POINT('Origin',(379.,88.525,-17.2293258666992));
#15999=CARTESIAN_POINT('',(380.,6.4,-16.2293258666992));
#16000=CARTESIAN_POINT('',(380.,88.525,-16.2293258666992));
#16001=CARTESIAN_POINT('',(385.625,6.4,-10.6043258666991));
#16002=CARTESIAN_POINT('Origin',(376.,115.9,8.27067413330082));
#16003=CARTESIAN_POINT('',(376.,8.4,-13.2293258666992));
#16004=CARTESIAN_POINT('',(376.,8.39999999999999,8.27067413330082));
#16005=CARTESIAN_POINT('',(376.,10.4,-13.2293258666992));
#16006=CARTESIAN_POINT('',(376.,12.9500538681824,-13.2293258666992));
#16007=CARTESIAN_POINT('',(376.,10.4,-1.82932586669919));
#16008=CARTESIAN_POINT('',(376.,10.4,-4.97932586669919));
#16009=CARTESIAN_POINT('',(376.,20.4,-1.82932586669919));
#16010=CARTESIAN_POINT('',(376.,88.525,-1.8293258666992));
#16011=CARTESIAN_POINT('',(376.,16.3625000558794,-5.86682581081984));
#16012=CARTESIAN_POINT('',(376.,21.4000002235174,-6.7293260902166));
#16013=CARTESIAN_POINT('',(376.,21.4000002235174,0.770674021542099));
#16014=CARTESIAN_POINT('',(376.,25.4,-10.7293258666992));
#16015=CARTESIAN_POINT('',(376.,42.275,-27.6043258666992));
#16016=CARTESIAN_POINT('',(376.,47.9,-10.7293258666992));
#16017=CARTESIAN_POINT('',(376.,76.15,-10.7293258666992));
#16018=CARTESIAN_POINT('',(376.,47.9,-7.72932586669918));
#16019=CARTESIAN_POINT('',(376.,111.9,-18.2293258666992));
#16020=CARTESIAN_POINT('',(376.,111.9,8.27067413330082));
#16021=CARTESIAN_POINT('',(376.,88.525,-18.2293258666992));
#16022=CARTESIAN_POINT('Origin',(379.,88.525,-17.2293258666992));
#16023=CARTESIAN_POINT('',(378.,115.9,-18.2293258666992));
#16024=CARTESIAN_POINT('',(378.,88.525,-18.2293258666992));
#16025=CARTESIAN_POINT('',(380.,113.9,-16.2293258666992));
#16026=CARTESIAN_POINT('',(387.645833333333,106.254166666667,-8.58349253336581));
#16027=CARTESIAN_POINT('',(380.,88.525,-16.2293258666992));
#16028=CARTESIAN_POINT('Origin',(347.25,61.15,-18.2293258666992));
#16029=CARTESIAN_POINT('',(376.,115.9,-18.2293258666992));
#16030=CARTESIAN_POINT('',(376.,87.7103370666504,-18.2293258666992));
#16031=CARTESIAN_POINT('',(330.875,115.9,-18.2293258666992));
#16032=CARTESIAN_POINT('',(374.,111.9,-18.2293258666992));
#16033=CARTESIAN_POINT('',(330.875,111.9,-18.2293258666992));
#16034=CARTESIAN_POINT('',(374.,84.2103370666504,-18.2293258666992));
#16035=CARTESIAN_POINT('',(318.5,111.9,-18.2293258666992));
#16036=CARTESIAN_POINT('',(330.875,111.9,-18.2293258666992));
#16037=CARTESIAN_POINT('',(318.5,10.4,-18.2293258666992));
#16038=CARTESIAN_POINT('',(318.5,33.775,-18.2293258666992));
#16039=CARTESIAN_POINT('',(318.499946131818,10.4,-18.2293258666992));
#16040=CARTESIAN_POINT('',(363.625,10.4,-18.2293258666992));
#16041=CARTESIAN_POINT('',(318.499946131818,8.4,-18.2293258666992));
#16042=CARTESIAN_POINT('',(318.499946131818,35.9250269340912,-18.2293258666992));
#16043=CARTESIAN_POINT('',(316.5,6.40005386818226,-18.2293258666992));
#16044=CARTESIAN_POINT('',(338.374959598863,28.2750134670455,-18.2293258666992));
#16045=CARTESIAN_POINT('',(316.5,115.9,-18.2293258666992));
#16046=CARTESIAN_POINT('',(316.5,33.775,-18.2293258666992));
#16047=CARTESIAN_POINT('',(330.875,115.9,-18.2293258666992));
#16048=CARTESIAN_POINT('Origin',(384.78642548043,18.4795057620276,-2.82932586669919));
#16049=CARTESIAN_POINT('',(378.,10.6141016151378,-1.82932586669919));
#16050=CARTESIAN_POINT('',(376.96472381959,9.14999999999999,-1.82932586669919));
#16051=CARTESIAN_POINT('',(383.969928899502,19.0568560312172,-1.82932586669919));
#16052=CARTESIAN_POINT('',(378.,7.14999999999999,-3.82932586669919));
#16053=CARTESIAN_POINT('',(376.96472381959,9.14999999999999,-1.82932586669919));
#16054=CARTESIAN_POINT('',(380.,9.97842712474618,-3.82932586669919));
#16055=CARTESIAN_POINT('',(385.602922061358,17.902155492838,-3.82932586669919));
#16056=CARTESIAN_POINT('',(378.,10.6141016151378,-1.82932586669919));
#16057=CARTESIAN_POINT('Origin',(331.875,8.14999999999999,-2.82932586669919));
#16058=CARTESIAN_POINT('',(317.53527618041,9.15,-1.82932586669919));
#16059=CARTESIAN_POINT('',(331.875,9.14999999999999,-1.82932586669919));
#16060=CARTESIAN_POINT('',(316.5,7.14999999999999,-3.82932586669919));
#16061=CARTESIAN_POINT('',(317.53527618041,9.14999999999999,-1.82932586669919));
#16062=CARTESIAN_POINT('',(331.875,7.14999999999999,-3.82932586669919));
#16063=CARTESIAN_POINT('Origin',(308.71357451957,19.8937193244006,-2.82932586669919));
#16064=CARTESIAN_POINT('',(316.5,10.6141016151377,-1.82932586669919));
#16065=CARTESIAN_POINT('',(309.530071100497,20.4710695935903,-1.82932586669919));
#16066=CARTESIAN_POINT('',(314.5,9.97842712474617,-3.8293258666992));
#16067=CARTESIAN_POINT('',(316.5,10.6141016151377,-1.82932586669919));
#16068=CARTESIAN_POINT('',(307.897077938642,19.316369055211,-3.8293258666992));
#16069=CARTESIAN_POINT('Origin',(315.5,33.775,-2.82932586669919));
#16070=CARTESIAN_POINT('',(316.5,24.6705663969361,-1.82932586669919));
#16071=CARTESIAN_POINT('',(316.5,33.775,-1.82932586669919));
#16072=CARTESIAN_POINT('',(314.5,24.6705663969361,-3.82932586669921));
#16073=CARTESIAN_POINT('',(317.625,24.6705663969361,-0.704325866699209));
#16074=CARTESIAN_POINT('',(314.5,21.2284271247462,-3.82932586669921));
#16075=CARTESIAN_POINT('',(314.5,20.0875,-3.82932586669921));
#16076=CARTESIAN_POINT('',(315.085786279576,20.9857865030936,-3.24353958712301));
#16077=CARTESIAN_POINT('',(313.359278448453,21.7009294622881,-4.97004741824609));
#16078=CARTESIAN_POINT('',(314.5,20.4000002235174,-3.8293258666992));
#16079=CARTESIAN_POINT('',(317.995833277454,23.8958335009715,-0.333492589245203));
#16080=CARTESIAN_POINT('',(314.5,33.775,-3.82932586669919));
#16081=CARTESIAN_POINT('Origin',(380.,115.9,8.27067413330082));
#16082=CARTESIAN_POINT('',(380.,113.9,-3.82932586669919));
#16083=CARTESIAN_POINT('',(380.,113.9,8.27067413330082));
#16084=CARTESIAN_POINT('',(380.,107.400001490116,-3.82932591140268));
#16085=CARTESIAN_POINT('',(380.,88.525,-3.82932586669919));
#16086=CARTESIAN_POINT('',(380.,107.400001490116,-7.72932609021661));
#16087=CARTESIAN_POINT('',(380.,107.400001490116,6.77067411094908));
#16088=CARTESIAN_POINT('',(380.,55.8142133388557,-7.72932609021661));
#16089=CARTESIAN_POINT('',(380.,111.150000745058,-7.7293260902166));
#16090=CARTESIAN_POINT('',(380.,51.8142135623731,-11.7293258666992));
#16091=CARTESIAN_POINT('',(380.,73.9821067811866,10.4385673521143));
#16092=CARTESIAN_POINT('',(380.,24.9857864376269,-11.7293258666992));
#16093=CARTESIAN_POINT('',(380.,76.15,-11.7293258666992));
#16094=CARTESIAN_POINT('',(380.,20.4000002235174,-7.14353965258969));
#16095=CARTESIAN_POINT('',(380.,41.5678932188134,-28.3114326478857));
#16096=CARTESIAN_POINT('',(380.,20.4000002235174,-3.82932586669919));
#16097=CARTESIAN_POINT('',(380.,20.4000002235174,-9.3293259784579));
#16098=CARTESIAN_POINT('',(380.,88.525,-3.82932586669919));
#16099=CARTESIAN_POINT('',(380.,9.97842712474618,-4.97932586669919));
#16100=CARTESIAN_POINT('',(380.,9.97842712474618,-4.97932586669919));
#16101=CARTESIAN_POINT('',(380.,6.4,-8.55775299144537));
#16102=CARTESIAN_POINT('',(380.,42.1892135623731,27.2314605709277));
#16103=CARTESIAN_POINT('',(380.,6.4,8.27067413330082));
#16104=CARTESIAN_POINT('Origin',(378.,7.15000000000003,-4.97932586669918));
#16105=CARTESIAN_POINT('',(378.,7.14999999999999,-4.97932586669918));
#16106=CARTESIAN_POINT('',(378.,7.14999999999999,-4.97932586669918));
#16107=CARTESIAN_POINT('',(393.861743902115,29.58189334926,-4.97932586669919));
#16108=CARTESIAN_POINT('Origin',(316.5,7.14999999999999,-4.97932586669919));
#16109=CARTESIAN_POINT('',(316.5,7.14999999999999,-4.97932586669919));
#16110=CARTESIAN_POINT('',(316.5,7.14999999999999,-4.97932586669919));
#16111=CARTESIAN_POINT('',(355.437500004874,7.14999999999999,-4.97932586669919));
#16112=CARTESIAN_POINT('Origin',(314.5,9.97842712474617,-4.9793258666992));
#16113=CARTESIAN_POINT('',(314.5,9.97842712474617,-4.97932586669919));
#16114=CARTESIAN_POINT('',(314.5,9.97842712474617,-4.97932586669919));
#16115=CARTESIAN_POINT('',(307.090605479461,20.4568933446646,-4.9793258666992));
#16116=CARTESIAN_POINT('Origin',(314.5,6.4,-1.82932586669919));
#16117=CARTESIAN_POINT('',(314.5,20.4000002235174,-12.7293260902166));
#16118=CARTESIAN_POINT('',(314.5,20.4000002235174,-9.3293259784579));
#16119=CARTESIAN_POINT('',(314.5,107.400001490116,-12.7293260902166));
#16120=CARTESIAN_POINT('',(314.5,56.4000007450581,-12.7293260902166));
#16121=CARTESIAN_POINT('',(314.5,107.400001490116,6.77067411094908));
#16122=CARTESIAN_POINT('',(314.5,107.470620265118,-3.82932586669918));
#16123=CARTESIAN_POINT('',(314.5,107.470620265118,7.89567413330072));
#16124=CARTESIAN_POINT('',(314.5,113.9,-3.82932586669919));
#16125=CARTESIAN_POINT('',(314.5,33.775,-3.82932586669919));
#16126=CARTESIAN_POINT('',(314.5,113.9,-16.2293258666992));
#16127=CARTESIAN_POINT('',(314.5,113.9,8.27067413330082));
#16128=CARTESIAN_POINT('',(314.5,6.4,-16.2293258666992));
#16129=CARTESIAN_POINT('',(314.5,33.775,-16.2293258666992));
#16130=CARTESIAN_POINT('',(314.5,6.4,-8.55775299144537));
#16131=CARTESIAN_POINT('',(314.5,6.4,8.27067413330082));
#16132=CARTESIAN_POINT('',(314.5,14.8142135623731,-0.143539429072277));
#16133=CARTESIAN_POINT('Origin',(315.,20.9000002235174,0.770674021542108));
#16134=CARTESIAN_POINT('',(314.625483321034,20.5254835445512,-4.35480923243648));
#16135=CARTESIAN_POINT('',(313.487828943233,19.3878291667508,-7.10134986061543));
#16136=CARTESIAN_POINT('',(316.26041664059,22.1604168641071,-5.98974255199234));
#16137=CARTESIAN_POINT('',(315.5,21.4000002235174,0.770674021542108));
#16138=CARTESIAN_POINT('',(315.5,21.4000002235174,-11.7293260902166));
#16139=CARTESIAN_POINT('Origin',(315.5,14.1071067811865,-9.53643264788574));
#16140=CARTESIAN_POINT('',(314.5,20.8284270800427,-4.22932591140268));
#16141=CARTESIAN_POINT('',(314.5,14.8142135623731,-10.2435394290723));
#16142=CARTESIAN_POINT('',(313.977886969933,22.0889194383226,-3.70721288133548));
#16143=CARTESIAN_POINT('Origin',(314.5,6.4,-1.82932586669919));
#16144=CARTESIAN_POINT('',(314.5,24.6705663969361,-4.22932591140268));
#16145=CARTESIAN_POINT('',(314.5,24.6705663969361,-3.32932586669927));
#16146=CARTESIAN_POINT('',(314.5,33.9625,-4.22932591140267));
#16147=CARTESIAN_POINT('Origin',(326.,24.6705663969361,-4.82932586669934));
#16148=CARTESIAN_POINT('',(318.828427124746,24.6705663969361,-1.8293258666992));
#16149=CARTESIAN_POINT('',(336.625,24.6705663969361,-1.82932586669919));
#16150=CARTESIAN_POINT('',(316.,24.6705663969361,-3.8293258666992));
#16151=CARTESIAN_POINT('',(326.046488393984,24.6705663969361,3.27461420379893));
#16152=CARTESIAN_POINT('',(316.,24.6705663969361,-4.07932586669935));
#16153=CARTESIAN_POINT('',(317.774999988824,24.6705663969361,-7.50432590022687));
#16154=CARTESIAN_POINT('Origin',(340.000005066395,108.270675593615,-4.97932586669918));
#16155=CARTESIAN_POINT('',(340.000005066395,108.270675593615,-3.22932591140267));
#16156=CARTESIAN_POINT('',(340.000005066395,94.2706753849983,-3.22932591140267));
#16157=CARTESIAN_POINT('',(340.000005066395,104.702935205444,-3.22932591140267));
#16158=CARTESIAN_POINT('',(340.000005066395,108.270675593615,-1.8293258666992));
#16159=CARTESIAN_POINT('',(340.000005066395,108.270675593615,-4.97932586669918));
#16160=CARTESIAN_POINT('',(340.000005066395,94.2706753849983,-1.8293258666992));
#16161=CARTESIAN_POINT('',(340.000005066395,84.7103377968073,-1.8293258666992));
#16162=CARTESIAN_POINT('',(340.000005066395,94.2706753849983,-4.97932586669918));
#16163=CARTESIAN_POINT('Origin',(341.000005081296,94.2706753849983,-4.97932586669918));
#16164=CARTESIAN_POINT('',(342.000005096197,94.2706753849983,-3.22932591140267));
#16165=CARTESIAN_POINT('Origin',(341.000005081296,94.2706753849983,-3.22932591140267));
#16166=CARTESIAN_POINT('',(342.000005096197,94.2706753849983,-1.8293258666992));
#16167=CARTESIAN_POINT('Origin',(341.000005081296,94.2706753849983,-1.82932586669919));
#16168=CARTESIAN_POINT('',(342.000005096197,94.2706753849983,-4.97932586669918));
#16169=CARTESIAN_POINT('Origin',(342.000005096197,94.2706753849983,-4.97932586669918));
#16170=CARTESIAN_POINT('',(342.000005096197,108.270675593615,-3.22932591140267));
#16171=CARTESIAN_POINT('',(342.000005096197,97.7029351011359,-3.22932591140267));
#16172=CARTESIAN_POINT('',(342.000005096197,108.270675593615,-1.8293258666992));
#16173=CARTESIAN_POINT('',(342.000005096197,77.7103376924992,-1.82932586669919));
#16174=CARTESIAN_POINT('',(342.000005096197,108.270675593615,-4.97932586669918));
#16175=CARTESIAN_POINT('Origin',(341.000005081296,108.270675593615,-4.97932586669918));
#16176=CARTESIAN_POINT('Origin',(341.000005081296,108.270675593615,-3.22932591140267));
#16177=CARTESIAN_POINT('Origin',(341.000005081296,108.270675593615,-1.82932586669919));
#16178=CARTESIAN_POINT('Origin',(338.000005096197,94.2706753849983,-4.97932586669918));
#16179=CARTESIAN_POINT('',(338.000005096197,94.2706753849983,-3.22932591140267));
#16180=CARTESIAN_POINT('',(338.000005096197,108.270675593615,-3.22932591140267));
#16181=CARTESIAN_POINT('',(338.000005096197,97.7029351011359,-3.22932591140267));
#16182=CARTESIAN_POINT('',(338.000005096197,94.2706753849983,-1.8293258666992));
#16183=CARTESIAN_POINT('',(338.000005096197,94.2706753849983,-4.97932586669918));
#16184=CARTESIAN_POINT('',(338.000005096197,108.270675593615,-1.8293258666992));
#16185=CARTESIAN_POINT('',(338.000005096197,77.7103376924992,-1.82932586669919));
#16186=CARTESIAN_POINT('',(338.000005096197,108.270675593615,-4.97932586669918));
#16187=CARTESIAN_POINT('Origin',(337.000005081296,108.270675593615,-4.97932586669918));
#16188=CARTESIAN_POINT('',(336.000005066395,108.270675593615,-3.22932591140267));
#16189=CARTESIAN_POINT('Origin',(337.000005081296,108.270675593615,-3.22932591140267));
#16190=CARTESIAN_POINT('',(336.000005066395,108.270675593615,-1.8293258666992));
#16191=CARTESIAN_POINT('Origin',(337.000005081296,108.270675593615,-1.82932586669919));
#16192=CARTESIAN_POINT('',(336.000005066395,108.270675593615,-4.97932586669918));
#16193=CARTESIAN_POINT('Origin',(336.000005066395,108.270675593615,-4.97932586669918));
#16194=CARTESIAN_POINT('',(336.000005066395,94.2706753849983,-3.22932591140267));
#16195=CARTESIAN_POINT('',(336.000005066395,104.702935205444,-3.22932591140267));
#16196=CARTESIAN_POINT('',(336.000005066395,94.2706753849983,-1.8293258666992));
#16197=CARTESIAN_POINT('',(336.000005066395,84.7103377968073,-1.8293258666992));
#16198=CARTESIAN_POINT('',(336.000005066395,94.2706753849983,-4.97932586669918));
#16199=CARTESIAN_POINT('Origin',(337.000005081296,94.2706753849983,-4.97932586669918));
#16200=CARTESIAN_POINT('Origin',(337.000005081296,94.2706753849983,-3.22932591140267));
#16201=CARTESIAN_POINT('Origin',(337.000005081296,94.2706753849983,-1.82932586669919));
#16202=CARTESIAN_POINT('Origin',(334.000005096197,94.2706753849983,-4.97932586669918));
#16203=CARTESIAN_POINT('',(334.000005096197,94.2706753849983,-3.22932591140267));
#16204=CARTESIAN_POINT('',(334.000005096197,108.270675593615,-3.22932591140267));
#16205=CARTESIAN_POINT('',(334.000005096197,97.7029351011359,-3.22932591140267));
#16206=CARTESIAN_POINT('',(334.000005096197,94.2706753849983,-1.8293258666992));
#16207=CARTESIAN_POINT('',(334.000005096197,94.2706753849983,-4.97932586669918));
#16208=CARTESIAN_POINT('',(334.000005096197,108.270675593615,-1.8293258666992));
#16209=CARTESIAN_POINT('',(334.000005096197,77.7103376924992,-1.82932586669919));
#16210=CARTESIAN_POINT('',(334.000005096197,108.270675593615,-4.97932586669918));
#16211=CARTESIAN_POINT('Origin',(333.000005081296,108.270675593615,-4.97932586669918));
#16212=CARTESIAN_POINT('',(332.000005066395,108.270675593615,-3.22932591140267));
#16213=CARTESIAN_POINT('Origin',(333.000005081296,108.270675593615,-3.22932591140267));
#16214=CARTESIAN_POINT('',(332.000005066395,108.270675593615,-1.8293258666992));
#16215=CARTESIAN_POINT('Origin',(333.000005081296,108.270675593615,-1.82932586669919));
#16216=CARTESIAN_POINT('',(332.000005066395,108.270675593615,-4.97932586669918));
#16217=CARTESIAN_POINT('Origin',(332.000005066395,108.270675593615,-4.97932586669918));
#16218=CARTESIAN_POINT('',(332.000005066395,94.2706753849983,-3.22932591140267));
#16219=CARTESIAN_POINT('',(332.000005066395,104.702935205444,-3.22932591140267));
#16220=CARTESIAN_POINT('',(332.000005066395,94.2706753849983,-1.8293258666992));
#16221=CARTESIAN_POINT('',(332.000005066395,84.7103377968073,-1.8293258666992));
#16222=CARTESIAN_POINT('',(332.000005066395,94.2706753849983,-4.97932586669918));
#16223=CARTESIAN_POINT('Origin',(333.000005081296,94.2706753849983,-4.97932586669918));
#16224=CARTESIAN_POINT('Origin',(333.000005081296,94.2706753849983,-3.22932591140267));
#16225=CARTESIAN_POINT('Origin',(333.000005081296,94.2706753849983,-1.82932586669919));
#16226=CARTESIAN_POINT('Origin',(327.964168887438,110.260194817273,-5.22932591140267));
#16227=CARTESIAN_POINT('',(327.964168887438,110.260194817273,-3.22932591140267));
#16228=CARTESIAN_POINT('',(327.964168887438,110.260194817273,-5.22932591140267));
#16229=CARTESIAN_POINT('',(327.964168887438,92.0101948172735,-3.22932591140267));
#16230=CARTESIAN_POINT('',(327.964168887438,92.0101948172735,-3.22932591140267));
#16231=CARTESIAN_POINT('',(327.964168887438,92.0101948172735,-5.22932591140267));
#16232=CARTESIAN_POINT('Origin',(346.214168887438,110.260194817273,-5.22932591140267));
#16233=CARTESIAN_POINT('',(346.214168887438,110.260194817273,-3.22932591140267));
#16234=CARTESIAN_POINT('',(346.214168887438,110.260194817273,-5.22932591140267));
#16235=CARTESIAN_POINT('',(327.964168887438,110.260194817273,-3.22932591140267));
#16236=CARTESIAN_POINT('Origin',(346.214168887438,108.45137039116,-5.22932591140267));
#16237=CARTESIAN_POINT('',(346.214168887438,108.45137039116,-3.22932591140267));
#16238=CARTESIAN_POINT('',(346.214168887438,108.45137039116,-5.82932586669919));
#16239=CARTESIAN_POINT('',(346.214168887438,110.260194817273,-3.22932591140267));
#16240=CARTESIAN_POINT('Origin',(346.214168887438,100.95137039116,-5.22932591140267));
#16241=CARTESIAN_POINT('',(346.214168887438,100.95137039116,-3.22932591140267));
#16242=CARTESIAN_POINT('',(346.214168887438,100.95137039116,-5.82932586669919));
#16243=CARTESIAN_POINT('',(346.214168887438,104.239714316327,-3.22932591140267));
#16244=CARTESIAN_POINT('',(346.214168887438,110.260194817273,-3.22932591140267));
#16245=CARTESIAN_POINT('',(346.214168887438,104.239714316327,-5.52932588905093));
#16246=CARTESIAN_POINT('Origin',(346.214168887438,93.4513703911601,-5.22932591140267));
#16247=CARTESIAN_POINT('',(346.214168887438,93.4513703911601,-3.22932591140267));
#16248=CARTESIAN_POINT('',(346.214168887438,93.4513703911601,-5.82932586669919));
#16249=CARTESIAN_POINT('',(346.214168887438,96.7397143163272,-3.22932591140267));
#16250=CARTESIAN_POINT('',(346.214168887438,110.260194817273,-3.22932591140267));
#16251=CARTESIAN_POINT('',(346.214168887438,96.7397143163271,-5.52932588905093));
#16252=CARTESIAN_POINT('Origin',(327.964168887438,92.0101948172735,-5.22932591140267));
#16253=CARTESIAN_POINT('',(344.382808860512,92.0101948172735,-3.22932591140267));
#16254=CARTESIAN_POINT('',(346.214168887438,92.0101948172735,-3.22932591140267));
#16255=CARTESIAN_POINT('',(344.382808860512,92.0101948172735,-5.82932586669919));
#16256=CARTESIAN_POINT('Origin',(337.089168887438,101.135194817274,-3.22932591140267));
#16257=CARTESIAN_POINT('',(345.155524199959,104.964490788733,-3.22932591140267));
#16258=CARTESIAN_POINT('Origin',(346.234814403626,106.540955925036,-3.22932591140267));
#16259=CARTESIAN_POINT('',(343.301957868479,106.233491883235,-3.22932591140267));
#16260=CARTESIAN_POINT('',(345.155524199959,97.4644907887329,-3.22932591140267));
#16261=CARTESIAN_POINT('Origin',(346.234814403626,99.0409559250364,-3.22932591140267));
#16262=CARTESIAN_POINT('',(341.553931577495,99.9302374427571,-3.22932591140267));
#16263=CARTESIAN_POINT('Origin',(346.234814403626,91.5409559250364,-3.22932591140267));
#16264=CARTESIAN_POINT('Origin',(346.234814403626,99.0409559250364,-5.82932586669919));
#16265=CARTESIAN_POINT('',(347.314104607294,100.61742106134,-2.82932586669919));
#16266=CARTESIAN_POINT('',(347.314104607294,100.61742106134,-5.82932586669919));
#16267=CARTESIAN_POINT('',(345.155524199959,97.4644907887329,-2.82932586669919));
#16268=CARTESIAN_POINT('Origin',(346.234814403626,99.0409559250364,-2.82932586669919));
#16269=CARTESIAN_POINT('',(345.155524199959,97.4644907887329,-5.82932586669919));
#16270=CARTESIAN_POINT('Origin',(345.155524199959,104.964490788733,-5.82932586669919));
#16271=CARTESIAN_POINT('',(345.155524199959,104.964490788733,-2.82932586669919));
#16272=CARTESIAN_POINT('',(345.155524199959,104.964490788733,-5.82932586669919));
#16273=CARTESIAN_POINT('',(368.920709796332,88.6942089969973,-2.82932586669919));
#16274=CARTESIAN_POINT('',(356.080405728188,97.4850246476086,-2.82932586669919));
#16275=CARTESIAN_POINT('',(368.920709796332,88.6942089969973,-5.82932586669919));
#16276=CARTESIAN_POINT('Origin',(346.234814403626,106.540955925036,-5.82932586669919));
#16277=CARTESIAN_POINT('',(347.314104607294,108.11742106134,-2.82932586669919));
#16278=CARTESIAN_POINT('',(347.314104607294,108.11742106134,-5.82932586669919));
#16279=CARTESIAN_POINT('Origin',(346.234814403626,106.540955925036,-2.82932586669919));
#16280=CARTESIAN_POINT('Origin',(315.5,114.9,8.27067413330082));
#16281=CARTESIAN_POINT('',(316.5,115.9,-3.82932586669919));
#16282=CARTESIAN_POINT('',(316.5,115.9,8.27067413330082));
#16283=CARTESIAN_POINT('',(297.729166666667,97.1291666666667,0.541507466634217));
#16284=CARTESIAN_POINT('',(314.5,113.9,-3.82932586669919));
#16285=CARTESIAN_POINT('Origin',(314.5,111.9,8.27067413330082));
#16286=CARTESIAN_POINT('',(374.,111.9,5.27067413330083));
#16287=CARTESIAN_POINT('Origin',(374.,107.270674133301,2.27067413330084));
#16288=CARTESIAN_POINT('Origin',(376.,114.270674133301,2.27067413330084));
#16289=CARTESIAN_POINT('',(376.,115.9,5.27067413330083));
#16290=CARTESIAN_POINT('Origin',(314.5,115.9,8.27067413330082));
#16291=CARTESIAN_POINT('',(378.,115.9,-3.82932586669919));
#16292=CARTESIAN_POINT('',(378.,115.9,8.27067413330082));
#16293=CARTESIAN_POINT('',(330.875,115.9,-3.82932586669919));
#16294=CARTESIAN_POINT('Origin',(379.,114.9,8.27067413330082));
#16295=CARTESIAN_POINT('',(378.,115.9,-3.82932586669919));
#16296=CARTESIAN_POINT('Origin',(379.5,106.900001490116,6.77067411094908));
#16297=CARTESIAN_POINT('',(379.,106.400001490116,-6.72932609021661));
#16298=CARTESIAN_POINT('',(379.,106.400001490116,6.77067411094908));
#16299=CARTESIAN_POINT('',(380.,107.400001490116,-7.72932609021661));
#16300=CARTESIAN_POINT('',(379.,106.400001490116,-4.82932591140267));
#16301=CARTESIAN_POINT('Origin',(380.,106.400001490116,5.27067408859733));
#16302=CARTESIAN_POINT('',(378.5,106.400001490116,-6.72932609021661));
#16303=CARTESIAN_POINT('',(378.5,106.400001490116,-1.22932588905093));
#16304=CARTESIAN_POINT('',(380.,106.400001490116,-6.72932609021661));
#16305=CARTESIAN_POINT('Origin',(378.5,48.4,-7.72932586669918));
#16306=CARTESIAN_POINT('',(378.5,50.4,-10.7293258666992));
#16307=CARTESIAN_POINT('',(378.5,50.4,-7.72932586669918));
#16308=CARTESIAN_POINT('',(378.5,51.4,-10.7293258666992));
#16309=CARTESIAN_POINT('',(378.5,42.4,-10.7293258666992));
#16310=CARTESIAN_POINT('',(378.5,55.3999997764826,-6.7293260902166));
#16311=CARTESIAN_POINT('',(378.5,52.4,-9.72932586669918));
#16312=CARTESIAN_POINT('',(378.5,77.4000007450581,-6.7293260902166));
#16313=CARTESIAN_POINT('Origin',(315.,33.9625,-4.72932591140267));
#16314=CARTESIAN_POINT('Origin',(363.625,13.4,-8.82932586669919));
#16315=CARTESIAN_POINT('',(318.5,20.4,-1.82932586669919));
#16316=CARTESIAN_POINT('',(318.5,13.6125,-8.61682586669919));
#16317=CARTESIAN_POINT('',(363.625,20.4,-1.82932586669919));
#16318=CARTESIAN_POINT('Origin',(379.,88.525,-2.82932586669919));
#16319=CARTESIAN_POINT('',(379.414213720424,20.9857865030936,-3.24353958712298));
#16320=CARTESIAN_POINT('',(380.,21.2284271247462,-3.82932586669919));
#16321=CARTESIAN_POINT('',(378.,20.4,-1.82932586669919));
#16322=CARTESIAN_POINT('',(380.,68.6500001117587,-3.82932591140268));
#16323=CARTESIAN_POINT('',(378.,113.9,-1.8293258666992));
#16324=CARTESIAN_POINT('',(380.,113.9,-3.82932586669919));
#16325=CARTESIAN_POINT('',(378.,88.525,-1.8293258666992));
#16326=CARTESIAN_POINT('',(367.379166722546,33.0208335009712,8.79150741075468));
#16327=CARTESIAN_POINT('Origin',(379.,41.4821067811865,17.8385673521143));
#16328=CARTESIAN_POINT('',(379.757359391441,20.6426408320766,-4.07196651996188));
#16329=CARTESIAN_POINT('',(375.17037839443,25.2296218290877,7.00198521337001));
#16330=CARTESIAN_POINT('',(391.691391088612,49.453942009178,7.86206517720931));
#16331=CARTESIAN_POINT('Origin',(356.419827518426,42.4893520851097,-2.3293258666992));
#16332=CARTESIAN_POINT('',(371.079290203667,31.8471392696043,-2.82932586669919));
#16333=CARTESIAN_POINT('',(371.644208028847,32.6722864387773,-1.8293258666992));
#16334=CARTESIAN_POINT('',(371.079290203667,31.8471392696043,-2.82932586669919));
#16335=CARTESIAN_POINT('',(347.879022432474,48.9425682305129,-1.8293258666992));
#16336=CARTESIAN_POINT('',(356.702286431016,42.9019256696962,-1.8293258666992));
#16337=CARTESIAN_POINT('',(347.314104607294,48.11742106134,-2.82932586669919));
#16338=CARTESIAN_POINT('',(347.879022432474,48.9425682305129,-1.8293258666992));
#16339=CARTESIAN_POINT('',(356.137368605836,42.0767785005232,-2.82932586669919));
#16340=CARTESIAN_POINT('Origin',(370.,30.2706741333008,-2.3293258666992));
#16341=CARTESIAN_POINT('',(368.920709796332,28.6942089969973,-2.8293258666992));
#16342=CARTESIAN_POINT('',(368.355791971153,27.8690618278243,-1.82932586669919));
#16343=CARTESIAN_POINT('',(368.920709796332,28.6942089969973,-2.8293258666992));
#16344=CARTESIAN_POINT('Origin',(370.,30.2706741333008,-1.82932586669919));
#16345=CARTESIAN_POINT('Origin',(370.,30.2706741333008,-2.8293258666992));
#16346=CARTESIAN_POINT('Origin',(341.813736487725,46.6464155391975,-2.3293258666992));
#16347=CARTESIAN_POINT('',(345.155524199959,44.9644907887329,-2.8293258666992));
#16348=CARTESIAN_POINT('',(344.590606374779,44.13934361956,-1.8293258666992));
#16349=CARTESIAN_POINT('',(345.155524199959,44.9644907887329,-2.8293258666992));
#16350=CARTESIAN_POINT('',(341.531277575135,46.2338419546111,-1.8293258666992));
#16351=CARTESIAN_POINT('',(342.096195400315,47.058989123784,-2.8293258666992));
#16352=CARTESIAN_POINT('Origin',(346.234814403626,46.5409559250364,-2.3293258666992));
#16353=CARTESIAN_POINT('Origin',(346.234814403626,46.5409559250364,-1.8293258666992));
#16354=CARTESIAN_POINT('Origin',(346.234814403626,46.5409559250364,-2.82932586669919));
#16355=CARTESIAN_POINT('Origin',(370.,30.2706741333008,-5.8293258666992));
#16356=CARTESIAN_POINT('',(371.079290203667,31.8471392696043,-5.82932586669919));
#16357=CARTESIAN_POINT('',(368.920709796332,28.6942089969973,-5.8293258666992));
#16358=CARTESIAN_POINT('Origin',(371.079290203667,31.8471392696043,-5.82932586669919));
#16359=CARTESIAN_POINT('',(347.314104607294,48.11742106134,-5.82932586669919));
#16360=CARTESIAN_POINT('Origin',(347.25,61.15,-1.82932586669919));
#16361=CARTESIAN_POINT('',(316.5,113.9,-1.8293258666992));
#16362=CARTESIAN_POINT('',(330.875,113.9,-1.8293258666992));
#16363=CARTESIAN_POINT('',(316.5,105.970620265118,-1.8293258666992));
#16364=CARTESIAN_POINT('',(316.5,33.775,-1.82932586669919));
#16365=CARTESIAN_POINT('',(318.828427124746,105.970620265118,-1.8293258666992));
#16366=CARTESIAN_POINT('',(336.625,105.970620265118,-1.8293258666992));
#16367=CARTESIAN_POINT('',(328.,96.7990473898646,-1.8293258666992));
#16368=CARTESIAN_POINT('',(338.931868628653,85.867178761212,-1.8293258666992));
#16369=CARTESIAN_POINT('',(328.,33.84213927219,-1.82932586669919));
#16370=CARTESIAN_POINT('',(328.,68.2352966655137,-1.82932586669919));
#16371=CARTESIAN_POINT('',(336.846571963139,42.688711235329,-1.8293258666992));
#16372=CARTESIAN_POINT('',(318.5,10.4,-1.82932586669919));
#16373=CARTESIAN_POINT('',(363.625000004874,10.4,-1.82932586669919));
#16374=CARTESIAN_POINT('',(318.5,33.775,-1.82932586669919));
#16375=CARTESIAN_POINT('',(371.644208028847,40.1722864387773,-1.8293258666992));
#16376=CARTESIAN_POINT('',(347.879022432474,56.4425682305129,-1.82932586669919));
#16377=CARTESIAN_POINT('',(358.450312722,49.2051801101743,-1.8293258666992));
#16378=CARTESIAN_POINT('',(368.355791971153,35.3690618278243,-1.82932586669919));
#16379=CARTESIAN_POINT('Origin',(370.,37.7706741333008,-1.82932586669919));
#16380=CARTESIAN_POINT('',(344.590606374779,51.63934361956,-1.82932586669919));
#16381=CARTESIAN_POINT('',(343.279303866119,52.5370963950891,-1.82932586669919));
#16382=CARTESIAN_POINT('Origin',(346.234814403626,54.0409559250364,-1.82932586669919));
#16383=CARTESIAN_POINT('',(371.644208028847,55.1722864387773,-1.82932586669919));
#16384=CARTESIAN_POINT('',(347.879022432474,71.4425682305129,-1.82932586669919));
#16385=CARTESIAN_POINT('',(361.946365303968,61.8116889911304,-1.82932586669919));
#16386=CARTESIAN_POINT('',(368.355791971153,50.3690618278243,-1.82932586669919));
#16387=CARTESIAN_POINT('Origin',(370.,52.7706741333008,-1.82932586669919));
#16388=CARTESIAN_POINT('',(344.590606374779,66.63934361956,-1.82932586669919));
#16389=CARTESIAN_POINT('',(346.775356448087,65.1436052760453,-1.82932586669919));
#16390=CARTESIAN_POINT('Origin',(346.234814403626,69.0409559250364,-1.82932586669919));
#16391=CARTESIAN_POINT('',(371.644208028847,70.1722864387773,-1.82932586669919));
#16392=CARTESIAN_POINT('',(347.879022432474,86.4425682305129,-1.82932586669919));
#16393=CARTESIAN_POINT('',(365.442417885937,74.4181978720866,-1.82932586669919));
#16394=CARTESIAN_POINT('',(368.355791971153,65.3690618278243,-1.82932586669919));
#16395=CARTESIAN_POINT('Origin',(370.,67.7706741333008,-1.82932586669919));
#16396=CARTESIAN_POINT('',(344.590606374779,81.63934361956,-1.82932586669919));
#16397=CARTESIAN_POINT('',(350.271409030056,77.7501141570015,-1.82932586669919));
#16398=CARTESIAN_POINT('Origin',(346.234814403626,84.0409559250364,-1.8293258666992));
#16399=CARTESIAN_POINT('',(371.644208028847,85.1722864387773,-1.8293258666992));
#16400=CARTESIAN_POINT('',(347.879022432474,101.442568230513,-1.8293258666992));
#16401=CARTESIAN_POINT('',(368.938470467905,87.0247067530428,-1.8293258666992));
#16402=CARTESIAN_POINT('',(368.355791971153,80.3690618278243,-1.8293258666992));
#16403=CARTESIAN_POINT('Origin',(370.,82.7706741333008,-1.8293258666992));
#16404=CARTESIAN_POINT('',(344.590606374779,96.63934361956,-1.8293258666992));
#16405=CARTESIAN_POINT('',(353.767461612024,90.3566230379576,-1.8293258666992));
#16406=CARTESIAN_POINT('Origin',(346.234814403626,99.0409559250364,-1.8293258666992));
#16407=CARTESIAN_POINT('',(371.644208028847,92.6722864387773,-1.8293258666992));
#16408=CARTESIAN_POINT('',(347.879022432474,108.942568230513,-1.8293258666992));
#16409=CARTESIAN_POINT('',(370.686496758889,93.3279611935208,-1.8293258666992));
#16410=CARTESIAN_POINT('',(368.355791971153,87.8690618278243,-1.8293258666992));
#16411=CARTESIAN_POINT('Origin',(370.,90.2706741333008,-1.8293258666992));
#16412=CARTESIAN_POINT('',(344.590606374779,104.13934361956,-1.8293258666992));
#16413=CARTESIAN_POINT('',(355.515487903008,96.6598774784357,-1.8293258666992));
#16414=CARTESIAN_POINT('Origin',(346.234814403626,106.540955925036,-1.8293258666992));
#16415=CARTESIAN_POINT('',(371.644208028847,77.6722864387773,-1.8293258666992));
#16416=CARTESIAN_POINT('',(347.879022432474,93.9425682305129,-1.8293258666992));
#16417=CARTESIAN_POINT('',(367.190444176921,80.7214523125647,-1.8293258666992));
#16418=CARTESIAN_POINT('',(368.355791971153,72.8690618278243,-1.82932586669919));
#16419=CARTESIAN_POINT('Origin',(370.,75.2706741333008,-1.82932586669919));
#16420=CARTESIAN_POINT('',(344.590606374779,89.13934361956,-1.8293258666992));
#16421=CARTESIAN_POINT('',(352.01943532104,84.0533685974795,-1.8293258666992));
#16422=CARTESIAN_POINT('Origin',(346.234814403626,91.5409559250364,-1.8293258666992));
#16423=CARTESIAN_POINT('',(371.644208028847,62.6722864387773,-1.82932586669919));
#16424=CARTESIAN_POINT('',(347.879022432474,78.9425682305129,-1.82932586669919));
#16425=CARTESIAN_POINT('',(363.694391594953,68.1149434316085,-1.82932586669919));
#16426=CARTESIAN_POINT('',(368.355791971153,57.8690618278243,-1.82932586669919));
#16427=CARTESIAN_POINT('Origin',(370.,60.2706741333008,-1.82932586669919));
#16428=CARTESIAN_POINT('',(344.590606374779,74.13934361956,-1.82932586669919));
#16429=CARTESIAN_POINT('',(348.523382739071,71.4468597165234,-1.82932586669919));
#16430=CARTESIAN_POINT('Origin',(346.234814403626,76.5409559250364,-1.82932586669919));
#16431=CARTESIAN_POINT('',(344.590606374779,59.1393436195599,-1.82932586669919));
#16432=CARTESIAN_POINT('',(368.355791971153,42.8690618278243,-1.8293258666992));
#16433=CARTESIAN_POINT('',(345.027330157103,58.8403508355672,-1.82932586669919));
#16434=CARTESIAN_POINT('',(347.879022432474,63.9425682305129,-1.82932586669919));
#16435=CARTESIAN_POINT('Origin',(346.234814403626,61.5409559250364,-1.82932586669919));
#16436=CARTESIAN_POINT('',(371.644208028847,47.6722864387773,-1.8293258666992));
#16437=CARTESIAN_POINT('',(360.198339012984,55.5084345506524,-1.82932586669919));
#16438=CARTESIAN_POINT('Origin',(370.,45.2706741333008,-1.8293258666992));
#16439=CARTESIAN_POINT('Origin',(358.16785380941,48.7926065255878,-2.3293258666992));
#16440=CARTESIAN_POINT('',(371.079290203667,39.3471392696043,-2.82932586669919));
#16441=CARTESIAN_POINT('',(371.079290203667,39.3471392696043,-2.82932586669919));
#16442=CARTESIAN_POINT('',(347.314104607294,55.61742106134,-2.82932586669919));
#16443=CARTESIAN_POINT('',(347.879022432474,56.4425682305129,-1.82932586669919));
#16444=CARTESIAN_POINT('',(357.885394896821,48.3800329410013,-2.82932586669919));
#16445=CARTESIAN_POINT('Origin',(370.,37.7706741333008,-2.3293258666992));
#16446=CARTESIAN_POINT('',(368.920709796332,36.1942089969973,-2.8293258666992));
#16447=CARTESIAN_POINT('',(368.920709796332,36.1942089969973,-2.8293258666992));
#16448=CARTESIAN_POINT('Origin',(370.,37.7706741333008,-2.8293258666992));
#16449=CARTESIAN_POINT('Origin',(343.561762778709,52.9496699796756,-2.32932586669919));
#16450=CARTESIAN_POINT('',(345.155524199959,52.4644907887329,-2.82932586669919));
#16451=CARTESIAN_POINT('',(345.155524199959,52.4644907887329,-2.82932586669919));
#16452=CARTESIAN_POINT('',(343.844221691299,53.3622435642621,-2.82932586669919));
#16453=CARTESIAN_POINT('Origin',(346.234814403626,54.0409559250364,-2.32932586669919));
#16454=CARTESIAN_POINT('Origin',(346.234814403626,54.0409559250364,-2.82932586669919));
#16455=CARTESIAN_POINT('Origin',(370.,37.7706741333008,-5.82932586669919));
#16456=CARTESIAN_POINT('',(371.079290203667,39.3471392696043,-5.82932586669919));
#16457=CARTESIAN_POINT('',(368.920709796332,36.1942089969973,-5.82932586669919));
#16458=CARTESIAN_POINT('Origin',(371.079290203667,39.3471392696043,-5.82932586669919));
#16459=CARTESIAN_POINT('',(347.314104607294,55.61742106134,-5.82932586669919));
#16460=CARTESIAN_POINT('Origin',(345.309789069693,59.2529244201537,-2.32932586669919));
#16461=CARTESIAN_POINT('',(345.155524199959,59.9644907887329,-2.82932586669919));
#16462=CARTESIAN_POINT('',(345.155524199959,59.9644907887329,-2.82932586669919));
#16463=CARTESIAN_POINT('',(368.920709796332,43.6942089969973,-2.82932586669919));
#16464=CARTESIAN_POINT('',(368.355791971153,42.8690618278243,-1.8293258666992));
#16465=CARTESIAN_POINT('',(345.592247982283,59.6654980047402,-2.82932586669919));
#16466=CARTESIAN_POINT('Origin',(346.234814403626,61.5409559250364,-2.32932586669919));
#16467=CARTESIAN_POINT('',(347.314104607294,63.11742106134,-2.82932586669919));
#16468=CARTESIAN_POINT('',(347.314104607294,63.11742106134,-2.82932586669919));
#16469=CARTESIAN_POINT('Origin',(346.234814403626,61.5409559250364,-2.82932586669919));
#16470=CARTESIAN_POINT('Origin',(359.915880100394,55.0958609660659,-2.32932586669919));
#16471=CARTESIAN_POINT('',(371.079290203667,46.8471392696043,-2.82932586669919));
#16472=CARTESIAN_POINT('',(371.079290203667,46.8471392696043,-2.82932586669919));
#16473=CARTESIAN_POINT('',(359.633421187805,54.6832873814794,-2.82932586669919));
#16474=CARTESIAN_POINT('Origin',(370.,45.2706741333008,-2.3293258666992));
#16475=CARTESIAN_POINT('Origin',(370.,45.2706741333008,-2.82932586669919));
#16476=CARTESIAN_POINT('Origin',(346.234814403626,61.5409559250364,-5.82932586669919));
#16477=CARTESIAN_POINT('',(345.155524199959,59.9644907887329,-5.82932586669919));
#16478=CARTESIAN_POINT('',(347.314104607294,63.11742106134,-5.82932586669919));
#16479=CARTESIAN_POINT('Origin',(345.155524199959,59.9644907887329,-5.82932586669919));
#16480=CARTESIAN_POINT('',(368.920709796332,43.6942089969973,-5.82932586669919));
#16481=CARTESIAN_POINT('Origin',(361.663906391379,61.399115406544,-2.32932586669919));
#16482=CARTESIAN_POINT('',(371.079290203667,54.3471392696043,-2.82932586669919));
#16483=CARTESIAN_POINT('',(371.079290203667,54.3471392696043,-2.82932586669919));
#16484=CARTESIAN_POINT('',(347.314104607294,70.61742106134,-2.82932586669919));
#16485=CARTESIAN_POINT('',(347.879022432474,71.4425682305129,-1.82932586669919));
#16486=CARTESIAN_POINT('',(361.381447478789,60.9865418219575,-2.82932586669919));
#16487=CARTESIAN_POINT('Origin',(370.,52.7706741333008,-2.32932586669919));
#16488=CARTESIAN_POINT('',(368.920709796332,51.1942089969973,-2.82932586669919));
#16489=CARTESIAN_POINT('',(368.920709796332,51.1942089969973,-2.82932586669919));
#16490=CARTESIAN_POINT('Origin',(370.,52.7706741333008,-2.82932586669919));
#16491=CARTESIAN_POINT('Origin',(347.057815360677,65.5561788606318,-2.32932586669919));
#16492=CARTESIAN_POINT('',(345.155524199959,67.4644907887329,-2.82932586669919));
#16493=CARTESIAN_POINT('',(345.155524199959,67.4644907887329,-2.82932586669919));
#16494=CARTESIAN_POINT('',(347.340274273267,65.9687524452183,-2.82932586669919));
#16495=CARTESIAN_POINT('Origin',(346.234814403626,69.0409559250364,-2.32932586669919));
#16496=CARTESIAN_POINT('Origin',(346.234814403626,69.0409559250364,-2.82932586669919));
#16497=CARTESIAN_POINT('Origin',(370.,52.7706741333008,-5.82932586669919));
#16498=CARTESIAN_POINT('',(371.079290203667,54.3471392696043,-5.82932586669919));
#16499=CARTESIAN_POINT('',(368.920709796332,51.1942089969973,-5.82932586669919));
#16500=CARTESIAN_POINT('Origin',(371.079290203667,54.3471392696043,-5.82932586669919));
#16501=CARTESIAN_POINT('',(347.314104607294,70.61742106134,-5.82932586669919));
#16502=CARTESIAN_POINT('Origin',(363.411932682363,67.7023698470221,-2.32932586669919));
#16503=CARTESIAN_POINT('',(371.079290203667,61.8471392696043,-2.82932586669919));
#16504=CARTESIAN_POINT('',(371.079290203667,61.8471392696043,-2.82932586669919));
#16505=CARTESIAN_POINT('',(347.314104607294,78.11742106134,-2.82932586669919));
#16506=CARTESIAN_POINT('',(347.879022432474,78.9425682305129,-1.82932586669919));
#16507=CARTESIAN_POINT('',(363.129473769773,67.2897962624356,-2.82932586669919));
#16508=CARTESIAN_POINT('Origin',(370.,60.2706741333008,-2.32932586669919));
#16509=CARTESIAN_POINT('',(368.920709796332,58.6942089969973,-2.82932586669919));
#16510=CARTESIAN_POINT('',(368.920709796332,58.6942089969973,-2.82932586669919));
#16511=CARTESIAN_POINT('Origin',(370.,60.2706741333008,-2.82932586669919));
#16512=CARTESIAN_POINT('Origin',(348.805841651661,71.8594333011098,-2.32932586669919));
#16513=CARTESIAN_POINT('',(345.155524199959,74.9644907887329,-2.82932586669919));
#16514=CARTESIAN_POINT('',(345.155524199959,74.9644907887329,-2.82932586669919));
#16515=CARTESIAN_POINT('',(349.088300564251,72.2720068856963,-2.82932586669919));
#16516=CARTESIAN_POINT('Origin',(346.234814403626,76.5409559250364,-2.32932586669919));
#16517=CARTESIAN_POINT('Origin',(346.234814403626,76.5409559250364,-2.82932586669919));
#16518=CARTESIAN_POINT('Origin',(370.,60.2706741333008,-5.82932586669919));
#16519=CARTESIAN_POINT('',(371.079290203667,61.8471392696043,-5.82932586669919));
#16520=CARTESIAN_POINT('',(368.920709796332,58.6942089969973,-5.82932586669919));
#16521=CARTESIAN_POINT('Origin',(371.079290203667,61.8471392696043,-5.82932586669919));
#16522=CARTESIAN_POINT('',(347.314104607294,78.11742106134,-5.82932586669919));
#16523=CARTESIAN_POINT('Origin',(365.159958973347,74.0056242875001,-2.32932586669919));
#16524=CARTESIAN_POINT('',(371.079290203667,69.3471392696043,-2.82932586669919));
#16525=CARTESIAN_POINT('',(371.079290203667,69.3471392696043,-2.82932586669919));
#16526=CARTESIAN_POINT('',(347.314104607294,85.61742106134,-2.82932586669919));
#16527=CARTESIAN_POINT('',(347.879022432474,86.4425682305129,-1.82932586669919));
#16528=CARTESIAN_POINT('',(364.877500060757,73.5930507029137,-2.82932586669919));
#16529=CARTESIAN_POINT('Origin',(370.,67.7706741333008,-2.32932586669919));
#16530=CARTESIAN_POINT('',(368.920709796332,66.1942089969973,-2.82932586669919));
#16531=CARTESIAN_POINT('',(368.920709796332,66.1942089969973,-2.82932586669919));
#16532=CARTESIAN_POINT('Origin',(370.,67.7706741333008,-2.82932586669919));
#16533=CARTESIAN_POINT('Origin',(350.553867942645,78.1626877415879,-2.32932586669919));
#16534=CARTESIAN_POINT('',(345.155524199959,82.4644907887329,-2.82932586669919));
#16535=CARTESIAN_POINT('',(345.155524199959,82.4644907887329,-2.82932586669919));
#16536=CARTESIAN_POINT('',(350.836326855235,78.5752613261744,-2.82932586669919));
#16537=CARTESIAN_POINT('Origin',(346.234814403626,84.0409559250364,-2.32932586669919));
#16538=CARTESIAN_POINT('Origin',(346.234814403626,84.0409559250364,-2.82932586669919));
#16539=CARTESIAN_POINT('Origin',(370.,67.7706741333008,-5.82932586669919));
#16540=CARTESIAN_POINT('',(371.079290203667,69.3471392696043,-5.82932586669919));
#16541=CARTESIAN_POINT('',(368.920709796332,66.1942089969973,-5.82932586669919));
#16542=CARTESIAN_POINT('Origin',(371.079290203667,69.3471392696043,-5.82932586669919));
#16543=CARTESIAN_POINT('',(347.314104607294,85.61742106134,-5.82932586669919));
#16544=CARTESIAN_POINT('Origin',(366.907985264331,80.3088787279782,-2.32932586669919));
#16545=CARTESIAN_POINT('',(371.079290203667,76.8471392696043,-2.82932586669919));
#16546=CARTESIAN_POINT('',(371.079290203667,76.8471392696043,-2.82932586669919));
#16547=CARTESIAN_POINT('',(347.314104607294,93.11742106134,-2.82932586669919));
#16548=CARTESIAN_POINT('',(347.879022432474,93.9425682305129,-1.8293258666992));
#16549=CARTESIAN_POINT('',(366.625526351741,79.8963051433917,-2.82932586669919));
#16550=CARTESIAN_POINT('Origin',(370.,75.2706741333008,-2.32932586669919));
#16551=CARTESIAN_POINT('',(368.920709796332,73.6942089969973,-2.82932586669919));
#16552=CARTESIAN_POINT('',(368.920709796332,73.6942089969973,-2.82932586669919));
#16553=CARTESIAN_POINT('Origin',(370.,75.2706741333008,-2.82932586669919));
#16554=CARTESIAN_POINT('Origin',(352.30189423363,84.465942182066,-2.32932586669919));
#16555=CARTESIAN_POINT('',(345.155524199959,89.9644907887329,-2.82932586669919));
#16556=CARTESIAN_POINT('',(345.155524199959,89.9644907887329,-2.82932586669919));
#16557=CARTESIAN_POINT('',(352.584353146219,84.8785157666525,-2.82932586669919));
#16558=CARTESIAN_POINT('Origin',(346.234814403626,91.5409559250364,-2.32932586669919));
#16559=CARTESIAN_POINT('Origin',(346.234814403626,91.5409559250364,-2.82932586669919));
#16560=CARTESIAN_POINT('Origin',(370.,75.2706741333008,-5.82932586669919));
#16561=CARTESIAN_POINT('',(371.079290203667,76.8471392696043,-5.82932586669919));
#16562=CARTESIAN_POINT('',(368.920709796332,73.6942089969973,-5.82932586669919));
#16563=CARTESIAN_POINT('Origin',(371.079290203667,76.8471392696043,-5.82932586669919));
#16564=CARTESIAN_POINT('',(347.314104607294,93.11742106134,-5.82932586669919));
#16565=CARTESIAN_POINT('Origin',(368.656011555315,86.6121331684563,-2.3293258666992));
#16566=CARTESIAN_POINT('',(371.079290203667,84.3471392696043,-2.82932586669919));
#16567=CARTESIAN_POINT('',(371.079290203667,84.3471392696043,-2.82932586669919));
#16568=CARTESIAN_POINT('',(347.879022432474,101.442568230513,-1.8293258666992));
#16569=CARTESIAN_POINT('',(368.373552642725,86.1995595838698,-2.82932586669919));
#16570=CARTESIAN_POINT('Origin',(370.,82.7706741333008,-2.32932586669919));
#16571=CARTESIAN_POINT('',(368.920709796332,81.1942089969973,-2.82932586669919));
#16572=CARTESIAN_POINT('',(368.920709796332,81.1942089969973,-2.82932586669919));
#16573=CARTESIAN_POINT('Origin',(370.,82.7706741333008,-2.82932586669919));
#16574=CARTESIAN_POINT('Origin',(354.049920524614,90.7691966225441,-2.3293258666992));
#16575=CARTESIAN_POINT('',(345.155524199959,97.4644907887329,-2.82932586669919));
#16576=CARTESIAN_POINT('',(354.332379437204,91.1817702071306,-2.82932586669919));
#16577=CARTESIAN_POINT('Origin',(346.234814403626,99.0409559250364,-2.32932586669919));
#16578=CARTESIAN_POINT('Origin',(370.,82.7706741333008,-5.82932586669919));
#16579=CARTESIAN_POINT('',(371.079290203667,84.3471392696043,-5.82932586669919));
#16580=CARTESIAN_POINT('',(368.920709796332,81.1942089969973,-5.82932586669919));
#16581=CARTESIAN_POINT('Origin',(371.079290203667,84.3471392696043,-5.82932586669919));
#16582=CARTESIAN_POINT('Origin',(370.404037846299,92.9153876089344,-2.3293258666992));
#16583=CARTESIAN_POINT('',(371.079290203667,91.8471392696043,-2.82932586669919));
#16584=CARTESIAN_POINT('',(371.079290203667,91.8471392696043,-2.82932586669919));
#16585=CARTESIAN_POINT('',(347.879022432474,108.942568230513,-1.8293258666992));
#16586=CARTESIAN_POINT('',(370.121578933709,92.5028140243479,-2.82932586669919));
#16587=CARTESIAN_POINT('Origin',(370.,90.2706741333008,-2.32932586669919));
#16588=CARTESIAN_POINT('',(368.920709796332,88.6942089969973,-2.82932586669919));
#16589=CARTESIAN_POINT('Origin',(370.,90.2706741333008,-2.82932586669919));
#16590=CARTESIAN_POINT('Origin',(355.797946815598,97.0724510630222,-2.3293258666992));
#16591=CARTESIAN_POINT('',(345.155524199959,104.964490788733,-2.82932586669919));
#16592=CARTESIAN_POINT('Origin',(346.234814403626,106.540955925036,-2.32932586669919));
#16593=CARTESIAN_POINT('Origin',(370.,90.2706741333008,-5.82932586669919));
#16594=CARTESIAN_POINT('',(371.079290203667,91.8471392696043,-5.82932586669919));
#16595=CARTESIAN_POINT('Origin',(371.079290203667,91.8471392696043,-5.82932586669919));
#16596=CARTESIAN_POINT('Origin',(316.5,115.9,-3.82932586669919));
#16597=CARTESIAN_POINT('',(316.5,113.9,-1.8293258666992));
#16598=CARTESIAN_POINT('',(316.5,115.9,-3.82932586669919));
#16599=CARTESIAN_POINT('Origin',(378.,113.9,-1.8293258666992));
#16600=CARTESIAN_POINT('',(378.,113.9,-1.8293258666992));
#16601=CARTESIAN_POINT('Origin',(330.875,114.9,-2.82932586669919));
#16602=CARTESIAN_POINT('Origin',(315.5,33.775,-2.82932586669919));
#16603=CARTESIAN_POINT('',(314.853553390593,107.617066874525,-3.47577247610598));
#16604=CARTESIAN_POINT('',(327.865936710853,94.6046835542654,9.53661084415387));
#16605=CARTESIAN_POINT('',(311.497039476286,106.226753288925,-6.83228639041289));
#16606=CARTESIAN_POINT('Origin',(379.5,68.6500001117587,-4.32932591140267));
#16607=CARTESIAN_POINT('',(379.,21.4000002235174,-4.82932591140268));
#16608=CARTESIAN_POINT('',(380.,20.4000002235174,-3.82932591140267));
#16609=CARTESIAN_POINT('',(379.024999955296,21.4000002235174,-4.80432595610613));
#16610=CARTESIAN_POINT('Origin',(315.5,106.970620265118,-1.82932586669929));
#16611=CARTESIAN_POINT('',(316.5,105.970620265118,-3.47577247610597));
#16612=CARTESIAN_POINT('',(326.63382753314,95.8367927319786,-3.47577247610601));
#16613=CARTESIAN_POINT('',(316.5,105.970620265118,-1.82932586669929));
#16614=CARTESIAN_POINT('Origin',(346.234814403626,91.5409559250364,-5.82932586669919));
#16615=CARTESIAN_POINT('',(345.155524199959,89.9644907887329,-5.82932586669919));
#16616=CARTESIAN_POINT('Origin',(345.155524199959,89.9644907887329,-5.82932586669919));
#16617=CARTESIAN_POINT('Origin',(346.234814403626,76.5409559250364,-5.82932586669919));
#16618=CARTESIAN_POINT('',(345.155524199959,74.9644907887329,-5.82932586669919));
#16619=CARTESIAN_POINT('Origin',(345.155524199959,74.9644907887329,-5.82932586669919));
#16620=CARTESIAN_POINT('Origin',(370.,45.2706741333008,-5.82932586669919));
#16621=CARTESIAN_POINT('',(371.079290203667,46.8471392696043,-5.82932586669919));
#16622=CARTESIAN_POINT('Origin',(371.079290203667,46.8471392696043,-5.82932586669919));
#16623=CARTESIAN_POINT('Origin',(346.234814403626,46.5409559250364,-5.82932586669919));
#16624=CARTESIAN_POINT('',(345.155524199959,44.9644907887329,-5.82932586669919));
#16625=CARTESIAN_POINT('Origin',(345.155524199959,44.9644907887329,-5.82932586669919));
#16626=CARTESIAN_POINT('Origin',(346.234814403626,54.0409559250364,-5.82932586669919));
#16627=CARTESIAN_POINT('',(345.155524199959,52.4644907887329,-5.82932586669919));
#16628=CARTESIAN_POINT('Origin',(345.155524199959,52.4644907887329,-5.82932586669919));
#16629=CARTESIAN_POINT('Origin',(346.234814403626,69.0409559250364,-5.82932586669919));
#16630=CARTESIAN_POINT('',(345.155524199959,67.4644907887329,-5.82932586669919));
#16631=CARTESIAN_POINT('Origin',(345.155524199959,67.4644907887329,-5.82932586669919));
#16632=CARTESIAN_POINT('Origin',(346.234814403626,84.0409559250364,-5.82932586669919));
#16633=CARTESIAN_POINT('',(345.155524199959,82.4644907887329,-5.82932586669919));
#16634=CARTESIAN_POINT('Origin',(345.155524199959,82.4644907887329,-5.82932586669919));
#16635=CARTESIAN_POINT('Origin',(345.155524199959,97.4644907887329,-5.82932586669919));
#16636=CARTESIAN_POINT('Origin',(338.224761847466,85.1600719800254,-2.82932586669919));
#16637=CARTESIAN_POINT('',(326.,95.9706202651184,-3.8293258666992));
#16638=CARTESIAN_POINT('',(337.51765506628,84.4529651988389,-3.82932586669919));
#16639=CARTESIAN_POINT('',(326.,95.9706202651184,-3.82932586669919));
#16640=CARTESIAN_POINT('',(327.448694063675,105.970620265118,4.26612334145575));
#16641=CARTESIAN_POINT('Origin',(327.,68.2352966655137,-2.82932586669919));
#16642=CARTESIAN_POINT('',(326.,34.6705663969361,-3.8293258666992));
#16643=CARTESIAN_POINT('',(326.,68.2352966655137,-3.8293258666992));
#16644=CARTESIAN_POINT('',(326.,34.6705663969361,-3.82932586669919));
#16645=CARTESIAN_POINT('Origin',(336.139465181953,43.3958180165155,-2.82932586669919));
#16646=CARTESIAN_POINT('',(335.432358400766,44.1029247977021,-3.8293258666992));
#16647=CARTESIAN_POINT('Origin',(326.,105.970620265118,-1.82932586669937));
#16648=CARTESIAN_POINT('Origin',(326.,75.3205933310273,-3.32932586669935));
#16649=CARTESIAN_POINT('',(326.,95.9706202651184,-2.57932586669936));
#16650=CARTESIAN_POINT('',(326.,34.6705663969361,-4.07932586669935));
#16651=CARTESIAN_POINT('Origin',(321.,29.6705663969361,-4.07932586669935));
#16652=CARTESIAN_POINT('Origin',(318.5,6.4,8.27067413330082));
#16653=CARTESIAN_POINT('',(318.5,21.4000002235174,-4.97932586669919));
#16654=CARTESIAN_POINT('',(318.5,10.4,-13.2292719985169));
#16655=CARTESIAN_POINT('',(318.5,10.4,8.27067413330082));
#16656=CARTESIAN_POINT('',(318.5,10.4,8.27067413330082));
#16657=CARTESIAN_POINT('',(318.5,111.9,8.27067413330082));
#16658=CARTESIAN_POINT('',(318.5,106.400001490116,6.77067411094908));
#16659=CARTESIAN_POINT('Origin',(379.,23.4,-8.72932586669918));
#16660=CARTESIAN_POINT('',(379.,25.4,-10.7293258666992));
#16661=CARTESIAN_POINT('',(379.,21.4000002235174,-6.7293260902166));
#16662=CARTESIAN_POINT('',(379.,42.275,-27.6043258666992));
#16663=CARTESIAN_POINT('',(379.,25.4,-10.7293258666992));
#16664=CARTESIAN_POINT('',(380.,21.4000002235174,-6.7293260902166));
#16665=CARTESIAN_POINT('Origin',(373.5,12.9500538681824,-10.7293258666992));
#16666=CARTESIAN_POINT('',(371.,8.4,-8.22932586669918));
#16667=CARTESIAN_POINT('',(370.375,8.4,-7.60432586669918));
#16668=CARTESIAN_POINT('',(371.,10.4,-8.22932586669918));
#16669=CARTESIAN_POINT('',(371.,12.9500538681823,-8.22932586669918));
#16670=CARTESIAN_POINT('',(370.375,10.4,-7.60432586669918));
#16671=CARTESIAN_POINT('Origin',(345.349973065909,12.2000538681823,-8.22932586669918));
#16672=CARTESIAN_POINT('',(323.499946131818,8.4,-8.22932586669918));
#16673=CARTESIAN_POINT('',(362.674986532954,8.4,-8.22932586669918));
#16674=CARTESIAN_POINT('',(323.499946131818,10.4,-8.22932586669918));
#16675=CARTESIAN_POINT('',(323.499946131818,11.4500538681824,-8.22932586669918));
#16676=CARTESIAN_POINT('',(362.674986532954,10.4,-8.22932586669918));
#16677=CARTESIAN_POINT('Origin',(380.,10.4,8.27067413330082));
#16678=CARTESIAN_POINT('',(318.499946131818,10.4,-13.2293258666992));
#16679=CARTESIAN_POINT('',(340.499959598863,10.4,8.77068760034637));
#16680=CARTESIAN_POINT('',(318.499946131818,10.4,0.0206741333008154));
#16681=CARTESIAN_POINT('Origin',(380.,106.400001490116,5.27067408859733));
#16682=CARTESIAN_POINT('',(315.570618775002,106.400001490116,6.39567411094899));
#16683=CARTESIAN_POINT('Origin',(379.5,41.9214466094067,-27.9578792572924));
#16684=CARTESIAN_POINT('',(379.,21.4000002235174,-6.7293260902166));
#16685=CARTESIAN_POINT('',(379.,25.4,-10.7293258666992));
#16686=CARTESIAN_POINT('Origin',(379.5,76.15,-11.2293258666992));
#16687=CARTESIAN_POINT('',(379.,51.4,-10.7293258666992));
#16688=CARTESIAN_POINT('',(379.,76.15,-10.7293258666992));
#16689=CARTESIAN_POINT('',(379.,51.4,-10.7293258666992));
#16690=CARTESIAN_POINT('Origin',(379.5,73.6285533905933,10.7921207427075));
#16691=CARTESIAN_POINT('',(379.,55.3999997764826,-6.7293260902166));
#16692=CARTESIAN_POINT('',(379.,73.275,11.1456741333008));
#16693=CARTESIAN_POINT('',(380.,55.8142133388557,-7.72932609021661));
#16694=CARTESIAN_POINT('Origin',(379.5,111.150000745058,-7.2293260902166));
#16695=CARTESIAN_POINT('',(379.,111.150000745058,-6.7293260902166));
#16696=CARTESIAN_POINT('Origin',(318.499946131818,10.7000538681824,-8.22932586669918));
#16697=CARTESIAN_POINT('',(318.499946131818,8.4,-13.2293258666992));
#16698=CARTESIAN_POINT('',(318.499946131818,8.4,0.0206741333008154));
#16699=CARTESIAN_POINT('',(318.499946131818,11.4500538681824,-13.2293258666992));
#16700=CARTESIAN_POINT('Origin',(320.999946131818,11.4500538681824,-10.7293258666992));
#16701=CARTESIAN_POINT('',(340.499959598863,8.39999999999999,8.77068760034637));
#16702=CARTESIAN_POINT('',(340.499959598863,10.4,8.77068760034637));
#16703=CARTESIAN_POINT('Origin',(317.499946131818,7.40000000000001,0.0206741333008154));
#16704=CARTESIAN_POINT('',(316.499946131818,6.4,-18.2292719985169));
#16705=CARTESIAN_POINT('',(318.020806399242,7.92086026742439,-19.7501322659414));
#16706=CARTESIAN_POINT('',(316.499946131818,6.4,-12.400898741953));
#16707=CARTESIAN_POINT('',(316.499946131818,6.4,-12.400898741953));
#16708=CARTESIAN_POINT('',(316.499946131818,6.4,0.0206741333008154));
#16709=CARTESIAN_POINT('Origin',(339.792852817677,7.40000000000001,9.47779438153292));
#16710=CARTESIAN_POINT('',(322.671519007072,6.4,-6.22932586669918));
#16711=CARTESIAN_POINT('',(322.671519007072,6.4,-6.22932586669919));
#16712=CARTESIAN_POINT('',(339.08574603649,6.4,10.1849011627195));
#16713=CARTESIAN_POINT('Origin',(377.,7.40000000000001,8.27067413330082));
#16714=CARTESIAN_POINT('',(378.,6.4,-12.400898741953));
#16715=CARTESIAN_POINT('',(378.,6.4,8.27067413330082));
#16716=CARTESIAN_POINT('',(376.,8.4,-13.2293258666992));
#16717=CARTESIAN_POINT('Origin',(371.082106781187,7.40000000000002,-6.89721908551264));
#16718=CARTESIAN_POINT('',(371.828427124746,6.4,-6.22932586669918));
#16719=CARTESIAN_POINT('',(371.789213562373,6.4,-6.19011230432609));
#16720=CARTESIAN_POINT('',(371.,8.4,-8.22932586669918));
#16721=CARTESIAN_POINT('Origin',(362.674986532954,7.40000000000002,-7.22932586669918));
#16722=CARTESIAN_POINT('',(362.674986532954,6.4,-6.22932586669918));
#16723=CARTESIAN_POINT('Origin',(315.,56.4000007450581,-12.2293260902166));
#16724=CARTESIAN_POINT('',(315.5,106.400001490116,-11.7293260902166));
#16725=CARTESIAN_POINT('Origin',(321.,100.970620265118,7.52067413330065));
#16726=CARTESIAN_POINT('Origin',(315.,106.900001490116,6.77067411094908));
#16727=CARTESIAN_POINT('Origin',(379.,41.4821067811865,27.9385673521143));
#16728=CARTESIAN_POINT('',(378.,6.4,-5.72932586669918));
#16729=CARTESIAN_POINT('',(378.,40.775,28.6456741333008));
#16730=CARTESIAN_POINT('',(367.264569820034,6.4,9.45286509171879));
#16731=CARTESIAN_POINT('Origin',(380.,6.4,8.27067413330082));
#16732=CARTESIAN_POINT('',(325.25,6.4,-26.9793258666991));
#16733=CARTESIAN_POINT('',(316.5,6.4,-5.72932586669918));
#16734=CARTESIAN_POINT('',(363.625,6.4,-5.72932586669918));
#16735=CARTESIAN_POINT('',(331.699747468306,6.4,15.7663631476251));
#16736=CARTESIAN_POINT('Origin',(363.625,13.4,1.27067413330082));
#16737=CARTESIAN_POINT('',(316.5,13.4,1.27067413330082));
#16738=CARTESIAN_POINT('Origin',(315.5,14.1071067811865,0.563567352114269));
#16739=CARTESIAN_POINT('Origin',(315.5,33.775,-17.2293258666992));
#16740=CARTESIAN_POINT('Origin',(371.5,36.4,-10.7293258666992));
#16741=CARTESIAN_POINT('',(372.75,44.65,-10.7293258666992));
#16742=CARTESIAN_POINT('',(364.,51.4,-10.7293258666992));
#16743=CARTESIAN_POINT('Origin',(364.,53.4,-8.72932586669919));
#16744=CARTESIAN_POINT('',(372.,55.3999997764826,-6.7293260902166));
#16745=CARTESIAN_POINT('Origin',(380.,106.400001490116,-6.72932609021661));
#16746=CARTESIAN_POINT('Origin',(379.5,20.9000002235174,0.770674021542099));
#16747=CARTESIAN_POINT('',(379.,21.4000002235174,-4.97932586669919));
#16748=CARTESIAN_POINT('Origin',(380.,21.4000002235174,-6.7293260902166));
#16749=CARTESIAN_POINT('Origin',(380.,21.4000002235174,-6.7293260902166));
#16750=CARTESIAN_POINT('Origin',(380.,10.4,8.27067413330082));
#16751=CARTESIAN_POINT('Origin',(314.5,111.9,8.27067413330082));
#16752=CARTESIAN_POINT('Origin',(377.5,49.4,-7.72932586669918));
#16753=CARTESIAN_POINT('Origin',(326.,75.3205933310273,-3.32932586669935));
#16754=CARTESIAN_POINT('',(326.,84.6356347675833,-3.82932586669919));
#16755=CARTESIAN_POINT('',(326.,85.033358913902,-5.22932591140267));
#16756=CARTESIAN_POINT('',(326.,85.0846431679096,-5.40984791030003));
#16757=CARTESIAN_POINT('',(326.,38.2661793730933,-3.82932586669919));
#16758=CARTESIAN_POINT('',(326.,68.2352966655137,-3.8293258666992));
#16759=CARTESIAN_POINT('',(326.,37.15548466122,-5.22932591140267));
#16760=CARTESIAN_POINT('',(326.,44.1009359973449,3.52522390063369));
#16761=CARTESIAN_POINT('',(326.,68.4227966655137,-5.22932591140267));
#16762=CARTESIAN_POINT('Origin',(327.,68.2352966655137,-2.82932586669919));
#16763=CARTESIAN_POINT('',(326.024349713789,84.619702257362,-3.80497615291044));
#16764=CARTESIAN_POINT('',(326.522398510171,84.2938188565169,-3.30692735652836));
#16765=CARTESIAN_POINT('',(326.024349713789,38.2706741333008,-3.80497615291053));
#16766=CARTESIAN_POINT('',(326.024349713789,65.5029853994072,-3.8049761529106));
#16767=CARTESIAN_POINT('',(325.298034666201,38.1366022504733,-4.53129120049869));
#16768=CARTESIAN_POINT('Origin',(380.,106.400001490116,-11.7293260902166));
#16769=CARTESIAN_POINT('',(318.5,69.2441305671531,-11.7293260902166));
#16770=CARTESIAN_POINT('',(318.5,71.2081392667193,-11.7293260902166));
#16771=CARTESIAN_POINT('Origin',(319.204147288417,70.2261349169362,-11.7293260902166));
#16772=CARTESIAN_POINT('',(318.5,66.2081392667193,-11.7293260902166));
#16773=CARTESIAN_POINT('',(318.5,56.4000007450581,-11.7293260902166));
#16774=CARTESIAN_POINT('',(318.5,64.2441305671531,-11.7293260902166));
#16775=CARTESIAN_POINT('Origin',(319.204147288417,65.2261349169362,-11.7293260902166));
#16776=CARTESIAN_POINT('',(318.5,36.5643985250298,-11.7293260902166));
#16777=CARTESIAN_POINT('',(318.5,56.4000007450581,-11.7293260902166));
#16778=CARTESIAN_POINT('',(315.697135812219,38.2706741333008,-11.7293260902166));
#16779=CARTESIAN_POINT('',(326.158429279496,31.9022421728818,-11.7293260902166));
#16780=CARTESIAN_POINT('',(315.697135812219,90.6943807677343,-11.7293260902166));
#16781=CARTESIAN_POINT('',(315.697135812219,84.5853378117085,-11.7293260902166));
#16782=CARTESIAN_POINT('',(318.5,89.6566719903802,-11.7293260902166));
#16783=CARTESIAN_POINT('',(345.33575125623,79.7212299711479,-11.7293260902166));
#16784=CARTESIAN_POINT('',(318.5,86.2081392667193,-11.7293260902166));
#16785=CARTESIAN_POINT('',(318.5,56.4000007450581,-11.7293260902166));
#16786=CARTESIAN_POINT('',(318.5,84.2441305671531,-11.7293260902166));
#16787=CARTESIAN_POINT('Origin',(319.204147288417,85.2261349169362,-11.7293260902166));
#16788=CARTESIAN_POINT('',(318.5,81.2081392667193,-11.7293260902166));
#16789=CARTESIAN_POINT('',(318.5,56.4000007450581,-11.7293260902166));
#16790=CARTESIAN_POINT('',(318.5,79.2441305671532,-11.7293260902166));
#16791=CARTESIAN_POINT('Origin',(319.204147288417,80.2261349169362,-11.7293260902166));
#16792=CARTESIAN_POINT('',(318.5,76.2081392667193,-11.7293260902166));
#16793=CARTESIAN_POINT('',(318.5,56.4000007450581,-11.7293260902166));
#16794=CARTESIAN_POINT('',(318.5,74.2441305671532,-11.7293260902166));
#16795=CARTESIAN_POINT('Origin',(319.204147288417,75.2261349169362,-11.7293260902166));
#16796=CARTESIAN_POINT('',(318.5,56.4000007450581,-11.7293260902166));
#16797=CARTESIAN_POINT('Origin',(318.5,6.4,8.27067413330082));
#16798=CARTESIAN_POINT('',(318.5,70.4706354791498,-12.0995575833129));
#16799=CARTESIAN_POINT('Origin',(318.5,70.2261349169362,-6.18561895948527));
#16800=CARTESIAN_POINT('',(318.5,74.9816343547226,-12.0995575833129));
#16801=CARTESIAN_POINT('Origin',(318.5,75.2261349169362,-6.18561895948526));
#16802=CARTESIAN_POINT('',(318.5,34.5853370666504,-12.0995575833129));
#16803=CARTESIAN_POINT('Origin',(318.5,6.4,8.27067413330082));
#16804=CARTESIAN_POINT('',(318.5,69.9816343547226,-12.0995575833129));
#16805=CARTESIAN_POINT('Origin',(318.5,70.2261349169362,-6.18561895948527));
#16806=CARTESIAN_POINT('',(318.5,65.4706354791498,-12.0995575833129));
#16807=CARTESIAN_POINT('',(318.5,34.5853370666504,-12.0995575833129));
#16808=CARTESIAN_POINT('Origin',(318.5,65.2261349169362,-6.18561895948527));
#16809=CARTESIAN_POINT('Origin',(318.5,6.4,8.27067413330082));
#16810=CARTESIAN_POINT('',(318.5,64.9816343547226,-12.0995575833129));
#16811=CARTESIAN_POINT('Origin',(318.5,65.2261349169362,-6.18561895948527));
#16812=CARTESIAN_POINT('',(318.5,36.2706741333008,-12.0995575833129));
#16813=CARTESIAN_POINT('',(318.5,34.5853370666504,-12.0995575833129));
#16814=CARTESIAN_POINT('',(318.5,36.4156496364591,-11.9168199608746));
#16815=CARTESIAN_POINT('Origin',(318.5,6.4,8.27067413330082));
#16816=CARTESIAN_POINT('',(318.5,89.7618505616875,-12.0995575833129));
#16817=CARTESIAN_POINT('',(318.5,83.5558809648623,9.7456278131498));
#16818=CARTESIAN_POINT('',(318.5,85.4706354791496,-12.0995575833129));
#16819=CARTESIAN_POINT('',(318.5,34.5853370666504,-12.0995575833129));
#16820=CARTESIAN_POINT('Origin',(318.5,85.2261349169362,-6.18561895948507));
#16821=CARTESIAN_POINT('Origin',(318.5,6.4,8.27067413330082));
#16822=CARTESIAN_POINT('',(318.5,80.4706354791498,-12.0995575833129));
#16823=CARTESIAN_POINT('Origin',(318.5,80.2261349169362,-6.18561895948526));
#16824=CARTESIAN_POINT('',(318.5,84.9816343547228,-12.0995575833129));
#16825=CARTESIAN_POINT('Origin',(318.5,85.2261349169362,-6.18561895948507));
#16826=CARTESIAN_POINT('',(318.5,34.5853370666504,-12.0995575833129));
#16827=CARTESIAN_POINT('Origin',(318.5,6.4,8.27067413330082));
#16828=CARTESIAN_POINT('',(318.5,75.4706354791498,-12.0995575833129));
#16829=CARTESIAN_POINT('Origin',(318.5,75.2261349169362,-6.18561895948526));
#16830=CARTESIAN_POINT('',(318.5,79.9816343547226,-12.0995575833129));
#16831=CARTESIAN_POINT('Origin',(318.5,80.2261349169362,-6.18561895948526));
#16832=CARTESIAN_POINT('',(318.5,34.5853370666504,-12.0995575833129));
#16833=CARTESIAN_POINT('Origin',(347.250000009748,61.525,-5.22932591140267));
#16834=CARTESIAN_POINT('',(327.453460232131,84.4952420665028,-5.22932591140267));
#16835=CARTESIAN_POINT('',(337.63914582109,80.7241798134295,-5.22932591140267));
#16836=CARTESIAN_POINT('',(327.453460232131,36.2706741333008,-5.22932591140267));
#16837=CARTESIAN_POINT('',(326.467306402594,36.8710065477923,-5.22932591140267));
#16838=CARTESIAN_POINT('',(327.453460232131,62.1478370666504,-5.22932591140267));
#16839=CARTESIAN_POINT('Origin',(318.878862656229,75.2261349169362,-10.5483736284405));
#16840=CARTESIAN_POINT('',(319.843609794655,76.4127891570327,-11.068569526561));
#16841=CARTESIAN_POINT('Origin',(319.487624085238,75.2261349169362,-11.3417269687317));
#16842=CARTESIAN_POINT('',(318.906687503692,77.3481521332976,-9.26655045803564));
#16843=CARTESIAN_POINT('',(319.843609794655,76.4127891570327,-11.068569526561));
#16844=CARTESIAN_POINT('',(317.508972452781,73.1703167233137,-10.3390549381041));
#16845=CARTESIAN_POINT('Origin',(318.270101227221,75.2261349169362,-9.75502028814925));
#16846=CARTESIAN_POINT('',(319.061992888059,74.0764998746148,-11.6683252732529));
#16847=CARTESIAN_POINT('',(317.508972452781,73.1703167233137,-10.3390549381041));
#16848=CARTESIAN_POINT('Origin',(319.487624085238,75.2261349169362,-11.3417269687317));
#16849=CARTESIAN_POINT('Origin',(318.878862656229,80.2261349169362,-10.5483736284405));
#16850=CARTESIAN_POINT('',(319.843609794655,81.4127891570326,-11.0685695265609));
#16851=CARTESIAN_POINT('Origin',(319.487624085238,80.2261349169362,-11.3417269687317));
#16852=CARTESIAN_POINT('',(318.906687503692,82.3481521332975,-9.26655045803553));
#16853=CARTESIAN_POINT('',(319.843609794655,81.4127891570326,-11.0685695265609));
#16854=CARTESIAN_POINT('',(317.508972433561,78.1703167346195,-10.3390549528524));
#16855=CARTESIAN_POINT('Origin',(318.270101227221,80.2261349169362,-9.75502028814925));
#16856=CARTESIAN_POINT('',(319.061992888059,79.0764998746148,-11.6683252732528));
#16857=CARTESIAN_POINT('',(319.061992888059,79.0764998746148,-11.6683252732528));
#16858=CARTESIAN_POINT('Origin',(319.487624085238,80.2261349169362,-11.3417269687317));
#16859=CARTESIAN_POINT('Origin',(320.936315290659,37.2706741333008,-8.96963469555439));
#16860=CARTESIAN_POINT('',(320.32755386165,38.2706741333008,-8.17628135526314));
#16861=CARTESIAN_POINT('',(321.545076719667,36.2706741333008,-9.76298803584562));
#16862=CARTESIAN_POINT('Origin',(318.878862656229,85.2261349169362,-10.5483736284405));
#16863=CARTESIAN_POINT('',(319.913255263197,86.3757699705635,-11.0151286789589));
#16864=CARTESIAN_POINT('Origin',(319.487624085238,85.2261349169362,-11.3417269687317));
#16865=CARTESIAN_POINT('',(319.03123000166,87.2819531105587,-9.17098563819442));
#16866=CARTESIAN_POINT('',(319.913255263196,86.3757699705635,-11.0151286789589));
#16867=CARTESIAN_POINT('',(317.508972452781,83.1703167233137,-10.3390549381041));
#16868=CARTESIAN_POINT('Origin',(318.270101227221,85.2261349169362,-9.75502028814927));
#16869=CARTESIAN_POINT('',(319.061992907279,84.076499863309,-11.6683252585045));
#16870=CARTESIAN_POINT('',(319.061992907279,84.076499863309,-11.6683252585045));
#16871=CARTESIAN_POINT('Origin',(319.487624085238,85.2261349169362,-11.3417269687317));
#16872=CARTESIAN_POINT('Origin',(323.925136740541,62.7706741333008,-7.93670374881948));
#16873=CARTESIAN_POINT('',(319.061992888059,64.0764998746148,-11.6683252732529));
#16874=CARTESIAN_POINT('Origin',(319.487624085238,65.2261349169362,-11.3417269687317));
#16875=CARTESIAN_POINT('',(324.086401122182,61.1210401525572,-7.81296123658679));
#16876=CARTESIAN_POINT('',(323.769425826741,61.3074915066094,-8.05618493530122));
#16877=CARTESIAN_POINT('',(324.937663497319,63.4203102485058,-7.15976464229284));
#16878=CARTESIAN_POINT('Origin',(324.51203230014,62.2706752061844,-7.48636294681396));
#16879=CARTESIAN_POINT('',(323.539948427188,64.2424748498276,-8.23226913710931));
#16880=CARTESIAN_POINT('',(322.108484075207,65.0844914692398,-9.33067036671445));
#16881=CARTESIAN_POINT('',(319.913255263197,66.3757699705634,-11.0151286789589));
#16882=CARTESIAN_POINT('',(322.108484075207,65.0844914692398,-9.33067036671445));
#16883=CARTESIAN_POINT('',(319.843609794655,66.4127891570326,-11.068569526561));
#16884=CARTESIAN_POINT('Ctrl Pts',(319.843609794655,66.4127891570327,-11.0685695265611));
#16885=CARTESIAN_POINT('Ctrl Pts',(319.867181712333,66.4015542372668,-11.0504821579683));
#16886=CARTESIAN_POINT('Ctrl Pts',(319.890418701435,66.3892029034248,-11.0326517891114));
#16887=CARTESIAN_POINT('Ctrl Pts',(319.913255263197,66.3757699705634,-11.0151286789588));
#16888=CARTESIAN_POINT('Origin',(319.487624085238,65.2261349169362,-11.3417269687317));
#16889=CARTESIAN_POINT('',(319.061992888059,69.0764998746148,-11.6683252732529));
#16890=CARTESIAN_POINT('Origin',(319.487624085238,70.2261349169362,-11.3417269687317));
#16891=CARTESIAN_POINT('',(324.086401122182,66.1210401525572,-7.81296123658679));
#16892=CARTESIAN_POINT('',(324.529481490341,65.8604112146386,-7.47297371225456));
#16893=CARTESIAN_POINT('',(324.937663497319,68.4203102485058,-7.15976464229283));
#16894=CARTESIAN_POINT('Origin',(324.51203230014,67.2706752061844,-7.48636294681396));
#16895=CARTESIAN_POINT('',(323.539948427188,69.2424748498276,-8.23226913710931));
#16896=CARTESIAN_POINT('',(322.868539738807,69.637411177269,-8.74745914366777));
#16897=CARTESIAN_POINT('',(319.913255263197,71.3757699705635,-11.0151286789589));
#16898=CARTESIAN_POINT('',(322.868539738807,69.637411177269,-8.74745914366777));
#16899=CARTESIAN_POINT('',(319.843609794655,71.4127891570326,-11.068569526561));
#16900=CARTESIAN_POINT('Ctrl Pts',(319.843609794655,71.4127891570327,-11.0685695265611));
#16901=CARTESIAN_POINT('Ctrl Pts',(319.867181712333,71.4015542372668,-11.0504821579683));
#16902=CARTESIAN_POINT('Ctrl Pts',(319.890418701435,71.3892029034249,-11.0326517891114));
#16903=CARTESIAN_POINT('Ctrl Pts',(319.913255263197,71.3757699705634,-11.0151286789589));
#16904=CARTESIAN_POINT('Origin',(319.487624085238,70.2261349169362,-11.3417269687317));
#16905=CARTESIAN_POINT('',(324.086401122182,71.1210401525572,-7.81296123658679));
#16906=CARTESIAN_POINT('',(325.289537153941,70.4133309226678,-6.88976248920788));
#16907=CARTESIAN_POINT('',(324.937663497319,73.4203102485059,-7.15976464229284));
#16908=CARTESIAN_POINT('Origin',(324.51203230014,72.2706752061844,-7.48636294681396));
#16909=CARTESIAN_POINT('',(323.539948427188,74.2424748498277,-8.23226913710931));
#16910=CARTESIAN_POINT('',(323.628595402407,74.1903308852982,-8.1642479206211));
#16911=CARTESIAN_POINT('',(319.913255263197,76.3757699705635,-11.0151286789589));
#16912=CARTESIAN_POINT('',(323.628595402407,74.1903308852982,-8.1642479206211));
#16913=CARTESIAN_POINT('Ctrl Pts',(319.843609794655,76.4127891570327,-11.0685695265611));
#16914=CARTESIAN_POINT('Ctrl Pts',(319.867181712333,76.4015542372668,-11.0504821579683));
#16915=CARTESIAN_POINT('Ctrl Pts',(319.890418701435,76.3892029034249,-11.0326517891114));
#16916=CARTESIAN_POINT('Ctrl Pts',(319.913255263197,76.3757699705635,-11.0151286789589));
#16917=CARTESIAN_POINT('',(324.086401122182,76.1210401525572,-7.81296123658676));
#16918=CARTESIAN_POINT('',(326.049592817541,74.966250630697,-6.30655126616121));
#16919=CARTESIAN_POINT('',(324.937663497319,78.4203102485059,-7.15976464229283));
#16920=CARTESIAN_POINT('Origin',(324.51203230014,77.2706752061844,-7.48636294681396));
#16921=CARTESIAN_POINT('',(323.539948427188,79.2424748498277,-8.23226913710931));
#16922=CARTESIAN_POINT('',(324.388651066007,78.7432505933274,-7.58103669757442));
#16923=CARTESIAN_POINT('',(319.913255263197,81.3757699705635,-11.0151286789589));
#16924=CARTESIAN_POINT('',(324.388651066007,78.7432505933274,-7.58103669757442));
#16925=CARTESIAN_POINT('Ctrl Pts',(319.843609794655,81.4127891570326,-11.068569526561));
#16926=CARTESIAN_POINT('Ctrl Pts',(319.867181712333,81.4015542372667,-11.0504821579682));
#16927=CARTESIAN_POINT('Ctrl Pts',(319.890418701435,81.3892029034249,-11.0326517891114));
#16928=CARTESIAN_POINT('Ctrl Pts',(319.913255263197,81.3757699705635,-11.0151286789589));
#16929=CARTESIAN_POINT('',(324.086401122182,81.1210401525572,-7.81296123658676));
#16930=CARTESIAN_POINT('',(326.809648481141,79.5191703387262,-5.72334004311457));
#16931=CARTESIAN_POINT('',(324.937663497319,83.4203102485059,-7.15976464229284));
#16932=CARTESIAN_POINT('Origin',(324.51203230014,82.2706752061844,-7.48636294681395));
#16933=CARTESIAN_POINT('',(325.148706729607,83.2961703013566,-6.99782547452779));
#16934=CARTESIAN_POINT('',(326.947986694059,84.7925719435199,-5.61718939887384));
#16935=CARTESIAN_POINT('Origin',(322.707613882524,62.7706741333008,-6.34999706823701));
#16936=CARTESIAN_POINT('',(325.730463836042,84.7925719435199,-4.03048271829138));
#16937=CARTESIAN_POINT('',(324.055638235783,64.3264933885011,-5.31562160152838));
#16938=CARTESIAN_POINT('',(322.657923165652,65.1486579898229,-6.38812609634489));
#16939=CARTESIAN_POINT('',(321.22645881367,65.990674609235,-7.48652732595003));
#16940=CARTESIAN_POINT('',(322.533380667683,60.2148570125619,-6.48369091618632));
#16941=CARTESIAN_POINT('Origin',(323.294509442123,62.2706752061844,-5.89965626623147));
#16942=CARTESIAN_POINT('',(317.508972452781,63.1703167233137,-10.3390549381041));
#16943=CARTESIAN_POINT('',(322.216405372242,60.4013083666141,-6.72691461490079));
#16944=CARTESIAN_POINT('',(318.906687503692,67.3481521332975,-9.26655045803566));
#16945=CARTESIAN_POINT('Origin',(318.270101227221,65.2261349169362,-9.75502028814926));
#16946=CARTESIAN_POINT('',(317.508972452781,68.1703167233137,-10.3390549381041));
#16947=CARTESIAN_POINT('',(322.976461035843,64.9542280746433,-6.14370339185412));
#16948=CARTESIAN_POINT('',(318.906687503692,72.3481521332975,-9.26655045803559));
#16949=CARTESIAN_POINT('Origin',(318.270101227221,70.2261349169362,-9.75502028814926));
#16950=CARTESIAN_POINT('',(323.736516699443,69.5071477826725,-5.56049216880746));
#16951=CARTESIAN_POINT('',(324.496572363043,74.0600674907017,-4.97728094576076));
#16952=CARTESIAN_POINT('',(325.256628026643,78.6129871987309,-4.39406972271409));
#16953=CARTESIAN_POINT('',(324.055638216562,84.326493399807,-5.31562161627663));
#16954=CARTESIAN_POINT('',(324.266681468071,84.2023534413518,-5.15368243376332));
#16955=CARTESIAN_POINT('',(322.657923165652,80.1486579898229,-6.38812609634487));
#16956=CARTESIAN_POINT('Origin',(323.294509442123,82.2706752061844,-5.89965626623147));
#16957=CARTESIAN_POINT('',(324.055638216562,79.326493399807,-5.31562161627662));
#16958=CARTESIAN_POINT('',(323.506625804471,79.6494337333226,-5.73689365680999));
#16959=CARTESIAN_POINT('',(322.657923165652,75.1486579898229,-6.38812609634487));
#16960=CARTESIAN_POINT('Origin',(323.294509442123,77.2706752061844,-5.89965626623147));
#16961=CARTESIAN_POINT('',(324.055638235783,74.3264933885011,-5.31562160152838));
#16962=CARTESIAN_POINT('',(322.746570140871,75.0965140252934,-6.32010487985667));
#16963=CARTESIAN_POINT('',(322.657923165652,70.1486579898229,-6.38812609634488));
#16964=CARTESIAN_POINT('Origin',(323.294509442123,72.2706752061844,-5.89965626623147));
#16965=CARTESIAN_POINT('',(324.055638235783,69.3264933885011,-5.31562160152838));
#16966=CARTESIAN_POINT('',(321.98651447727,70.5435943172642,-6.90331610290334));
#16967=CARTESIAN_POINT('Origin',(323.294509442123,67.2706752061844,-5.89965626623147));
#16968=CARTESIAN_POINT('Origin',(321.667471444438,65.5375830392374,-8.40859884633225));
#16969=CARTESIAN_POINT('',(322.657923165652,65.1486579898229,-6.38812609634489));
#16970=CARTESIAN_POINT('',(324.937663497319,63.4203102485058,-7.15976464229284));
#16971=CARTESIAN_POINT('Origin',(323.903270871132,62.2706752061844,-6.69300960652271));
#16972=CARTESIAN_POINT('',(324.086401122182,61.1210401525572,-7.8129612365868));
#16973=CARTESIAN_POINT('Origin',(318.878862656229,65.2261349169362,-10.5483736284405));
#16974=CARTESIAN_POINT('',(319.843609794655,66.4127891570326,-11.068569526561));
#16975=CARTESIAN_POINT('',(317.508972452781,63.1703167233137,-10.3390549381041));
#16976=CARTESIAN_POINT('Origin',(322.992915599492,60.8543999366117,-7.39154977510101));
#16977=CARTESIAN_POINT('Ctrl Pts',(318.906687503692,67.3481521332977,-9.26655045803584));
#16978=CARTESIAN_POINT('Ctrl Pts',(318.948839643429,67.3280614510553,-9.23420598361416));
#16979=CARTESIAN_POINT('Ctrl Pts',(318.990392851997,67.3059743575332,-9.20232108524279));
#16980=CARTESIAN_POINT('Ctrl Pts',(319.031230002182,67.2819531102515,-9.17098563779372));
#16981=CARTESIAN_POINT('Ctrl Pts',(319.218994934013,67.0363644745427,-9.8672234808776));
#16982=CARTESIAN_POINT('Ctrl Pts',(319.254953666431,67.0192257131098,-9.83963137503985));
#16983=CARTESIAN_POINT('Ctrl Pts',(319.290401468543,67.0003838727954,-9.812431319815));
#16984=CARTESIAN_POINT('Ctrl Pts',(319.325238422618,66.9798920636316,-9.78569998477409));
#16985=CARTESIAN_POINT('Ctrl Pts',(319.531302364334,66.7245768157877,-10.4678965037194));
#16986=CARTESIAN_POINT('Ctrl Pts',(319.561067689432,66.7103899751644,-10.4450567664655));
#16987=CARTESIAN_POINT('Ctrl Pts',(319.590410085088,66.6947933880574,-10.4225415543872));
#16988=CARTESIAN_POINT('Ctrl Pts',(319.619246843053,66.6778310170116,-10.4004143317545));
#16989=CARTESIAN_POINT('Ctrl Pts',(319.843609794655,66.4127891570327,-11.0685695265611));
#16990=CARTESIAN_POINT('Ctrl Pts',(319.867181712434,66.4015542372189,-11.0504821578912));
#16991=CARTESIAN_POINT('Ctrl Pts',(319.890418701633,66.3892029033196,-11.0326517889594));
#16992=CARTESIAN_POINT('Ctrl Pts',(319.913255263489,66.3757699703917,-11.0151286787348));
#16993=CARTESIAN_POINT('',(319.034051216711,67.2790546249653,-9.17688424941288));
#16994=CARTESIAN_POINT('',(319.913255263197,66.3757699705634,-11.0151286789589));
#16995=CARTESIAN_POINT('Ctrl Pts',(319.034051216711,67.2790546249653,-9.17688424941288));
#16996=CARTESIAN_POINT('Ctrl Pts',(319.017413296465,67.2888413900639,-9.18965097464176));
#16997=CARTESIAN_POINT('Ctrl Pts',(319.000502628368,67.2984659361374,-9.20217999292856));
#16998=CARTESIAN_POINT('Ctrl Pts',(318.95831972724,67.3216953603878,-9.23235446024018));
#16999=CARTESIAN_POINT('Ctrl Pts',(318.932774007647,67.3351022877264,-9.24971266569603));
#17000=CARTESIAN_POINT('Ctrl Pts',(318.906687503692,67.3481521332977,-9.26655045803585));
#17001=CARTESIAN_POINT('Ctrl Pts',(319.03123000166,67.2819531105587,-9.17098563819444));
#17002=CARTESIAN_POINT('Ctrl Pts',(320.240127722991,66.5708547369801,-8.24336579091127));
#17003=CARTESIAN_POINT('Ctrl Pts',(321.449025444321,65.8597563634015,-7.31574594362809));
#17004=CARTESIAN_POINT('Ctrl Pts',(322.657923165652,65.1486579898229,-6.38812609634491));
#17005=CARTESIAN_POINT('Ctrl Pts',(319.325238422172,66.9798920638936,-9.7856999851159));
#17006=CARTESIAN_POINT('Ctrl Pts',(320.534136143503,66.268793690315,-8.85808013783272));
#17007=CARTESIAN_POINT('Ctrl Pts',(321.743033864833,65.5576953167364,-7.93046029054955));
#17008=CARTESIAN_POINT('Ctrl Pts',(322.951931586164,64.8465969431578,-7.00284044326637));
#17009=CARTESIAN_POINT('Ctrl Pts',(319.619246842684,66.6778310172285,-10.4004143320374));
#17010=CARTESIAN_POINT('Ctrl Pts',(320.828144564015,65.9667326436499,-9.47279448475418));
#17011=CARTESIAN_POINT('Ctrl Pts',(322.037042285345,65.2556342700714,-8.545174637471));
#17012=CARTESIAN_POINT('Ctrl Pts',(323.245940006676,64.5445358964928,-7.61755479018782));
#17013=CARTESIAN_POINT('Ctrl Pts',(319.913255263197,66.3757699705635,-11.0151286789588));
#17014=CARTESIAN_POINT('Ctrl Pts',(321.122152984527,65.6646715969849,-10.0875088316756));
#17015=CARTESIAN_POINT('Ctrl Pts',(322.331050705857,64.9535732234063,-9.15988898439246));
#17016=CARTESIAN_POINT('Ctrl Pts',(323.539948427188,64.2424748498277,-8.23226913710928));
#17017=CARTESIAN_POINT('',(322.538348104413,65.2177554981552,-6.48794267358857));
#17018=CARTESIAN_POINT('Ctrl Pts',(322.657923165652,65.1486579898229,-6.38812609634486));
#17019=CARTESIAN_POINT('Ctrl Pts',(322.619005216922,65.1707243307359,-6.42336449249896));
#17020=CARTESIAN_POINT('Ctrl Pts',(322.579146863176,65.1937568335133,-6.45663668491354));
#17021=CARTESIAN_POINT('Ctrl Pts',(322.538348104413,65.2177554981552,-6.48794267358857));
#17022=CARTESIAN_POINT('Ctrl Pts',(322.538348104413,65.2177554981552,-6.48794267358857));
#17023=CARTESIAN_POINT('Ctrl Pts',(321.974698002511,65.5493060203026,-6.92044660855512));
#17024=CARTESIAN_POINT('Ctrl Pts',(321.411047900609,65.88085654245,-7.35295054352164));
#17025=CARTESIAN_POINT('Ctrl Pts',(320.242948938042,66.5679562513867,-8.24926440212976));
#17026=CARTESIAN_POINT('Ctrl Pts',(319.638500077376,66.9235054381761,-8.71307432577138));
#17027=CARTESIAN_POINT('Ctrl Pts',(319.034051216711,67.2790546249654,-9.17688424941297));
#17028=CARTESIAN_POINT('Origin',(322.427527108039,70.0905027472666,-7.82538762328558));
#17029=CARTESIAN_POINT('',(322.657923165652,70.1486579898229,-6.38812609634488));
#17030=CARTESIAN_POINT('',(324.937663497319,68.4203102485058,-7.15976464229283));
#17031=CARTESIAN_POINT('Origin',(323.903270871132,67.2706752061844,-6.69300960652271));
#17032=CARTESIAN_POINT('',(324.086401122182,66.1210401525572,-7.8129612365868));
#17033=CARTESIAN_POINT('Origin',(318.878862656229,70.2261349169362,-10.5483736284405));
#17034=CARTESIAN_POINT('',(319.843609794655,71.4127891570326,-11.068569526561));
#17035=CARTESIAN_POINT('',(317.508972452781,68.1703167233137,-10.3390549381041));
#17036=CARTESIAN_POINT('Origin',(323.752971263092,65.4073196446409,-6.80833855205434));
#17037=CARTESIAN_POINT('Ctrl Pts',(318.906687503692,72.3481521332976,-9.26655045803578));
#17038=CARTESIAN_POINT('Ctrl Pts',(318.948839643429,72.3280614510553,-9.23420598361417));
#17039=CARTESIAN_POINT('Ctrl Pts',(318.990392851997,72.3059743575333,-9.20232108524287));
#17040=CARTESIAN_POINT('Ctrl Pts',(319.031230002182,72.2819531102516,-9.17098563779386));
#17041=CARTESIAN_POINT('Ctrl Pts',(319.218994934013,72.0363644745426,-9.86722348087756));
#17042=CARTESIAN_POINT('Ctrl Pts',(319.254953666431,72.0192257131099,-9.83963137503986));
#17043=CARTESIAN_POINT('Ctrl Pts',(319.290401468542,72.0003838727954,-9.81243131981506));
#17044=CARTESIAN_POINT('Ctrl Pts',(319.325238422618,71.9798920636317,-9.78569998477421));
#17045=CARTESIAN_POINT('Ctrl Pts',(319.531302364334,71.7245768157877,-10.4678965037193));
#17046=CARTESIAN_POINT('Ctrl Pts',(319.561067689432,71.7103899751644,-10.4450567664656));
#17047=CARTESIAN_POINT('Ctrl Pts',(319.590410085088,71.6947933880575,-10.4225415543872));
#17048=CARTESIAN_POINT('Ctrl Pts',(319.619246843053,71.6778310170117,-10.4004143317546));
#17049=CARTESIAN_POINT('Ctrl Pts',(319.843609794655,71.4127891570327,-11.0685695265611));
#17050=CARTESIAN_POINT('Ctrl Pts',(319.867181712434,71.4015542372189,-11.0504821578913));
#17051=CARTESIAN_POINT('Ctrl Pts',(319.890418701633,71.3892029033196,-11.0326517889594));
#17052=CARTESIAN_POINT('Ctrl Pts',(319.913255263488,71.3757699703917,-11.0151286787349));
#17053=CARTESIAN_POINT('',(319.034051216711,72.2790546249654,-9.17688424941302));
#17054=CARTESIAN_POINT('',(319.913255263196,71.3757699705635,-11.0151286789589));
#17055=CARTESIAN_POINT('Ctrl Pts',(319.034051216711,72.2790546249654,-9.17688424941302));
#17056=CARTESIAN_POINT('Ctrl Pts',(319.017413296465,72.2888413900638,-9.18965097464159));
#17057=CARTESIAN_POINT('Ctrl Pts',(319.000502628368,72.2984659361372,-9.20217999292829));
#17058=CARTESIAN_POINT('Ctrl Pts',(318.95831972724,72.321695360388,-9.2323544602404));
#17059=CARTESIAN_POINT('Ctrl Pts',(318.932774007646,72.3351022877267,-9.24971266569632));
#17060=CARTESIAN_POINT('Ctrl Pts',(318.906687503692,72.3481521332977,-9.2665504580358));
#17061=CARTESIAN_POINT('Ctrl Pts',(319.03123000166,72.2819531105587,-9.17098563819447));
#17062=CARTESIAN_POINT('Ctrl Pts',(320.240127722991,71.5708547369801,-8.24336579091127));
#17063=CARTESIAN_POINT('Ctrl Pts',(321.449025444321,70.8597563634015,-7.31574594362808));
#17064=CARTESIAN_POINT('Ctrl Pts',(322.657923165652,70.1486579898229,-6.38812609634488));
#17065=CARTESIAN_POINT('Ctrl Pts',(319.325238422172,71.9798920638937,-9.78569998511594));
#17066=CARTESIAN_POINT('Ctrl Pts',(320.534136143503,71.2687936903151,-8.85808013783274));
#17067=CARTESIAN_POINT('Ctrl Pts',(321.743033864833,70.5576953167364,-7.93046029054954));
#17068=CARTESIAN_POINT('Ctrl Pts',(322.951931586164,69.8465969431578,-7.00284044326635));
#17069=CARTESIAN_POINT('Ctrl Pts',(319.619246842684,71.6778310172286,-10.4004143320374));
#17070=CARTESIAN_POINT('Ctrl Pts',(320.828144564015,70.96673264365,-9.47279448475421));
#17071=CARTESIAN_POINT('Ctrl Pts',(322.037042285345,70.2556342700714,-8.54517463747101));
#17072=CARTESIAN_POINT('Ctrl Pts',(323.245940006676,69.5445358964928,-7.61755479018781));
#17073=CARTESIAN_POINT('Ctrl Pts',(319.913255263197,71.3757699705635,-11.0151286789589));
#17074=CARTESIAN_POINT('Ctrl Pts',(321.122152984527,70.6646715969849,-10.0875088316757));
#17075=CARTESIAN_POINT('Ctrl Pts',(322.331050705858,69.9535732234063,-9.15988898439248));
#17076=CARTESIAN_POINT('Ctrl Pts',(323.539948427188,69.2424748498277,-8.23226913710928));
#17077=CARTESIAN_POINT('',(322.538348104413,70.2177554981552,-6.48794267358864));
#17078=CARTESIAN_POINT('Ctrl Pts',(322.657923165652,70.1486579898229,-6.38812609634485));
#17079=CARTESIAN_POINT('Ctrl Pts',(322.619005216922,70.1707243307359,-6.42336449249896));
#17080=CARTESIAN_POINT('Ctrl Pts',(322.579146863176,70.1937568335133,-6.45663668491356));
#17081=CARTESIAN_POINT('Ctrl Pts',(322.538348104413,70.2177554981552,-6.48794267358864));
#17082=CARTESIAN_POINT('Ctrl Pts',(322.538348104413,70.2177554981552,-6.48794267358864));
#17083=CARTESIAN_POINT('Ctrl Pts',(321.974698002511,70.5493060203027,-6.92044660855517));
#17084=CARTESIAN_POINT('Ctrl Pts',(321.411047900609,70.8808565424501,-7.35295054352166));
#17085=CARTESIAN_POINT('Ctrl Pts',(320.242948938042,71.5679562513868,-8.24926440212981));
#17086=CARTESIAN_POINT('Ctrl Pts',(319.638500077376,71.9235054381761,-8.71307432577142));
#17087=CARTESIAN_POINT('Ctrl Pts',(319.034051216711,72.2790546249654,-9.17688424941302));
#17088=CARTESIAN_POINT('Origin',(323.187582771639,74.6434224552958,-7.2421764002389));
#17089=CARTESIAN_POINT('',(322.657923165652,75.1486579898229,-6.38812609634487));
#17090=CARTESIAN_POINT('',(324.937663497319,73.4203102485059,-7.15976464229284));
#17091=CARTESIAN_POINT('Origin',(323.903270871132,72.2706752061844,-6.69300960652271));
#17092=CARTESIAN_POINT('',(324.086401122182,71.1210401525572,-7.8129612365868));
#17093=CARTESIAN_POINT('Origin',(324.513026926692,69.9602393526701,-6.22512732900767));
#17094=CARTESIAN_POINT('Ctrl Pts',(318.906687503692,77.3481521332977,-9.26655045803586));
#17095=CARTESIAN_POINT('Ctrl Pts',(318.948839643429,77.3280614510554,-9.23420598361421));
#17096=CARTESIAN_POINT('Ctrl Pts',(318.990392851997,77.3059743575333,-9.20232108524287));
#17097=CARTESIAN_POINT('Ctrl Pts',(319.031230002182,77.2819531102516,-9.17098563779383));
#17098=CARTESIAN_POINT('Ctrl Pts',(319.218994934013,77.0363644745427,-9.86722348087762));
#17099=CARTESIAN_POINT('Ctrl Pts',(319.254953666431,77.0192257131099,-9.83963137503989));
#17100=CARTESIAN_POINT('Ctrl Pts',(319.290401468542,77.0003838727954,-9.81243131981506));
#17101=CARTESIAN_POINT('Ctrl Pts',(319.325238422618,76.9798920636317,-9.78569998477418));
#17102=CARTESIAN_POINT('Ctrl Pts',(319.531302364334,76.7245768157877,-10.4678965037194));
#17103=CARTESIAN_POINT('Ctrl Pts',(319.561067689432,76.7103899751644,-10.4450567664656));
#17104=CARTESIAN_POINT('Ctrl Pts',(319.590410085088,76.6947933880575,-10.4225415543872));
#17105=CARTESIAN_POINT('Ctrl Pts',(319.619246843053,76.6778310170117,-10.4004143317545));
#17106=CARTESIAN_POINT('Ctrl Pts',(319.843609794655,76.4127891570327,-11.0685695265611));
#17107=CARTESIAN_POINT('Ctrl Pts',(319.867181712434,76.4015542372189,-11.0504821578913));
#17108=CARTESIAN_POINT('Ctrl Pts',(319.890418701633,76.3892029033196,-11.0326517889594));
#17109=CARTESIAN_POINT('Ctrl Pts',(319.913255263489,76.3757699703917,-11.0151286787349));
#17110=CARTESIAN_POINT('',(319.034051216711,77.2790546249654,-9.17688424941299));
#17111=CARTESIAN_POINT('',(319.913255263196,76.3757699705635,-11.0151286789589));
#17112=CARTESIAN_POINT('Ctrl Pts',(319.034051216711,77.2790546249654,-9.17688424941299));
#17113=CARTESIAN_POINT('Ctrl Pts',(319.017413296465,77.2888413900637,-9.18965097464142));
#17114=CARTESIAN_POINT('Ctrl Pts',(319.000502628369,77.2984659361371,-9.20217999292807));
#17115=CARTESIAN_POINT('Ctrl Pts',(318.95831972724,77.321695360388,-9.23235446024021));
#17116=CARTESIAN_POINT('Ctrl Pts',(318.932774007647,77.3351022877264,-9.24971266569591));
#17117=CARTESIAN_POINT('Ctrl Pts',(318.906687503692,77.3481521332977,-9.26655045803586));
#17118=CARTESIAN_POINT('Ctrl Pts',(319.03123000166,77.2819531105587,-9.17098563819444));
#17119=CARTESIAN_POINT('Ctrl Pts',(320.240127722991,76.5708547369801,-8.24336579091124));
#17120=CARTESIAN_POINT('Ctrl Pts',(321.449025444321,75.8597563634015,-7.31574594362805));
#17121=CARTESIAN_POINT('Ctrl Pts',(322.657923165652,75.1486579898229,-6.38812609634485));
#17122=CARTESIAN_POINT('Ctrl Pts',(319.325238422172,76.9798920638937,-9.78569998511592));
#17123=CARTESIAN_POINT('Ctrl Pts',(320.534136143503,76.2687936903151,-8.85808013783272));
#17124=CARTESIAN_POINT('Ctrl Pts',(321.743033864833,75.5576953167365,-7.93046029054953));
#17125=CARTESIAN_POINT('Ctrl Pts',(322.951931586164,74.8465969431578,-7.00284044326633));
#17126=CARTESIAN_POINT('Ctrl Pts',(319.619246842684,76.6778310172286,-10.4004143320374));
#17127=CARTESIAN_POINT('Ctrl Pts',(320.828144564015,75.96673264365,-9.4727944847542));
#17128=CARTESIAN_POINT('Ctrl Pts',(322.037042285345,75.2556342700714,-8.54517463747101));
#17129=CARTESIAN_POINT('Ctrl Pts',(323.245940006676,74.5445358964928,-7.61755479018781));
#17130=CARTESIAN_POINT('Ctrl Pts',(319.913255263197,76.3757699705635,-11.0151286789589));
#17131=CARTESIAN_POINT('Ctrl Pts',(321.122152984527,75.6646715969849,-10.0875088316757));
#17132=CARTESIAN_POINT('Ctrl Pts',(322.331050705858,74.9535732234063,-9.15988898439249));
#17133=CARTESIAN_POINT('Ctrl Pts',(323.539948427188,74.2424748498277,-8.23226913710929));
#17134=CARTESIAN_POINT('',(322.538348104413,75.2177554981553,-6.48794267358863));
#17135=CARTESIAN_POINT('Ctrl Pts',(322.657923165652,75.1486579898229,-6.38812609634485));
#17136=CARTESIAN_POINT('Ctrl Pts',(322.619005216922,75.1707243307359,-6.42336449249897));
#17137=CARTESIAN_POINT('Ctrl Pts',(322.579146863176,75.1937568335134,-6.45663668491358));
#17138=CARTESIAN_POINT('Ctrl Pts',(322.538348104413,75.2177554981553,-6.48794267358863));
#17139=CARTESIAN_POINT('Ctrl Pts',(322.538348104413,75.2177554981553,-6.48794267358863));
#17140=CARTESIAN_POINT('Ctrl Pts',(321.974698002511,75.5493060203027,-6.92044660855515));
#17141=CARTESIAN_POINT('Ctrl Pts',(321.411047900609,75.8808565424501,-7.35295054352167));
#17142=CARTESIAN_POINT('Ctrl Pts',(320.242948938042,76.5679562513868,-8.24926440212981));
#17143=CARTESIAN_POINT('Ctrl Pts',(319.638500077376,76.9235054381761,-8.71307432577141));
#17144=CARTESIAN_POINT('Ctrl Pts',(319.034051216711,77.2790546249654,-9.17688424941301));
#17145=CARTESIAN_POINT('Origin',(325.273082590292,74.5131590606994,-5.64191610596098));
#17146=CARTESIAN_POINT('',(322.533380667683,75.2148570125619,-6.48369091618631));
#17147=CARTESIAN_POINT('Origin',(323.903270871132,77.2706752061844,-6.69300960652271));
#17148=CARTESIAN_POINT('',(324.055638216562,79.326493399807,-5.31562161627662));
#17149=CARTESIAN_POINT('Origin',(323.947638435239,79.196342163325,-6.65896517719223));
#17150=CARTESIAN_POINT('',(322.657923165652,80.1486579898229,-6.38812609634487));
#17151=CARTESIAN_POINT('Ctrl Pts',(318.906687503692,82.3481521332975,-9.26655045803559));
#17152=CARTESIAN_POINT('Ctrl Pts',(318.94883964343,82.3280614510553,-9.23420598361405));
#17153=CARTESIAN_POINT('Ctrl Pts',(318.990392851997,82.3059743575333,-9.20232108524284));
#17154=CARTESIAN_POINT('Ctrl Pts',(319.031230002182,82.2819531102517,-9.1709856377939));
#17155=CARTESIAN_POINT('Ctrl Pts',(319.218994934013,82.0363644745426,-9.86722348087739));
#17156=CARTESIAN_POINT('Ctrl Pts',(319.254953666431,82.0192257131098,-9.83963137503976));
#17157=CARTESIAN_POINT('Ctrl Pts',(319.290401468542,82.0003838727954,-9.81243131981503));
#17158=CARTESIAN_POINT('Ctrl Pts',(319.325238422618,81.9798920636317,-9.78569998477424));
#17159=CARTESIAN_POINT('Ctrl Pts',(319.531302364334,81.7245768157876,-10.4678965037192));
#17160=CARTESIAN_POINT('Ctrl Pts',(319.561067689432,81.7103899751643,-10.4450567664655));
#17161=CARTESIAN_POINT('Ctrl Pts',(319.590410085088,81.6947933880575,-10.4225415543872));
#17162=CARTESIAN_POINT('Ctrl Pts',(319.619246843053,81.6778310170117,-10.4004143317546));
#17163=CARTESIAN_POINT('Ctrl Pts',(319.843609794655,81.4127891570326,-11.068569526561));
#17164=CARTESIAN_POINT('Ctrl Pts',(319.867181712434,81.4015542372189,-11.0504821578912));
#17165=CARTESIAN_POINT('Ctrl Pts',(319.890418701633,81.3892029033196,-11.0326517889594));
#17166=CARTESIAN_POINT('Ctrl Pts',(319.913255263488,81.3757699703918,-11.0151286787349));
#17167=CARTESIAN_POINT('',(319.034051216711,82.2790546249655,-9.17688424941307));
#17168=CARTESIAN_POINT('',(319.913255263196,81.3757699705635,-11.0151286789589));
#17169=CARTESIAN_POINT('Ctrl Pts',(319.034051216711,82.2790546249655,-9.17688424941307));
#17170=CARTESIAN_POINT('Ctrl Pts',(319.017413296465,82.2888413900639,-9.18965097464169));
#17171=CARTESIAN_POINT('Ctrl Pts',(319.000502628368,82.2984659361373,-9.20217999292832));
#17172=CARTESIAN_POINT('Ctrl Pts',(318.958319727241,82.3216953603877,-9.23235446023989));
#17173=CARTESIAN_POINT('Ctrl Pts',(318.932774007647,82.3351022877262,-9.2497126656956));
#17174=CARTESIAN_POINT('Ctrl Pts',(318.906687503692,82.3481521332975,-9.26655045803561));
#17175=CARTESIAN_POINT('Ctrl Pts',(319.03123000166,82.2819531105587,-9.17098563819449));
#17176=CARTESIAN_POINT('Ctrl Pts',(320.240127722991,81.5708547369801,-8.24336579091129));
#17177=CARTESIAN_POINT('Ctrl Pts',(321.449025444321,80.8597563634015,-7.31574594362809));
#17178=CARTESIAN_POINT('Ctrl Pts',(322.657923165652,80.1486579898229,-6.3881260963449));
#17179=CARTESIAN_POINT('Ctrl Pts',(319.325238422172,81.9798920638937,-9.78569998511595));
#17180=CARTESIAN_POINT('Ctrl Pts',(320.534136143503,81.2687936903151,-8.85808013783275));
#17181=CARTESIAN_POINT('Ctrl Pts',(321.743033864833,80.5576953167365,-7.93046029054955));
#17182=CARTESIAN_POINT('Ctrl Pts',(322.951931586164,79.8465969431578,-7.00284044326636));
#17183=CARTESIAN_POINT('Ctrl Pts',(319.619246842684,81.6778310172286,-10.4004143320374));
#17184=CARTESIAN_POINT('Ctrl Pts',(320.828144564015,80.96673264365,-9.47279448475421));
#17185=CARTESIAN_POINT('Ctrl Pts',(322.037042285345,80.2556342700714,-8.54517463747102));
#17186=CARTESIAN_POINT('Ctrl Pts',(323.245940006676,79.5445358964928,-7.61755479018782));
#17187=CARTESIAN_POINT('Ctrl Pts',(319.913255263196,81.3757699705635,-11.0151286789589));
#17188=CARTESIAN_POINT('Ctrl Pts',(321.122152984527,80.6646715969849,-10.0875088316757));
#17189=CARTESIAN_POINT('Ctrl Pts',(322.331050705857,79.9535732234063,-9.15988898439248));
#17190=CARTESIAN_POINT('Ctrl Pts',(323.539948427188,79.2424748498277,-8.23226913710928));
#17191=CARTESIAN_POINT('',(322.538348104413,80.2177554981553,-6.48794267358859));
#17192=CARTESIAN_POINT('Ctrl Pts',(322.657923165652,80.1486579898229,-6.38812609634485));
#17193=CARTESIAN_POINT('Ctrl Pts',(322.619005216922,80.1707243307359,-6.42336449249898));
#17194=CARTESIAN_POINT('Ctrl Pts',(322.579146863176,80.1937568335134,-6.45663668491355));
#17195=CARTESIAN_POINT('Ctrl Pts',(322.538348104413,80.2177554981553,-6.48794267358859));
#17196=CARTESIAN_POINT('Ctrl Pts',(322.538348104413,80.2177554981553,-6.48794267358859));
#17197=CARTESIAN_POINT('Ctrl Pts',(321.974698002511,80.5493060203027,-6.92044660855513));
#17198=CARTESIAN_POINT('Ctrl Pts',(321.411047900609,80.8808565424501,-7.35295054352167));
#17199=CARTESIAN_POINT('Ctrl Pts',(320.242948938042,81.5679562513868,-8.2492644021298));
#17200=CARTESIAN_POINT('Ctrl Pts',(319.638500077376,81.9235054381761,-8.71307432577141));
#17201=CARTESIAN_POINT('Ctrl Pts',(319.034051216711,82.2790546249654,-9.17688424941301));
#17202=CARTESIAN_POINT('Origin',(323.903270871132,82.2706752061844,-6.69300960652272));
#17203=CARTESIAN_POINT('',(324.055638216562,84.326493399807,-5.31562161627663));
#17204=CARTESIAN_POINT('',(322.533380667683,80.214857012562,-6.48369091618631));
#17205=CARTESIAN_POINT('Origin',(326.033138253892,79.0660787687286,-5.05870488291432));
#17206=CARTESIAN_POINT('Origin',(324.707694098839,83.7492618713542,-6.07575395414555));
#17207=CARTESIAN_POINT('Origin',(323.343868159113,87.2706741333009,-9.64319923262389));
#17208=CARTESIAN_POINT('Origin',(327.733203950032,10.5,-2.22932586669919));
#17209=CARTESIAN_POINT('',(327.733203950032,12.5,-0.229325866699188));
#17210=CARTESIAN_POINT('',(327.733203950032,18.75,-0.229325866699188));
#17211=CARTESIAN_POINT('',(327.733203950032,12.8017741952966,-0.229325866699188));
#17212=CARTESIAN_POINT('',(327.733203950032,10.5,-2.22932586669919));
#17213=CARTESIAN_POINT('',(327.733203950032,11.,-1.72932586669919));
#17214=CARTESIAN_POINT('',(327.733203950032,10.5,-3.2293258666992));
#17215=CARTESIAN_POINT('',(327.733203950032,10.5,-2.22932586669919));
#17216=CARTESIAN_POINT('',(327.733203950032,18.,-3.2293258666992));
#17217=CARTESIAN_POINT('',(327.733203950032,13.75,-3.2293258666992));
#17218=CARTESIAN_POINT('',(327.733203950032,18.2857142857143,-3.51504015241348));
#17219=CARTESIAN_POINT('',(327.733203950032,16.125,-1.3543258666992));
#17220=CARTESIAN_POINT('',(327.733203950032,18.5306122448979,-3.69871362180124));
#17221=CARTESIAN_POINT('',(327.733203950032,18.2857142857143,-3.51504015241348));
#17222=CARTESIAN_POINT('',(327.733203950032,20.0357142857143,-2.19361158098489));
#17223=CARTESIAN_POINT('',(327.733203950032,16.6875,-5.54182586669919));
#17224=CARTESIAN_POINT('',(327.733203950032,19.55,-1.82932586669917));
#17225=CARTESIAN_POINT('',(327.733203950032,19.55,-1.82932586669917));
#17226=CARTESIAN_POINT('',(327.733203950032,18.5642852142857,0.142103704729371));
#17227=CARTESIAN_POINT('Origin',(320.24163309001,11.8706741556525,-3.2293258666992));
#17228=CARTESIAN_POINT('',(320.241628314188,12.5,-0.229325866699188));
#17229=CARTESIAN_POINT('',(320.24163309001,18.75,-0.229325866699188));
#17230=CARTESIAN_POINT('',(320.24163309001,13.4871112731229,-0.229325866699188));
#17231=CARTESIAN_POINT('',(320.241628314188,10.5,-2.22932586669919));
#17232=CARTESIAN_POINT('',(320.241628314188,11.,-1.72932586669919));
#17233=CARTESIAN_POINT('',(320.241628314188,10.5,-3.2293258666992));
#17234=CARTESIAN_POINT('',(320.241628314188,10.5,-2.22932586669919));
#17235=CARTESIAN_POINT('',(320.24163309001,11.1206741556525,-3.2293258666992));
#17236=CARTESIAN_POINT('',(320.241628314188,18.,-3.2293258666992));
#17237=CARTESIAN_POINT('',(320.24163309001,11.8706741556525,-3.9793258666992));
#17238=CARTESIAN_POINT('',(320.24163309001,11.4956741556525,-3.60432586669919));
#17239=CARTESIAN_POINT('',(320.24163309001,11.8706741556525,-6.22932586669919));
#17240=CARTESIAN_POINT('',(320.24163309001,11.8706741556525,-3.2293258666992));
#17241=CARTESIAN_POINT('',(320.24163309001,15.3706742078066,-6.22932586669919));
#17242=CARTESIAN_POINT('',(320.24163309001,13.6853370778263,-6.22932586669919));
#17243=CARTESIAN_POINT('',(320.24163309001,15.3706742078066,-4.7293258666992));
#17244=CARTESIAN_POINT('',(320.24163309001,15.3706742078066,-3.2293258666992));
#17245=CARTESIAN_POINT('',(320.24163309001,16.8706742078066,-3.2293258666992));
#17246=CARTESIAN_POINT('',(320.24163309001,15.2456741947681,-4.85432587973771));
#17247=CARTESIAN_POINT('',(320.24163309001,18.,-3.2293258666992));
#17248=CARTESIAN_POINT('',(320.241628314188,18.,-3.2293258666992));
#17249=CARTESIAN_POINT('',(320.24163309001,18.2857142857143,-3.51504015241348));
#17250=CARTESIAN_POINT('',(320.24163309001,16.7176685389131,-1.94699440561234));
#17251=CARTESIAN_POINT('',(320.24163309001,18.5306122448979,-3.69871362180124));
#17252=CARTESIAN_POINT('',(320.24163309001,18.2857142857143,-3.51504015241348));
#17253=CARTESIAN_POINT('',(320.24163309001,20.0357142857143,-2.19361158098489));
#17254=CARTESIAN_POINT('',(320.24163309001,16.6875,-5.54182586669919));
#17255=CARTESIAN_POINT('',(320.24163309001,19.55,-1.82932586669917));
#17256=CARTESIAN_POINT('',(320.24163309001,19.55,-1.82932586669917));
#17257=CARTESIAN_POINT('',(320.24163309001,18.901352629851,-0.532031126401131));
#17258=CARTESIAN_POINT('Origin',(325.733203950032,20.5,-2.22932586669919));
#17259=CARTESIAN_POINT('',(325.733203950032,18.75,-0.229325866699188));
#17260=CARTESIAN_POINT('',(325.733203950032,12.5,-0.229325866699188));
#17261=CARTESIAN_POINT('',(325.733203950032,17.8017741952966,-0.229325866699188));
#17262=CARTESIAN_POINT('',(325.733203950032,19.55,-1.82932586669917));
#17263=CARTESIAN_POINT('',(325.733203950032,19.4896441609407,-1.70861418858054));
#17264=CARTESIAN_POINT('',(325.733203950032,20.0357142857143,-2.19361158098489));
#17265=CARTESIAN_POINT('',(325.733203950032,19.55,-1.82932586669917));
#17266=CARTESIAN_POINT('',(325.733203950032,18.5306122448979,-3.69871362180124));
#17267=CARTESIAN_POINT('',(325.733203950032,15.95,-6.27932586669919));
#17268=CARTESIAN_POINT('',(325.733203950032,18.2857142857143,-3.51504015241348));
#17269=CARTESIAN_POINT('',(325.733203950032,18.2857142857143,-3.51504015241348));
#17270=CARTESIAN_POINT('',(325.733203950032,18.,-3.2293258666992));
#17271=CARTESIAN_POINT('',(325.733203950032,18.625,-3.8543258666992));
#17272=CARTESIAN_POINT('',(325.733203950032,16.8706742078066,-3.2293258666992));
#17273=CARTESIAN_POINT('',(325.733203950032,18.75,-3.2293258666992));
#17274=CARTESIAN_POINT('',(325.733203950032,15.3706742078066,-4.7293258666992));
#17275=CARTESIAN_POINT('',(325.733203950032,15.1530056558549,-4.94699441865085));
#17276=CARTESIAN_POINT('',(325.733203950032,15.3706742078066,-3.2293258666992));
#17277=CARTESIAN_POINT('',(325.733203950032,15.3706742078066,-2.7293258666992));
#17278=CARTESIAN_POINT('',(325.733203950032,11.8706741556525,-3.2293258666992));
#17279=CARTESIAN_POINT('',(325.733203950032,12.0603370908648,-3.2293258666992));
#17280=CARTESIAN_POINT('',(325.733203950032,11.8706741556525,-3.9793258666992));
#17281=CARTESIAN_POINT('',(325.733203950032,11.8706741556525,-2.7293258666992));
#17282=CARTESIAN_POINT('',(325.733203950032,11.1206741556525,-3.2293258666992));
#17283=CARTESIAN_POINT('',(325.733203950032,10.9030056167394,-3.01165732778606));
#17284=CARTESIAN_POINT('',(325.733203950032,10.5,-3.2293258666992));
#17285=CARTESIAN_POINT('',(325.733203950032,13.,-3.2293258666992));
#17286=CARTESIAN_POINT('',(325.733203950032,10.5,-2.22932586669919));
#17287=CARTESIAN_POINT('',(325.733203950032,10.5,-2.22932586669919));
#17288=CARTESIAN_POINT('',(325.733203950032,13.5,0.770674133300808));
#17289=CARTESIAN_POINT('Origin',(346.991628314188,19.2285704285714,-1.18646672384205));
#17290=CARTESIAN_POINT('',(346.991628314188,18.75,-0.229325866699188));
#17291=CARTESIAN_POINT('',(346.991628314188,19.55,-1.82932586669919));
#17292=CARTESIAN_POINT('Origin',(346.991628314188,19.2285704285714,-1.18646672384205));
#17293=CARTESIAN_POINT('',(318.241628314188,18.75,-0.229325866699188));
#17294=CARTESIAN_POINT('',(346.991628314188,18.75,-0.229325866699188));
#17295=CARTESIAN_POINT('',(318.5,19.55,-1.82932586669919));
#17296=CARTESIAN_POINT('',(346.991628314188,19.55,-1.82932586669919));
#17297=CARTESIAN_POINT('',(318.241628314188,19.55,-1.82932586669917));
#17298=CARTESIAN_POINT('',(346.991628314188,19.55,-1.82932586669919));
#17299=CARTESIAN_POINT('',(318.241628314188,20.6896441609407,-4.10861418858055));
#17300=CARTESIAN_POINT('Origin',(346.991628314188,18.5,-3.72932586669919));
#17301=CARTESIAN_POINT('',(336.741755385335,18.2857142857143,-3.51504015241348));
#17302=CARTESIAN_POINT('',(346.991628314188,18.,-3.2293258666992));
#17303=CARTESIAN_POINT('Origin',(346.991628314188,18.5,-3.72932586669919));
#17304=CARTESIAN_POINT('',(332.742136598777,18.2857142857143,-3.51504015241348));
#17305=CARTESIAN_POINT('',(332.742136598777,18.,-3.2293258666992));
#17306=CARTESIAN_POINT('',(332.742136598777,18.625,-3.8543258666992));
#17307=CARTESIAN_POINT('',(336.741755385335,18.2857142857143,-3.51504015241348));
#17308=CARTESIAN_POINT('',(346.991628314188,18.,-3.2293258666992));
#17309=CARTESIAN_POINT('Origin',(334.742136598777,10.5,-2.22932586669919));
#17310=CARTESIAN_POINT('',(334.742136598777,17.9,-4.0293258666992));
#17311=CARTESIAN_POINT('',(334.742136598777,17.5,-3.2293258666992));
#17312=CARTESIAN_POINT('',(334.742136598777,16.7,-1.62932586669919));
#17313=CARTESIAN_POINT('',(334.742136598777,18.0714285714286,-4.15789729527062));
#17314=CARTESIAN_POINT('',(334.742136598777,17.9,-4.0293258666992));
#17315=CARTESIAN_POINT('',(334.742136598777,20.0357142857143,-2.19361158098491));
#17316=CARTESIAN_POINT('',(334.742136598777,16.6875,-5.5418258666992));
#17317=CARTESIAN_POINT('',(334.742136598777,19.55,-1.82932586669919));
#17318=CARTESIAN_POINT('',(334.742136598777,19.55,-1.82932586669919));
#17319=CARTESIAN_POINT('',(334.742136598777,18.75,-0.229325866699188));
#17320=CARTESIAN_POINT('',(334.742136598777,18.525,0.220674133300811));
#17321=CARTESIAN_POINT('',(334.742136598777,12.5,-0.229325866699188));
#17322=CARTESIAN_POINT('',(334.742136598777,10.5,-0.229325866699188));
#17323=CARTESIAN_POINT('',(334.742136598777,10.5,-2.22932586669919));
#17324=CARTESIAN_POINT('',(334.742136598777,11.,-1.72932586669919));
#17325=CARTESIAN_POINT('',(334.742136598777,10.5,-3.2293258666992));
#17326=CARTESIAN_POINT('',(334.742136598777,10.5,-2.22932586669919));
#17327=CARTESIAN_POINT('',(334.742136598777,18.,-3.2293258666992));
#17328=CARTESIAN_POINT('Origin',(332.742136598777,20.5,-2.22932586669919));
#17329=CARTESIAN_POINT('',(332.742136598777,10.5,-3.2293258666992));
#17330=CARTESIAN_POINT('',(332.742136598777,18.,-3.2293258666992));
#17331=CARTESIAN_POINT('',(332.742136598777,10.5,-2.22932586669919));
#17332=CARTESIAN_POINT('',(332.742136598777,10.5,-2.22932586669919));
#17333=CARTESIAN_POINT('',(332.742136598777,12.5,-0.229325866699188));
#17334=CARTESIAN_POINT('',(332.742136598777,13.5,0.770674133300808));
#17335=CARTESIAN_POINT('',(332.742136598777,18.75,-0.229325866699188));
#17336=CARTESIAN_POINT('',(332.742136598777,20.5,-0.229325866699188));
#17337=CARTESIAN_POINT('',(332.742136598777,19.55,-1.82932586669919));
#17338=CARTESIAN_POINT('',(332.742136598777,19.525,-1.77932586669919));
#17339=CARTESIAN_POINT('',(332.742136598777,20.0357142857143,-2.19361158098491));
#17340=CARTESIAN_POINT('',(332.742136598777,19.55,-1.82932586669919));
#17341=CARTESIAN_POINT('',(332.742136598777,18.5306122448979,-3.69871362180124));
#17342=CARTESIAN_POINT('',(332.742136598777,15.95,-6.27932586669919));
#17343=CARTESIAN_POINT('',(332.742136598777,18.2857142857143,-3.51504015241348));
#17344=CARTESIAN_POINT('Origin',(375.741628314188,10.5,-8.2293258666992));
#17345=CARTESIAN_POINT('',(375.741628314188,20.0357142857143,-2.19361158098491));
#17346=CARTESIAN_POINT('',(375.741628314188,16.,-6.22932586669919));
#17347=CARTESIAN_POINT('',(375.741628314188,14.6169630357143,-7.61236283098491));
#17348=CARTESIAN_POINT('',(375.741628314188,19.55,-1.8293258666992));
#17349=CARTESIAN_POINT('',(375.741628314188,19.55,-1.8293258666992));
#17350=CARTESIAN_POINT('',(375.741628314188,18.75,-0.229325866699188));
#17351=CARTESIAN_POINT('',(375.741628314188,19.725,-2.1793258666992));
#17352=CARTESIAN_POINT('',(375.741628314188,12.5,-0.229325866699188));
#17353=CARTESIAN_POINT('',(375.741628314188,13.,-0.229325866699188));
#17354=CARTESIAN_POINT('',(375.741628314188,10.5,-2.22932586669919));
#17355=CARTESIAN_POINT('',(375.741628314188,11.,-1.72932586669919));
#17356=CARTESIAN_POINT('',(375.741628314188,10.5,-6.22932586669919));
#17357=CARTESIAN_POINT('',(375.741628314188,10.5,-5.2293258666992));
#17358=CARTESIAN_POINT('',(375.741628314188,13.,-6.22932586669919));
#17359=CARTESIAN_POINT('Origin',(341.741633410385,17.0706742376089,-2.22932586669919));
#17360=CARTESIAN_POINT('',(352.861633410385,17.0706742376089,-5.13509354988728));
#17361=CARTESIAN_POINT('',(341.741633410385,17.0706742376089,-5.13509354988728));
#17362=CARTESIAN_POINT('',(344.366630862287,17.0706742376089,-5.13509354988728));
#17363=CARTESIAN_POINT('',(352.861633410385,17.0706742376089,-3.2293258666992));
#17364=CARTESIAN_POINT('',(352.861633410385,17.0706742376089,-2.22932586669919));
#17365=CARTESIAN_POINT('',(341.741633410385,17.0706742376089,-3.2293258666992));
#17366=CARTESIAN_POINT('',(329.991630862287,17.0706742376089,-3.2293258666992));
#17367=CARTESIAN_POINT('',(341.741633410385,17.0706742376089,-2.22932586669919));
#17368=CARTESIAN_POINT('Origin',(340.366882456482,19.15,-1.0293258666992));
#17369=CARTESIAN_POINT('',(373.741633887222,19.55,-1.8293258666992));
#17370=CARTESIAN_POINT('',(340.366882456482,19.55,-1.8293258666992));
#17371=CARTESIAN_POINT('',(373.741628314188,18.75,-0.229325866699188));
#17372=CARTESIAN_POINT('',(373.741633887222,19.2120674207806,-1.15346070826052));
#17373=CARTESIAN_POINT('',(340.366882456482,18.75,-0.229325866699188));
#17374=CARTESIAN_POINT('Origin',(373.741633887222,15.3706742078066,-3.2293258666992));
#17375=CARTESIAN_POINT('',(373.741633887222,20.0357142857143,-2.19361158098491));
#17376=CARTESIAN_POINT('',(373.741633887222,19.55,-1.8293258666992));
#17377=CARTESIAN_POINT('',(373.741633887222,18.0714285714286,-4.15789729527062));
#17378=CARTESIAN_POINT('',(373.741633887222,15.725,-6.50432586669919));
#17379=CARTESIAN_POINT('',(373.741633887222,17.9,-4.0293258666992));
#17380=CARTESIAN_POINT('',(373.741633887222,17.9,-4.0293258666992));
#17381=CARTESIAN_POINT('',(373.741628314188,17.5,-3.2293258666992));
#17382=CARTESIAN_POINT('',(373.741633887222,17.3870674207806,-3.00346070826052));
#17383=CARTESIAN_POINT('',(373.741633887222,16.8706742078066,-3.2293258666992));
#17384=CARTESIAN_POINT('',(373.741628314188,13.,-3.2293258666992));
#17385=CARTESIAN_POINT('',(373.741633887222,15.3706742078066,-4.7293258666992));
#17386=CARTESIAN_POINT('',(373.741633887222,16.1206742078066,-3.9793258666992));
#17387=CARTESIAN_POINT('',(373.741633887222,15.3706742078066,-6.22932586669919));
#17388=CARTESIAN_POINT('',(373.741633887222,15.3706742078066,-3.2293258666992));
#17389=CARTESIAN_POINT('',(373.741633887222,11.370674148202,-6.22932586669919));
#17390=CARTESIAN_POINT('',(373.741633887222,15.4353371039033,-6.22932586669919));
#17391=CARTESIAN_POINT('',(373.741633887222,11.370674148202,-3.9793258666992));
#17392=CARTESIAN_POINT('',(373.741633887222,11.370674148202,-3.2293258666992));
#17393=CARTESIAN_POINT('',(373.741633887222,10.6206741482019,-3.2293258666992));
#17394=CARTESIAN_POINT('',(373.741633887222,11.9956741631031,-4.60432588160035));
#17395=CARTESIAN_POINT('',(373.741628314188,10.5,-3.2293258666992));
#17396=CARTESIAN_POINT('',(373.741628314188,13.,-3.2293258666992));
#17397=CARTESIAN_POINT('',(373.741628314188,10.5,-2.22932586669919));
#17398=CARTESIAN_POINT('',(373.741628314188,10.5,-2.22932586669919));
#17399=CARTESIAN_POINT('',(373.741628314188,12.5,-0.229325866699188));
#17400=CARTESIAN_POINT('',(373.741628314188,13.5,0.770674133300808));
#17401=CARTESIAN_POINT('',(373.741628314188,10.5,-0.229325866699188));
#17402=CARTESIAN_POINT('Origin',(346.991628314188,17.7,-3.6293258666992));
#17403=CARTESIAN_POINT('',(368.757863401223,17.9,-4.0293258666992));
#17404=CARTESIAN_POINT('',(368.757863401223,17.5,-3.2293258666992));
#17405=CARTESIAN_POINT('',(368.757863401223,16.7,-1.62932586669919));
#17406=CARTESIAN_POINT('',(346.991628314188,17.5,-3.2293258666992));
#17407=CARTESIAN_POINT('',(346.991628314188,17.9,-4.0293258666992));
#17408=CARTESIAN_POINT('Origin',(346.991628314188,15.5,-3.2293258666992));
#17409=CARTESIAN_POINT('',(368.757863401223,16.8706742078066,-3.2293258666992));
#17410=CARTESIAN_POINT('',(368.757863401223,18.,-3.2293258666992));
#17411=CARTESIAN_POINT('',(357.866631063452,16.8706742078066,-3.2293258666992));
#17412=CARTESIAN_POINT('Origin',(340.366882456482,19.15,-1.0293258666992));
#17413=CARTESIAN_POINT('',(366.757863401223,19.55,-1.8293258666992));
#17414=CARTESIAN_POINT('',(366.757863401223,18.75,-0.229325866699188));
#17415=CARTESIAN_POINT('',(366.757863401223,19.525,-1.77932586669919));
#17416=CARTESIAN_POINT('',(368.757863401223,18.75,-0.229325866699188));
#17417=CARTESIAN_POINT('',(340.366882456482,18.75,-0.229325866699188));
#17418=CARTESIAN_POINT('',(368.757863401223,19.55,-1.8293258666992));
#17419=CARTESIAN_POINT('',(368.757863401223,18.525,0.220674133300802));
#17420=CARTESIAN_POINT('',(340.366882456482,19.55,-1.8293258666992));
#17421=CARTESIAN_POINT('Origin',(366.757863401223,20.5,-2.22932586669919));
#17422=CARTESIAN_POINT('',(366.757863401223,20.0357142857143,-2.19361158098491));
#17423=CARTESIAN_POINT('',(366.757863401223,19.55,-1.8293258666992));
#17424=CARTESIAN_POINT('',(366.757863401223,18.0714285714286,-4.15789729527062));
#17425=CARTESIAN_POINT('',(366.757863401223,15.725,-6.50432586669919));
#17426=CARTESIAN_POINT('',(366.757863401223,17.9,-4.0293258666992));
#17427=CARTESIAN_POINT('',(366.757863401223,17.9,-4.0293258666992));
#17428=CARTESIAN_POINT('',(366.757863401223,17.5,-3.2293258666992));
#17429=CARTESIAN_POINT('',(366.757863401223,17.7,-3.6293258666992));
#17430=CARTESIAN_POINT('',(366.757863401223,10.5,-3.2293258666992));
#17431=CARTESIAN_POINT('',(366.757863401223,13.,-3.2293258666992));
#17432=CARTESIAN_POINT('',(366.757863401223,10.5,-2.22932586669919));
#17433=CARTESIAN_POINT('',(366.757863401223,10.5,-2.22932586669919));
#17434=CARTESIAN_POINT('',(366.757863401223,12.5,-0.229325866699188));
#17435=CARTESIAN_POINT('',(366.757863401223,13.5,0.770674133300808));
#17436=CARTESIAN_POINT('',(366.757863401223,10.5,-0.229325866699188));
#17437=CARTESIAN_POINT('Origin',(346.991628314188,17.7,-3.6293258666992));
#17438=CARTESIAN_POINT('',(361.757863401223,17.9,-4.0293258666992));
#17439=CARTESIAN_POINT('',(361.757863401223,17.5,-3.2293258666992));
#17440=CARTESIAN_POINT('',(361.757863401223,16.7,-1.62932586669919));
#17441=CARTESIAN_POINT('',(346.991628314188,17.5,-3.2293258666992));
#17442=CARTESIAN_POINT('',(346.991628314188,17.9,-4.0293258666992));
#17443=CARTESIAN_POINT('Origin',(346.991628314188,15.5,-3.2293258666992));
#17444=CARTESIAN_POINT('',(361.757863401223,16.8706742078066,-3.2293258666992));
#17445=CARTESIAN_POINT('',(361.757863401223,18.,-3.2293258666992));
#17446=CARTESIAN_POINT('',(366.741633782914,16.8706742078066,-3.2293258666992));
#17447=CARTESIAN_POINT('',(354.366631011298,16.8706742078066,-3.2293258666992));
#17448=CARTESIAN_POINT('',(366.741633782914,10.6206741482019,-3.2293258666992));
#17449=CARTESIAN_POINT('',(366.741633782914,15.4353371039033,-3.2293258666992));
#17450=CARTESIAN_POINT('',(361.757863401223,10.6206741482019,-3.2293258666992));
#17451=CARTESIAN_POINT('',(356.866631048551,10.6206741482019,-3.2293258666992));
#17452=CARTESIAN_POINT('',(361.757863401223,10.5,-3.2293258666992));
#17453=CARTESIAN_POINT('',(361.757863401223,18.,-3.2293258666992));
#17454=CARTESIAN_POINT('',(332.616628314188,10.5,-3.2293258666992));
#17455=CARTESIAN_POINT('Origin',(340.366882456482,19.15,-1.02932586669919));
#17456=CARTESIAN_POINT('',(359.757863401223,19.55,-1.82932586669919));
#17457=CARTESIAN_POINT('',(359.757863401223,18.75,-0.229325866699188));
#17458=CARTESIAN_POINT('',(359.757863401223,19.525,-1.77932586669919));
#17459=CARTESIAN_POINT('',(361.757863401223,18.75,-0.229325866699188));
#17460=CARTESIAN_POINT('',(340.366882456482,18.75,-0.229325866699188));
#17461=CARTESIAN_POINT('',(361.757863401223,19.55,-1.82932586669919));
#17462=CARTESIAN_POINT('',(361.757863401223,18.525,0.220674133300811));
#17463=CARTESIAN_POINT('',(340.366882456482,19.55,-1.82932586669919));
#17464=CARTESIAN_POINT('Origin',(359.757863401223,20.5,-2.22932586669919));
#17465=CARTESIAN_POINT('',(359.757863401223,20.0357142857143,-2.19361158098491));
#17466=CARTESIAN_POINT('',(359.757863401223,19.55,-1.82932586669919));
#17467=CARTESIAN_POINT('',(359.757863401223,18.0714285714286,-4.15789729527062));
#17468=CARTESIAN_POINT('',(359.757863401223,15.725,-6.50432586669919));
#17469=CARTESIAN_POINT('',(359.757863401223,17.9,-4.0293258666992));
#17470=CARTESIAN_POINT('',(359.757863401223,17.9,-4.0293258666992));
#17471=CARTESIAN_POINT('',(359.757863401223,17.5,-3.2293258666992));
#17472=CARTESIAN_POINT('',(359.757863401223,17.7,-3.6293258666992));
#17473=CARTESIAN_POINT('',(359.757863401223,10.5,-3.2293258666992));
#17474=CARTESIAN_POINT('',(359.757863401223,13.,-3.2293258666992));
#17475=CARTESIAN_POINT('',(359.757863401223,10.5,-2.22932586669919));
#17476=CARTESIAN_POINT('',(359.757863401223,10.5,-2.22932586669919));
#17477=CARTESIAN_POINT('',(359.757863401223,12.5,-0.229325866699188));
#17478=CARTESIAN_POINT('',(359.757863401223,13.5,0.770674133300808));
#17479=CARTESIAN_POINT('',(359.757863401223,10.5,-0.229325866699188));
#17480=CARTESIAN_POINT('Origin',(346.991628314188,17.7,-3.6293258666992));
#17481=CARTESIAN_POINT('',(346.991628314188,17.5,-3.2293258666992));
#17482=CARTESIAN_POINT('',(346.991628314188,17.9,-4.0293258666992));
#17483=CARTESIAN_POINT('Origin',(346.991628314188,15.5,-3.2293258666992));
#17484=CARTESIAN_POINT('',(332.616628314188,10.5,-3.2293258666992));
#17485=CARTESIAN_POINT('',(341.741633410385,11.0706742376089,-3.2293258666992));
#17486=CARTESIAN_POINT('',(341.741633410385,14.0353371188044,-3.2293258666992));
#17487=CARTESIAN_POINT('',(352.861633410385,11.0706742376089,-3.2293258666992));
#17488=CARTESIAN_POINT('',(352.861633410385,16.2853371188045,-3.2293258666992));
#17489=CARTESIAN_POINT('',(349.926630862287,11.0706742376089,-3.2293258666992));
#17490=CARTESIAN_POINT('Origin',(340.366882456482,19.15,-1.02932586669919));
#17491=CARTESIAN_POINT('',(340.366882456482,18.75,-0.229325866699188));
#17492=CARTESIAN_POINT('',(340.366882456482,19.55,-1.82932586669919));
#17493=CARTESIAN_POINT('Origin',(368.757863401223,10.5,-2.22932586669919));
#17494=CARTESIAN_POINT('',(368.757863401223,12.5,-0.229325866699188));
#17495=CARTESIAN_POINT('',(368.757863401223,13.,-0.229325866699188));
#17496=CARTESIAN_POINT('',(368.757863401223,10.5,-2.22932586669919));
#17497=CARTESIAN_POINT('',(368.757863401223,11.,-1.72932586669919));
#17498=CARTESIAN_POINT('',(368.757863401223,10.5,-3.2293258666992));
#17499=CARTESIAN_POINT('',(368.757863401223,10.5,-2.22932586669919));
#17500=CARTESIAN_POINT('',(368.757863401223,10.6206741482019,-3.2293258666992));
#17501=CARTESIAN_POINT('',(368.757863401223,18.,-3.2293258666992));
#17502=CARTESIAN_POINT('',(368.757863401223,11.370674148202,-3.9793258666992));
#17503=CARTESIAN_POINT('',(368.757863401223,13.0280056111515,-5.6366573296487));
#17504=CARTESIAN_POINT('',(368.757863401223,11.370674148202,-3.2293258666992));
#17505=CARTESIAN_POINT('',(368.757863401223,11.370674148202,-2.7293258666992));
#17506=CARTESIAN_POINT('',(368.757863401223,15.3706742078066,-3.2293258666992));
#17507=CARTESIAN_POINT('',(368.757863401223,16.9353370890021,-3.2293258666992));
#17508=CARTESIAN_POINT('',(368.757863401223,15.3706742078066,-4.7293258666992));
#17509=CARTESIAN_POINT('',(368.757863401223,15.3706742078066,-2.7293258666992));
#17510=CARTESIAN_POINT('',(368.757863401223,17.6530056558549,-2.44699441865085));
#17511=CARTESIAN_POINT('',(368.757863401223,18.0714285714286,-4.15789729527062));
#17512=CARTESIAN_POINT('',(368.757863401223,17.9,-4.0293258666992));
#17513=CARTESIAN_POINT('',(368.757863401223,20.0357142857143,-2.19361158098491));
#17514=CARTESIAN_POINT('',(368.757863401223,16.6875,-5.5418258666992));
#17515=CARTESIAN_POINT('',(368.757863401223,19.55,-1.8293258666992));
#17516=CARTESIAN_POINT('Origin',(361.757863401223,10.5,-2.22932586669919));
#17517=CARTESIAN_POINT('',(361.757863401223,12.5,-0.229325866699188));
#17518=CARTESIAN_POINT('',(361.757863401223,13.,-0.229325866699188));
#17519=CARTESIAN_POINT('',(361.757863401223,10.5,-2.22932586669919));
#17520=CARTESIAN_POINT('',(361.757863401223,11.,-1.72932586669919));
#17521=CARTESIAN_POINT('',(361.757863401223,10.5,-2.22932586669919));
#17522=CARTESIAN_POINT('',(361.757863401223,11.370674148202,-3.9793258666992));
#17523=CARTESIAN_POINT('',(361.757863401223,13.0280056111515,-5.6366573296487));
#17524=CARTESIAN_POINT('',(361.757863401223,11.370674148202,-3.2293258666992));
#17525=CARTESIAN_POINT('',(361.757863401223,11.370674148202,-2.7293258666992));
#17526=CARTESIAN_POINT('',(361.757863401223,15.3706742078066,-3.2293258666992));
#17527=CARTESIAN_POINT('',(361.757863401223,16.9353370890021,-3.2293258666992));
#17528=CARTESIAN_POINT('',(361.757863401223,15.3706742078066,-4.7293258666992));
#17529=CARTESIAN_POINT('',(361.757863401223,15.3706742078066,-2.7293258666992));
#17530=CARTESIAN_POINT('',(361.757863401223,17.6530056558549,-2.44699441865085));
#17531=CARTESIAN_POINT('',(361.757863401223,18.0714285714286,-4.15789729527062));
#17532=CARTESIAN_POINT('',(361.757863401223,17.9,-4.0293258666992));
#17533=CARTESIAN_POINT('',(361.757863401223,20.0357142857143,-2.19361158098491));
#17534=CARTESIAN_POINT('',(361.757863401223,16.6875,-5.5418258666992));
#17535=CARTESIAN_POINT('',(361.757863401223,19.55,-1.82932586669919));
#17536=CARTESIAN_POINT('Origin',(333.742136598777,15.5,-0.229325866699188));
#17537=CARTESIAN_POINT('',(360.257863401223,12.5,-0.229325866699188));
#17538=CARTESIAN_POINT('Origin',(360.257863401223,11.5,-1.22932586669919));
#17539=CARTESIAN_POINT('',(361.757863401223,10.5,-2.22932586669919));
#17540=CARTESIAN_POINT('Origin',(333.742136598777,15.5,-0.229325866699188));
#17541=CARTESIAN_POINT('',(367.257863401223,12.5,-0.229325866699188));
#17542=CARTESIAN_POINT('Origin',(367.257863401223,11.5,-1.22932586669919));
#17543=CARTESIAN_POINT('',(368.757863401223,10.5,-2.22932586669919));
#17544=CARTESIAN_POINT('Origin',(333.742136598777,15.5,-0.229325866699188));
#17545=CARTESIAN_POINT('',(374.241628314188,12.5,-0.229325866699188));
#17546=CARTESIAN_POINT('Origin',(374.241628314188,11.5,-1.22932586669919));
#17547=CARTESIAN_POINT('',(375.741628314188,10.5,-2.22932586669919));
#17548=CARTESIAN_POINT('Origin',(319.241628314188,15.5,-0.229325866699188));
#17549=CARTESIAN_POINT('',(318.241628314188,12.5,-0.229325866699188));
#17550=CARTESIAN_POINT('',(318.741628314188,12.5,-0.229325866699188));
#17551=CARTESIAN_POINT('',(318.241628314188,17.8017741952966,-0.229325866699188));
#17552=CARTESIAN_POINT('Origin',(326.733203950032,15.5,-0.229325866699188));
#17553=CARTESIAN_POINT('',(326.233203950032,12.5,-0.229325866699188));
#17554=CARTESIAN_POINT('Origin',(326.233203950032,11.5,-1.22932586669919));
#17555=CARTESIAN_POINT('',(325.733203950032,10.5,-2.22932586669919));
#17556=CARTESIAN_POINT('Origin',(333.742136598777,15.5,-0.229325866699188));
#17557=CARTESIAN_POINT('',(333.242136598777,12.5,-0.229325866699188));
#17558=CARTESIAN_POINT('Origin',(333.242136598777,11.5,-1.22932586669919));
#17559=CARTESIAN_POINT('',(332.742136598777,10.5,-2.22932586669919));
#17560=CARTESIAN_POINT('Origin',(337.366630757978,16.1206742078066,-3.9793258666992));
#17561=CARTESIAN_POINT('',(327.741633201769,16.8706742078066,-3.2293258666992));
#17562=CARTESIAN_POINT('',(327.741633201769,15.3706742078066,-4.7293258666992));
#17563=CARTESIAN_POINT('',(327.741633201769,15.2456741947681,-4.85432587973771));
#17564=CARTESIAN_POINT('',(332.741633276275,15.3706742078066,-4.7293258666992));
#17565=CARTESIAN_POINT('',(337.366630757978,15.3706742078066,-4.7293258666992));
#17566=CARTESIAN_POINT('',(332.741633276275,16.8706742078066,-3.2293258666992));
#17567=CARTESIAN_POINT('',(332.741633276275,16.1206742078066,-3.9793258666992));
#17568=CARTESIAN_POINT('',(337.366630757978,16.8706742078066,-3.2293258666992));
#17569=CARTESIAN_POINT('Origin',(333.616630702099,16.1206742078066,-3.9793258666992));
#17570=CARTESIAN_POINT('',(333.616630702099,16.8706742078066,-3.2293258666992));
#17571=CARTESIAN_POINT('',(333.616630702099,15.3706742078066,-4.7293258666992));
#17572=CARTESIAN_POINT('Origin',(339.866630795231,11.4956741556525,-3.60432586669919));
#17573=CARTESIAN_POINT('',(332.741633276275,11.1206741556525,-3.2293258666992));
#17574=CARTESIAN_POINT('',(332.741633276275,11.8706741556525,-3.9793258666992));
#17575=CARTESIAN_POINT('',(332.741633276275,12.370674168691,-4.47932587973771));
#17576=CARTESIAN_POINT('',(327.741633201769,11.8706741556525,-3.9793258666992));
#17577=CARTESIAN_POINT('',(339.866630795231,11.8706741556525,-3.9793258666992));
#17578=CARTESIAN_POINT('',(327.741633201769,11.1206741556525,-3.2293258666992));
#17579=CARTESIAN_POINT('',(327.741633201769,11.4956741556525,-3.60432586669919));
#17580=CARTESIAN_POINT('',(339.866630795231,11.1206741556525,-3.2293258666992));
#17581=CARTESIAN_POINT('Origin',(336.366630743077,11.4956741556525,-3.60432586669919));
#17582=CARTESIAN_POINT('',(336.366630743077,11.8706741556525,-3.9793258666992));
#17583=CARTESIAN_POINT('',(336.366630743077,11.1206741556525,-3.2293258666992));
#17584=CARTESIAN_POINT('Origin',(346.991628314188,15.5,-3.2293258666992));
#17585=CARTESIAN_POINT('',(332.616628314188,10.5,-3.2293258666992));
#17586=CARTESIAN_POINT('',(327.741633201769,13.6853370778263,-3.2293258666992));
#17587=CARTESIAN_POINT('',(332.741633276275,15.4353371039033,-3.2293258666992));
#17588=CARTESIAN_POINT('Origin',(322.991633130988,13.6206741817296,-3.2293258666992));
#17589=CARTESIAN_POINT('',(325.741633171967,15.3706742078066,-3.2293258666992));
#17590=CARTESIAN_POINT('',(320.24163309001,15.3706742078066,-3.2293258666992));
#17591=CARTESIAN_POINT('',(325.741633171967,11.8706741556525,-3.2293258666992));
#17592=CARTESIAN_POINT('',(325.741633171967,15.4353371039033,-3.2293258666992));
#17593=CARTESIAN_POINT('',(325.741633171967,11.8706741556525,-3.2293258666992));
#17594=CARTESIAN_POINT('Origin',(346.991628314188,15.5,-3.2293258666992));
#17595=CARTESIAN_POINT('Origin',(346.991628314188,15.5,-3.2293258666992));
#17596=CARTESIAN_POINT('',(332.616628314188,10.5,-3.2293258666992));
#17597=CARTESIAN_POINT('Origin',(360.366631100705,10.995674148202,-3.60432586669919));
#17598=CARTESIAN_POINT('',(360.366631100705,10.6206741482019,-3.2293258666992));
#17599=CARTESIAN_POINT('',(360.366631100705,11.370674148202,-3.9793258666992));
#17600=CARTESIAN_POINT('Origin',(357.866631063452,16.1206742078066,-3.9793258666992));
#17601=CARTESIAN_POINT('',(357.866631063452,15.3706742078066,-4.7293258666992));
#17602=CARTESIAN_POINT('Origin',(346.991628314188,15.5,-3.2293258666992));
#17603=CARTESIAN_POINT('',(332.616628314188,10.5,-3.2293258666992));
#17604=CARTESIAN_POINT('Origin',(371.24163384997,13.3706741780043,-3.2293258666992));
#17605=CARTESIAN_POINT('',(368.741633812717,11.370674148202,-3.2293258666992));
#17606=CARTESIAN_POINT('',(373.741633887222,11.370674148202,-3.2293258666992));
#17607=CARTESIAN_POINT('',(368.741633812717,15.3706742078066,-3.2293258666992));
#17608=CARTESIAN_POINT('',(368.741633812717,13.435337074101,-3.2293258666992));
#17609=CARTESIAN_POINT('',(368.741633812717,15.3706742078066,-3.2293258666992));
#17610=CARTESIAN_POINT('Origin',(356.866631048551,10.995674148202,-3.60432586669919));
#17611=CARTESIAN_POINT('',(366.741633782914,11.370674148202,-3.9793258666992));
#17612=CARTESIAN_POINT('',(366.741633782914,11.9956741631031,-4.60432588160035));
#17613=CARTESIAN_POINT('',(356.866631048551,11.370674148202,-3.9793258666992));
#17614=CARTESIAN_POINT('Origin',(354.366631011298,16.1206742078066,-3.9793258666992));
#17615=CARTESIAN_POINT('',(366.741633782914,15.3706742078066,-4.7293258666992));
#17616=CARTESIAN_POINT('',(354.366631011298,15.3706742078066,-4.7293258666992));
#17617=CARTESIAN_POINT('',(366.741633782914,16.1206742078066,-3.9793258666992));
#17618=CARTESIAN_POINT('Origin',(364.241633745661,13.3706741780043,-3.2293258666992));
#17619=CARTESIAN_POINT('',(361.741633708408,11.370674148202,-3.2293258666992));
#17620=CARTESIAN_POINT('',(366.741633782914,11.370674148202,-3.2293258666992));
#17621=CARTESIAN_POINT('',(361.741633708408,15.3706742078066,-3.2293258666992));
#17622=CARTESIAN_POINT('',(361.741633708408,13.435337074101,-3.2293258666992));
#17623=CARTESIAN_POINT('',(361.741633708408,15.3706742078066,-3.2293258666992));
#17624=CARTESIAN_POINT('Origin',(361.741633708408,11.370674148202,-3.2293258666992));
#17625=CARTESIAN_POINT('',(361.741633708408,11.370674148202,-6.22932586669919));
#17626=CARTESIAN_POINT('',(361.741633708408,11.370674148202,-3.2293258666992));
#17627=CARTESIAN_POINT('',(361.741633708408,15.3706742078066,-6.22932586669919));
#17628=CARTESIAN_POINT('',(361.741633708408,13.435337074101,-6.22932586669919));
#17629=CARTESIAN_POINT('',(361.741633708408,15.3706742078066,-3.2293258666992));
#17630=CARTESIAN_POINT('Origin',(366.741633782914,11.370674148202,-3.2293258666992));
#17631=CARTESIAN_POINT('',(366.741633782914,11.370674148202,-6.22932586669919));
#17632=CARTESIAN_POINT('',(366.741633782914,11.370674148202,-3.2293258666992));
#17633=CARTESIAN_POINT('',(356.866631048551,11.370674148202,-6.22932586669919));
#17634=CARTESIAN_POINT('Origin',(368.741633812717,15.3706742078066,-3.2293258666992));
#17635=CARTESIAN_POINT('',(368.741633812717,15.3706742078066,-6.22932586669919));
#17636=CARTESIAN_POINT('',(368.741633812717,15.3706742078066,-3.2293258666992));
#17637=CARTESIAN_POINT('',(357.866631063452,15.3706742078066,-6.22932586669919));
#17638=CARTESIAN_POINT('Origin',(361.741633708408,15.3706742078066,-3.2293258666992));
#17639=CARTESIAN_POINT('',(366.741633782914,15.3706742078066,-6.22932586669919));
#17640=CARTESIAN_POINT('',(354.366631011298,15.3706742078066,-6.22932586669919));
#17641=CARTESIAN_POINT('',(366.741633782914,15.3706742078066,-3.2293258666992));
#17642=CARTESIAN_POINT('Origin',(366.741633782914,15.3706742078066,-3.2293258666992));
#17643=CARTESIAN_POINT('',(366.741633782914,15.4353371039033,-6.22932586669919));
#17644=CARTESIAN_POINT('Origin',(327.741633201769,11.8706741556525,-3.2293258666992));
#17645=CARTESIAN_POINT('',(327.741633201769,11.8706741556525,-6.22932586669919));
#17646=CARTESIAN_POINT('',(327.741633201769,11.8706741556525,-3.2293258666992));
#17647=CARTESIAN_POINT('',(327.741633201769,15.3706742078066,-6.22932586669919));
#17648=CARTESIAN_POINT('',(327.741633201769,13.6853370778263,-6.22932586669919));
#17649=CARTESIAN_POINT('',(327.741633201769,15.3706742078066,-3.2293258666992));
#17650=CARTESIAN_POINT('Origin',(327.741633201769,15.3706742078066,-3.2293258666992));
#17651=CARTESIAN_POINT('',(332.741633276275,15.3706742078066,-6.22932586669919));
#17652=CARTESIAN_POINT('',(337.366630757978,15.3706742078066,-6.22932586669919));
#17653=CARTESIAN_POINT('',(332.741633276275,15.3706742078066,-3.2293258666992));
#17654=CARTESIAN_POINT('Origin',(332.741633276275,15.3706742078066,-3.2293258666992));
#17655=CARTESIAN_POINT('',(332.741633276275,11.8706741556525,-6.22932586669919));
#17656=CARTESIAN_POINT('',(332.741633276275,15.4353371039033,-6.22932586669919));
#17657=CARTESIAN_POINT('',(332.741633276275,11.8706741556525,-3.2293258666992));
#17658=CARTESIAN_POINT('Origin',(332.741633276275,11.8706741556525,-3.2293258666992));
#17659=CARTESIAN_POINT('',(339.866630795231,11.8706741556525,-6.22932586669919));
#17660=CARTESIAN_POINT('Origin',(368.741633812717,11.370674148202,-3.2293258666992));
#17661=CARTESIAN_POINT('',(368.741633812717,11.370674148202,-6.22932586669919));
#17662=CARTESIAN_POINT('',(368.741633812717,11.370674148202,-3.2293258666992));
#17663=CARTESIAN_POINT('',(368.741633812717,13.435337074101,-6.22932586669919));
#17664=CARTESIAN_POINT('Origin',(373.741633887222,11.370674148202,-3.2293258666992));
#17665=CARTESIAN_POINT('',(360.366631100705,11.370674148202,-6.22932586669919));
#17666=CARTESIAN_POINT('Origin',(320.24163309001,15.3706742078066,-3.2293258666992));
#17667=CARTESIAN_POINT('',(325.741633171967,15.3706742078066,-6.22932586669919));
#17668=CARTESIAN_POINT('',(333.616630702099,15.3706742078066,-6.22932586669919));
#17669=CARTESIAN_POINT('',(325.741633171967,15.3706742078066,-3.2293258666992));
#17670=CARTESIAN_POINT('Origin',(325.741633171967,15.3706742078066,-3.2293258666992));
#17671=CARTESIAN_POINT('',(325.741633171967,11.8706741556525,-6.22932586669919));
#17672=CARTESIAN_POINT('',(325.741633171967,15.4353371039033,-6.22932586669919));
#17673=CARTESIAN_POINT('',(325.741633171967,11.8706741556525,-3.2293258666992));
#17674=CARTESIAN_POINT('Origin',(325.741633171967,11.8706741556525,-3.2293258666992));
#17675=CARTESIAN_POINT('',(336.366630743077,11.8706741556525,-6.22932586669919));
#17676=CARTESIAN_POINT('Origin',(352.861633410385,11.0706742376089,-2.22932586669919));
#17677=CARTESIAN_POINT('',(341.741633410385,11.0706742376089,-6.22932586669919));
#17678=CARTESIAN_POINT('',(352.861633410385,11.0706742376089,-6.22932586669919));
#17679=CARTESIAN_POINT('',(349.926630862287,11.0706742376089,-6.22932586669919));
#17680=CARTESIAN_POINT('',(341.741633410385,11.0706742376089,-2.22932586669919));
#17681=CARTESIAN_POINT('',(352.861633410385,11.0706742376089,-2.22932586669919));
#17682=CARTESIAN_POINT('Origin',(318.241628314188,10.5,-8.2293258666992));
#17683=CARTESIAN_POINT('',(318.5,10.5,-2.22932586669919));
#17684=CARTESIAN_POINT('',(318.5,10.5,-6.22932586669919));
#17685=CARTESIAN_POINT('',(318.5,10.5,0.0206741333008154));
#17686=CARTESIAN_POINT('',(332.616628314188,10.5,-6.22932586669919));
#17687=CARTESIAN_POINT('',(320.241628314188,10.5,-2.22932586669919));
#17688=CARTESIAN_POINT('Origin',(318.741628314188,11.5,-1.22932586669919));
#17689=CARTESIAN_POINT('',(318.241628314188,10.9,-1.82932586669919));
#17690=CARTESIAN_POINT('',(318.5,10.9,-1.82932586669919));
#17691=CARTESIAN_POINT('',(332.995814157094,10.9,-1.82932586669919));
#17692=CARTESIAN_POINT('',(318.5,12.6,-0.129325866699181));
#17693=CARTESIAN_POINT('',(318.241628314188,13.5,0.770674133300808));
#17694=CARTESIAN_POINT('Origin',(318.241628314188,20.5,-8.2293258666992));
#17695=CARTESIAN_POINT('',(318.241628314188,40.825,-1.8293258666992));
#17696=CARTESIAN_POINT('Origin',(347.25,61.15,-1.82932586669919));
#17697=CARTESIAN_POINT('',(318.5,33.775,-1.82932586669919));
#17698=CARTESIAN_POINT('Origin',(318.5,6.4,8.27067413330082));
#17699=CARTESIAN_POINT('',(318.5,16.,-6.22932586669919));
#17700=CARTESIAN_POINT('',(318.5,20.0357142857143,-2.19361158098489));
#17701=CARTESIAN_POINT('',(318.5,17.7169630357143,-4.51236283098489));
#17702=CARTESIAN_POINT('',(318.5,10.95,-6.22932586669919));
#17703=CARTESIAN_POINT('',(318.5,12.918,3.14467413330083));
#17704=CARTESIAN_POINT('Origin',(359.757863401223,19.55,-1.82932586669919));
#17705=CARTESIAN_POINT('',(361.691431700611,20.0357142857143,-2.19361158098491));
#17706=CARTESIAN_POINT('Origin',(361.757863401223,17.9,-4.0293258666992));
#17707=CARTESIAN_POINT('',(362.691431700611,18.0714285714286,-4.15789729527062));
#17708=CARTESIAN_POINT('Origin',(366.757863401223,19.55,-1.8293258666992));
#17709=CARTESIAN_POINT('',(365.191431700611,20.0357142857143,-2.19361158098491));
#17710=CARTESIAN_POINT('Origin',(368.757863401223,17.9,-4.0293258666992));
#17711=CARTESIAN_POINT('',(366.191431700611,18.0714285714286,-4.15789729527063));
#17712=CARTESIAN_POINT('Origin',(373.741633887222,19.55,-1.8293258666992));
#17713=CARTESIAN_POINT('',(368.683316943611,20.0357142857143,-2.19361158098491));
#17714=CARTESIAN_POINT('Origin',(352.861633410385,17.0706742376089,-5.13509354988728));
#17715=CARTESIAN_POINT('',(341.741633410385,17.0841359971535,-5.1451898695457));
#17716=CARTESIAN_POINT('',(352.861633410385,17.0841359971535,-5.1451898695457));
#17717=CARTESIAN_POINT('',(358.243316705193,17.0841359971535,-5.1451898695457));
#17718=CARTESIAN_POINT('',(352.861633410385,17.0706742376089,-5.13509354988728));
#17719=CARTESIAN_POINT('',(341.741633410385,17.0706742376089,-5.13509354988728));
#17720=CARTESIAN_POINT('Origin',(318.241628314188,19.55,-1.82932586669918));
#17721=CARTESIAN_POINT('',(340.933314157094,20.0357142857143,-2.1936115809849));
#17722=CARTESIAN_POINT('Origin',(320.24163309001,18.2857142857143,-3.51504015241348));
#17723=CARTESIAN_POINT('',(341.933316545005,18.5306122448979,-3.69871362180124));
#17724=CARTESIAN_POINT('Origin',(325.733203950032,19.55,-1.82932586669918));
#17725=CARTESIAN_POINT('',(344.679101975016,20.0357142857143,-2.1936115809849));
#17726=CARTESIAN_POINT('Origin',(327.733203950032,18.2857142857143,-3.51504015241348));
#17727=CARTESIAN_POINT('',(345.679101975016,18.5306122448979,-3.69871362180124));
#17728=CARTESIAN_POINT('Origin',(332.742136598777,19.55,-1.82932586669919));
#17729=CARTESIAN_POINT('',(348.183568299388,20.0357142857143,-2.19361158098491));
#17730=CARTESIAN_POINT('Origin',(334.742136598777,17.9,-4.0293258666992));
#17731=CARTESIAN_POINT('',(349.183568299388,18.0714285714286,-4.15789729527062));
#17732=CARTESIAN_POINT('Origin',(363.625,13.4,-8.82932586669919));
#17733=CARTESIAN_POINT('',(352.861633410385,16.,-6.22932586669919));
#17734=CARTESIAN_POINT('',(352.861633410385,14.7625,-7.46682586669919));
#17735=CARTESIAN_POINT('',(341.741633410385,16.,-6.22932586669919));
#17736=CARTESIAN_POINT('',(341.741633410385,16.2596315951165,-5.96969427158268));
#17737=CARTESIAN_POINT('',(346.991628314188,16.,-6.22932586669919));
#17738=CARTESIAN_POINT('',(346.991628314188,16.,-6.22932586669919));
#17739=CARTESIAN_POINT('Origin',(346.991628314188,15.5,-6.22932586669919));
#17740=CARTESIAN_POINT('',(341.741633410385,13.2853371188045,-6.22932586669919));
#17741=CARTESIAN_POINT('',(352.861633410385,16.2853371188045,-6.22932586669919));
#17742=CARTESIAN_POINT('Origin',(352.861633410385,17.0706742376089,-2.22932586669919));
#17743=CARTESIAN_POINT('Origin',(341.741633410385,11.0706742376089,-2.22932586669919));
#17744=CARTESIAN_POINT('Origin',(358.821104921827,16.5542929803621,1.65850909126185));
#17745=CARTESIAN_POINT('',(359.321104921827,21.2288592611562,-1.72932586669917));
#17746=CARTESIAN_POINT('',(358.321104921827,23.1725098927713,-1.72932586669917));
#17747=CARTESIAN_POINT('',(359.965499888439,19.9763805772918,-1.72932586669917));
#17748=CARTESIAN_POINT('',(358.321104921827,18.1725098927713,1.27067413330084));
#17749=CARTESIAN_POINT('',(358.321104921827,16.8115408580758,2.08725555411812));
#17750=CARTESIAN_POINT('',(359.321104921827,16.2288592611562,1.27067413330084));
#17751=CARTESIAN_POINT('',(357.931446901865,18.9298689493848,1.27067413330084));
#17752=CARTESIAN_POINT('',(359.321104921827,16.2970451026483,1.22976262840558));
#17753=CARTESIAN_POINT('Origin',(353.240829939343,20.6725098927713,-0.229325866699162));
#17754=CARTESIAN_POINT('',(336.000004991889,23.1725098927713,-1.72932586669917));
#17755=CARTESIAN_POINT('',(359.321104921827,23.1725098927713,-1.72932586669917));
#17756=CARTESIAN_POINT('',(336.000004991889,18.1725098927713,1.27067413330084));
#17757=CARTESIAN_POINT('',(336.000004991889,21.9225098927713,-0.979325866699163));
#17758=CARTESIAN_POINT('',(353.240829939343,18.1725098927713,1.27067413330084));
#17759=CARTESIAN_POINT('Origin',(347.160554956858,16.2215920055855,-1.72932586669917));
#17760=CARTESIAN_POINT('',(359.321104921827,9.68488768077273,-1.72932586669917));
#17761=CARTESIAN_POINT('',(359.321104921827,9.27067411839963,-1.72932586669917));
#17762=CARTESIAN_POINT('',(359.028211703014,9.27067411839963,-1.72932586669917));
#17763=CARTESIAN_POINT('',(358.796357071389,8.94278215385673,-1.72932586669917));
#17764=CARTESIAN_POINT('',(335.292898210702,9.27067411839963,-1.72932586669917));
#17765=CARTESIAN_POINT('',(335.000004991889,9.27067411839963,-1.72932586669917));
#17766=CARTESIAN_POINT('',(335.000004991889,9.68488768077273,-1.72932586669917));
#17767=CARTESIAN_POINT('',(334.705579313411,10.1012684683877,-1.72932586669917));
#17768=CARTESIAN_POINT('',(335.000004991889,21.2288592611562,-1.72932586669917));
#17769=CARTESIAN_POINT('',(335.000004991889,23.1725098927713,-1.72932586669917));
#17770=CARTESIAN_POINT('',(335.395208208208,21.9969962421714,-1.72932586669917));
#17771=CARTESIAN_POINT('',(342.000005096197,11.270674148202,-1.72932586669917));
#17772=CARTESIAN_POINT('',(342.000005096197,15.7465349104225,-1.72932586669917));
#17773=CARTESIAN_POINT('',(342.000005096197,15.7465349104225,-1.72932586669917));
#17774=CARTESIAN_POINT('',(352.589714156797,11.270674148202,-1.72932586669917));
#17775=CARTESIAN_POINT('',(342.000005096197,11.270674148202,-1.72932586669917));
#17776=CARTESIAN_POINT('',(352.589714156797,15.7465349104225,-1.72932586669917));
#17777=CARTESIAN_POINT('',(352.589714156797,11.270674148202,-1.72932586669917));
#17778=CARTESIAN_POINT('',(352.589714156797,15.7465349104225,-1.72932586669917));
#17779=CARTESIAN_POINT('Origin',(335.500004991889,21.6652620150576,-1.40807232955543));
#17780=CARTESIAN_POINT('',(335.000004991889,16.2288592611562,1.27067413330084));
#17781=CARTESIAN_POINT('',(337.429261194782,20.9504846142644,1.27067413330084));
#17782=CARTESIAN_POINT('',(335.000004991889,21.4080141373438,-1.83681879241171));
#17783=CARTESIAN_POINT('Origin',(335.000004991889,23.1725098927713,-1.72932586669917));
#17784=CARTESIAN_POINT('',(335.000004991889,12.6848876807727,1.27067413330083));
#17785=CARTESIAN_POINT('',(335.000004991889,13.7032398431791,2.28902629570721));
#17786=CARTESIAN_POINT('',(335.000004991889,23.1725098927713,1.27067413330084));
#17787=CARTESIAN_POINT('Origin',(358.821104921827,9.8742275089929,-0.832879257292438));
#17788=CARTESIAN_POINT('',(359.321104921827,12.6848876807727,1.27067413330083));
#17789=CARTESIAN_POINT('',(358.321104921827,11.2706741183996,1.27067413330083));
#17790=CARTESIAN_POINT('',(357.382143509016,9.94278215385675,1.27067413330083));
#17791=CARTESIAN_POINT('',(358.321104921827,9.27067411839963,-0.729325866699169));
#17792=CARTESIAN_POINT('',(358.321104921827,9.52067411839963,-0.479325866699165));
#17793=CARTESIAN_POINT('',(354.777698295468,9.27067411839963,4.28180784130151));
#17794=CARTESIAN_POINT('',(359.321104921827,10.2277808995862,-1.18643264788571));
#17795=CARTESIAN_POINT('Origin',(359.321104921827,9.27067411839963,-1.72932586669917));
#17796=CARTESIAN_POINT('',(359.321104921827,9.27067411839963,1.27067413330083));
#17797=CARTESIAN_POINT('Origin',(335.000004991889,9.27067411839963,-1.72932586669917));
#17798=CARTESIAN_POINT('',(336.000004991889,9.27067411839963,-0.729325866699169));
#17799=CARTESIAN_POINT('',(341.080279974374,9.27067411839963,-0.729325866699169));
#17800=CARTESIAN_POINT('',(336.309068492176,9.27067411839963,-0.292244072959225));
#17801=CARTESIAN_POINT('Origin',(335.500004991889,13.3496864525858,2.64257968630048));
#17802=CARTESIAN_POINT('',(336.000004991889,11.2706741183996,1.27067413330083));
#17803=CARTESIAN_POINT('',(336.000004991889,12.9961330619926,2.99613307689376));
#17804=CARTESIAN_POINT('',(336.119792875784,11.1012684683877,1.27067413330083));
#17805=CARTESIAN_POINT('Origin',(341.080279974374,10.2706741183996,0.270674133300837));
#17806=CARTESIAN_POINT('',(352.589714156797,11.270674148202,1.27067413330083));
#17807=CARTESIAN_POINT('',(341.080279974374,11.2706741183996,1.27067413330083));
#17808=CARTESIAN_POINT('',(342.000005096197,11.270674148202,1.27067413330083));
#17809=CARTESIAN_POINT('',(342.000005096197,11.270674148202,1.27067413330083));
#17810=CARTESIAN_POINT('',(341.080279974374,11.2706741183996,1.27067413330083));
#17811=CARTESIAN_POINT('Origin',(352.589714156797,11.270674148202,-1.72932586669917));
#17812=CARTESIAN_POINT('',(342.000005096197,11.270674148202,-1.72932586669917));
#17813=CARTESIAN_POINT('',(352.589714156797,11.270674148202,-1.72932586669917));
#17814=CARTESIAN_POINT('Origin',(352.589714156797,15.7465349104225,-1.72932586669917));
#17815=CARTESIAN_POINT('',(352.589714156797,15.7465349104225,1.27067413330084));
#17816=CARTESIAN_POINT('',(352.589714156797,11.270674148202,1.27067413330083));
#17817=CARTESIAN_POINT('',(352.589714156797,15.7465349104225,-1.72932586669917));
#17818=CARTESIAN_POINT('Origin',(342.000005096197,15.7465349104225,-1.72932586669917));
#17819=CARTESIAN_POINT('',(342.000005096197,15.7465349104225,1.27067413330084));
#17820=CARTESIAN_POINT('',(352.589714156797,15.7465349104225,1.27067413330084));
#17821=CARTESIAN_POINT('',(342.000005096197,15.7465349104225,-1.72932586669917));
#17822=CARTESIAN_POINT('Origin',(342.000005096197,11.270674148202,-1.72932586669917));
#17823=CARTESIAN_POINT('',(342.000005096197,15.7465349104225,1.27067413330084));
#17824=CARTESIAN_POINT('Origin',(347.160554956858,16.2215920055855,1.27067413330084));
#17825=CARTESIAN_POINT('Origin',(349.916603761086,107.27067566812,-1.82932586669919));
#17826=CARTESIAN_POINT('',(349.916603761086,107.270675638318,5.17067413330081));
#17827=CARTESIAN_POINT('',(357.916603761086,107.27067566812,5.17067413330081));
#17828=CARTESIAN_POINT('',(359.458301239793,107.27067566812,5.17067413330081));
#17829=CARTESIAN_POINT('',(349.916603761086,107.270675638318,5.67067413330033));
#17830=CARTESIAN_POINT('',(349.916603761086,107.270675638318,-1.82932586669967));
#17831=CARTESIAN_POINT('',(357.916603761086,107.27067566812,5.67067413330081));
#17832=CARTESIAN_POINT('',(357.916603761086,107.27067566812,5.67067413330081));
#17833=CARTESIAN_POINT('',(357.916603761086,107.27067566812,-1.82932586669919));
#17834=CARTESIAN_POINT('Origin',(357.916603761086,111.27067566812,-1.82932586669919));
#17835=CARTESIAN_POINT('',(357.916603761086,111.27067566812,-1.82932586669919));
#17836=CARTESIAN_POINT('',(357.916603761086,113.270675623417,-1.82932586669919));
#17837=CARTESIAN_POINT('',(357.916603761086,102.270675519109,-1.82932586669919));
#17838=CARTESIAN_POINT('',(357.916603761086,111.27067566812,5.17067413330081));
#17839=CARTESIAN_POINT('',(357.916603761086,111.27067566812,0.170674133300812));
#17840=CARTESIAN_POINT('',(357.916603761086,82.595674687624,5.17067413330081));
#17841=CARTESIAN_POINT('',(357.916603761086,113.270675623417,5.67067413330081));
#17842=CARTESIAN_POINT('',(357.916603761086,113.270675623417,5.67067413330081));
#17843=CARTESIAN_POINT('',(357.916603761086,113.27067566812,0.170674133300812));
#17844=CARTESIAN_POINT('Origin',(349.916603761086,113.270675623417,-1.82932586669967));
#17845=CARTESIAN_POINT('',(349.916603761086,113.270675623417,-1.82932586669967));
#17846=CARTESIAN_POINT('',(349.916603761086,111.270675638318,-1.82932586669967));
#17847=CARTESIAN_POINT('',(349.916603761086,103.270675496757,-1.82932586669919));
#17848=CARTESIAN_POINT('',(349.916603761086,113.270675623417,5.67067413330033));
#17849=CARTESIAN_POINT('',(349.916603761086,113.27067566812,0.170674133300572));
#17850=CARTESIAN_POINT('',(349.916603761086,111.270675638318,5.67067413330033));
#17851=CARTESIAN_POINT('',(349.916603761086,111.270675638318,5.17067413330081));
#17852=CARTESIAN_POINT('',(349.916603761086,82.5956746727228,5.17067413330081));
#17853=CARTESIAN_POINT('',(349.916603761086,111.27067566812,0.170674133300572));
#17854=CARTESIAN_POINT('Origin',(353.916603761086,112.270675630868,5.67067413330033));
#17855=CARTESIAN_POINT('',(358.958304592554,113.27067566812,5.67067413330033));
#17856=CARTESIAN_POINT('Origin',(364.000005424023,111.27067566812,2.17067413330081));
#17857=CARTESIAN_POINT('',(347.661629222896,111.27067566812,5.1706741333008));
#17858=CARTESIAN_POINT('',(366.500002071261,111.27067566812,5.17067413330081));
#17859=CARTESIAN_POINT('',(345.83320209815,111.27067566812,3.34224700855467));
#17860=CARTESIAN_POINT('',(350.539116491991,111.27067566812,8.04816140239591));
#17861=CARTESIAN_POINT('',(345.83320209815,111.27067566812,-1.82932586669919));
#17862=CARTESIAN_POINT('',(345.83320209815,111.27067566812,1.17067413330081));
#17863=CARTESIAN_POINT('',(353.916603761086,111.27067566812,-1.82932586669919));
#17864=CARTESIAN_POINT('Origin',(364.000005424023,111.27067566812,2.17067413330081));
#17865=CARTESIAN_POINT('',(362.000005424023,111.27067566812,-1.82932586669919));
#17866=CARTESIAN_POINT('',(353.916603761086,111.27067566812,-1.82932586669919));
#17867=CARTESIAN_POINT('',(362.000005424023,111.27067566812,3.34224700855467));
#17868=CARTESIAN_POINT('',(362.000005424023,111.27067566812,0.170674133300812));
#17869=CARTESIAN_POINT('',(360.171578299277,111.27067566812,5.1706741333008));
#17870=CARTESIAN_POINT('',(362.33579186165,111.27067566812,3.00646057092772));
#17871=CARTESIAN_POINT('',(366.500002071261,111.27067566812,5.17067413330081));
#17872=CARTESIAN_POINT('Origin',(343.83320209815,93.2706753700972,-1.82932586669919));
#17873=CARTESIAN_POINT('',(364.000005424023,113.270675623417,-1.82932586669919));
#17874=CARTESIAN_POINT('',(364.000005424023,113.270675623417,-1.82932586669919));
#17875=CARTESIAN_POINT('',(364.000005424023,93.1851639538836,-1.82932586669919));
#17876=CARTESIAN_POINT('',(364.000005424023,93.2706753700972,-1.82932586669919));
#17877=CARTESIAN_POINT('',(364.000005573034,68.0706728413701,-1.82932586669919));
#17878=CARTESIAN_POINT('',(364.000005424023,93.2706753700972,-1.82932586669919));
#17879=CARTESIAN_POINT('',(374.000005573034,61.0706728413701,-1.82932586669919));
#17880=CARTESIAN_POINT('',(371.501680921838,62.8195000972074,-1.82932586669919));
#17881=CARTESIAN_POINT('',(374.000005573034,39.770674572885,-1.8293258666992));
#17882=CARTESIAN_POINT('',(374.000005573034,68.0706728413701,-1.82932586669919));
#17883=CARTESIAN_POINT('',(372.999991863966,39.770674572885,-1.8293258666992));
#17884=CARTESIAN_POINT('',(374.000005573034,39.770674572885,-1.8293258666992));
#17885=CARTESIAN_POINT('',(343.83320209815,59.215201083429,-1.82932586669919));
#17886=CARTESIAN_POINT('',(352.605746670871,53.3668380349486,-1.82932586669919));
#17887=CARTESIAN_POINT('',(343.83320209815,113.270675623417,-1.82932586669919));
#17888=CARTESIAN_POINT('',(343.83320209815,93.2706753700972,-1.82932586669919));
#17889=CARTESIAN_POINT('',(364.000005424023,113.270675623417,-1.82932586669919));
#17890=CARTESIAN_POINT('',(345.83320209815,60.285568600405,-1.82932586669919));
#17891=CARTESIAN_POINT('',(345.83320209815,93.2706753700972,-1.82932586669919));
#17892=CARTESIAN_POINT('',(372.000005573034,42.8410329504822,-1.8293258666992));
#17893=CARTESIAN_POINT('',(349.417041768893,57.8963421532432,-1.82932586669919));
#17894=CARTESIAN_POINT('',(372.000005573034,60.0293617182234,-1.82932586669919));
#17895=CARTESIAN_POINT('',(372.000005573034,66.5206749714911,-1.82932586669919));
#17896=CARTESIAN_POINT('',(362.000005424023,67.0293618225315,-1.82932586669919));
#17897=CARTESIAN_POINT('',(352.666233486659,73.5630021786862,-1.82932586669919));
#17898=CARTESIAN_POINT('',(362.000005424023,93.1851639538836,-1.82932586669919));
#17899=CARTESIAN_POINT('',(362.000005424023,93.2706753700972,-1.82932586669919));
#17900=CARTESIAN_POINT('',(362.000005424023,93.2706753700972,-1.82932586669919));
#17901=CARTESIAN_POINT('Origin',(364.000005424023,113.27067566812,2.17067413330081));
#17902=CARTESIAN_POINT('',(343.83320209815,113.270675623417,4.17067413330082));
#17903=CARTESIAN_POINT('',(343.83320209815,113.270675623417,0.170674133300812));
#17904=CARTESIAN_POINT('',(346.83320209815,113.27067566812,7.17067413330081));
#17905=CARTESIAN_POINT('',(349.124902929618,113.27067566812,9.462374964769));
#17906=CARTESIAN_POINT('',(361.000005424023,113.27067566812,7.17067413330081));
#17907=CARTESIAN_POINT('',(364.000005424023,113.27067566812,7.17067413330081));
#17908=CARTESIAN_POINT('',(364.000005424023,113.27067566812,4.17067413330082));
#17909=CARTESIAN_POINT('',(363.750005424023,113.27067566812,4.42067413330081));
#17910=CARTESIAN_POINT('',(364.000005424023,113.27067566812,2.17067413330081));
#17911=CARTESIAN_POINT('Origin',(369.609392256416,44.4347751615607,-1.8293258666992));
#17912=CARTESIAN_POINT('',(372.000005573034,42.8410329504822,-1.65775299144537));
#17913=CARTESIAN_POINT('',(372.000005573034,42.8410329504822,-1.8293258666992));
#17914=CARTESIAN_POINT('',(345.83320209815,60.285568600405,-1.65775299144536));
#17915=CARTESIAN_POINT('',(345.83320209815,60.285568600405,-0.829325866699184));
#17916=CARTESIAN_POINT('',(365.945484336895,46.877380441242,-1.6577529914454));
#17917=CARTESIAN_POINT('Origin',(361.085791861192,93.4759391684874,1.78828605229499));
#17918=CARTESIAN_POINT('',(360.171578298819,105.726286776348,5.17067413352939));
#17919=CARTESIAN_POINT('',(360.171578298819,80.7262867763484,0.170674133529394));
#17920=CARTESIAN_POINT('',(360.171578298362,93.358563571483,2.69712949278943));
#17921=CARTESIAN_POINT('',(362.000005424023,105.907336749262,3.34224700855467));
#17922=CARTESIAN_POINT('',(360.602079686394,105.768914818075,4.74017274618372));
#17923=CARTESIAN_POINT('',(362.000005424023,80.9073367492622,-1.65775299144534));
#17924=CARTESIAN_POINT('',(362.000005424023,93.2086993808764,0.802519534877524));
#17925=CARTESIAN_POINT('',(360.666603763216,80.7753039609892,-0.324351330638279));
#17926=CARTESIAN_POINT('Origin',(361.08579186165,73.5956745386124,4.25646057092773));
#17927=CARTESIAN_POINT('',(362.000005424023,83.4331749543548,3.34224700855466));
#17928=CARTESIAN_POINT('',(360.171578299276,63.75817412287,5.17067413330081));
#17929=CARTESIAN_POINT('Origin',(368.9999987185,53.9206737071276,5.17067413330081));
#17930=CARTESIAN_POINT('',(347.661629222439,105.72628673049,5.17067413307223));
#17931=CARTESIAN_POINT('',(362.708299414554,105.726286782403,5.17067413330081));
#17932=CARTESIAN_POINT('',(347.661629222896,68.7473764366781,5.17067413330081));
#17933=CARTESIAN_POINT('Origin',(356.416600321964,93.4204800047517,2.70951278191897));
#17934=CARTESIAN_POINT('',(347.661629222439,80.7262867304898,0.170674133072231));
#17935=CARTESIAN_POINT('',(357.666602065785,80.7262867657817,0.170674133300812));
#17936=CARTESIAN_POINT('',(347.661629221982,98.15587348702,3.65659148414517));
#17937=CARTESIAN_POINT('Origin',(361.08579186165,76.7100682681388,-0.743539429072273));
#17938=CARTESIAN_POINT('',(360.171578299277,66.0773810711008,0.170674133300803));
#17939=CARTESIAN_POINT('',(360.171578299276,68.4297647171595,0.170674133300812));
#17940=CARTESIAN_POINT('',(362.000005424023,67.0293618225315,-1.65775299144534));
#17941=CARTESIAN_POINT('',(362.000005424023,84.990371819118,-1.65775299144534));
#17942=CARTESIAN_POINT('',(362.795416706208,67.4434971303396,-2.45316427363089));
#17943=CARTESIAN_POINT('Origin',(364.983661628624,63.8248626099339,-0.743539429072273));
#17944=CARTESIAN_POINT('',(370.171578448288,59.0773809667926,0.170674133300803));
#17945=CARTESIAN_POINT('',(363.286818474419,63.8967129485011,0.170674133300812));
#17946=CARTESIAN_POINT('',(372.000005573034,60.0293617182234,-1.65775299144534));
#17947=CARTESIAN_POINT('',(366.68050478283,63.7530122713667,-1.65775299144536));
#17948=CARTESIAN_POINT('',(369.132326510689,58.5362886656059,1.20992607089957));
#17949=CARTESIAN_POINT('Origin',(362.000005424023,93.2706753700972,-1.82932586669919));
#17950=CARTESIAN_POINT('',(362.000005424023,93.1851639538836,0.170674133300812));
#17951=CARTESIAN_POINT('',(362.000005424023,93.1851639538836,-0.829325866699184));
#17952=CARTESIAN_POINT('',(362.000005424023,67.0293618225315,-1.82932586669919));
#17953=CARTESIAN_POINT('Origin',(346.747415660523,83.5740791662286,4.25646057092773));
#17954=CARTESIAN_POINT('',(345.83320209815,105.90733668664,3.34224700855466));
#17955=CARTESIAN_POINT('',(347.226354331341,105.769387434742,4.73539924174584));
#17956=CARTESIAN_POINT('',(345.83320209815,88.4223772681629,3.34224700855468));
#17957=CARTESIAN_POINT('Origin',(346.747415660066,103.070559000736,3.70721002913114));
#17958=CARTESIAN_POINT('',(345.83320209815,80.9073366866404,-1.65775299144532));
#17959=CARTESIAN_POINT('',(347.161830341603,80.7757765686085,-0.329124747992173));
#17960=CARTESIAN_POINT('',(345.83320209815,98.1983169878987,1.80044306880635));
#17961=CARTESIAN_POINT('Origin',(346.747415660523,86.688472895755,-0.743539429072255));
#17962=CARTESIAN_POINT('',(345.83320209815,89.9795741329261,-1.65775299144532));
#17963=CARTESIAN_POINT('',(347.661629222896,61.2641131011482,0.170674133300803));
#17964=CARTESIAN_POINT('',(347.661629222896,73.4189670309677,0.170674133300812));
#17965=CARTESIAN_POINT('',(352.036570623522,63.6055106831002,4.54561553392687));
#17966=CARTESIAN_POINT('Origin',(358.916603835592,60.1494611661803,0.170674133300812));
#17967=CARTESIAN_POINT('',(370.171578448288,46.2574802842202,0.170674133300794));
#17968=CARTESIAN_POINT('',(370.171578448288,55.0547645178565,0.170674133300812));
#17969=CARTESIAN_POINT('',(359.631897382731,53.2839343279248,0.170674133300812));
#17970=CARTESIAN_POINT('Origin',(371.085792010661,49.9600678695327,-0.743539429072282));
#17971=CARTESIAN_POINT('',(368.468696097499,49.4393450620312,1.87355648409031));
#17972=CARTESIAN_POINT('',(372.000005573034,44.8653712212089,-1.65775299144535));
#17973=CARTESIAN_POINT('Origin',(367.853080884308,62.9322090003321,-1.82932586669919));
#17974=CARTESIAN_POINT('',(372.000005573034,60.0293617182234,-1.82932586669919));
#17975=CARTESIAN_POINT('Origin',(345.83320209815,93.2706753700972,0.170674133300812));
#17976=CARTESIAN_POINT('Origin',(362.788690859813,50.0806573845834,-0.743539429072291));
#17977=CARTESIAN_POINT('Origin',(372.000005573034,39.770674572885,-1.8293258666992));
#17978=CARTESIAN_POINT('Origin',(345.33320209815,102.793208902534,5.0939605201425));
#17979=CARTESIAN_POINT('',(343.83320209815,80.8253062337697,-0.829325866699184));
#17980=CARTESIAN_POINT('',(346.83320209815,80.5282477028815,2.17067413330081));
#17981=CARTESIAN_POINT('',(343.83320209815,80.8253062337697,-0.829325866699184));
#17982=CARTESIAN_POINT('',(346.83320209815,105.528247702882,7.17067413330081));
#17983=CARTESIAN_POINT('',(346.83320209815,102.499034700017,6.56483153272791));
#17984=CARTESIAN_POINT('',(343.83320209815,105.82530623377,4.17067413330082));
#17985=CARTESIAN_POINT('',(346.83320209815,105.528247702882,7.17067413330081));
#17986=CARTESIAN_POINT('',(343.83320209815,85.1718136344161,0.0399756134301033));
#17987=CARTESIAN_POINT('Origin',(362.500005424023,73.5956745386124,5.67067413330082));
#17988=CARTESIAN_POINT('',(364.000005424023,105.825306300254,4.17067413330082));
#17989=CARTESIAN_POINT('',(364.000005424023,73.5956745386124,4.17067413330082));
#17990=CARTESIAN_POINT('',(361.000005424023,105.528247749585,7.17067413330081));
#17991=CARTESIAN_POINT('',(361.000005424023,73.5956745386124,7.17067413330081));
#17992=CARTESIAN_POINT('',(361.000005424023,105.528247749585,7.17067413330081));
#17993=CARTESIAN_POINT('Origin',(362.500005424023,93.1985890704645,3.17503654240975));
#17994=CARTESIAN_POINT('',(361.000005424023,80.5282477495855,2.17067413330081));
#17995=CARTESIAN_POINT('',(361.000005424023,92.904414867567,4.64590755689712));
#17996=CARTESIAN_POINT('',(364.000005424023,80.825306300254,-0.829325866699184));
#17997=CARTESIAN_POINT('',(361.000005424023,80.5282477495855,2.17067413330081));
#17998=CARTESIAN_POINT('',(364.000005424023,93.4927632733619,1.7041655279224));
#17999=CARTESIAN_POINT('Origin',(362.500005424023,76.7100682681388,0.670674133300819));
#18000=CARTESIAN_POINT('',(361.000005424023,66.5087062609581,2.17067413330081));
#18001=CARTESIAN_POINT('',(361.000005424023,76.7100682681388,2.17067413330081));
#18002=CARTESIAN_POINT('',(364.000005573034,68.0706728413701,-0.829325866699184));
#18003=CARTESIAN_POINT('',(361.000005424023,66.5087062609581,2.17067413330081));
#18004=CARTESIAN_POINT('',(364.000005424023,76.7100682681388,-0.829325866699184));
#18005=CARTESIAN_POINT('Origin',(365.794659853533,64.9834315026609,0.670674133300819));
#18006=CARTESIAN_POINT('',(371.000005573034,59.50870615665,2.17067413330081));
#18007=CARTESIAN_POINT('',(364.934466336988,63.7545836218823,2.17067413330081));
#18008=CARTESIAN_POINT('',(374.000005573034,61.0706728413701,-0.829325866699184));
#18009=CARTESIAN_POINT('',(371.000005573034,59.50870615665,2.17067413330081));
#18010=CARTESIAN_POINT('',(366.654853370078,66.2122793834394,-0.829325866699184));
#18011=CARTESIAN_POINT('Origin',(372.500005573034,49.9600678695327,0.67067413330081));
#18012=CARTESIAN_POINT('',(371.000005573034,44.7095500423035,2.17067413330081));
#18013=CARTESIAN_POINT('',(371.000005573034,49.9600678695327,2.17067413330081));
#18014=CARTESIAN_POINT('',(373.643211509462,39.770674572885,-0.472531803126746));
#18015=CARTESIAN_POINT('',(368.983765064378,48.4769298939503,4.18691464195706));
#18016=CARTESIAN_POINT('',(374.000005573034,39.770674572885,-0.829325866699193));
#18017=CARTESIAN_POINT('',(371.000002145767,39.770674572885,2.17067756056789));
#18018=CARTESIAN_POINT('',(374.000005573034,49.9600678695327,-0.829325866699193));
#18019=CARTESIAN_POINT('Origin',(369.000005573034,64.5706728413701,-1.82932586669919));
#18020=CARTESIAN_POINT('',(374.000005573034,61.0706728413701,-1.82932586669919));
#18021=CARTESIAN_POINT('',(364.000005573034,68.0706728413701,-1.82932586669919));
#18022=CARTESIAN_POINT('Origin',(374.000005573034,39.770674572885,-1.8293258666992));
#18023=CARTESIAN_POINT('',(374.000005573034,39.770674572885,-1.8293258666992));
#18024=CARTESIAN_POINT('Origin',(363.999991863966,39.770674572885,-1.8293258666992));
#18025=CARTESIAN_POINT('',(372.999991863966,39.770674572885,-0.829325866699193));
#18026=CARTESIAN_POINT('',(365.460597722621,39.770674572885,-5.01142927632229));
#18027=CARTESIAN_POINT('',(372.999991863966,39.770674572885,-1.8293258666992));
#18028=CARTESIAN_POINT('Origin',(345.33320209815,83.5740791662286,5.67067413330082));
#18029=CARTESIAN_POINT('',(346.83320209815,83.5740791662286,7.17067413330081));
#18030=CARTESIAN_POINT('',(343.83320209815,83.5740791662286,4.17067413330082));
#18031=CARTESIAN_POINT('Origin',(356.416600323257,93.0282477344753,4.67067413330081));
#18032=CARTESIAN_POINT('',(356.416600282048,105.528247734475,7.17067413330081));
#18033=CARTESIAN_POINT('',(343.83320209815,80.5282476929914,2.17067413330081));
#18034=CARTESIAN_POINT('Origin',(368.9999987185,53.9206737071276,7.17067413330081));
#18035=CARTESIAN_POINT('Origin',(364.000005424023,93.2706753700972,-1.82932586669919));
#18036=CARTESIAN_POINT('',(364.000005424023,93.1851639538836,0.170674133300812));
#18037=CARTESIAN_POINT('',(364.000005424023,93.1851639538836,-0.829325866699184));
#18038=CARTESIAN_POINT('Origin',(368.499991863966,42.770674572885,-1.8293258666992));
#18039=CARTESIAN_POINT('',(343.83320209815,59.2152010834291,-0.829325866699184));
#18040=CARTESIAN_POINT('',(361.172176024922,47.6558851322475,-0.829325866699193));
#18041=CARTESIAN_POINT('',(343.83320209815,59.2152010834291,-0.829325866699184));
#18042=CARTESIAN_POINT('Origin',(362.00422631926,48.9039605737543,0.67067413330081));
#18043=CARTESIAN_POINT('',(346.83320209815,60.8207523588931,2.17067413330081));
#18044=CARTESIAN_POINT('',(362.836276613598,50.152036015261,2.17067413330081));
#18045=CARTESIAN_POINT('',(343.83320209815,59.2152010834291,-0.829325866699184));
#18046=CARTESIAN_POINT('Origin',(358.916603835592,60.1494611661803,2.17067413330081));
#18047=CARTESIAN_POINT('',(346.83320209815,86.688472895755,2.17067413330081));
#18048=CARTESIAN_POINT('Origin',(345.33320209815,86.688472895755,0.670674133300819));
#18049=CARTESIAN_POINT('',(343.83320209815,86.688472895755,-0.829325866699184));
#18050=CARTESIAN_POINT('Origin',(343.83320209815,93.2706753700972,0.170674133300812));
#18051=CARTESIAN_POINT('',(0.,0.,0.));
#18052=UNCERTAINTY_MEASURE_WITH_UNIT(LENGTH_MEASURE(0.01),#18058,
'DISTANCE_ACCURACY_VALUE',
'Maximum model space distance between geometric entities at asserted c
onnectivities');
#18053=UNCERTAINTY_MEASURE_WITH_UNIT(LENGTH_MEASURE(0.01),#18058,
'DISTANCE_ACCURACY_VALUE',
'Maximum model space distance between geometric entities at asserted c
onnectivities');
#18054=UNCERTAINTY_MEASURE_WITH_UNIT(LENGTH_MEASURE(0.01),#18058,
'DISTANCE_ACCURACY_VALUE',
'Maximum model space distance between geometric entities at asserted c
onnectivities');
#18055=(
GEOMETRIC_REPRESENTATION_CONTEXT(3)
GLOBAL_UNCERTAINTY_ASSIGNED_CONTEXT((#18052))
GLOBAL_UNIT_ASSIGNED_CONTEXT((#18058,#18060,#18061))
REPRESENTATION_CONTEXT('','3D')
);
#18056=(
GEOMETRIC_REPRESENTATION_CONTEXT(3)
GLOBAL_UNCERTAINTY_ASSIGNED_CONTEXT((#18053))
GLOBAL_UNIT_ASSIGNED_CONTEXT((#18058,#18060,#18061))
REPRESENTATION_CONTEXT('','3D')
);
#18057=(
GEOMETRIC_REPRESENTATION_CONTEXT(3)
GLOBAL_UNCERTAINTY_ASSIGNED_CONTEXT((#18054))
GLOBAL_UNIT_ASSIGNED_CONTEXT((#18058,#18060,#18061))
REPRESENTATION_CONTEXT('','3D')
);
#18058=(
LENGTH_UNIT()
NAMED_UNIT(*)
SI_UNIT(.MILLI.,.METRE.)
);
#18059=(
LENGTH_UNIT()
NAMED_UNIT(*)
SI_UNIT($,.METRE.)
);
#18060=(
NAMED_UNIT(*)
PLANE_ANGLE_UNIT()
SI_UNIT($,.RADIAN.)
);
#18061=(
NAMED_UNIT(*)
SI_UNIT($,.STERADIAN.)
SOLID_ANGLE_UNIT()
);
#18062=SHAPE_DEFINITION_REPRESENTATION(#18064,#18067);
#18063=SHAPE_DEFINITION_REPRESENTATION(#18065,#18068);
#18064=PRODUCT_DEFINITION_SHAPE('',$,#18070);
#18065=PRODUCT_DEFINITION_SHAPE('',$,#18071);
#18066=PRODUCT_DEFINITION_SHAPE($,$,#16);
#18067=SHAPE_REPRESENTATION('',(#11095,#11846),#18055);
#18068=SHAPE_REPRESENTATION('',(#11096),#18056);
#18069=PRODUCT_DEFINITION_CONTEXT('part definition',#18077,'design');
#18070=PRODUCT_DEFINITION('OG-Marauder_Assembly',
'OG-Marauder_Assembly v21',#18072,#18069);
#18071=PRODUCT_DEFINITION('Component15','Component15',#18073,#18069);
#18072=PRODUCT_DEFINITION_FORMATION('',$,#18079);
#18073=PRODUCT_DEFINITION_FORMATION('',$,#18080);
#18074=PRODUCT_RELATED_PRODUCT_CATEGORY('OG-Marauder_Assembly v21',
'OG-Marauder_Assembly v21',(#18079));
#18075=PRODUCT_RELATED_PRODUCT_CATEGORY('Component15','Component15',(#18080));
#18076=APPLICATION_PROTOCOL_DEFINITION('international standard',
'automotive_design',2009,#18077);
#18077=APPLICATION_CONTEXT(
'Core Data for Automotive Mechanical Design Process');
#18078=PRODUCT_CONTEXT('part definition',#18077,'mechanical');
#18079=PRODUCT('OG-Marauder_Assembly','OG-Marauder_Assembly v21',$,(#18078));
#18080=PRODUCT('Component15','Component15',$,(#18078));
#18081=PRESENTATION_STYLE_ASSIGNMENT((#18087));
#18082=PRESENTATION_STYLE_ASSIGNMENT((#18088));
#18083=PRESENTATION_STYLE_ASSIGNMENT((#18089));
#18084=PRESENTATION_STYLE_ASSIGNMENT((#18090));
#18085=PRESENTATION_STYLE_ASSIGNMENT((#18091));
#18086=PRESENTATION_STYLE_ASSIGNMENT((#18092));
#18087=SURFACE_STYLE_USAGE(.BOTH.,#18093);
#18088=SURFACE_STYLE_USAGE(.BOTH.,#18094);
#18089=SURFACE_STYLE_USAGE(.BOTH.,#18095);
#18090=SURFACE_STYLE_USAGE(.BOTH.,#18096);
#18091=SURFACE_STYLE_USAGE(.BOTH.,#18097);
#18092=SURFACE_STYLE_USAGE(.BOTH.,#18098);
#18093=SURFACE_SIDE_STYLE('',(#18099));
#18094=SURFACE_SIDE_STYLE('',(#18100));
#18095=SURFACE_SIDE_STYLE('',(#18101));
#18096=SURFACE_SIDE_STYLE('',(#18102));
#18097=SURFACE_SIDE_STYLE('',(#18103));
#18098=SURFACE_SIDE_STYLE('',(#18104));
#18099=SURFACE_STYLE_FILL_AREA(#18105);
#18100=SURFACE_STYLE_FILL_AREA(#18106);
#18101=SURFACE_STYLE_FILL_AREA(#18107);
#18102=SURFACE_STYLE_FILL_AREA(#18108);
#18103=SURFACE_STYLE_FILL_AREA(#18109);
#18104=SURFACE_STYLE_FILL_AREA(#18110);
#18105=FILL_AREA_STYLE('Steel - Satin',(#18111));
#18106=FILL_AREA_STYLE('Aluminum - Anodized Rough (Red)',(#18112));
#18107=FILL_AREA_STYLE('Aluminum - Anodized Rough (Grey)',(#18113));
#18108=FILL_AREA_STYLE('Coating -Titanium Nitride',(#18114));
#18109=FILL_AREA_STYLE('Coating - Black Oxide',(#18115));
#18110=FILL_AREA_STYLE('FR4',(#18116));
#18111=FILL_AREA_STYLE_COLOUR('Steel - Satin',#18117);
#18112=FILL_AREA_STYLE_COLOUR('Aluminum - Anodized Rough (Red)',#18118);
#18113=FILL_AREA_STYLE_COLOUR('Aluminum - Anodized Rough (Grey)',#18119);
#18114=FILL_AREA_STYLE_COLOUR('Coating -Titanium Nitride',#18120);
#18115=FILL_AREA_STYLE_COLOUR('Coating - Black Oxide',#18121);
#18116=FILL_AREA_STYLE_COLOUR('FR4',#18122);
#18117=COLOUR_RGB('Steel - Satin',0.627450980392157,0.627450980392157,0.627450980392157);
#18118=COLOUR_RGB('Aluminum - Anodized Rough (Red)',0.854901960784314,0.349019607843137,
0.349019607843137);
#18119=COLOUR_RGB('Aluminum - Anodized Rough (Grey)',0.537254901960784,
0.537254901960784,0.537254901960784);
#18120=COLOUR_RGB('Coating -Titanium Nitride',0.658823529411765,0.490196078431373,
0.133333333333333);
#18121=COLOUR_RGB('Coating - Black Oxide',0.172549019607843,0.172549019607843,
0.172549019607843);
#18122=COLOUR_RGB('FR4',0.266666666666667,0.466666666666667,0.4);
ENDSEC;
END-ISO-10303-21;
